v -0.09218 -0.04024 0.10953
v -0.09061 -0.04006 0.10088
v -0.09579 -0.03463 0.10011
v -0.09703 -0.03482 0.10889
v -0.03294 -0.06616 0.22648
v -0.03686 -0.06359 0.22850
v -0.03160 -0.06387 0.23141
v -0.03017 -0.06575 0.22914
v -0.02545 -0.06463 0.23300
v -0.02575 -0.06679 0.22931
v -0.02773 -0.06814 0.22540
v 0.04736 -0.06653 0.21591
v 0.04964 -0.06419 0.21931
v 0.05575 -0.06327 0.21474
v 0.05279 -0.06517 0.21362
v 0.05924 -0.06329 0.20894
v 0.05374 -0.06594 0.20936
v 0.04622 -0.06847 0.21087
v -0.00824 -0.06774 0.09921
v -0.00381 -0.06703 0.09770
v -0.00639 -0.06619 0.09413
v -0.00891 -0.06704 0.09612
v -0.01227 -0.06660 0.09520
v -0.01315 -0.06754 0.09946
v -0.01011 -0.06536 0.09157
v -0.06305 -0.02084 0.05396
v -0.06770 -0.02200 0.05429
v -0.06371 -0.02609 0.05569
v -0.06021 -0.02378 0.05485
v -0.05872 -0.02093 0.05411
v -0.05528 -0.02628 0.05575
v -0.05299 -0.02233 0.05447
v -0.05171 -0.01755 0.05317
v -0.05854 -0.01665 0.05319
v -0.06464 -0.01653 0.05300
v -0.07061 -0.01714 0.05302
v -0.05861 -0.01145 0.05234
v -0.06578 -0.01133 0.05217
v -0.07265 -0.01167 0.05202
v -0.07387 -0.00588 0.05138
v -0.08105 -0.00618 0.05180
v -0.07940 -0.01227 0.05252
v -0.07664 -0.01811 0.05368
v -0.06656 -0.00573 0.05169
v -0.05870 -0.00581 0.05174
v -0.05873 0.00000 0.05153
v -0.06677 0.00000 0.05150
v -0.07426 -0.00000 0.05116
v -0.08160 -0.00000 0.05157
v -0.08855 -0.00000 0.05323
v -0.08784 -0.00651 0.05348
v -0.09437 -0.00000 0.05647
v -0.09358 -0.00680 0.05669
v -0.09135 -0.01354 0.05731
v -0.08580 -0.01294 0.05421
v -0.08777 -0.02003 0.05835
v -0.08250 -0.01912 0.05540
v -0.08299 -0.02612 0.05981
v -0.07806 -0.02487 0.05700
v -0.07284 -0.02347 0.05521
v -0.07272 -0.03005 0.05888
v -0.06808 -0.02821 0.05696
v -0.06671 -0.03458 0.06092
v -0.06245 -0.03233 0.05879
v -0.05849 -0.02958 0.05712
v -0.05610 -0.03590 0.06061
v -0.05227 -0.03267 0.05851
v -0.04893 -0.02876 0.05655
v -0.04544 -0.03543 0.05982
v -0.04184 -0.03115 0.05721
v -0.03888 -0.02628 0.05437
v -0.04617 -0.02422 0.05460
v -0.03678 -0.02073 0.05140
v -0.04432 -0.01900 0.05254
v -0.03563 -0.01438 0.04872
v -0.04326 -0.01314 0.05063
v -0.05102 -0.01208 0.05195
v -0.04279 -0.00672 0.04923
v -0.05069 -0.00615 0.05106
v -0.04269 -0.00000 0.04871
v -0.05057 0.00000 0.05073
v -0.03517 -0.00732 0.04702
v -0.03502 0.00000 0.04648
v -0.02811 -0.00777 0.04555
v -0.02792 0.00000 0.04497
v -0.02127 -0.00812 0.04474
v -0.02087 0.00000 0.04407
v -0.01446 -0.00840 0.04449
v -0.01402 0.00000 0.04376
v -0.00792 -0.00862 0.04506
v -0.00746 0.00000 0.04441
v -0.00159 -0.00878 0.04619
v -0.00125 0.00000 0.04552
v 0.00467 -0.00888 0.04779
v 0.00402 0.00000 0.04704
v 0.01023 -0.00886 0.05022
v 0.01061 0.00000 0.04935
v 0.01658 -0.00875 0.05373
v 0.01704 0.00000 0.05267
v 0.02231 -0.00854 0.05850
v 0.02281 0.00000 0.05730
v 0.02712 -0.00824 0.06469
v 0.02763 -0.00000 0.06354
v 0.03144 -0.00801 0.07188
v 0.03193 0.00000 0.07088
v 0.03549 -0.00792 0.07938
v 0.03596 -0.00000 0.07855
v 0.03968 -0.00801 0.08684
v 0.04014 0.00000 0.08621
v 0.04437 -0.00827 0.09405
v 0.04477 -0.00000 0.09359
v 0.05032 -0.00868 0.10080
v 0.05073 0.00000 0.10042
v 0.05769 -0.00917 0.10696
v 0.05817 0.00000 0.10658
v 0.06543 -0.00956 0.11316
v 0.06594 0.00000 0.11284
v 0.07284 -0.00982 0.12054
v 0.07337 0.00000 0.12023
v 0.07968 -0.01006 0.12932
v 0.08027 -0.00000 0.12901
v 0.08566 -0.01035 0.13922
v 0.08634 -0.00000 0.13894
v 0.09048 -0.01070 0.15009
v 0.09126 0.00000 0.14988
v 0.09408 -0.01106 0.16175
v 0.09495 0.00000 0.16167
v 0.09635 -0.01135 0.17406
v 0.09731 0.00000 0.17415
v 0.09688 -0.01149 0.18678
v 0.09793 0.00000 0.18708
v 0.09562 -0.01166 0.19942
v 0.09661 0.00000 0.19995
v 0.09257 -0.01193 0.21154
v 0.09341 0.00000 0.21223
v 0.08763 -0.01226 0.22279
v 0.08820 0.00000 0.22351
v 0.08076 -0.01256 0.23283
v 0.08106 0.00000 0.23346
v 0.07228 -0.01271 0.24148
v 0.07260 0.00000 0.24214
v 0.06243 -0.01268 0.24890
v 0.06294 -0.00000 0.24972
v 0.05039 -0.01268 0.25559
v 0.05087 0.00000 0.25657
v 0.03573 -0.01295 0.26148
v 0.03584 0.00000 0.26259
v 0.02021 -0.01330 0.26519
v 0.02002 0.00000 0.26632
v 0.00563 -0.01329 0.26645
v 0.00545 0.00000 0.26770
v -0.00837 -0.01295 0.26600
v -0.00844 -0.00000 0.26732
v -0.02199 -0.01253 0.26407
v -0.02208 0.00000 0.26526
v -0.03494 -0.01223 0.26075
v -0.03519 -0.00000 0.26166
v -0.04698 -0.01203 0.25608
v -0.04744 0.00000 0.25673
v -0.05797 -0.01180 0.25013
v -0.05859 0.00000 0.25064
v -0.06789 -0.01152 0.24290
v -0.06859 0.00000 0.24333
v -0.07683 -0.01126 0.23435
v -0.07756 0.00000 0.23470
v -0.08456 -0.01103 0.22441
v -0.08536 -0.00000 0.22465
v -0.09074 -0.01085 0.21375
v -0.09162 -0.00000 0.21385
v -0.09525 -0.01071 0.20351
v -0.09611 0.00000 0.20350
v -0.09846 -0.01058 0.19418
v -0.09921 -0.00000 0.19418
v -0.10095 -0.01039 0.18543
v -0.10157 0.00000 0.18552
v -0.10301 -0.01010 0.17651
v -0.10356 0.00000 0.17670
v -0.10475 -0.00975 0.16686
v -0.10524 0.00000 0.16708
v -0.10618 -0.00937 0.15660
v -0.10663 -0.00000 0.15683
v -0.10729 -0.00898 0.14633
v -0.10773 0.00000 0.14653
v -0.10804 -0.00861 0.13648
v -0.10850 0.00000 0.13665
v -0.10846 -0.00827 0.12704
v -0.10896 0.00000 0.12717
v -0.10857 -0.00796 0.11771
v -0.10908 -0.00000 0.11780
v -0.10842 -0.00771 0.10835
v -0.10895 0.00000 0.10838
v -0.10798 -0.00755 0.09907
v -0.10850 -0.00000 0.09907
v -0.10716 -0.00744 0.09010
v -0.10770 0.00000 0.09006
v -0.10582 -0.00737 0.08169
v -0.10639 0.00000 0.08163
v -0.10395 -0.00729 0.07397
v -0.10460 0.00000 0.07389
v -0.10147 -0.00719 0.06713
v -0.10220 -0.00000 0.06701
v -0.09808 -0.00704 0.06131
v -0.09886 -0.00000 0.06115
v -0.09931 -0.01433 0.06749
v -0.09583 -0.01401 0.06179
v -0.09583 -0.02129 0.06813
v -0.09222 -0.02077 0.06262
v -0.09117 -0.02788 0.06910
v -0.08741 -0.02716 0.06382
v -0.08547 -0.03386 0.07042
v -0.08160 -0.03294 0.06542
v -0.07730 -0.03163 0.06161
v -0.07515 -0.03800 0.06734
v -0.07099 -0.03646 0.06367
v -0.06829 -0.04238 0.06943
v -0.06425 -0.04066 0.06581
v -0.06016 -0.03852 0.06298
v -0.05719 -0.04431 0.06794
v -0.05320 -0.04194 0.06499
v -0.04924 -0.03903 0.06234
v -0.04598 -0.04493 0.06689
v -0.04208 -0.04176 0.06396
v -0.03822 -0.03787 0.06101
v -0.03486 -0.04410 0.06549
v -0.03115 -0.03999 0.06210
v -0.02775 -0.03539 0.05811
v -0.03465 -0.03337 0.05770
v -0.02501 -0.03017 0.05370
v -0.03169 -0.02832 0.05397
v -0.02309 -0.02368 0.04973
v -0.02964 -0.02240 0.05029
v -0.02197 -0.01611 0.04671
v -0.02860 -0.01536 0.04737
v -0.01675 -0.02465 0.04968
v -0.01539 -0.01669 0.04657
v -0.01037 -0.02534 0.05018
v -0.00887 -0.01713 0.04703
v -0.00399 -0.02576 0.05129
v -0.00251 -0.01742 0.04811
v 0.00244 -0.02586 0.05324
v 0.00381 -0.01753 0.04989
v 0.00849 -0.02567 0.05617
v 0.00940 -0.01741 0.05262
v 0.01412 -0.02528 0.06016
v 0.01544 -0.01718 0.05647
v 0.01923 -0.02473 0.06508
v 0.02101 -0.01680 0.06140
v 0.02380 -0.02413 0.07081
v 0.02579 -0.01631 0.06741
v 0.02807 -0.02368 0.07720
v 0.03008 -0.01592 0.07426
v 0.03216 -0.02352 0.08377
v 0.03416 -0.01578 0.08133
v 0.03644 -0.02370 0.09036
v 0.03839 -0.01593 0.08838
v 0.04129 -0.02422 0.09681
v 0.04315 -0.01638 0.09523
v 0.04723 -0.02500 0.10302
v 0.04913 -0.01708 0.10174
v 0.05421 -0.02595 0.10886
v 0.05636 -0.01793 0.10778
v 0.06172 -0.02691 0.11496
v 0.06401 -0.01866 0.11393
v 0.06903 -0.02764 0.12233
v 0.07137 -0.01916 0.12131
v 0.07562 -0.02824 0.13105
v 0.07809 -0.01959 0.13007
v 0.08123 -0.02884 0.14069
v 0.08390 -0.02008 0.13986
v 0.08571 -0.02949 0.15104
v 0.08855 -0.02064 0.15051
v 0.08899 -0.03013 0.16200
v 0.09197 -0.02120 0.16187
v 0.09097 -0.03067 0.17345
v 0.09409 -0.02167 0.17379
v 0.09146 -0.03110 0.18517
v 0.09460 -0.02198 0.18607
v 0.09042 -0.03158 0.19683
v 0.09346 -0.02234 0.19827
v 0.08777 -0.03226 0.20807
v 0.09063 -0.02287 0.21002
v 0.08341 -0.03315 0.21861
v 0.08601 -0.02356 0.22101
v 0.07716 -0.03410 0.22818
v 0.07951 -0.02427 0.23093
v 0.06897 -0.03481 0.23649
v 0.07115 -0.02470 0.23947
v 0.05906 -0.03520 0.24351
v 0.06109 -0.02474 0.24666
v 0.04752 -0.03559 0.24957
v 0.04921 -0.02481 0.25303
v 0.03437 -0.03647 0.25460
v 0.03530 -0.02539 0.25859
v 0.02026 -0.03746 0.25773
v 0.02046 -0.02617 0.26212
v 0.00607 -0.03764 0.25876
v 0.00596 -0.02626 0.26321
v -0.00773 -0.03699 0.25847
v -0.00810 -0.02567 0.26275
v -0.02070 -0.03603 0.25708
v -0.02153 -0.02490 0.26106
v -0.03264 -0.03522 0.25460
v -0.03406 -0.02432 0.25821
v -0.04360 -0.03460 0.25094
v -0.04563 -0.02391 0.25409
v -0.05367 -0.03400 0.24593
v -0.05623 -0.02346 0.24856
v -0.06289 -0.03325 0.23943
v -0.06589 -0.02289 0.24161
v -0.07132 -0.03245 0.23154
v -0.07467 -0.02234 0.23331
v -0.07872 -0.03157 0.22243
v -0.08225 -0.02176 0.22368
v -0.08486 -0.03065 0.21265
v -0.08835 -0.02123 0.21339
v -0.08973 -0.02981 0.20296
v -0.09297 -0.02079 0.20338
v -0.09352 -0.02905 0.19368
v -0.09644 -0.02040 0.19405
v -0.09653 -0.02831 0.18463
v -0.09918 -0.01996 0.18513
v -0.09899 -0.02754 0.17537
v -0.10143 -0.01942 0.17602
v -0.10100 -0.02674 0.16563
v -0.10331 -0.01880 0.16630
v -0.10258 -0.02591 0.15551
v -0.10481 -0.01813 0.15608
v -0.10374 -0.02508 0.14543
v -0.10595 -0.01746 0.14587
v -0.10451 -0.02428 0.13574
v -0.10670 -0.01681 0.13609
v -0.10486 -0.02350 0.12649
v -0.10707 -0.01619 0.12674
v -0.10482 -0.02280 0.11741
v -0.10712 -0.01563 0.11753
v -0.10448 -0.02231 0.10831
v -0.10692 -0.01521 0.10829
v -0.10383 -0.02203 0.09927
v -0.10643 -0.01495 0.09912
v -0.10274 -0.02190 0.09050
v -0.10554 -0.01480 0.09023
v -0.10105 -0.02180 0.08225
v -0.10405 -0.01469 0.08188
v -0.09874 -0.02161 0.07471
v -0.10199 -0.01454 0.07423
v -0.09685 -0.02847 0.08285
v -0.09429 -0.02829 0.07547
v -0.09165 -0.03454 0.08374
v -0.08881 -0.03436 0.07658
v -0.08259 -0.03972 0.07802
v -0.07906 -0.03910 0.07212
v -0.07584 -0.04438 0.07975
v -0.07219 -0.04364 0.07405
v -0.06872 -0.04847 0.08163
v -0.06501 -0.04759 0.07610
v -0.06114 -0.04619 0.07157
v -0.05757 -0.05106 0.07813
v -0.05376 -0.04954 0.07363
v -0.04988 -0.04750 0.06997
v -0.04622 -0.05248 0.07560
v -0.04244 -0.05027 0.07191
v -0.03864 -0.04751 0.06867
v -0.03502 -0.05269 0.07371
v -0.03135 -0.04971 0.07034
v -0.02775 -0.04607 0.06694
v -0.02426 -0.05159 0.07195
v -0.02081 -0.04773 0.06830
v -0.01751 -0.04341 0.06410
v -0.02425 -0.04183 0.06311
v -0.01464 -0.03870 0.05917
v -0.02114 -0.03718 0.05854
v -0.01225 -0.03277 0.05431
v -0.01864 -0.03168 0.05378
v -0.00810 -0.03980 0.06027
v -0.00578 -0.03343 0.05544
v -0.00163 -0.04032 0.06216
v 0.00070 -0.03362 0.05744
v 0.00442 -0.04028 0.06497
v 0.00684 -0.03340 0.06041
v 0.00987 -0.03986 0.06861
v 0.01230 -0.03289 0.06430
v 0.01461 -0.03928 0.07296
v 0.01712 -0.03224 0.06899
v 0.01887 -0.03874 0.07798
v 0.02148 -0.03161 0.07435
v 0.02291 -0.03840 0.08357
v 0.02564 -0.03119 0.08030
v 0.02692 -0.03829 0.08939
v 0.02973 -0.03105 0.08645
v 0.03116 -0.03839 0.09525
v 0.03403 -0.03123 0.09262
v 0.03601 -0.03859 0.10099
v 0.03894 -0.03167 0.09868
v 0.04169 -0.03894 0.10655
v 0.04480 -0.03229 0.10457
v 0.04814 -0.03971 0.11190
v 0.05147 -0.03316 0.11020
v 0.05520 -0.04089 0.11773
v 0.05877 -0.03424 0.11621
v 0.06213 -0.04198 0.12488
v 0.06593 -0.03517 0.12352
v 0.06831 -0.04281 0.13333
v 0.07234 -0.03592 0.13214
v 0.07360 -0.04352 0.14260
v 0.07777 -0.03660 0.14160
v 0.07792 -0.04419 0.15236
v 0.08215 -0.03728 0.15165
v 0.08115 -0.04482 0.16251
v 0.08536 -0.03794 0.16219
v 0.08308 -0.04531 0.17299
v 0.08728 -0.03848 0.17315
v 0.08362 -0.04567 0.18362
v 0.08776 -0.03891 0.18431
v 0.08278 -0.04603 0.19414
v 0.08680 -0.03938 0.19538
v 0.08043 -0.04653 0.20427
v 0.08430 -0.04003 0.20607
v 0.07645 -0.04722 0.21377
v 0.08014 -0.04088 0.21610
v 0.07063 -0.04802 0.22243
v 0.07412 -0.04178 0.22525
v 0.06291 -0.04886 0.23006
v 0.06617 -0.04257 0.23328
v 0.05351 -0.04978 0.23658
v 0.05653 -0.04323 0.24011
v 0.04271 -0.05092 0.24192
v 0.04538 -0.04402 0.24585
v 0.03066 -0.05218 0.24579
v 0.03284 -0.04511 0.25032
v 0.01786 -0.05317 0.24802
v 0.01940 -0.04616 0.25301
v 0.00499 -0.05344 0.24887
v 0.00577 -0.04644 0.25396
v -0.00740 -0.05307 0.24884
v -0.00745 -0.04595 0.25382
v -0.01886 -0.05230 0.24792
v -0.01976 -0.04507 0.25268
v -0.02925 -0.05141 0.24598
v -0.03099 -0.04418 0.25047
v -0.03870 -0.05059 0.24295
v -0.04124 -0.04343 0.24714
v -0.04737 -0.04988 0.23878
v -0.05067 -0.04274 0.24257
v -0.05538 -0.04915 0.23334
v -0.05935 -0.04196 0.23660
v -0.06283 -0.04827 0.22659
v -0.06733 -0.04105 0.22925
v -0.06969 -0.04718 0.21872
v -0.07449 -0.03998 0.22075
v -0.07588 -0.04589 0.21013
v -0.08069 -0.03881 0.21155
v -0.08122 -0.04450 0.20123
v -0.08581 -0.03763 0.20223
v -0.08562 -0.04313 0.19228
v -0.08992 -0.03653 0.19308
v -0.08916 -0.04187 0.18328
v -0.09319 -0.03550 0.18399
v -0.09194 -0.04074 0.17406
v -0.09582 -0.03454 0.17470
v -0.09411 -0.03969 0.16453
v -0.09793 -0.03361 0.16502
v -0.09574 -0.03871 0.15483
v -0.09955 -0.03269 0.15508
v -0.09692 -0.03778 0.14518
v -0.10072 -0.03179 0.14519
v -0.09770 -0.03690 0.13577
v -0.10150 -0.03093 0.13562
v -0.09802 -0.03605 0.12668
v -0.10185 -0.03010 0.12645
v -0.09778 -0.03531 0.11777
v -0.10170 -0.02936 0.11747
v -0.10115 -0.02886 0.10849
v -0.09333 -0.04150 0.12714
v -0.09308 -0.04074 0.11831
v -0.08771 -0.04660 0.12773
v -0.08749 -0.04580 0.11904
v -0.08655 -0.04523 0.11039
v -0.08090 -0.05055 0.11986
v -0.07997 -0.04986 0.11141
v -0.07805 -0.04940 0.10316
v -0.08472 -0.04496 0.10191
v -0.07535 -0.04916 0.09534
v -0.08219 -0.04485 0.09387
v -0.08841 -0.04002 0.09262
v -0.09399 -0.03459 0.09165
v -0.07919 -0.04472 0.08643
v -0.08571 -0.03996 0.08494
v -0.07219 -0.04892 0.08811
v -0.06794 -0.05307 0.09691
v -0.06476 -0.05268 0.08986
v -0.06127 -0.05208 0.08354
v -0.05690 -0.05604 0.09159
v -0.05352 -0.05528 0.08541
v -0.04993 -0.05413 0.08007
v -0.04561 -0.05805 0.08721
v -0.04222 -0.05680 0.08193
v -0.03867 -0.05504 0.07746
v -0.03467 -0.05917 0.08370
v -0.03131 -0.05733 0.07924
v -0.02780 -0.05479 0.07546
v -0.02432 -0.05932 0.08108
v -0.02090 -0.05664 0.07726
v -0.01745 -0.05319 0.07363
v -0.01446 -0.05822 0.07928
v -0.01111 -0.05445 0.07558
v -0.00760 -0.04981 0.07169
v -0.01403 -0.04903 0.06980
v -0.00440 -0.04533 0.06712
v -0.01086 -0.04462 0.06533
v -0.00169 -0.05015 0.07415
v 0.00158 -0.04563 0.06964
v 0.00350 -0.05035 0.07724
v 0.00694 -0.04565 0.07294
v 0.00804 -0.05045 0.08107
v 0.01163 -0.04545 0.07699
v 0.01207 -0.05035 0.08565
v 0.01584 -0.04516 0.08174
v 0.01588 -0.05031 0.09079
v 0.01978 -0.04499 0.08704
v 0.01950 -0.05021 0.09625
v 0.02355 -0.04491 0.09263
v 0.02333 -0.04988 0.10183
v 0.02762 -0.04480 0.09830
v 0.02774 -0.04974 0.10727
v 0.03229 -0.04466 0.10388
v 0.03301 -0.05026 0.11222
v 0.03776 -0.04488 0.10911
v 0.03913 -0.05155 0.11679
v 0.04404 -0.04577 0.11411
v 0.04577 -0.05305 0.12195
v 0.05090 -0.04711 0.11962
v 0.05220 -0.05414 0.12850
v 0.05759 -0.04827 0.12650
v 0.05801 -0.05483 0.13634
v 0.06356 -0.04909 0.13470
v 0.06311 -0.05537 0.14509
v 0.06873 -0.04975 0.14374
v 0.06745 -0.05587 0.15433
v 0.07303 -0.05034 0.15324
v 0.07086 -0.05628 0.16379
v 0.07632 -0.05089 0.16302
v 0.07299 -0.05652 0.17346
v 0.07832 -0.05128 0.17307
v 0.07383 -0.05659 0.18321
v 0.07898 -0.05153 0.18322
v 0.07341 -0.05658 0.19278
v 0.07832 -0.05174 0.19324
v 0.07160 -0.05660 0.20188
v 0.07618 -0.05202 0.20283
v 0.06823 -0.05680 0.21028
v 0.07242 -0.05249 0.21178
v 0.06309 -0.05730 0.21782
v 0.06686 -0.05319 0.21989
v 0.05594 -0.05816 0.22440
v 0.05936 -0.05413 0.22701
v 0.04695 -0.05946 0.22990
v 0.05012 -0.05534 0.23301
v 0.03656 -0.06105 0.23405
v 0.03954 -0.05681 0.23775
v 0.02525 -0.06247 0.23665
v 0.02792 -0.05817 0.24099
v 0.01368 -0.06327 0.23800
v 0.01581 -0.05900 0.24278
v 0.00242 -0.06342 0.23861
v 0.00381 -0.05915 0.24357
v -0.00813 -0.06308 0.23873
v -0.00761 -0.05879 0.24366
v -0.01772 -0.06237 0.23824
v -0.01811 -0.05805 0.24298
v -0.02622 -0.06148 0.23699
v -0.02758 -0.05715 0.24136
v -0.03369 -0.06069 0.23476
v -0.03611 -0.05631 0.23870
v -0.04040 -0.06015 0.23141
v -0.04389 -0.05565 0.23493
v -0.04670 -0.05976 0.22688
v -0.05111 -0.05505 0.22997
v -0.05280 -0.05926 0.22117
v -0.05792 -0.05432 0.22379
v -0.05879 -0.05847 0.21440
v -0.06439 -0.05331 0.21653
v -0.06464 -0.05734 0.20684
v -0.07048 -0.05205 0.20850
v -0.07013 -0.05593 0.19875
v -0.07596 -0.05057 0.20003
v -0.07495 -0.05441 0.19035
v -0.08063 -0.04906 0.19136
v -0.07886 -0.05293 0.18170
v -0.08438 -0.04764 0.18252
v -0.08183 -0.05160 0.17284
v -0.08729 -0.04638 0.17345
v -0.08403 -0.05041 0.16379
v -0.08949 -0.04524 0.16415
v -0.08563 -0.04936 0.15464
v -0.09112 -0.04421 0.15471
v -0.08676 -0.04840 0.14553
v -0.09228 -0.04327 0.14532
v -0.08746 -0.04748 0.13655
v -0.09304 -0.04237 0.13612
v -0.08028 -0.05324 0.14570
v -0.08092 -0.05230 0.13698
v -0.08114 -0.05138 0.12837
v -0.07340 -0.05680 0.13732
v -0.07360 -0.05584 0.12897
v -0.07335 -0.05495 0.12069
v -0.06517 -0.05990 0.12947
v -0.06493 -0.05894 0.12146
v -0.06413 -0.05807 0.11353
v -0.07247 -0.05416 0.11248
v -0.06247 -0.05727 0.10583
v -0.07062 -0.05351 0.10450
v -0.05996 -0.05662 0.09847
v -0.05375 -0.06058 0.10707
v -0.05153 -0.05974 0.09995
v -0.04875 -0.05897 0.09327
v -0.04299 -0.06242 0.10130
v -0.04061 -0.06149 0.09483
v -0.03780 -0.06048 0.08892
v -0.03278 -0.06368 0.09629
v -0.03037 -0.06263 0.09056
v -0.02752 -0.06127 0.08547
v -0.02351 -0.06437 0.09224
v -0.02093 -0.06301 0.08738
v -0.01785 -0.06101 0.08311
v -0.01506 -0.06434 0.08942
v -0.01203 -0.06234 0.08541
v -0.00858 -0.05946 0.08166
v -0.00697 -0.06339 0.08805
v -0.00336 -0.06041 0.08450
v 0.00010 -0.05597 0.08094
v -0.00519 -0.05534 0.07798
v 0.00112 -0.06118 0.08798
v 0.00473 -0.05644 0.08458
v 0.00494 -0.06184 0.09221
v 0.00872 -0.05666 0.08901
v 0.00823 -0.06243 0.09715
v 0.01222 -0.05671 0.09409
v 0.01117 -0.06288 0.10254
v 0.01555 -0.05663 0.09952
v 0.01405 -0.06302 0.10811
v 0.01893 -0.05620 0.10512
v 0.01740 -0.06294 0.11359
v 0.02285 -0.05581 0.11061
v 0.02161 -0.06319 0.11860
v 0.02768 -0.05628 0.11546
v 0.02666 -0.06386 0.12322
v 0.03341 -0.05759 0.11985
v 0.03232 -0.06441 0.12811
v 0.03966 -0.05886 0.12477
v 0.03816 -0.06464 0.13389
v 0.04582 -0.05961 0.13093
v 0.04378 -0.06479 0.14079
v 0.05151 -0.06006 0.13834
v 0.04896 -0.06503 0.14869
v 0.05661 -0.06044 0.14671
v 0.05363 -0.06528 0.15729
v 0.06109 -0.06082 0.15565
v 0.05747 -0.06541 0.16624
v 0.06469 -0.06109 0.16484
v 0.06015 -0.06534 0.17535
v 0.06703 -0.06115 0.17420
v 0.06161 -0.06499 0.18455
v 0.06814 -0.06100 0.18363
v 0.06191 -0.06444 0.19349
v 0.06804 -0.06072 0.19284
v 0.06113 -0.06381 0.20175
v 0.06668 -0.06044 0.20150
v 0.06390 -0.06032 0.20932
v 0.05936 -0.06058 0.21615
v 0.05266 -0.06141 0.22195
v 0.04107 -0.06580 0.22309
v 0.04391 -0.06281 0.22673
v 0.03084 -0.06755 0.22580
v 0.03365 -0.06449 0.23020
v 0.01990 -0.06881 0.22732
v 0.02257 -0.06587 0.23220
v 0.00904 -0.06944 0.22818
v 0.01143 -0.06660 0.23324
v -0.00125 -0.06946 0.22877
v 0.00076 -0.06671 0.23377
v -0.01066 -0.06894 0.22916
v -0.00910 -0.06634 0.23397
v -0.01894 -0.06798 0.22934
v -0.01791 -0.06557 0.23375
v -0.02097 -0.06979 0.22473
v -0.01287 -0.07103 0.22412
v -0.00366 -0.07177 0.22346
v -0.00647 -0.07370 0.21773
v -0.01571 -0.07272 0.21868
v -0.02389 -0.07114 0.21966
v -0.03096 -0.06907 0.22078
v -0.01904 -0.07398 0.21274
v -0.02747 -0.07209 0.21399
v -0.03492 -0.06964 0.21535
v -0.04149 -0.06673 0.21694
v -0.03693 -0.06655 0.22225
v -0.03147 -0.07259 0.20767
v -0.03934 -0.06982 0.20913
v -0.04641 -0.06655 0.21069
v -0.05284 -0.06280 0.21244
v -0.04738 -0.06332 0.21887
v -0.04403 -0.06957 0.20219
v -0.05152 -0.06598 0.20367
v -0.05835 -0.06192 0.20521
v -0.05659 -0.06504 0.19607
v -0.06371 -0.06071 0.19742
v -0.06126 -0.06382 0.18808
v -0.06854 -0.05930 0.18926
v -0.06515 -0.06246 0.17982
v -0.07250 -0.05785 0.18082
v -0.06809 -0.06111 0.17138
v -0.07549 -0.05649 0.17217
v -0.07023 -0.05988 0.16285
v -0.07766 -0.05529 0.16338
v -0.07174 -0.05879 0.15428
v -0.07921 -0.05423 0.15452
v -0.07278 -0.05778 0.14576
v -0.06322 -0.06296 0.15388
v -0.06428 -0.06191 0.14567
v -0.06494 -0.06090 0.13753
v -0.05492 -0.06553 0.14539
v -0.05567 -0.06450 0.13756
v -0.05600 -0.06346 0.12980
v -0.04589 -0.06749 0.13738
v -0.04639 -0.06644 0.12995
v -0.04643 -0.06538 0.12259
v -0.05587 -0.06244 0.12211
v -0.04595 -0.06435 0.11530
v -0.05518 -0.06148 0.11448
v -0.04482 -0.06337 0.10817
v -0.03680 -0.06673 0.11597
v -0.03605 -0.06569 0.10915
v -0.03470 -0.06467 0.10254
v -0.02772 -0.06755 0.10996
v -0.02690 -0.06647 0.10365
v -0.02550 -0.06543 0.09768
v -0.01973 -0.06775 0.10440
v -0.01892 -0.06673 0.09883
v -0.01740 -0.06569 0.09384
v -0.01321 -0.06851 0.10456
v -0.01996 -0.06883 0.11038
v -0.01278 -0.06954 0.11020
v -0.00610 -0.06969 0.10930
v -0.00726 -0.06868 0.10391
v 0.00016 -0.06904 0.10763
v -0.00174 -0.06801 0.10234
v 0.00596 -0.06697 0.10532
v 0.00345 -0.06607 0.10000
v 0.00061 -0.06515 0.09523
v -0.00278 -0.06428 0.09125
v 0.00207 -0.06996 0.11319
v 0.00840 -0.06765 0.11086
v 0.00422 -0.07063 0.11881
v 0.01116 -0.06803 0.11637
v 0.00689 -0.07115 0.12436
v 0.01459 -0.06841 0.12166
v 0.01018 -0.07163 0.12980
v 0.01877 -0.06880 0.12669
v 0.01412 -0.07202 0.13528
v 0.02366 -0.06901 0.13177
v 0.01861 -0.07224 0.14109
v 0.02900 -0.06899 0.13739
v 0.02339 -0.07245 0.14749
v 0.03442 -0.06901 0.14387
v 0.02818 -0.07272 0.15460
v 0.03959 -0.06917 0.15129
v 0.03280 -0.07296 0.16243
v 0.04435 -0.06937 0.15949
v 0.03707 -0.07307 0.17074
v 0.04847 -0.06945 0.16816
v 0.04058 -0.07291 0.17930
v 0.05161 -0.06929 0.17704
v 0.04300 -0.07239 0.18796
v 0.05353 -0.06881 0.18601
v 0.04449 -0.07146 0.19639
v 0.05436 -0.06802 0.19471
v 0.04546 -0.07014 0.20419
v 0.05434 -0.06701 0.20269
v 0.03473 -0.07276 0.20595
v 0.03655 -0.07085 0.21280
v 0.03285 -0.07420 0.19828
v 0.02071 -0.07603 0.20012
v 0.02323 -0.07457 0.20761
v 0.03063 -0.07519 0.19013
v 0.01794 -0.07693 0.19221
v 0.00577 -0.07767 0.19408
v 0.00883 -0.07692 0.20176
v 0.02775 -0.07565 0.18179
v 0.01480 -0.07727 0.18410
v 0.00253 -0.07784 0.18617
v -0.00907 -0.07759 0.18810
v -0.00574 -0.07756 0.19584
v 0.01125 -0.07720 0.17606
v -0.00086 -0.07759 0.17825
v -0.01239 -0.07717 0.18027
v -0.02349 -0.07602 0.18214
v -0.02008 -0.07659 0.18994
v -0.00426 -0.07709 0.17052
v -0.01557 -0.07647 0.17252
v -0.02660 -0.07514 0.17433
v -0.03728 -0.07311 0.17596
v -0.03409 -0.07410 0.18386
v -0.01847 -0.07560 0.16495
v -0.02929 -0.07410 0.16661
v -0.03991 -0.07194 0.16807
v -0.05012 -0.06903 0.16934
v -0.04740 -0.07027 0.17740
v -0.03154 -0.07303 0.15900
v -0.04202 -0.07076 0.16024
v -0.05220 -0.06777 0.16129
v -0.06170 -0.06410 0.16215
v -0.05960 -0.06535 0.17044
v -0.04370 -0.06962 0.15251
v -0.05377 -0.06660 0.15329
v -0.04498 -0.06853 0.14489
v -0.03338 -0.07196 0.15152
v -0.03485 -0.07088 0.14418
v -0.03596 -0.06984 0.13699
v -0.02480 -0.07260 0.14328
v -0.02617 -0.07158 0.13641
v -0.02718 -0.07060 0.12967
v -0.03668 -0.06881 0.12990
v -0.02781 -0.06962 0.12302
v -0.03698 -0.06777 0.12290
v -0.02800 -0.06860 0.11644
v -0.01906 -0.07087 0.12276
v -0.01970 -0.06989 0.11653
v -0.01084 -0.07152 0.12200
v -0.01197 -0.07057 0.11606
v -0.00314 -0.07148 0.12070
v -0.00475 -0.07066 0.11496
v -0.00937 -0.07239 0.12803
v -0.00112 -0.07219 0.12647
v -0.00752 -0.07323 0.13414
v 0.00137 -0.07287 0.13227
v -0.00526 -0.07409 0.14042
v 0.00438 -0.07356 0.13819
v -0.00260 -0.07495 0.14695
v 0.00787 -0.07419 0.14438
v 0.00043 -0.07573 0.15376
v 0.01172 -0.07475 0.15096
v 0.00382 -0.07639 0.16085
v 0.01579 -0.07523 0.15802
v 0.00749 -0.07690 0.16827
v 0.01998 -0.07557 0.16557
v 0.02410 -0.07573 0.17355
v -0.00748 -0.07640 0.16307
v -0.01036 -0.07558 0.15587
v -0.02097 -0.07464 0.15756
v -0.01284 -0.07467 0.14888
v -0.02307 -0.07364 0.15033
v -0.01495 -0.07371 0.14209
v -0.01669 -0.07274 0.13551
v -0.01806 -0.07181 0.12909
v -0.05675 -0.06666 0.17868
v -0.05306 -0.06789 0.18680
v -0.04398 -0.07137 0.18541
v -0.04871 -0.06890 0.19469
v -0.04000 -0.07219 0.19323
v -0.03044 -0.07478 0.19165
v -0.03573 -0.07262 0.20071
v -0.02656 -0.07501 0.19917
v -0.01654 -0.07668 0.19754
v -0.02270 -0.07475 0.20623
v -0.01302 -0.07624 0.20477
v -0.00247 -0.07695 0.20329
v -0.00963 -0.07523 0.21151
v 0.00069 -0.07573 0.21028
v 0.01173 -0.07553 0.20902
v 0.00368 -0.07400 0.21676
v 0.01452 -0.07365 0.21573
v 0.02568 -0.07263 0.21449
v 0.01723 -0.07140 0.22184
v 0.02819 -0.07027 0.22059
v 0.03860 -0.06850 0.21855
v 0.00646 -0.07189 0.22272
v -0.04206 -0.06351 0.22427
v -0.09883 -0.02854 0.09096
v -0.10024 -0.02862 0.09958
v -0.09579 0.03463 0.10011
v -0.09061 0.04006 0.10088
v -0.09218 0.04024 0.10953
v -0.09703 0.03482 0.10889
v -0.03160 0.06387 0.23141
v -0.03686 0.06359 0.22850
v -0.03294 0.06616 0.22648
v -0.03017 0.06575 0.22914
v -0.02575 0.06679 0.22931
v -0.02545 0.06463 0.23300
v -0.02773 0.06814 0.22540
v 0.05575 0.06327 0.21474
v 0.04964 0.06419 0.21931
v 0.04736 0.06653 0.21591
v 0.05279 0.06517 0.21362
v 0.05374 0.06594 0.20936
v 0.05924 0.06329 0.20894
v 0.04622 0.06847 0.21087
v -0.00639 0.06619 0.09413
v -0.00381 0.06703 0.09770
v -0.00824 0.06774 0.09921
v -0.00891 0.06704 0.09612
v -0.01315 0.06754 0.09946
v -0.01227 0.06660 0.09520
v -0.01011 0.06536 0.09157
v -0.06371 0.02609 0.05569
v -0.06770 0.02200 0.05429
v -0.06305 0.02084 0.05396
v -0.06021 0.02378 0.05485
v -0.05872 0.02093 0.05411
v -0.05299 0.02233 0.05447
v -0.05528 0.02628 0.05575
v -0.05854 0.01665 0.05319
v -0.05171 0.01755 0.05317
v -0.06464 0.01653 0.05300
v -0.07061 0.01714 0.05302
v -0.06578 0.01133 0.05217
v -0.05861 0.01145 0.05234
v -0.07265 0.01167 0.05202
v -0.07940 0.01227 0.05252
v -0.08105 0.00618 0.05180
v -0.07387 0.00588 0.05138
v -0.07664 0.01811 0.05368
v -0.06656 0.00573 0.05169
v -0.05870 0.00581 0.05174
v -0.08784 0.00651 0.05348
v -0.09358 0.00680 0.05669
v -0.08580 0.01294 0.05421
v -0.09135 0.01354 0.05731
v -0.08250 0.01912 0.05540
v -0.08777 0.02003 0.05835
v -0.07806 0.02487 0.05700
v -0.08299 0.02612 0.05981
v -0.07284 0.02347 0.05521
v -0.06808 0.02821 0.05696
v -0.07272 0.03005 0.05888
v -0.06245 0.03233 0.05879
v -0.06671 0.03458 0.06092
v -0.05849 0.02958 0.05712
v -0.05227 0.03267 0.05851
v -0.05610 0.03590 0.06061
v -0.04893 0.02876 0.05655
v -0.04184 0.03115 0.05721
v -0.04544 0.03543 0.05982
v -0.04617 0.02422 0.05460
v -0.03888 0.02628 0.05437
v -0.04432 0.01900 0.05254
v -0.03678 0.02073 0.05140
v -0.04326 0.01314 0.05063
v -0.03563 0.01438 0.04872
v -0.05102 0.01208 0.05195
v -0.05069 0.00615 0.05106
v -0.04279 0.00672 0.04923
v -0.03517 0.00732 0.04702
v -0.02811 0.00777 0.04555
v -0.02127 0.00812 0.04474
v -0.01446 0.00840 0.04449
v -0.00792 0.00862 0.04506
v -0.00159 0.00878 0.04619
v 0.00467 0.00888 0.04779
v 0.01023 0.00886 0.05022
v 0.01658 0.00875 0.05373
v 0.02231 0.00854 0.05850
v 0.02712 0.00824 0.06469
v 0.03144 0.00801 0.07188
v 0.03549 0.00792 0.07938
v 0.03968 0.00801 0.08684
v 0.04437 0.00827 0.09405
v 0.05032 0.00868 0.10080
v 0.05769 0.00917 0.10696
v 0.06543 0.00956 0.11316
v 0.07284 0.00982 0.12054
v 0.07968 0.01006 0.12932
v 0.08566 0.01035 0.13922
v 0.09048 0.01070 0.15009
v 0.09408 0.01106 0.16175
v 0.09635 0.01135 0.17406
v 0.09688 0.01149 0.18678
v 0.09562 0.01166 0.19942
v 0.09257 0.01193 0.21154
v 0.08763 0.01226 0.22279
v 0.08076 0.01256 0.23283
v 0.07228 0.01271 0.24148
v 0.06243 0.01268 0.24890
v 0.05039 0.01268 0.25559
v 0.03573 0.01295 0.26148
v 0.02021 0.01330 0.26519
v 0.00563 0.01329 0.26645
v -0.00837 0.01295 0.26600
v -0.02199 0.01253 0.26407
v -0.03494 0.01223 0.26075
v -0.04698 0.01203 0.25608
v -0.05797 0.01180 0.25013
v -0.06789 0.01152 0.24290
v -0.07683 0.01126 0.23435
v -0.08456 0.01103 0.22441
v -0.09074 0.01085 0.21375
v -0.09525 0.01071 0.20351
v -0.09846 0.01058 0.19418
v -0.10095 0.01039 0.18543
v -0.10301 0.01010 0.17651
v -0.10475 0.00975 0.16686
v -0.10618 0.00937 0.15660
v -0.10729 0.00898 0.14633
v -0.10804 0.00861 0.13648
v -0.10846 0.00827 0.12704
v -0.10857 0.00796 0.11771
v -0.10842 0.00771 0.10835
v -0.10798 0.00755 0.09907
v -0.10716 0.00744 0.09010
v -0.10582 0.00737 0.08169
v -0.10395 0.00729 0.07397
v -0.10147 0.00719 0.06713
v -0.09808 0.00704 0.06131
v -0.09583 0.01401 0.06179
v -0.09931 0.01433 0.06749
v -0.09222 0.02077 0.06262
v -0.09583 0.02129 0.06813
v -0.08741 0.02716 0.06382
v -0.09117 0.02788 0.06910
v -0.08160 0.03294 0.06542
v -0.08547 0.03386 0.07042
v -0.07730 0.03163 0.06161
v -0.07099 0.03646 0.06367
v -0.07515 0.03800 0.06734
v -0.06425 0.04066 0.06581
v -0.06829 0.04238 0.06943
v -0.06016 0.03852 0.06298
v -0.05320 0.04194 0.06499
v -0.05719 0.04431 0.06794
v -0.04924 0.03903 0.06234
v -0.04208 0.04176 0.06396
v -0.04598 0.04493 0.06689
v -0.03822 0.03787 0.06101
v -0.03115 0.03999 0.06210
v -0.03486 0.04410 0.06549
v -0.03465 0.03337 0.05770
v -0.02775 0.03539 0.05811
v -0.03169 0.02832 0.05397
v -0.02501 0.03017 0.05370
v -0.02964 0.02240 0.05029
v -0.02309 0.02368 0.04973
v -0.02860 0.01536 0.04737
v -0.02197 0.01611 0.04671
v -0.01539 0.01669 0.04657
v -0.01675 0.02465 0.04968
v -0.00887 0.01713 0.04703
v -0.01037 0.02534 0.05018
v -0.00251 0.01742 0.04811
v -0.00399 0.02576 0.05129
v 0.00381 0.01753 0.04989
v 0.00244 0.02586 0.05324
v 0.00940 0.01741 0.05262
v 0.00849 0.02567 0.05617
v 0.01544 0.01718 0.05647
v 0.01412 0.02528 0.06016
v 0.02101 0.01680 0.06140
v 0.01923 0.02473 0.06508
v 0.02579 0.01631 0.06741
v 0.02380 0.02413 0.07081
v 0.03008 0.01592 0.07426
v 0.02807 0.02368 0.07720
v 0.03416 0.01578 0.08133
v 0.03216 0.02352 0.08377
v 0.03839 0.01593 0.08838
v 0.03644 0.02370 0.09036
v 0.04315 0.01638 0.09523
v 0.04129 0.02422 0.09681
v 0.04913 0.01708 0.10174
v 0.04723 0.02500 0.10302
v 0.05636 0.01793 0.10778
v 0.05421 0.02595 0.10886
v 0.06401 0.01866 0.11393
v 0.06172 0.02691 0.11496
v 0.07137 0.01916 0.12131
v 0.06903 0.02764 0.12233
v 0.07809 0.01959 0.13007
v 0.07562 0.02824 0.13105
v 0.08390 0.02008 0.13986
v 0.08123 0.02884 0.14069
v 0.08855 0.02064 0.15051
v 0.08571 0.02949 0.15104
v 0.09197 0.02120 0.16187
v 0.08899 0.03013 0.16200
v 0.09409 0.02167 0.17379
v 0.09097 0.03067 0.17345
v 0.09460 0.02198 0.18607
v 0.09146 0.03110 0.18517
v 0.09346 0.02234 0.19827
v 0.09042 0.03158 0.19683
v 0.09063 0.02287 0.21002
v 0.08777 0.03226 0.20807
v 0.08601 0.02356 0.22101
v 0.08341 0.03315 0.21861
v 0.07951 0.02427 0.23093
v 0.07716 0.03410 0.22818
v 0.07115 0.02470 0.23947
v 0.06897 0.03481 0.23649
v 0.06109 0.02474 0.24666
v 0.05906 0.03520 0.24351
v 0.04921 0.02481 0.25303
v 0.04752 0.03559 0.24957
v 0.03530 0.02539 0.25859
v 0.03437 0.03647 0.25460
v 0.02046 0.02617 0.26212
v 0.02026 0.03746 0.25773
v 0.00596 0.02626 0.26321
v 0.00607 0.03764 0.25876
v -0.00810 0.02567 0.26275
v -0.00773 0.03699 0.25847
v -0.02153 0.02490 0.26106
v -0.02070 0.03603 0.25708
v -0.03406 0.02432 0.25821
v -0.03264 0.03522 0.25460
v -0.04563 0.02391 0.25409
v -0.04360 0.03460 0.25094
v -0.05623 0.02346 0.24856
v -0.05367 0.03400 0.24593
v -0.06589 0.02289 0.24161
v -0.06289 0.03325 0.23943
v -0.07467 0.02234 0.23331
v -0.07132 0.03245 0.23154
v -0.08225 0.02176 0.22368
v -0.07872 0.03157 0.22243
v -0.08835 0.02123 0.21339
v -0.08486 0.03065 0.21265
v -0.09297 0.02079 0.20338
v -0.08973 0.02981 0.20296
v -0.09644 0.02040 0.19405
v -0.09352 0.02905 0.19368
v -0.09918 0.01996 0.18513
v -0.09653 0.02831 0.18463
v -0.10143 0.01942 0.17602
v -0.09899 0.02754 0.17537
v -0.10331 0.01880 0.16630
v -0.10100 0.02674 0.16563
v -0.10481 0.01813 0.15608
v -0.10258 0.02591 0.15551
v -0.10595 0.01746 0.14587
v -0.10374 0.02508 0.14543
v -0.10670 0.01681 0.13609
v -0.10451 0.02428 0.13574
v -0.10707 0.01619 0.12674
v -0.10486 0.02350 0.12649
v -0.10712 0.01563 0.11753
v -0.10482 0.02280 0.11741
v -0.10692 0.01521 0.10829
v -0.10448 0.02231 0.10831
v -0.10643 0.01495 0.09912
v -0.10383 0.02203 0.09927
v -0.10554 0.01480 0.09023
v -0.10274 0.02190 0.09050
v -0.10405 0.01469 0.08188
v -0.10105 0.02180 0.08225
v -0.10199 0.01454 0.07423
v -0.09874 0.02161 0.07471
v -0.09429 0.02829 0.07547
v -0.09685 0.02847 0.08285
v -0.08881 0.03436 0.07658
v -0.09165 0.03454 0.08374
v -0.07906 0.03910 0.07212
v -0.08259 0.03972 0.07802
v -0.07219 0.04364 0.07405
v -0.07584 0.04438 0.07975
v -0.06501 0.04759 0.07610
v -0.06872 0.04847 0.08163
v -0.06114 0.04619 0.07157
v -0.05376 0.04954 0.07363
v -0.05757 0.05106 0.07813
v -0.04988 0.04750 0.06997
v -0.04244 0.05027 0.07191
v -0.04622 0.05248 0.07560
v -0.03864 0.04751 0.06867
v -0.03135 0.04971 0.07034
v -0.03502 0.05269 0.07371
v -0.02775 0.04607 0.06694
v -0.02081 0.04773 0.06830
v -0.02426 0.05159 0.07195
v -0.02425 0.04183 0.06311
v -0.01751 0.04341 0.06410
v -0.02114 0.03718 0.05854
v -0.01464 0.03870 0.05917
v -0.01864 0.03168 0.05378
v -0.01225 0.03277 0.05431
v -0.00578 0.03343 0.05544
v -0.00810 0.03980 0.06027
v 0.00070 0.03362 0.05744
v -0.00163 0.04032 0.06216
v 0.00684 0.03340 0.06041
v 0.00442 0.04028 0.06497
v 0.01230 0.03289 0.06430
v 0.00987 0.03986 0.06861
v 0.01712 0.03224 0.06899
v 0.01461 0.03928 0.07296
v 0.02148 0.03161 0.07435
v 0.01887 0.03874 0.07798
v 0.02564 0.03119 0.08030
v 0.02291 0.03840 0.08357
v 0.02973 0.03105 0.08645
v 0.02692 0.03829 0.08939
v 0.03403 0.03123 0.09262
v 0.03116 0.03839 0.09525
v 0.03894 0.03167 0.09868
v 0.03601 0.03859 0.10099
v 0.04480 0.03229 0.10457
v 0.04169 0.03894 0.10655
v 0.05147 0.03316 0.11020
v 0.04814 0.03971 0.11190
v 0.05877 0.03424 0.11621
v 0.05520 0.04089 0.11773
v 0.06593 0.03517 0.12352
v 0.06213 0.04198 0.12488
v 0.07234 0.03592 0.13214
v 0.06831 0.04281 0.13333
v 0.07777 0.03660 0.14160
v 0.07360 0.04352 0.14260
v 0.08215 0.03728 0.15165
v 0.07792 0.04419 0.15236
v 0.08536 0.03794 0.16219
v 0.08115 0.04482 0.16251
v 0.08728 0.03848 0.17315
v 0.08308 0.04531 0.17299
v 0.08776 0.03891 0.18431
v 0.08362 0.04567 0.18362
v 0.08680 0.03938 0.19538
v 0.08278 0.04603 0.19414
v 0.08430 0.04003 0.20607
v 0.08043 0.04653 0.20427
v 0.08014 0.04088 0.21610
v 0.07645 0.04722 0.21377
v 0.07412 0.04178 0.22525
v 0.07063 0.04802 0.22243
v 0.06617 0.04257 0.23328
v 0.06291 0.04886 0.23006
v 0.05653 0.04323 0.24011
v 0.05351 0.04978 0.23658
v 0.04538 0.04402 0.24585
v 0.04271 0.05092 0.24192
v 0.03284 0.04511 0.25032
v 0.03066 0.05218 0.24579
v 0.01940 0.04616 0.25301
v 0.01786 0.05317 0.24802
v 0.00577 0.04644 0.25396
v 0.00499 0.05344 0.24887
v -0.00745 0.04595 0.25382
v -0.00740 0.05307 0.24884
v -0.01976 0.04507 0.25268
v -0.01886 0.05230 0.24792
v -0.03099 0.04418 0.25047
v -0.02925 0.05141 0.24598
v -0.04124 0.04343 0.24714
v -0.03870 0.05059 0.24295
v -0.05067 0.04274 0.24257
v -0.04737 0.04988 0.23878
v -0.05935 0.04196 0.23660
v -0.05538 0.04915 0.23334
v -0.06733 0.04105 0.22925
v -0.06283 0.04827 0.22659
v -0.07449 0.03998 0.22075
v -0.06969 0.04718 0.21872
v -0.08069 0.03881 0.21155
v -0.07588 0.04589 0.21013
v -0.08581 0.03763 0.20223
v -0.08122 0.04450 0.20123
v -0.08992 0.03653 0.19308
v -0.08562 0.04313 0.19228
v -0.09319 0.03550 0.18399
v -0.08916 0.04187 0.18328
v -0.09582 0.03454 0.17470
v -0.09194 0.04074 0.17406
v -0.09793 0.03361 0.16502
v -0.09411 0.03969 0.16453
v -0.09955 0.03269 0.15508
v -0.09574 0.03871 0.15483
v -0.10072 0.03179 0.14519
v -0.09692 0.03778 0.14518
v -0.10150 0.03093 0.13562
v -0.09770 0.03690 0.13577
v -0.10185 0.03010 0.12645
v -0.09802 0.03605 0.12668
v -0.10170 0.02936 0.11747
v -0.09778 0.03531 0.11777
v -0.10115 0.02886 0.10849
v -0.09308 0.04074 0.11831
v -0.09333 0.04150 0.12714
v -0.08749 0.04580 0.11904
v -0.08771 0.04660 0.12773
v -0.08655 0.04523 0.11039
v -0.07997 0.04986 0.11141
v -0.08090 0.05055 0.11986
v -0.08472 0.04496 0.10191
v -0.07805 0.04940 0.10316
v -0.08219 0.04485 0.09387
v -0.07535 0.04916 0.09534
v -0.08841 0.04002 0.09262
v -0.09399 0.03459 0.09165
v -0.08571 0.03996 0.08494
v -0.07919 0.04472 0.08643
v -0.07219 0.04892 0.08811
v -0.06476 0.05268 0.08986
v -0.06794 0.05307 0.09691
v -0.06127 0.05208 0.08354
v -0.05352 0.05528 0.08541
v -0.05690 0.05604 0.09159
v -0.04993 0.05413 0.08007
v -0.04222 0.05680 0.08193
v -0.04561 0.05805 0.08721
v -0.03867 0.05504 0.07746
v -0.03131 0.05733 0.07924
v -0.03467 0.05917 0.08370
v -0.02780 0.05479 0.07546
v -0.02090 0.05664 0.07726
v -0.02432 0.05932 0.08108
v -0.01745 0.05319 0.07363
v -0.01111 0.05445 0.07558
v -0.01446 0.05822 0.07928
v -0.01403 0.04903 0.06980
v -0.00760 0.04981 0.07169
v -0.01086 0.04462 0.06533
v -0.00440 0.04533 0.06712
v 0.00158 0.04563 0.06964
v -0.00169 0.05015 0.07415
v 0.00694 0.04565 0.07294
v 0.00350 0.05035 0.07724
v 0.01163 0.04545 0.07699
v 0.00804 0.05045 0.08107
v 0.01584 0.04516 0.08174
v 0.01207 0.05035 0.08565
v 0.01978 0.04499 0.08704
v 0.01588 0.05031 0.09079
v 0.02355 0.04491 0.09263
v 0.01950 0.05021 0.09625
v 0.02762 0.04480 0.09830
v 0.02333 0.04988 0.10183
v 0.03229 0.04466 0.10388
v 0.02774 0.04974 0.10727
v 0.03776 0.04488 0.10911
v 0.03301 0.05026 0.11222
v 0.04404 0.04577 0.11411
v 0.03913 0.05155 0.11679
v 0.05090 0.04711 0.11962
v 0.04577 0.05305 0.12195
v 0.05759 0.04827 0.12650
v 0.05220 0.05414 0.12850
v 0.06356 0.04909 0.13470
v 0.05801 0.05483 0.13634
v 0.06873 0.04975 0.14374
v 0.06311 0.05537 0.14509
v 0.07303 0.05034 0.15324
v 0.06745 0.05587 0.15433
v 0.07632 0.05089 0.16302
v 0.07086 0.05628 0.16379
v 0.07832 0.05128 0.17307
v 0.07299 0.05652 0.17346
v 0.07898 0.05153 0.18322
v 0.07383 0.05659 0.18321
v 0.07832 0.05174 0.19324
v 0.07341 0.05658 0.19278
v 0.07618 0.05202 0.20283
v 0.07160 0.05660 0.20188
v 0.07242 0.05249 0.21178
v 0.06823 0.05680 0.21028
v 0.06686 0.05319 0.21989
v 0.06309 0.05730 0.21782
v 0.05936 0.05413 0.22701
v 0.05594 0.05816 0.22440
v 0.05012 0.05534 0.23301
v 0.04695 0.05946 0.22990
v 0.03954 0.05681 0.23775
v 0.03656 0.06105 0.23405
v 0.02792 0.05817 0.24099
v 0.02525 0.06247 0.23665
v 0.01581 0.05900 0.24278
v 0.01368 0.06327 0.23800
v 0.00381 0.05915 0.24357
v 0.00242 0.06342 0.23861
v -0.00761 0.05879 0.24366
v -0.00813 0.06308 0.23873
v -0.01811 0.05805 0.24298
v -0.01772 0.06237 0.23824
v -0.02758 0.05715 0.24136
v -0.02622 0.06148 0.23699
v -0.03611 0.05631 0.23870
v -0.03369 0.06069 0.23476
v -0.04389 0.05565 0.23493
v -0.04040 0.06015 0.23141
v -0.05111 0.05505 0.22997
v -0.04670 0.05976 0.22688
v -0.05792 0.05432 0.22379
v -0.05280 0.05926 0.22117
v -0.06439 0.05331 0.21653
v -0.05879 0.05847 0.21440
v -0.07048 0.05205 0.20850
v -0.06464 0.05734 0.20684
v -0.07596 0.05057 0.20003
v -0.07013 0.05593 0.19875
v -0.08063 0.04906 0.19136
v -0.07495 0.05441 0.19035
v -0.08438 0.04764 0.18252
v -0.07886 0.05293 0.18170
v -0.08729 0.04638 0.17345
v -0.08183 0.05160 0.17284
v -0.08949 0.04524 0.16415
v -0.08403 0.05041 0.16379
v -0.09112 0.04421 0.15471
v -0.08563 0.04936 0.15464
v -0.09228 0.04327 0.14532
v -0.08676 0.04840 0.14553
v -0.09304 0.04237 0.13612
v -0.08746 0.04748 0.13655
v -0.08092 0.05230 0.13698
v -0.08028 0.05324 0.14570
v -0.08114 0.05138 0.12837
v -0.07360 0.05584 0.12897
v -0.07340 0.05680 0.13732
v -0.07335 0.05495 0.12069
v -0.06493 0.05894 0.12146
v -0.06517 0.05990 0.12947
v -0.07247 0.05416 0.11248
v -0.06413 0.05807 0.11353
v -0.07062 0.05351 0.10450
v -0.06247 0.05727 0.10583
v -0.05996 0.05662 0.09847
v -0.05153 0.05974 0.09995
v -0.05375 0.06058 0.10707
v -0.04875 0.05897 0.09327
v -0.04061 0.06149 0.09483
v -0.04299 0.06242 0.10130
v -0.03780 0.06048 0.08892
v -0.03037 0.06263 0.09056
v -0.03278 0.06368 0.09629
v -0.02752 0.06127 0.08547
v -0.02093 0.06301 0.08738
v -0.02351 0.06437 0.09224
v -0.01785 0.06101 0.08311
v -0.01203 0.06234 0.08541
v -0.01506 0.06434 0.08942
v -0.00858 0.05946 0.08166
v -0.00336 0.06041 0.08450
v -0.00697 0.06339 0.08805
v -0.00519 0.05534 0.07798
v 0.00010 0.05597 0.08094
v 0.00473 0.05644 0.08458
v 0.00112 0.06118 0.08798
v 0.00872 0.05666 0.08901
v 0.00494 0.06184 0.09221
v 0.01222 0.05671 0.09409
v 0.00823 0.06243 0.09715
v 0.01555 0.05663 0.09952
v 0.01117 0.06288 0.10254
v 0.01893 0.05620 0.10512
v 0.01405 0.06302 0.10811
v 0.02285 0.05581 0.11061
v 0.01740 0.06294 0.11359
v 0.02768 0.05628 0.11546
v 0.02161 0.06319 0.11860
v 0.03341 0.05759 0.11985
v 0.02666 0.06386 0.12322
v 0.03966 0.05886 0.12477
v 0.03232 0.06441 0.12811
v 0.04582 0.05961 0.13093
v 0.03816 0.06464 0.13389
v 0.05151 0.06006 0.13834
v 0.04378 0.06479 0.14079
v 0.05661 0.06044 0.14671
v 0.04896 0.06503 0.14869
v 0.06109 0.06082 0.15565
v 0.05363 0.06528 0.15729
v 0.06469 0.06109 0.16484
v 0.05747 0.06541 0.16624
v 0.06703 0.06115 0.17420
v 0.06015 0.06534 0.17535
v 0.06814 0.06100 0.18363
v 0.06161 0.06499 0.18455
v 0.06804 0.06072 0.19284
v 0.06191 0.06444 0.19349
v 0.06668 0.06044 0.20150
v 0.06113 0.06381 0.20175
v 0.06390 0.06032 0.20932
v 0.05936 0.06058 0.21615
v 0.05266 0.06141 0.22195
v 0.04391 0.06281 0.22673
v 0.04107 0.06580 0.22309
v 0.03365 0.06449 0.23020
v 0.03084 0.06755 0.22580
v 0.02257 0.06587 0.23220
v 0.01990 0.06881 0.22732
v 0.01143 0.06660 0.23324
v 0.00904 0.06944 0.22818
v 0.00076 0.06671 0.23377
v -0.00125 0.06946 0.22877
v -0.00910 0.06634 0.23397
v -0.01066 0.06894 0.22916
v -0.01791 0.06557 0.23375
v -0.01894 0.06798 0.22934
v -0.02097 0.06979 0.22473
v -0.01287 0.07103 0.22412
v -0.00366 0.07177 0.22346
v -0.01571 0.07272 0.21868
v -0.00647 0.07370 0.21773
v -0.02389 0.07114 0.21966
v -0.03096 0.06907 0.22078
v -0.02747 0.07209 0.21399
v -0.01904 0.07398 0.21274
v -0.03492 0.06964 0.21535
v -0.03693 0.06655 0.22225
v -0.04149 0.06673 0.21694
v -0.03934 0.06982 0.20913
v -0.03147 0.07259 0.20767
v -0.04641 0.06655 0.21069
v -0.04738 0.06332 0.21887
v -0.05284 0.06280 0.21244
v -0.05152 0.06598 0.20367
v -0.04403 0.06957 0.20219
v -0.05835 0.06192 0.20521
v -0.06371 0.06071 0.19742
v -0.05659 0.06504 0.19607
v -0.06854 0.05930 0.18926
v -0.06126 0.06382 0.18808
v -0.07250 0.05785 0.18082
v -0.06515 0.06246 0.17982
v -0.07549 0.05649 0.17217
v -0.06809 0.06111 0.17138
v -0.07766 0.05529 0.16338
v -0.07023 0.05988 0.16285
v -0.07921 0.05423 0.15452
v -0.07174 0.05879 0.15428
v -0.07278 0.05778 0.14576
v -0.06428 0.06191 0.14567
v -0.06322 0.06296 0.15388
v -0.06494 0.06090 0.13753
v -0.05567 0.06450 0.13756
v -0.05492 0.06553 0.14539
v -0.05600 0.06346 0.12980
v -0.04639 0.06644 0.12995
v -0.04589 0.06749 0.13738
v -0.05587 0.06244 0.12211
v -0.04643 0.06538 0.12259
v -0.05518 0.06148 0.11448
v -0.04595 0.06435 0.11530
v -0.04482 0.06337 0.10817
v -0.03605 0.06569 0.10915
v -0.03680 0.06673 0.11597
v -0.03470 0.06467 0.10254
v -0.02690 0.06647 0.10365
v -0.02772 0.06755 0.10996
v -0.02550 0.06543 0.09768
v -0.01892 0.06673 0.09883
v -0.01973 0.06775 0.10440
v -0.01740 0.06569 0.09384
v -0.01321 0.06851 0.10456
v -0.01278 0.06954 0.11020
v -0.01996 0.06883 0.11038
v -0.00726 0.06868 0.10391
v -0.00610 0.06969 0.10930
v -0.00174 0.06801 0.10234
v 0.00016 0.06904 0.10763
v 0.00345 0.06607 0.10000
v 0.00596 0.06697 0.10532
v 0.00061 0.06515 0.09523
v -0.00278 0.06428 0.09125
v 0.00840 0.06765 0.11086
v 0.00207 0.06996 0.11319
v 0.01116 0.06803 0.11637
v 0.00422 0.07063 0.11881
v 0.01459 0.06841 0.12166
v 0.00689 0.07115 0.12436
v 0.01877 0.06880 0.12669
v 0.01018 0.07163 0.12980
v 0.02366 0.06901 0.13177
v 0.01412 0.07202 0.13528
v 0.02900 0.06899 0.13739
v 0.01861 0.07224 0.14109
v 0.03442 0.06901 0.14387
v 0.02339 0.07245 0.14749
v 0.03959 0.06917 0.15129
v 0.02818 0.07272 0.15460
v 0.04435 0.06937 0.15949
v 0.03280 0.07296 0.16243
v 0.04847 0.06945 0.16816
v 0.03707 0.07307 0.17074
v 0.05161 0.06929 0.17704
v 0.04058 0.07291 0.17930
v 0.05353 0.06881 0.18601
v 0.04300 0.07239 0.18796
v 0.05436 0.06802 0.19471
v 0.04449 0.07146 0.19639
v 0.05434 0.06701 0.20269
v 0.04546 0.07014 0.20419
v 0.03655 0.07085 0.21280
v 0.03473 0.07276 0.20595
v 0.03285 0.07420 0.19828
v 0.02323 0.07457 0.20761
v 0.02071 0.07603 0.20012
v 0.03063 0.07519 0.19013
v 0.01794 0.07693 0.19221
v 0.00883 0.07692 0.20176
v 0.00577 0.07767 0.19408
v 0.01480 0.07727 0.18410
v 0.02775 0.07565 0.18179
v 0.00253 0.07784 0.18617
v -0.00574 0.07756 0.19584
v -0.00907 0.07759 0.18810
v -0.00086 0.07759 0.17825
v 0.01125 0.07720 0.17606
v -0.01239 0.07717 0.18027
v -0.02008 0.07659 0.18994
v -0.02349 0.07602 0.18214
v -0.01557 0.07647 0.17252
v -0.00426 0.07709 0.17052
v -0.02660 0.07514 0.17433
v -0.03409 0.07410 0.18386
v -0.03728 0.07311 0.17596
v -0.02929 0.07410 0.16661
v -0.01847 0.07560 0.16495
v -0.03991 0.07194 0.16807
v -0.04740 0.07027 0.17740
v -0.05012 0.06903 0.16934
v -0.04202 0.07076 0.16024
v -0.03154 0.07303 0.15900
v -0.05220 0.06777 0.16129
v -0.05960 0.06535 0.17044
v -0.06170 0.06410 0.16215
v -0.05377 0.06660 0.15329
v -0.04370 0.06962 0.15251
v -0.04498 0.06853 0.14489
v -0.03485 0.07088 0.14418
v -0.03338 0.07196 0.15152
v -0.03596 0.06984 0.13699
v -0.02617 0.07158 0.13641
v -0.02480 0.07260 0.14328
v -0.03668 0.06881 0.12990
v -0.02718 0.07060 0.12967
v -0.03698 0.06777 0.12290
v -0.02781 0.06962 0.12302
v -0.02800 0.06860 0.11644
v -0.01970 0.06989 0.11653
v -0.01906 0.07087 0.12276
v -0.01197 0.07057 0.11606
v -0.01084 0.07152 0.12200
v -0.00475 0.07066 0.11496
v -0.00314 0.07148 0.12070
v -0.00112 0.07219 0.12647
v -0.00937 0.07239 0.12803
v 0.00137 0.07287 0.13227
v -0.00752 0.07323 0.13414
v 0.00438 0.07356 0.13819
v -0.00526 0.07409 0.14042
v 0.00787 0.07419 0.14438
v -0.00260 0.07495 0.14695
v 0.01172 0.07475 0.15096
v 0.00043 0.07573 0.15376
v 0.01579 0.07523 0.15802
v 0.00382 0.07639 0.16085
v 0.01998 0.07557 0.16557
v 0.00749 0.07690 0.16827
v 0.02410 0.07573 0.17355
v -0.00748 0.07640 0.16307
v -0.01036 0.07558 0.15587
v -0.02097 0.07464 0.15756
v -0.02307 0.07364 0.15033
v -0.01284 0.07467 0.14888
v -0.01495 0.07371 0.14209
v -0.01669 0.07274 0.13551
v -0.01806 0.07181 0.12909
v -0.05675 0.06666 0.17868
v -0.05306 0.06789 0.18680
v -0.04398 0.07137 0.18541
v -0.04000 0.07219 0.19323
v -0.04871 0.06890 0.19469
v -0.03044 0.07478 0.19165
v -0.02656 0.07501 0.19917
v -0.03573 0.07262 0.20071
v -0.01654 0.07668 0.19754
v -0.01302 0.07624 0.20477
v -0.02270 0.07475 0.20623
v -0.00247 0.07695 0.20329
v 0.00069 0.07573 0.21028
v -0.00963 0.07523 0.21151
v 0.01173 0.07553 0.20902
v 0.01452 0.07365 0.21573
v 0.00368 0.07400 0.21676
v 0.02568 0.07263 0.21449
v 0.02819 0.07027 0.22059
v 0.01723 0.07140 0.22184
v 0.03860 0.06850 0.21855
v 0.00646 0.07189 0.22272
v -0.04206 0.06351 0.22427
v -0.10024 0.02862 0.09958
v -0.09883 0.02854 0.09096
v -0.02923 -0.04285 0.04315
v -0.02983 -0.04369 0.03366
v -0.03865 -0.03691 0.03032
v -0.03804 -0.03610 0.03980
v -0.03804 0.03610 0.03980
v -0.04520 0.02843 0.03691
v -0.04567 0.02911 0.02742
v -0.03865 0.03688 0.03032
v -0.01949 -0.04813 0.04655
v -0.00943 -0.05204 0.04973
v -0.00986 -0.05266 0.04054
v -0.02002 -0.04888 0.03720
v 0.00074 0.05467 0.05273
v -0.00944 0.05204 0.04973
v -0.00992 0.05263 0.04053
v 0.00024 0.05532 0.04368
v 0.01118 -0.05588 0.05561
v 0.01073 -0.05665 0.04683
v 0.00031 -0.05533 0.04368
v 0.00075 -0.05467 0.05273
v 0.02142 0.05478 0.05816
v 0.01116 0.05588 0.05561
v 0.01065 0.05664 0.04683
v 0.02086 0.05537 0.04957
v 0.03084 -0.05074 0.06016
v 0.03021 -0.05125 0.05166
v 0.02094 -0.05535 0.04957
v 0.02144 -0.05478 0.05816
v 0.03903 0.04384 0.06159
v 0.03082 0.05074 0.06016
v 0.03015 0.05128 0.05166
v 0.03822 0.04426 0.05316
v 0.04992 -0.02347 0.06289
v 0.05228 -0.01189 0.06299
v 0.05112 -0.01202 0.05443
v 0.04887 -0.02372 0.05441
v 0.04559 0.03442 0.06251
v 0.04464 0.03480 0.05412
v 0.04887 0.02373 0.05441
v 0.04992 0.02347 0.06290
v 0.04559 -0.03441 0.06251
v 0.04465 -0.03477 0.05412
v 0.03826 -0.04423 0.05315
v 0.03905 -0.04383 0.06159
v 0.05228 0.01189 0.06299
v 0.05112 0.01202 0.05443
v 0.05188 0.00000 0.05438
v 0.05305 0.00000 0.06283
v -0.05597 -0.00000 0.03152
v -0.05466 -0.01012 0.03258
v -0.05468 -0.01033 0.02336
v -0.05589 0.00000 0.02269
v -0.02924 0.04284 0.04315
v -0.02985 0.04366 0.03365
v -0.02006 0.04884 0.03719
v -0.01950 0.04812 0.04655
v -0.05108 -0.01955 0.03434
v -0.04520 -0.02843 0.03691
v -0.04566 -0.02911 0.02742
v -0.05127 -0.02014 0.02495
v -0.05466 0.01012 0.03258
v -0.05468 0.01033 0.02336
v -0.05127 0.02013 0.02495
v -0.05108 0.01955 0.03434
v -0.03759 -0.03506 0.05881
v -0.02871 -0.04165 0.06225
v -0.02886 -0.04218 0.05257
v -0.03767 -0.03548 0.04915
v -0.05173 -0.01944 0.05311
v -0.04522 -0.02774 0.05576
v -0.04502 -0.02792 0.04620
v -0.05112 -0.01931 0.04358
v -0.05827 0.00000 0.05026
v -0.05628 -0.01023 0.05124
v -0.05502 -0.01004 0.04178
v -0.05659 -0.00000 0.04078
v -0.05173 0.01944 0.05311
v -0.05628 0.01023 0.05124
v -0.05502 0.01004 0.04178
v -0.05112 0.01931 0.04358
v -0.03759 0.03506 0.05881
v -0.04522 0.02774 0.05576
v -0.04502 0.02792 0.04620
v -0.03767 0.03548 0.04915
v -0.01921 0.04691 0.06564
v -0.02871 0.04165 0.06225
v -0.02886 0.04218 0.05257
v -0.01923 0.04747 0.05597
v 0.00123 0.05376 0.07201
v -0.00917 0.05092 0.06897
v -0.00921 0.05141 0.05915
v 0.00108 0.05415 0.06212
v 0.02268 0.05429 0.07695
v 0.01195 0.05521 0.07469
v 0.01163 0.05540 0.06482
v 0.02210 0.05446 0.06715
v 0.04124 0.04346 0.07992
v 0.03266 0.05029 0.07873
v 0.03171 0.05040 0.06904
v 0.04009 0.04353 0.07038
v 0.05273 0.02332 0.08127
v 0.04806 0.03413 0.08071
v 0.04678 0.03419 0.07125
v 0.05124 0.02336 0.07172
v 0.05608 0.00000 0.08150
v 0.05530 0.01179 0.08156
v 0.05370 0.01181 0.07193
v 0.05448 0.00000 0.07186
v 0.05273 -0.02332 0.08127
v 0.05530 -0.01179 0.08156
v 0.05370 -0.01181 0.07193
v 0.05124 -0.02336 0.07172
v 0.04124 -0.04346 0.07992
v 0.04806 -0.03413 0.08071
v 0.04678 -0.03418 0.07125
v 0.04010 -0.04353 0.07038
v 0.02268 -0.05429 0.07695
v 0.03266 -0.05029 0.07873
v 0.03172 -0.05040 0.06904
v 0.02210 -0.05446 0.06715
v 0.00123 -0.05376 0.07201
v 0.01195 -0.05521 0.07469
v 0.01163 -0.05540 0.06482
v 0.00108 -0.05415 0.06212
v -0.01921 -0.04691 0.06564
v -0.00917 -0.05092 0.06897
v -0.00921 -0.05141 0.05915
v -0.01923 -0.04747 0.05597
v -0.03890 -0.03288 0.07991
v -0.03937 -0.02844 0.08890
v -0.03027 -0.03397 0.09297
v -0.02954 -0.03873 0.08350
v -0.02014 0.04418 0.08714
v -0.02132 0.03933 0.09741
v -0.03027 0.03397 0.09297
v -0.02954 0.03873 0.08350
v -0.02132 -0.03933 0.09741
v -0.01202 -0.04504 0.10173
v -0.01043 -0.04926 0.09072
v -0.02014 -0.04418 0.08714
v -0.00213 0.05092 0.10596
v -0.01202 0.04504 0.10173
v -0.01043 0.04926 0.09072
v -0.00028 0.05338 0.09410
v -0.00213 -0.05092 0.10596
v 0.00960 -0.05565 0.10992
v 0.01107 -0.05588 0.09710
v -0.00028 -0.05338 0.09410
v 0.02197 0.05709 0.11295
v 0.00960 0.05565 0.10992
v 0.01107 0.05588 0.09710
v 0.02263 0.05562 0.09960
v 0.02263 -0.05562 0.09960
v 0.02197 -0.05709 0.11295
v 0.03378 -0.05395 0.11521
v 0.03364 -0.05190 0.10155
v 0.04340 0.04483 0.10278
v 0.04462 0.04661 0.11618
v 0.03378 0.05395 0.11521
v 0.03364 0.05190 0.10155
v -0.05528 -0.01596 0.08294
v -0.04787 -0.02247 0.08566
v -0.04729 -0.02652 0.07667
v -0.05475 -0.01927 0.07372
v -0.03937 0.02844 0.08890
v -0.04787 0.02247 0.08566
v -0.04729 0.02652 0.07667
v -0.03890 0.03288 0.07991
v -0.06373 -0.00000 0.08040
v -0.06082 -0.00838 0.08138
v -0.06074 -0.01060 0.07147
v -0.06379 -0.00000 0.06991
v -0.05528 0.01596 0.08294
v -0.06082 0.00838 0.08138
v -0.06074 0.01060 0.07147
v -0.05475 0.01927 0.07372
v 0.05650 -0.02385 0.10362
v 0.05927 -0.02444 0.11558
v 0.06266 -0.01227 0.11502
v 0.05953 -0.01204 0.10358
v 0.06055 0.00000 0.10350
v 0.06382 0.00000 0.11488
v 0.06266 0.01227 0.11502
v 0.05953 0.01204 0.10358
v 0.04340 -0.04483 0.10278
v 0.04462 -0.04661 0.11618
v 0.05332 -0.03614 0.11599
v 0.05118 -0.03506 0.10335
v 0.05650 0.02385 0.10362
v 0.05927 0.02444 0.11558
v 0.05332 0.03614 0.11599
v 0.05118 0.03506 0.10335
v -0.01950 -0.04618 0.07586
v -0.02898 -0.04091 0.07250
v -0.03810 -0.03459 0.06912
v -0.04611 -0.02768 0.06596
v -0.05317 -0.01977 0.06312
v -0.05857 -0.01062 0.06101
v -0.06109 0.00000 0.05983
v -0.05857 0.01062 0.06101
v -0.05317 0.01977 0.06312
v -0.04611 0.02768 0.06596
v -0.03810 0.03459 0.06912
v -0.02898 0.04091 0.07250
v -0.01950 0.04618 0.07586
v -0.00959 0.05048 0.07936
v 0.00086 0.05372 0.08260
v 0.01185 0.05536 0.08538
v 0.02293 0.05468 0.08771
v 0.03340 0.05079 0.08947
v 0.04243 0.04384 0.09060
v 0.04953 0.03438 0.09132
v 0.05447 0.02345 0.09182
v 0.05719 0.01186 0.09205
v 0.05801 -0.00000 0.09196
v 0.05719 -0.01186 0.09205
v 0.05447 -0.02345 0.09182
v 0.04953 -0.03438 0.09132
v 0.04243 -0.04384 0.09060
v 0.03340 -0.05079 0.08947
v 0.02293 -0.05468 0.08771
v 0.01185 -0.05536 0.08538
v 0.00086 -0.05372 0.08260
v -0.00959 -0.05048 0.07936
v -0.03050 -0.04484 0.02364
v -0.03927 -0.03814 0.02009
v -0.02068 -0.04991 0.02743
v -0.01042 -0.05351 0.03105
v -0.00014 -0.05619 0.03462
v 0.01044 -0.05756 0.03816
v 0.02070 -0.05625 0.04107
v 0.03001 -0.05203 0.04323
v 0.03795 -0.04477 0.04470
v 0.04415 -0.03517 0.04556
v 0.04817 -0.02402 0.04580
v 0.05035 -0.01219 0.04574
v 0.05110 0.00000 0.04562
v 0.05035 0.01220 0.04574
v 0.04816 0.02405 0.04580
v 0.04411 0.03524 0.04557
v 0.03785 0.04485 0.04472
v 0.02984 0.05211 0.04324
v 0.02048 0.05631 0.04108
v 0.01020 0.05757 0.03816
v -0.00037 0.05614 0.03461
v -0.01063 0.05342 0.03104
v -0.02085 0.04978 0.02740
v -0.03061 0.04471 0.02361
v -0.03932 0.03804 0.02007
v -0.04633 0.03003 0.01713
v -0.05183 0.02083 0.01482
v -0.05517 0.01063 0.01327
v -0.05634 -0.00000 0.01270
v -0.05517 -0.01063 0.01327
v -0.05183 -0.02083 0.01482
v -0.04632 -0.03007 0.01714
v -0.03115 -0.04644 0.01325
v -0.03995 -0.03971 0.00932
v -0.02129 -0.05148 0.01743
v -0.01082 -0.05488 0.02149
v -0.00030 -0.05740 0.02548
v 0.01045 -0.05875 0.02936
v 0.02089 -0.05757 0.03263
v 0.03029 -0.05324 0.03492
v 0.03821 -0.04567 0.03636
v 0.04422 -0.03568 0.03696
v 0.04801 -0.02434 0.03707
v 0.05013 -0.01240 0.03696
v 0.05086 0.00000 0.03679
v 0.05013 0.01241 0.03696
v 0.04798 0.02441 0.03708
v 0.04412 0.03583 0.03698
v 0.03798 0.04586 0.03640
v 0.02993 0.05343 0.03495
v 0.02043 0.05770 0.03265
v 0.00995 0.05878 0.02937
v -0.00079 0.05732 0.02547
v -0.01127 0.05470 0.02146
v -0.02166 0.05122 0.01738
v -0.03140 0.04617 0.01320
v -0.04008 0.03948 0.00928
v -0.04727 0.03124 0.00605
v -0.05293 0.02181 0.00369
v -0.05653 0.01120 0.00219
v -0.05788 -0.00000 0.00176
v -0.05653 -0.01120 0.00219
v -0.05292 -0.02185 0.00370
v -0.04722 -0.03137 0.00608
v -0.03148 -0.04847 0.00244
v -0.04042 -0.04181 -0.00240
v -0.02148 -0.05354 0.00734
v -0.01070 -0.05673 0.01195
v 0.00022 -0.05882 0.01629
v 0.01109 -0.06005 0.02038
v 0.02165 -0.05912 0.02397
v 0.03115 -0.05493 0.02638
v 0.03928 -0.04704 0.02780
v 0.04520 -0.03632 0.02818
v 0.04878 -0.02459 0.02800
v 0.05074 -0.01253 0.02778
v 0.05143 0.00000 0.02751
v 0.05074 0.01260 0.02779
v 0.04872 0.02478 0.02803
v 0.04499 0.03665 0.02824
v 0.03883 0.04745 0.02788
v 0.03047 0.05531 0.02645
v 0.02080 0.05939 0.02401
v 0.01017 0.06015 0.02040
v -0.00068 0.05873 0.01627
v -0.01151 0.05645 0.01190
v -0.02217 0.05312 0.00727
v -0.03200 0.04796 0.00235
v -0.04073 0.04134 -0.00248
v -0.04828 0.03274 -0.00650
v -0.05436 0.02311 -0.00907
v -0.05852 0.01203 -0.01080
v -0.06017 0.00000 -0.01153
v -0.05852 -0.01206 -0.01079
v -0.05433 -0.02328 -0.00904
v -0.04814 -0.03312 -0.00644
v -0.03124 -0.05111 -0.00820
v -0.04063 -0.04436 -0.01363
v -0.02096 -0.05613 -0.00270
v -0.00972 -0.05925 0.00235
v 0.00185 -0.06102 0.00684
v 0.01299 -0.06215 0.01112
v 0.02367 -0.06147 0.01519
v 0.03340 -0.05740 0.01798
v 0.04197 -0.04870 0.01951
v 0.04777 -0.03708 0.01949
v 0.05111 -0.02483 0.01901
v 0.05266 -0.01256 0.01866
v 0.05330 0.00003 0.01797
v 0.05265 0.01278 0.01870
v 0.05098 0.02525 0.01908
v 0.04736 0.03772 0.01961
v 0.04112 0.04949 0.01965
v 0.03226 0.05807 0.01810
v 0.02239 0.06193 0.01527
v 0.01175 0.06235 0.01115
v 0.00072 0.06097 0.00683
v -0.01077 0.05896 0.00230
v -0.02187 0.05564 -0.00279
v -0.03196 0.05048 -0.00831
v -0.04108 0.04374 -0.01374
v -0.04917 0.03487 -0.01843
v -0.05566 0.02478 -0.02163
v -0.06022 0.01295 -0.02422
v -0.06198 -0.00000 -0.02550
v -0.06023 -0.01305 -0.02420
v -0.05561 -0.02510 -0.02157
v -0.04893 -0.03541 -0.01833
v -0.04017 -0.04586 -0.02263
v -0.03025 -0.05295 -0.01689
v -0.01991 -0.05781 -0.01100
v -0.01851 -0.05574 -0.01414
v -0.00776 -0.05878 -0.00899
v -0.00845 -0.06099 -0.00546
v 0.00350 -0.06030 -0.00451
v 0.00351 -0.06256 -0.00058
v 0.01269 0.06150 0.00015
v 0.01318 0.06384 0.00441
v 0.00216 0.06256 -0.00058
v 0.00236 0.06031 -0.00451
v -0.00883 0.05855 -0.00903
v -0.00969 0.06071 -0.00551
v -0.02100 0.05728 -0.01109
v -0.03110 0.05227 -0.01701
v -0.04073 0.04515 -0.02276
v -0.04903 0.03632 -0.02738
v -0.05580 0.02579 -0.03146
v -0.06042 0.01354 -0.03426
v -0.06205 -0.00000 -0.03575
v -0.06042 -0.01367 -0.03424
v -0.05572 -0.02620 -0.03139
v -0.04874 -0.03695 -0.02727
v 0.03400 -0.05613 0.12661
v 0.04594 -0.04793 0.12701
v 0.04594 0.04793 0.12701
v 0.03400 0.05613 0.12661
v 0.02142 -0.05799 0.12387
v 0.02142 0.05799 0.12387
v 0.00901 -0.05307 0.11953
v 0.00901 0.05307 0.11953
v -0.00256 -0.04543 0.11420
v -0.00256 0.04543 0.11420
v -0.01245 -0.03887 0.10861
v -0.01245 0.03887 0.10861
v -0.03870 -0.02369 0.09460
v -0.03022 -0.02859 0.09899
v -0.03022 0.02859 0.09899
v -0.03870 0.02369 0.09460
v -0.02167 -0.03324 0.10357
v -0.02167 0.03324 0.10357
v -0.05776 -0.00641 0.08730
v -0.05332 -0.01250 0.08864
v -0.05332 0.01250 0.08864
v -0.05776 0.00641 0.08730
v -0.04713 -0.01775 0.09122
v -0.04713 0.01775 0.09122
v -0.05963 -0.00000 0.08684
v 0.05554 -0.03694 0.12618
v 0.06255 -0.02507 0.12461
v 0.06255 0.02507 0.12461
v 0.05554 0.03694 0.12618
v 0.06613 -0.01243 0.12391
v 0.06697 -0.00000 0.12356
v 0.06613 0.01243 0.12391
v -0.02886 -0.02360 -0.02324
v -0.03223 -0.01705 -0.02502
v -0.04071 -0.03326 -0.02772
v -0.02891 0.02344 -0.02327
v -0.02614 0.02931 -0.02171
v -0.03405 0.04011 -0.02411
v -0.03457 -0.00945 -0.02628
v -0.03544 0.00000 -0.02693
v -0.03457 0.00942 -0.02628
v -0.03224 0.01697 -0.02503
v -0.00655 -0.03456 -0.01293
v -0.01340 -0.03309 -0.01590
v -0.01693 -0.05061 -0.01505
v -0.00741 -0.05331 -0.01071
v -0.00690 0.03444 -0.01295
v 0.00004 0.03530 -0.01025
v 0.00174 0.05470 -0.00695
v -0.00814 0.05315 -0.01073
v -0.01981 -0.03113 -0.01892
v -0.02600 -0.02954 -0.02167
v -0.03371 -0.04053 -0.02403
v -0.02545 -0.04655 -0.01964
v -0.02001 0.03091 -0.01896
v -0.01369 0.03288 -0.01593
v -0.01756 0.05030 -0.01510
v -0.02596 0.04615 -0.01971
v 0.00706 -0.03579 -0.00760
v 0.00044 -0.03531 -0.01025
v 0.00252 -0.05470 -0.00695
v 0.01175 -0.05562 -0.00311
v 0.00661 0.03589 -0.00758
v 0.01308 0.03594 -0.00516
v 0.01983 0.05590 0.00039
v 0.01091 0.05578 -0.00308
v 0.01965 -0.03444 -0.00298
v 0.01355 -0.03572 -0.00520
v 0.02074 -0.05555 0.00033
v 0.01926 0.03473 -0.00293
v 0.02803 0.05280 0.00381
v 0.02761 -0.01676 -0.00256
v 0.02652 -0.02446 -0.00206
v -0.02187 -0.00824 -0.02172
v -0.02257 0.00000 -0.02220
v -0.02186 0.00822 -0.02173
v -0.02082 0.01511 -0.02105
v -0.01986 -0.02200 -0.02000
v -0.02082 -0.01521 -0.02104
v -0.01993 0.02184 -0.02003
v -0.01311 0.02187 -0.01740
v -0.01322 0.01452 -0.01836
v -0.01360 0.00772 -0.01894
v -0.01403 0.00000 -0.01913
v -0.01363 -0.00777 -0.01893
v -0.01322 -0.01462 -0.01835
v -0.01303 -0.02200 -0.01738
v -0.00674 0.02182 -0.01496
v -0.00694 0.01440 -0.01602
v -0.00714 0.00738 -0.01672
v -0.00760 0.00006 -0.01689
v -0.00719 -0.00742 -0.01671
v -0.00693 -0.01446 -0.01600
v -0.00661 -0.02192 -0.01494
v -0.00079 0.02200 -0.01265
v -0.00127 0.01402 -0.01395
v -0.00175 0.00730 -0.01472
v -0.00226 0.00029 -0.01512
v -0.00180 -0.00731 -0.01471
v -0.00124 -0.01404 -0.01395
v -0.00063 -0.02202 -0.01265
v 0.00493 0.02218 -0.01044
v 0.00413 0.01396 -0.01190
v 0.00359 0.00772 -0.01265
v 0.00310 0.00002 -0.01313
v 0.00357 -0.00770 -0.01265
v 0.00416 -0.01390 -0.01191
v 0.00511 -0.02210 -0.01045
v 0.01067 0.02233 -0.00823
v 0.00973 0.01499 -0.00968
v 0.00897 0.00782 -0.01055
v 0.00974 -0.01493 -0.00969
v 0.01086 -0.02216 -0.00826
v 0.01738 0.02320 -0.00569
v 0.01682 0.01544 -0.00691
v 0.01684 -0.01534 -0.00693
v 0.01750 -0.02303 -0.00572
v 0.02555 -0.03414 0.12997
v 0.03258 -0.03297 0.13094
v 0.04038 -0.04166 0.13234
v 0.02949 -0.04760 0.13182
v 0.03258 0.03297 0.13094
v 0.02555 0.03414 0.12997
v 0.02949 0.04760 0.13182
v 0.04038 0.04166 0.13234
v 0.01744 -0.03389 0.12778
v 0.01880 -0.04799 0.12924
v 0.01744 0.03389 0.12778
v 0.01880 0.04799 0.12924
v 0.00911 -0.03110 0.12458
v 0.00846 -0.04286 0.12487
v 0.00911 0.03110 0.12458
v 0.00846 0.04286 0.12487
v 0.00111 -0.02718 0.12077
v -0.00125 -0.03606 0.11960
v 0.00111 0.02718 0.12077
v -0.00125 0.03606 0.11960
v -0.00633 -0.02359 0.11674
v -0.00991 -0.03072 0.11433
v -0.00633 0.02359 0.11674
v -0.00991 0.03072 0.11433
v -0.02575 -0.01641 0.10579
v -0.02006 -0.01808 0.10912
v -0.02536 -0.02296 0.10553
v -0.03274 -0.01899 0.10141
v -0.02006 0.01808 0.10912
v -0.02575 0.01641 0.10579
v -0.03274 0.01899 0.10141
v -0.02536 0.02296 0.10553
v -0.01341 -0.02049 0.11283
v -0.01794 -0.02634 0.10965
v -0.01341 0.02049 0.11283
v -0.01794 0.02634 0.10965
v -0.03093 -0.00465 0.10389
v -0.02938 -0.00902 0.10448
v -0.04219 -0.00915 0.09802
v -0.04485 -0.00461 0.09724
v -0.02938 0.00902 0.10448
v -0.03093 0.00465 0.10389
v -0.04485 0.00461 0.09724
v -0.04219 0.00915 0.09802
v -0.02743 -0.01291 0.10527
v -0.03856 -0.01336 0.09941
v -0.02743 0.01291 0.10527
v -0.03856 0.01336 0.09941
v -0.03153 0.00000 0.10369
v -0.04572 -0.00000 0.09698
v 0.03551 -0.02595 0.13044
v 0.03900 -0.01770 0.12968
v 0.05382 -0.02182 0.13052
v 0.04798 -0.03199 0.13178
v 0.03900 0.01770 0.12968
v 0.03551 0.02595 0.13044
v 0.04798 0.03199 0.13178
v 0.05382 0.02182 0.13052
v 0.04109 -0.00891 0.12929
v 0.04168 0.00000 0.12909
v 0.05740 -0.00000 0.12969
v 0.05679 -0.01088 0.13001
v 0.04109 0.00891 0.12929
v 0.05679 0.01088 0.13001
v 0.03066 -0.00795 0.12787
v 0.03122 0.00000 0.12776
v 0.03066 0.00795 0.12787
v 0.02919 0.01603 0.12825
v 0.02707 -0.02431 0.12887
v 0.02919 -0.01603 0.12825
v 0.02707 0.02431 0.12887
v -0.01876 0.01375 0.10994
v -0.01868 0.00937 0.10996
v -0.01884 0.00477 0.10983
v -0.01890 0.00000 0.10978
v -0.01884 -0.00477 0.10983
v -0.01868 -0.00937 0.10996
v -0.01876 -0.01375 0.10994
v -0.01109 0.01517 0.11395
v -0.00987 0.01012 0.11431
v -0.00924 0.00507 0.11441
v -0.00901 -0.00000 0.11444
v -0.00924 -0.00507 0.11441
v -0.00987 -0.01012 0.11431
v -0.01109 -0.01517 0.11395
v -0.00358 0.01710 0.11765
v -0.00182 0.01122 0.11799
v -0.00077 0.00556 0.11812
v -0.00033 0.00000 0.11818
v -0.00077 -0.00556 0.11812
v -0.00182 -0.01122 0.11799
v -0.00358 -0.01710 0.11765
v 0.00383 0.01929 0.12107
v 0.00573 0.01247 0.12117
v 0.00693 0.00613 0.12118
v 0.00740 0.00000 0.12120
v 0.00693 -0.00613 0.12118
v 0.00573 -0.01247 0.12117
v 0.00383 -0.01929 0.12107
v 0.01140 0.02148 0.12419
v 0.01324 0.01375 0.12397
v 0.01443 0.00672 0.12382
v 0.01489 0.00000 0.12378
v 0.01443 -0.00672 0.12382
v 0.01324 -0.01375 0.12397
v 0.01140 -0.02148 0.12419
v 0.01922 0.02324 0.12686
v 0.02101 0.01493 0.12636
v 0.02225 0.00731 0.12608
v 0.02271 0.00000 0.12599
v 0.02225 -0.00731 0.12608
v 0.02101 -0.01493 0.12636
v 0.01922 -0.02324 0.12686
v 0.05349 -0.03536 0.13050
v 0.04440 -0.04609 0.13132
v 0.03237 -0.05367 0.13100
v 0.02017 -0.05481 0.12817
v 0.00840 -0.04916 0.12348
v -0.00249 -0.04127 0.11790
v -0.01195 -0.03509 0.11219
v -0.02071 -0.02996 0.10716
v -0.02878 -0.02593 0.10273
v -0.03681 -0.02145 0.09831
v -0.04427 -0.01550 0.09544
v -0.04927 -0.01082 0.09342
v -0.05288 -0.00552 0.09234
v -0.05415 0.00000 0.09203
v -0.05288 0.00552 0.09234
v -0.04927 0.01082 0.09342
v -0.04427 0.01550 0.09544
v -0.03681 0.02145 0.09831
v -0.02878 0.02593 0.10273
v -0.02071 0.02996 0.10716
v -0.01195 0.03509 0.11219
v -0.00249 0.04127 0.11790
v 0.00840 0.04916 0.12348
v 0.02017 0.05481 0.12817
v 0.03237 0.05367 0.13100
v 0.04440 0.04609 0.13132
v 0.05349 0.03536 0.13050
v 0.06032 0.02406 0.12886
v 0.06371 0.01191 0.12822
v 0.06440 -0.00000 0.12783
v 0.06371 -0.01191 0.12822
v 0.06032 -0.02406 0.12886
v 0.04265 0.02768 0.02786
v 0.03112 0.02704 0.03116
v 0.03011 0.03912 0.02944
v 0.04199 0.03970 0.02613
v 0.01988 0.02677 0.02981
v 0.00877 0.02669 0.02626
v 0.00741 0.03874 0.02467
v 0.01865 0.03876 0.02821
v -0.00239 0.02742 0.02120
v -0.00368 0.03962 0.01951
v 0.00654 0.05229 0.02231
v 0.01795 0.05219 0.02578
v -0.00460 0.05287 0.01735
v 0.04160 0.05241 0.02353
v 0.04171 0.06552 0.02070
v 0.02951 0.06524 0.02416
v 0.02967 0.05233 0.02676
v 0.01743 0.06510 0.02354
v -0.01382 0.02889 0.01480
v -0.01482 0.04092 0.01326
v -0.02555 0.03060 0.00728
v -0.02621 0.04224 0.00605
v -0.02684 0.05428 0.00466
v -0.01567 0.05365 0.01144
v -0.06171 0.04237 -0.02164
v -0.06263 0.03154 -0.02182
v -0.01681 0.06551 0.01034
v -0.00563 0.06527 0.01587
v -0.04972 0.04289 -0.01159
v -0.03780 0.04311 -0.00227
v -0.03819 0.05403 -0.00291
v -0.04959 0.05393 -0.01187
v -0.05014 0.03199 -0.01131
v -0.03762 0.03180 -0.00146
v 0.05472 0.00851 0.01899
v 0.04327 0.01723 0.02863
v 0.04367 0.00821 0.02894
v 0.03224 0.01672 0.03196
v 0.03303 0.00794 0.03240
v 0.02250 0.00780 0.03112
v 0.02137 0.01648 0.03061
v 0.01024 0.01662 0.02717
v 0.01131 0.00786 0.02778
v -0.00050 0.00818 0.02289
v -0.00101 0.01680 0.02227
v -0.01186 0.00875 0.01655
v -0.01270 0.01823 0.01587
v -0.02473 0.01965 0.00823
v -0.02386 0.00972 0.00896
v -0.06352 0.02081 -0.02192
v -0.06418 0.01037 -0.02203
v -0.03732 0.02089 -0.00074
v -0.03676 0.01033 -0.00008
v -0.05065 0.01038 -0.01061
v -0.05054 0.02109 -0.01093
v 0.05476 0.00006 0.01908
v 0.04379 0.00002 0.02902
v 0.03331 -0.00001 0.03253
v 0.02291 0.00001 0.03131
v 0.01171 0.00001 0.02800
v -0.00021 0.00002 0.02312
v -0.01144 0.00009 0.01683
v -0.02337 0.00000 0.00930
v -0.03645 0.00000 0.00026
v -0.05066 0.00000 -0.01043
v -0.06442 -0.00000 -0.02208
v 0.04278 -0.02736 0.02780
v 0.03121 -0.02688 0.03113
v 0.03040 -0.03884 0.02939
v 0.04240 -0.03915 0.02604
v 0.01996 -0.02668 0.02979
v 0.00887 -0.02664 0.02625
v 0.00773 -0.03868 0.02466
v 0.01893 -0.03860 0.02818
v -0.00226 -0.02746 0.02121
v -0.00337 -0.03968 0.01952
v 0.00715 -0.05223 0.02230
v 0.01856 -0.05197 0.02574
v -0.00398 -0.05297 0.01737
v 0.04274 -0.05138 0.02335
v 0.04400 -0.06395 0.02042
v 0.03119 -0.06444 0.02402
v 0.03039 -0.05188 0.02668
v 0.01887 -0.06471 0.02347
v -0.01370 -0.02902 0.01482
v -0.01451 -0.04110 0.01329
v -0.02545 -0.03078 0.00731
v -0.02589 -0.04255 0.00610
v -0.02610 -0.05478 0.00475
v -0.01501 -0.05394 0.01149
v -0.06120 -0.04349 -0.02144
v -0.06247 -0.03217 -0.02171
v -0.01523 -0.06605 0.01043
v -0.00418 -0.06547 0.01590
v -0.04930 -0.04364 -0.01146
v -0.03747 -0.04355 -0.00219
v -0.03726 -0.05492 -0.00275
v -0.04867 -0.05507 -0.01167
v -0.05003 -0.03233 -0.01125
v -0.03752 -0.03201 -0.00142
v 0.05470 -0.00823 0.01894
v 0.04330 -0.01706 0.02860
v 0.04366 -0.00813 0.02893
v 0.03225 -0.01664 0.03195
v 0.03303 -0.00792 0.03239
v 0.02249 -0.00778 0.03112
v 0.02138 -0.01643 0.03060
v 0.01025 -0.01660 0.02717
v 0.01131 -0.00786 0.02778
v -0.00051 -0.00818 0.02289
v -0.00099 -0.01682 0.02228
v -0.01187 -0.00878 0.01655
v -0.01268 -0.01831 0.01588
v -0.02471 -0.01975 0.00825
v -0.02387 -0.00973 0.00897
v -0.06350 -0.02105 -0.02188
v -0.06418 -0.01040 -0.02202
v -0.03731 -0.02095 -0.00073
v -0.03676 -0.01033 -0.00008
v -0.05065 -0.01039 -0.01061
v -0.05053 -0.02118 -0.01092
vt 0.00000 0.00000
vt 0.00000 0.00000
vt 0.00000 0.00000
vt 0.00000 0.00000
vt 0.00000 0.00000
vt 0.00000 0.00000
vt 0.00000 0.00000
vt 0.00000 0.00000
vt 0.00000 0.00000
vt 0.00000 0.00000
vt 0.00000 0.00000
vt 0.00000 0.00000
vt 0.00000 0.00000
vt 0.00000 0.00000
vt 0.00000 0.00000
vt 0.00000 0.00000
vt 0.00000 0.00000
vt 0.00000 0.00000
vt 0.00000 0.00000
vt 0.00000 0.00000
vt 0.00000 0.00000
vt 0.00000 0.00000
vt 0.00000 0.00000
vt 0.00000 0.00000
vt 0.00000 0.00000
vt 0.00000 0.00000
vt 0.00000 0.00000
vt 0.00000 0.00000
vt 0.00000 0.00000
vt 0.00000 0.00000
vt 0.00000 0.00000
vt 0.00000 0.00000
vt 0.00000 0.00000
vt 0.00000 0.00000
vt 0.00000 0.00000
vt 0.00000 0.00000
vt 0.00000 0.00000
vt 0.00000 0.00000
vt 0.00000 0.00000
vt 0.00000 0.00000
vt 0.00000 0.00000
vt 0.00000 0.00000
vt 0.00000 0.00000
vt 0.00000 0.00000
vt 0.00000 0.00000
vt 0.00000 0.00000
vt 0.00000 0.00000
vt 0.00000 0.00000
vt 0.00000 0.00000
vt 0.00000 0.00000
vt 0.00000 0.00000
vt 0.00000 0.00000
vt 0.00000 0.00000
vt 0.00000 0.00000
vt 0.00000 0.00000
vt 0.00000 0.00000
vt 0.00000 0.00000
vt 0.00000 0.00000
vt 0.00000 0.00000
vt 0.00000 0.00000
vt 0.00000 0.00000
vt 0.00000 0.00000
vt 0.00000 0.00000
vt 0.00000 0.00000
vt 0.00000 0.00000
vt 0.00000 0.00000
vt 0.00000 0.00000
vt 0.00000 0.00000
vt 0.00000 0.00000
vt 0.00000 0.00000
vt 0.00000 0.00000
vt 0.00000 0.00000
vt 0.00000 0.00000
vt 0.00000 0.00000
vt 0.00000 0.00000
vt 0.00000 0.00000
vt 0.00000 0.00000
vt 0.00000 0.00000
vt 0.00000 0.00000
vt 0.00000 0.00000
vt 0.00000 0.00000
vt 0.00000 0.00000
vt 0.00000 0.00000
vt 0.00000 0.00000
vt 0.00000 0.00000
vt 0.00000 0.00000
vt 0.00000 0.00000
vt 0.00000 0.00000
vt 0.00000 0.00000
vt 0.00000 0.00000
vt 0.00000 0.00000
vt 0.00000 0.00000
vt 0.00000 0.00000
vt 0.00000 0.00000
vt 0.00000 0.00000
vt 0.00000 0.00000
vt 0.00000 0.00000
vt 0.00000 0.00000
vt 0.00000 0.00000
vt 0.00000 0.00000
vt 0.00000 0.00000
vt 0.00000 0.00000
vt 0.00000 0.00000
vt 0.00000 0.00000
vt 0.00000 0.00000
vt 0.00000 0.00000
vt 0.00000 0.00000
vt 0.00000 0.00000
vt 0.00000 0.00000
vt 0.00000 0.00000
vt 0.00000 0.00000
vt 0.00000 0.00000
vt 0.00000 0.00000
vt 0.00000 0.00000
vt 0.00000 0.00000
vt 0.00000 0.00000
vt 0.00000 0.00000
vt 0.00000 0.00000
vt 0.00000 0.00000
vt 0.00000 0.00000
vt 0.00000 0.00000
vt 0.00000 0.00000
vt 0.00000 0.00000
vt 0.00000 0.00000
vt 0.00000 0.00000
vt 0.00000 0.00000
vt 0.00000 0.00000
vt 0.00000 0.00000
vt 0.00000 0.00000
vt 0.00000 0.00000
vt 0.00000 0.00000
vt 0.00000 0.00000
vt 0.00000 0.00000
vt 0.00000 0.00000
vt 0.00000 0.00000
vt 0.00000 0.00000
vt 0.00000 0.00000
vt 0.00000 0.00000
vt 0.00000 0.00000
vt 0.00000 0.00000
vt 0.00000 0.00000
vt 0.00000 0.00000
vt 0.00000 0.00000
vt 0.00000 0.00000
vt 0.00000 0.00000
vt 0.00000 0.00000
vt 0.00000 0.00000
vt 0.00000 0.00000
vt 0.00000 0.00000
vt 0.00000 0.00000
vt 0.00000 0.00000
vt 0.00000 0.00000
vt 0.00000 0.00000
vt 0.00000 0.00000
vt 0.00000 0.00000
vt 0.00000 0.00000
vt 0.00000 0.00000
vt 0.00000 0.00000
vt 0.00000 0.00000
vt 0.00000 0.00000
vt 0.00000 0.00000
vt 0.00000 0.00000
vt 0.00000 0.00000
vt 0.00000 0.00000
vt 0.00000 0.00000
vt 0.00000 0.00000
vt 0.00000 0.00000
vt 0.00000 0.00000
vt 0.00000 0.00000
vt 0.00000 0.00000
vt 0.00000 0.00000
vt 0.00000 0.00000
vt 0.00000 0.00000
vt 0.00000 0.00000
vt 0.00000 0.00000
vt 0.00000 0.00000
vt 0.00000 0.00000
vt 0.00000 0.00000
vt 0.00000 0.00000
vt 0.00000 0.00000
vt 0.00000 0.00000
vt 0.00000 0.00000
vt 0.00000 0.00000
vt 0.00000 0.00000
vt 0.00000 0.00000
vt 0.00000 0.00000
vt 0.00000 0.00000
vt 0.00000 0.00000
vt 0.00000 0.00000
vt 0.00000 0.00000
vt 0.00000 0.00000
vt 0.00000 0.00000
vt 0.00000 0.00000
vt 0.00000 0.00000
vt 0.00000 0.00000
vt 0.00000 0.00000
vt 0.00000 0.00000
vt 0.00000 0.00000
vt 0.00000 0.00000
vt 0.00000 0.00000
vt 0.00000 0.00000
vt 0.00000 0.00000
vt 0.00000 0.00000
vt 0.00000 0.00000
vt 0.00000 0.00000
vt 0.00000 0.00000
vt 0.00000 0.00000
vt 0.00000 0.00000
vt 0.00000 0.00000
vt 0.00000 0.00000
vt 0.00000 0.00000
vt 0.00000 0.00000
vt 0.00000 0.00000
vt 0.00000 0.00000
vt 0.00000 0.00000
vt 0.00000 0.00000
vt 0.00000 0.00000
vt 0.00000 0.00000
vt 0.00000 0.00000
vt 0.00000 0.00000
vt 0.00000 0.00000
vt 0.00000 0.00000
vt 0.00000 0.00000
vt 0.00000 0.00000
vt 0.00000 0.00000
vt 0.00000 0.00000
vt 0.00000 0.00000
vt 0.00000 0.00000
vt 0.00000 0.00000
vt 0.00000 0.00000
vt 0.00000 0.00000
vt 0.00000 0.00000
vt 0.00000 0.00000
vt 0.00000 0.00000
vt 0.00000 0.00000
vt 0.00000 0.00000
vt 0.00000 0.00000
vt 0.00000 0.00000
vt 0.00000 0.00000
vt 0.00000 0.00000
vt 0.00000 0.00000
vt 0.00000 0.00000
vt 0.00000 0.00000
vt 0.00000 0.00000
vt 0.00000 0.00000
vt 0.00000 0.00000
vt 0.00000 0.00000
vt 0.00000 0.00000
vt 0.00000 0.00000
vt 0.00000 0.00000
vt 0.00000 0.00000
vt 0.00000 0.00000
vt 0.00000 0.00000
vt 0.00000 0.00000
vt 0.00000 0.00000
vt 0.00000 0.00000
vt 0.00000 0.00000
vt 0.00000 0.00000
vt 0.00000 0.00000
vt 0.00000 0.00000
vt 0.00000 0.00000
vt 0.00000 0.00000
vt 0.00000 0.00000
vt 0.00000 0.00000
vt 0.00000 0.00000
vt 0.00000 0.00000
vt 0.00000 0.00000
vt 0.00000 0.00000
vt 0.00000 0.00000
vt 0.00000 0.00000
vt 0.00000 0.00000
vt 0.00000 0.00000
vt 0.00000 0.00000
vt 0.00000 0.00000
vt 0.00000 0.00000
vt 0.00000 0.00000
vt 0.00000 0.00000
vt 0.00000 0.00000
vt 0.00000 0.00000
vt 0.00000 0.00000
vt 0.00000 0.00000
vt 0.00000 0.00000
vt 0.00000 0.00000
vt 0.00000 0.00000
vt 0.00000 0.00000
vt 0.00000 0.00000
vt 0.00000 0.00000
vt 0.00000 0.00000
vt 0.00000 0.00000
vt 0.00000 0.00000
vt 0.00000 0.00000
vt 0.00000 0.00000
vt 0.00000 0.00000
vt 0.00000 0.00000
vt 0.00000 0.00000
vt 0.00000 0.00000
vt 0.00000 0.00000
vt 0.00000 0.00000
vt 0.00000 0.00000
vt 0.00000 0.00000
vt 0.00000 0.00000
vt 0.00000 0.00000
vt 0.00000 0.00000
vt 0.00000 0.00000
vt 0.00000 0.00000
vt 0.00000 0.00000
vt 0.00000 0.00000
vt 0.00000 0.00000
vt 0.00000 0.00000
vt 0.00000 0.00000
vt 0.00000 0.00000
vt 0.00000 0.00000
vt 0.00000 0.00000
vt 0.00000 0.00000
vt 0.00000 0.00000
vt 0.00000 0.00000
vt 0.00000 0.00000
vt 0.00000 0.00000
vt 0.00000 0.00000
vt 0.00000 0.00000
vt 0.00000 0.00000
vt 0.00000 0.00000
vt 0.00000 0.00000
vt 0.00000 0.00000
vt 0.00000 0.00000
vt 0.00000 0.00000
vt 0.00000 0.00000
vt 0.00000 0.00000
vt 0.00000 0.00000
vt 0.00000 0.00000
vt 0.00000 0.00000
vt 0.00000 0.00000
vt 0.00000 0.00000
vt 0.00000 0.00000
vt 0.00000 0.00000
vt 0.00000 0.00000
vt 0.00000 0.00000
vt 0.00000 0.00000
vt 0.00000 0.00000
vt 0.00000 0.00000
vt 0.00000 0.00000
vt 0.00000 0.00000
vt 0.00000 0.00000
vt 0.00000 0.00000
vt 0.00000 0.00000
vt 0.00000 0.00000
vt 0.00000 0.00000
vt 0.00000 0.00000
vt 0.00000 0.00000
vt 0.00000 0.00000
vt 0.00000 0.00000
vt 0.00000 0.00000
vt 0.00000 0.00000
vt 0.00000 0.00000
vt 0.00000 0.00000
vt 0.00000 0.00000
vt 0.00000 0.00000
vt 0.00000 0.00000
vt 0.00000 0.00000
vt 0.00000 0.00000
vt 0.00000 0.00000
vt 0.00000 0.00000
vt 0.00000 0.00000
vt 0.00000 0.00000
vt 0.00000 0.00000
vt 0.00000 0.00000
vt 0.00000 0.00000
vt 0.00000 0.00000
vt 0.00000 0.00000
vt 0.00000 0.00000
vt 0.00000 0.00000
vt 0.00000 0.00000
vt 0.00000 0.00000
vt 0.00000 0.00000
vt 0.00000 0.00000
vt 0.00000 0.00000
vt 0.00000 0.00000
vt 0.00000 0.00000
vt 0.00000 0.00000
vt 0.00000 0.00000
vt 0.00000 0.00000
vt 0.00000 0.00000
vt 0.00000 0.00000
vt 0.00000 0.00000
vt 0.00000 0.00000
vt 0.00000 0.00000
vt 0.00000 0.00000
vt 0.00000 0.00000
vt 0.00000 0.00000
vt 0.00000 0.00000
vt 0.00000 0.00000
vt 0.00000 0.00000
vt 0.00000 0.00000
vt 0.00000 0.00000
vt 0.00000 0.00000
vt 0.00000 0.00000
vt 0.00000 0.00000
vt 0.00000 0.00000
vt 0.00000 0.00000
vt 0.00000 0.00000
vt 0.00000 0.00000
vt 0.00000 0.00000
vt 0.00000 0.00000
vt 0.00000 0.00000
vt 0.00000 0.00000
vt 0.00000 0.00000
vt 0.00000 0.00000
vt 0.00000 0.00000
vt 0.00000 0.00000
vt 0.00000 0.00000
vt 0.00000 0.00000
vt 0.00000 0.00000
vt 0.00000 0.00000
vt 0.00000 0.00000
vt 0.00000 0.00000
vt 0.00000 0.00000
vt 0.00000 0.00000
vt 0.00000 0.00000
vt 0.00000 0.00000
vt 0.00000 0.00000
vt 0.00000 0.00000
vt 0.00000 0.00000
vt 0.00000 0.00000
vt 0.00000 0.00000
vt 0.00000 0.00000
vt 0.00000 0.00000
vt 0.00000 0.00000
vt 0.00000 0.00000
vt 0.00000 0.00000
vt 0.00000 0.00000
vt 0.00000 0.00000
vt 0.00000 0.00000
vt 0.00000 0.00000
vt 0.00000 0.00000
vt 0.00000 0.00000
vt 0.00000 0.00000
vt 0.00000 0.00000
vt 0.00000 0.00000
vt 0.00000 0.00000
vt 0.00000 0.00000
vt 0.00000 0.00000
vt 0.00000 0.00000
vt 0.00000 0.00000
vt 0.00000 0.00000
vt 0.00000 0.00000
vt 0.00000 0.00000
vt 0.00000 0.00000
vt 0.00000 0.00000
vt 0.00000 0.00000
vt 0.00000 0.00000
vt 0.00000 0.00000
vt 0.00000 0.00000
vt 0.00000 0.00000
vt 0.00000 0.00000
vt 0.00000 0.00000
vt 0.00000 0.00000
vt 0.00000 0.00000
vt 0.00000 0.00000
vt 0.00000 0.00000
vt 0.00000 0.00000
vt 0.00000 0.00000
vt 0.00000 0.00000
vt 0.00000 0.00000
vt 0.00000 0.00000
vt 0.00000 0.00000
vt 0.00000 0.00000
vt 0.00000 0.00000
vt 0.00000 0.00000
vt 0.00000 0.00000
vt 0.00000 0.00000
vt 0.00000 0.00000
vt 0.00000 0.00000
vt 0.00000 0.00000
vt 0.00000 0.00000
vt 0.00000 0.00000
vt 0.00000 0.00000
vt 0.00000 0.00000
vt 0.00000 0.00000
vt 0.00000 0.00000
vt 0.00000 0.00000
vt 0.00000 0.00000
vt 0.00000 0.00000
vt 0.00000 0.00000
vt 0.00000 0.00000
vt 0.00000 0.00000
vt 0.00000 0.00000
vt 0.00000 0.00000
vt 0.00000 0.00000
vt 0.00000 0.00000
vt 0.00000 0.00000
vt 0.00000 0.00000
vt 0.00000 0.00000
vt 0.00000 0.00000
vt 0.00000 0.00000
vt 0.00000 0.00000
vt 0.00000 0.00000
vt 0.00000 0.00000
vt 0.00000 0.00000
vt 0.00000 0.00000
vt 0.00000 0.00000
vt 0.00000 0.00000
vt 0.00000 0.00000
vt 0.00000 0.00000
vt 0.00000 0.00000
vt 0.00000 0.00000
vt 0.00000 0.00000
vt 0.00000 0.00000
vt 0.00000 0.00000
vt 0.00000 0.00000
vt 0.00000 0.00000
vt 0.00000 0.00000
vt 0.00000 0.00000
vt 0.00000 0.00000
vt 0.00000 0.00000
vt 0.00000 0.00000
vt 0.00000 0.00000
vt 0.00000 0.00000
vt 0.00000 0.00000
vt 0.00000 0.00000
vt 0.00000 0.00000
vt 0.00000 0.00000
vt 0.00000 0.00000
vt 0.00000 0.00000
vt 0.00000 0.00000
vt 0.00000 0.00000
vt 0.00000 0.00000
vt 0.00000 0.00000
vt 0.00000 0.00000
vt 0.00000 0.00000
vt 0.00000 0.00000
vt 0.00000 0.00000
vt 0.00000 0.00000
vt 0.00000 0.00000
vt 0.00000 0.00000
vt 0.00000 0.00000
vt 0.00000 0.00000
vt 0.00000 0.00000
vt 0.00000 0.00000
vt 0.00000 0.00000
vt 0.00000 0.00000
vt 0.00000 0.00000
vt 0.00000 0.00000
vt 0.00000 0.00000
vt 0.00000 0.00000
vt 0.00000 0.00000
vt 0.00000 0.00000
vt 0.00000 0.00000
vt 0.00000 0.00000
vt 0.00000 0.00000
vt 0.00000 0.00000
vt 0.00000 0.00000
vt 0.00000 0.00000
vt 0.00000 0.00000
vt 0.00000 0.00000
vt 0.00000 0.00000
vt 0.00000 0.00000
vt 0.00000 0.00000
vt 0.00000 0.00000
vt 0.00000 0.00000
vt 0.00000 0.00000
vt 0.00000 0.00000
vt 0.00000 0.00000
vt 0.00000 0.00000
vt 0.00000 0.00000
vt 0.00000 0.00000
vt 0.00000 0.00000
vt 0.00000 0.00000
vt 0.00000 0.00000
vt 0.00000 0.00000
vt 0.00000 0.00000
vt 0.00000 0.00000
vt 0.00000 0.00000
vt 0.00000 0.00000
vt 0.00000 0.00000
vt 0.00000 0.00000
vt 0.00000 0.00000
vt 0.00000 0.00000
vt 0.00000 0.00000
vt 0.00000 0.00000
vt 0.00000 0.00000
vt 0.00000 0.00000
vt 0.00000 0.00000
vt 0.00000 0.00000
vt 0.00000 0.00000
vt 0.00000 0.00000
vt 0.00000 0.00000
vt 0.00000 0.00000
vt 0.00000 0.00000
vt 0.00000 0.00000
vt 0.00000 0.00000
vt 0.00000 0.00000
vt 0.00000 0.00000
vt 0.00000 0.00000
vt 0.00000 0.00000
vt 0.00000 0.00000
vt 0.00000 0.00000
vt 0.00000 0.00000
vt 0.00000 0.00000
vt 0.00000 0.00000
vt 0.00000 0.00000
vt 0.00000 0.00000
vt 0.00000 0.00000
vt 0.00000 0.00000
vt 0.00000 0.00000
vt 0.00000 0.00000
vt 0.00000 0.00000
vt 0.00000 0.00000
vt 0.00000 0.00000
vt 0.00000 0.00000
vt 0.00000 0.00000
vt 0.00000 0.00000
vt 0.00000 0.00000
vt 0.00000 0.00000
vt 0.00000 0.00000
vt 0.00000 0.00000
vt 0.00000 0.00000
vt 0.00000 0.00000
vt 0.00000 0.00000
vt 0.00000 0.00000
vt 0.00000 0.00000
vt 0.00000 0.00000
vt 0.00000 0.00000
vt 0.00000 0.00000
vt 0.00000 0.00000
vt 0.00000 0.00000
vt 0.00000 0.00000
vt 0.00000 0.00000
vt 0.00000 0.00000
vt 0.00000 0.00000
vt 0.00000 0.00000
vt 0.00000 0.00000
vt 0.00000 0.00000
vt 0.00000 0.00000
vt 0.00000 0.00000
vt 0.00000 0.00000
vt 0.00000 0.00000
vt 0.00000 0.00000
vt 0.00000 0.00000
vt 0.00000 0.00000
vt 0.00000 0.00000
vt 0.00000 0.00000
vt 0.00000 0.00000
vt 0.00000 0.00000
vt 0.00000 0.00000
vt 0.00000 0.00000
vt 0.00000 0.00000
vt 0.00000 0.00000
vt 0.00000 0.00000
vt 0.00000 0.00000
vt 0.00000 0.00000
vt 0.00000 0.00000
vt 0.00000 0.00000
vt 0.00000 0.00000
vt 0.00000 0.00000
vt 0.00000 0.00000
vt 0.00000 0.00000
vt 0.00000 0.00000
vt 0.00000 0.00000
vt 0.00000 0.00000
vt 0.00000 0.00000
vt 0.00000 0.00000
vt 0.00000 0.00000
vt 0.00000 0.00000
vt 0.00000 0.00000
vt 0.00000 0.00000
vt 0.00000 0.00000
vt 0.00000 0.00000
vt 0.00000 0.00000
vt 0.00000 0.00000
vt 0.00000 0.00000
vt 0.00000 0.00000
vt 0.00000 0.00000
vt 0.00000 0.00000
vt 0.00000 0.00000
vt 0.00000 0.00000
vt 0.00000 0.00000
vt 0.00000 0.00000
vt 0.00000 0.00000
vt 0.00000 0.00000
vt 0.00000 0.00000
vt 0.00000 0.00000
vt 0.00000 0.00000
vt 0.00000 0.00000
vt 0.00000 0.00000
vt 0.00000 0.00000
vt 0.00000 0.00000
vt 0.00000 0.00000
vt 0.00000 0.00000
vt 0.00000 0.00000
vt 0.00000 0.00000
vt 0.00000 0.00000
vt 0.00000 0.00000
vt 0.00000 0.00000
vt 0.00000 0.00000
vt 0.00000 0.00000
vt 0.00000 0.00000
vt 0.00000 0.00000
vt 0.00000 0.00000
vt 0.00000 0.00000
vt 0.00000 0.00000
vt 0.00000 0.00000
vt 0.00000 0.00000
vt 0.00000 0.00000
vt 0.00000 0.00000
vt 0.00000 0.00000
vt 0.00000 0.00000
vt 0.00000 0.00000
vt 0.00000 0.00000
vt 0.00000 0.00000
vt 0.00000 0.00000
vt 0.00000 0.00000
vt 0.00000 0.00000
vt 0.00000 0.00000
vt 0.00000 0.00000
vt 0.00000 0.00000
vt 0.00000 0.00000
vt 0.00000 0.00000
vt 0.00000 0.00000
vt 0.00000 0.00000
vt 0.00000 0.00000
vt 0.00000 0.00000
vt 0.00000 0.00000
vt 0.00000 0.00000
vt 0.00000 0.00000
vt 0.00000 0.00000
vt 0.00000 0.00000
vt 0.00000 0.00000
vt 0.00000 0.00000
vt 0.00000 0.00000
vt 0.00000 0.00000
vt 0.00000 0.00000
vt 0.00000 0.00000
vt 0.00000 0.00000
vt 0.00000 0.00000
vt 0.00000 0.00000
vt 0.00000 0.00000
vt 0.00000 0.00000
vt 0.00000 0.00000
vt 0.00000 0.00000
vt 0.00000 0.00000
vt 0.00000 0.00000
vt 0.00000 0.00000
vt 0.00000 0.00000
vt 0.00000 0.00000
vt 0.00000 0.00000
vt 0.00000 0.00000
vt 0.00000 0.00000
vt 0.00000 0.00000
vt 0.00000 0.00000
vt 0.00000 0.00000
vt 0.00000 0.00000
vt 0.00000 0.00000
vt 0.00000 0.00000
vt 0.00000 0.00000
vt 0.00000 0.00000
vt 0.00000 0.00000
vt 0.00000 0.00000
vt 0.00000 0.00000
vt 0.00000 0.00000
vt 0.00000 0.00000
vt 0.00000 0.00000
vt 0.00000 0.00000
vt 0.00000 0.00000
vt 0.00000 0.00000
vt 0.00000 0.00000
vt 0.00000 0.00000
vt 0.00000 0.00000
vt 0.00000 0.00000
vt 0.00000 0.00000
vt 0.00000 0.00000
vt 0.00000 0.00000
vt 0.00000 0.00000
vt 0.00000 0.00000
vt 0.00000 0.00000
vt 0.00000 0.00000
vt 0.00000 0.00000
vt 0.00000 0.00000
vt 0.00000 0.00000
vt 0.00000 0.00000
vt 0.00000 0.00000
vt 0.00000 0.00000
vt 0.00000 0.00000
vt 0.00000 0.00000
vt 0.00000 0.00000
vt 0.00000 0.00000
vt 0.00000 0.00000
vt 0.00000 0.00000
vt 0.00000 0.00000
vt 0.00000 0.00000
vt 0.00000 0.00000
vt 0.00000 0.00000
vt 0.00000 0.00000
vt 0.00000 0.00000
vt 0.00000 0.00000
vt 0.00000 0.00000
vt 0.00000 0.00000
vt 0.00000 0.00000
vt 0.00000 0.00000
vt 0.00000 0.00000
vt 0.00000 0.00000
vt 0.00000 0.00000
vt 0.00000 0.00000
vt 0.00000 0.00000
vt 0.00000 0.00000
vt 0.00000 0.00000
vt 0.00000 0.00000
vt 0.00000 0.00000
vt 0.00000 0.00000
vt 0.00000 0.00000
vt 0.00000 0.00000
vt 0.00000 0.00000
vt 0.00000 0.00000
vt 0.00000 0.00000
vt 0.00000 0.00000
vt 0.00000 0.00000
vt 0.00000 0.00000
vt 0.00000 0.00000
vt 0.00000 0.00000
vt 0.00000 0.00000
vt 0.00000 0.00000
vt 0.00000 0.00000
vt 0.00000 0.00000
vt 0.00000 0.00000
vt 0.00000 0.00000
vt 0.00000 0.00000
vt 0.00000 0.00000
vt 0.00000 0.00000
vt 0.00000 0.00000
vt 0.00000 0.00000
vt 0.00000 0.00000
vt 0.00000 0.00000
vt 0.00000 0.00000
vt 0.00000 0.00000
vt 0.00000 0.00000
vt 0.00000 0.00000
vt 0.00000 0.00000
vt 0.00000 0.00000
vt 0.00000 0.00000
vt 0.00000 0.00000
vt 0.00000 0.00000
vt 0.00000 0.00000
vt 0.00000 0.00000
vt 0.00000 0.00000
vt 0.00000 0.00000
vt 0.00000 0.00000
vt 0.00000 0.00000
vt 0.00000 0.00000
vt 0.00000 0.00000
vt 0.00000 0.00000
vt 0.00000 0.00000
vt 0.00000 0.00000
vt 0.00000 0.00000
vt 0.00000 0.00000
vt 0.00000 0.00000
vt 0.00000 0.00000
vt 0.00000 0.00000
vt 0.00000 0.00000
vt 0.00000 0.00000
vt 0.00000 0.00000
vt 0.00000 0.00000
vt 0.00000 0.00000
vt 0.00000 0.00000
vt 0.00000 0.00000
vt 0.00000 0.00000
vt 0.00000 0.00000
vt 0.00000 0.00000
vt 0.00000 0.00000
vt 0.00000 0.00000
vt 0.00000 0.00000
vt 0.00000 0.00000
vt 0.00000 0.00000
vt 0.00000 0.00000
vt 0.00000 0.00000
vt 0.00000 0.00000
vt 0.00000 0.00000
vt 0.00000 0.00000
vt 0.00000 0.00000
vt 0.00000 0.00000
vt 0.00000 0.00000
vt 0.00000 0.00000
vt 0.00000 0.00000
vt 0.00000 0.00000
vt 0.00000 0.00000
vt 0.00000 0.00000
vt 0.00000 0.00000
vt 0.00000 0.00000
vt 0.00000 0.00000
vt 0.00000 0.00000
vt 0.00000 0.00000
vt 0.00000 0.00000
vt 0.00000 0.00000
vt 0.00000 0.00000
vt 0.00000 0.00000
vt 0.00000 0.00000
vt 0.00000 0.00000
vt 0.00000 0.00000
vt 0.00000 0.00000
vt 0.00000 0.00000
vt 0.00000 0.00000
vt 0.00000 0.00000
vt 0.00000 0.00000
vt 0.00000 0.00000
vt 0.00000 0.00000
vt 0.00000 0.00000
vt 0.00000 0.00000
vt 0.00000 0.00000
vt 0.00000 0.00000
vt 0.00000 0.00000
vt 0.00000 0.00000
vt 0.00000 0.00000
vt 0.00000 0.00000
vt 0.00000 0.00000
vt 0.00000 0.00000
vt 0.00000 0.00000
vt 0.00000 0.00000
vt 0.00000 0.00000
vt 0.00000 0.00000
vt 0.00000 0.00000
vt 0.00000 0.00000
vt 0.00000 0.00000
vt 0.00000 0.00000
vt 0.00000 0.00000
vt 0.00000 0.00000
vt 0.00000 0.00000
vt 0.00000 0.00000
vt 0.00000 0.00000
vt 0.00000 0.00000
vt 0.00000 0.00000
vt 0.00000 0.00000
vt 0.00000 0.00000
vt 0.00000 0.00000
vt 0.00000 0.00000
vt 0.00000 0.00000
vt 0.00000 0.00000
vt 0.00000 0.00000
vt 0.00000 0.00000
vt 0.00000 0.00000
vt 0.00000 0.00000
vt 0.00000 0.00000
vt 0.00000 0.00000
vt 0.00000 0.00000
vt 0.00000 0.00000
vt 0.00000 0.00000
vt 0.00000 0.00000
vt 0.00000 0.00000
vt 0.00000 0.00000
vt 0.00000 0.00000
vt 0.00000 0.00000
vt 0.00000 0.00000
vt 0.00000 0.00000
vt 0.00000 0.00000
vt 0.00000 0.00000
vt 0.00000 0.00000
vt 0.00000 0.00000
vt 0.00000 0.00000
vt 0.00000 0.00000
vt 0.00000 0.00000
vt 0.00000 0.00000
vt 0.00000 0.00000
vt 0.00000 0.00000
vt 0.00000 0.00000
vt 0.00000 0.00000
vt 0.00000 0.00000
vt 0.00000 0.00000
vt 0.00000 0.00000
vt 0.00000 0.00000
vt 0.00000 0.00000
vt 0.00000 0.00000
vt 0.00000 0.00000
vt 0.00000 0.00000
vt 0.00000 0.00000
vt 0.00000 0.00000
vt 0.00000 0.00000
vt 0.00000 0.00000
vt 0.00000 0.00000
vt 0.00000 0.00000
vt 0.00000 0.00000
vt 0.00000 0.00000
vt 0.00000 0.00000
vt 0.00000 0.00000
vt 0.00000 0.00000
vt 0.00000 0.00000
vt 0.00000 0.00000
vt 0.00000 0.00000
vt 0.00000 0.00000
vt 0.00000 0.00000
vt 0.00000 0.00000
vt 0.00000 0.00000
vt 0.00000 0.00000
vt 0.00000 0.00000
vt 0.00000 0.00000
vt 0.00000 0.00000
vt 0.00000 0.00000
vt 0.00000 0.00000
vt 0.00000 0.00000
vt 0.00000 0.00000
vt 0.00000 0.00000
vt 0.00000 0.00000
vt 0.00000 0.00000
vt 0.00000 0.00000
vt 0.00000 0.00000
vt 0.00000 0.00000
vt 0.00000 0.00000
vt 0.00000 0.00000
vt 0.00000 0.00000
vt 0.00000 0.00000
vt 0.00000 0.00000
vt 0.00000 0.00000
vt 0.00000 0.00000
vt 0.00000 0.00000
vt 0.00000 0.00000
vt 0.00000 0.00000
vt 0.00000 0.00000
vt 0.00000 0.00000
vt 0.00000 0.00000
vt 0.00000 0.00000
vt 0.00000 0.00000
vt 0.00000 0.00000
vt 0.00000 0.00000
vt 0.00000 0.00000
vt 0.00000 0.00000
vt 0.00000 0.00000
vt 0.00000 0.00000
vt 0.00000 0.00000
vt 0.00000 0.00000
vt 0.00000 0.00000
vt 0.00000 0.00000
vt 0.00000 0.00000
vt 0.00000 0.00000
vt 0.00000 0.00000
vt 0.00000 0.00000
vt 0.00000 0.00000
vt 0.00000 0.00000
vt 0.00000 0.00000
vt 0.00000 0.00000
vt 0.00000 0.00000
vt 0.00000 0.00000
vt 0.00000 0.00000
vt 0.00000 0.00000
vt 0.00000 0.00000
vt 0.00000 0.00000
vt 0.00000 0.00000
vt 0.00000 0.00000
vt 0.00000 0.00000
vt 0.00000 0.00000
vt 0.00000 0.00000
vt 0.00000 0.00000
vt 0.00000 0.00000
vt 0.00000 0.00000
vt 0.00000 0.00000
vt 0.00000 0.00000
vt 0.00000 0.00000
vt 0.00000 0.00000
vt 0.00000 0.00000
vt 0.00000 0.00000
vt 0.00000 0.00000
vt 0.00000 0.00000
vt 0.00000 0.00000
vt 0.00000 0.00000
vt 0.00000 0.00000
vt 0.00000 0.00000
vt 0.00000 0.00000
vt 0.00000 0.00000
vt 0.00000 0.00000
vt 0.00000 0.00000
vt 0.00000 0.00000
vt 0.00000 0.00000
vt 0.00000 0.00000
vt 0.00000 0.00000
vt 0.00000 0.00000
vt 0.00000 0.00000
vt 0.00000 0.00000
vt 0.00000 0.00000
vt 0.00000 0.00000
vt 0.00000 0.00000
vt 0.00000 0.00000
vt 0.00000 0.00000
vt 0.00000 0.00000
vt 0.00000 0.00000
vt 0.00000 0.00000
vt 0.00000 0.00000
vt 0.00000 0.00000
vt 0.00000 0.00000
vt 0.00000 0.00000
vt 0.00000 0.00000
vt 0.00000 0.00000
vt 0.00000 0.00000
vt 0.00000 0.00000
vt 0.00000 0.00000
vt 0.00000 0.00000
vt 0.00000 0.00000
vt 0.00000 0.00000
vt 0.00000 0.00000
vt 0.00000 0.00000
vt 0.00000 0.00000
vt 0.00000 0.00000
vt 0.00000 0.00000
vt 0.00000 0.00000
vt 0.00000 0.00000
vt 0.00000 0.00000
vt 0.00000 0.00000
vt 0.00000 0.00000
vt 0.00000 0.00000
vt 0.00000 0.00000
vt 0.00000 0.00000
vt 0.00000 0.00000
vt 0.00000 0.00000
vt 0.00000 0.00000
vt 0.00000 0.00000
vt 0.00000 0.00000
vt 0.00000 0.00000
vt 0.00000 0.00000
vt 0.00000 0.00000
vt 0.00000 0.00000
vt 0.00000 0.00000
vt 0.00000 0.00000
vt 0.00000 0.00000
vt 0.00000 0.00000
vt 0.00000 0.00000
vt 0.00000 0.00000
vt 0.00000 0.00000
vt 0.00000 0.00000
vt 0.00000 0.00000
vt 0.00000 0.00000
vt 0.00000 0.00000
vt 0.00000 0.00000
vt 0.00000 0.00000
vt 0.00000 0.00000
vt 0.00000 0.00000
vt 0.00000 0.00000
vt 0.00000 0.00000
vt 0.00000 0.00000
vt 0.00000 0.00000
vt 0.00000 0.00000
vt 0.00000 0.00000
vt 0.00000 0.00000
vt 0.00000 0.00000
vt 0.00000 0.00000
vt 0.00000 0.00000
vt 0.00000 0.00000
vt 0.00000 0.00000
vt 0.00000 0.00000
vt 0.00000 0.00000
vt 0.00000 0.00000
vt 0.00000 0.00000
vt 0.00000 0.00000
vt 0.00000 0.00000
vt 0.00000 0.00000
vt 0.00000 0.00000
vt 0.00000 0.00000
vt 0.00000 0.00000
vt 0.00000 0.00000
vt 0.00000 0.00000
vt 0.00000 0.00000
vt 0.00000 0.00000
vt 0.00000 0.00000
vt 0.00000 0.00000
vt 0.00000 0.00000
vt 0.00000 0.00000
vt 0.00000 0.00000
vt 0.00000 0.00000
vt 0.00000 0.00000
vt 0.00000 0.00000
vt 0.00000 0.00000
vt 0.00000 0.00000
vt 0.00000 0.00000
vt 0.00000 0.00000
vt 0.00000 0.00000
vt 0.00000 0.00000
vt 0.00000 0.00000
vt 0.00000 0.00000
vt 0.00000 0.00000
vt 0.00000 0.00000
vt 0.00000 0.00000
vt 0.00000 0.00000
vt 0.00000 0.00000
vt 0.00000 0.00000
vt 0.00000 0.00000
vt 0.00000 0.00000
vt 0.00000 0.00000
vt 0.00000 0.00000
vt 0.00000 0.00000
vt 0.00000 0.00000
vt 0.00000 0.00000
vt 0.00000 0.00000
vt 0.00000 0.00000
vt 0.00000 0.00000
vt 0.00000 0.00000
vt 0.00000 0.00000
vt 0.00000 0.00000
vt 0.00000 0.00000
vt 0.00000 0.00000
vt 0.00000 0.00000
vt 0.00000 0.00000
vt 0.00000 0.00000
vt 0.00000 0.00000
vt 0.00000 0.00000
vt 0.00000 0.00000
vt 0.00000 0.00000
vt 0.00000 0.00000
vt 0.00000 0.00000
vt 0.00000 0.00000
vt 0.00000 0.00000
vt 0.00000 0.00000
vt 0.00000 0.00000
vt 0.00000 0.00000
vt 0.00000 0.00000
vt 0.00000 0.00000
vt 0.00000 0.00000
vt 0.00000 0.00000
vt 0.00000 0.00000
vt 0.00000 0.00000
vt 0.00000 0.00000
vt 0.00000 0.00000
vt 0.00000 0.00000
vt 0.00000 0.00000
vt 0.00000 0.00000
vt 0.00000 0.00000
vt 0.00000 0.00000
vt 0.00000 0.00000
vt 0.00000 0.00000
vt 0.00000 0.00000
vt 0.00000 0.00000
vt 0.00000 0.00000
vt 0.00000 0.00000
vt 0.00000 0.00000
vt 0.00000 0.00000
vt 0.00000 0.00000
vt 0.00000 0.00000
vt 0.00000 0.00000
vt 0.00000 0.00000
vt 0.00000 0.00000
vt 0.00000 0.00000
vt 0.00000 0.00000
vt 0.00000 0.00000
vt 0.00000 0.00000
vt 0.00000 0.00000
vt 0.00000 0.00000
vt 0.00000 0.00000
vt 0.00000 0.00000
vt 0.00000 0.00000
vt 0.00000 0.00000
vt 0.00000 0.00000
vt 0.00000 0.00000
vt 0.00000 0.00000
vt 0.00000 0.00000
vt 0.00000 0.00000
vt 0.00000 0.00000
vt 0.00000 0.00000
vt 0.00000 0.00000
vt 0.00000 0.00000
vt 0.00000 0.00000
vt 0.00000 0.00000
vt 0.00000 0.00000
vt 0.00000 0.00000
vt 0.00000 0.00000
vt 0.00000 0.00000
vt 0.00000 0.00000
vt 0.00000 0.00000
vt 0.00000 0.00000
vt 0.00000 0.00000
vt 0.00000 0.00000
vt 0.00000 0.00000
vt 0.00000 0.00000
vt 0.00000 0.00000
vt 0.00000 0.00000
vt 0.00000 0.00000
vt 0.00000 0.00000
vt 0.00000 0.00000
vt 0.00000 0.00000
vt 0.00000 0.00000
vt 0.00000 0.00000
vt 0.00000 0.00000
vt 0.00000 0.00000
vt 0.00000 0.00000
vt 0.00000 0.00000
vt 0.00000 0.00000
vt 0.00000 0.00000
vt 0.00000 0.00000
vt 0.00000 0.00000
vt 0.00000 0.00000
vt 0.00000 0.00000
vt 0.00000 0.00000
vt 0.00000 0.00000
vt 0.00000 0.00000
vt 0.00000 0.00000
vt 0.00000 0.00000
vt 0.00000 0.00000
vt 0.00000 0.00000
vt 0.00000 0.00000
vt 0.00000 0.00000
vt 0.00000 0.00000
vt 0.00000 0.00000
vt 0.00000 0.00000
vt 0.00000 0.00000
vt 0.00000 0.00000
vt 0.00000 0.00000
vt 0.00000 0.00000
vt 0.00000 0.00000
vt 0.00000 0.00000
vt 0.00000 0.00000
vt 0.00000 0.00000
vt 0.00000 0.00000
vt 0.00000 0.00000
vt 0.00000 0.00000
vt 0.00000 0.00000
vt 0.00000 0.00000
vt 0.00000 0.00000
vt 0.00000 0.00000
vt 0.00000 0.00000
vt 0.00000 0.00000
vt 0.00000 0.00000
vt 0.00000 0.00000
vt 0.00000 0.00000
vt 0.00000 0.00000
vt 0.00000 0.00000
vt 0.00000 0.00000
vt 0.00000 0.00000
vt 0.00000 0.00000
vt 0.00000 0.00000
vt 0.00000 0.00000
vt 0.00000 0.00000
vt 0.00000 0.00000
vt 0.00000 0.00000
vt 0.00000 0.00000
vt 0.00000 0.00000
vt 0.00000 0.00000
vt 0.00000 0.00000
vt 0.00000 0.00000
vt 0.00000 0.00000
vt 0.00000 0.00000
vt 0.00000 0.00000
vt 0.00000 0.00000
vt 0.00000 0.00000
vt 0.00000 0.00000
vt 0.00000 0.00000
vt 0.00000 0.00000
vt 0.00000 0.00000
vt 0.00000 0.00000
vt 0.00000 0.00000
vt 0.00000 0.00000
vt 0.00000 0.00000
vt 0.00000 0.00000
vt 0.00000 0.00000
vt 0.00000 0.00000
vt 0.00000 0.00000
vt 0.00000 0.00000
vt 0.00000 0.00000
vt 0.00000 0.00000
vt 0.00000 0.00000
vt 0.00000 0.00000
vt 0.00000 0.00000
vt 0.00000 0.00000
vt 0.00000 0.00000
vt 0.00000 0.00000
vt 0.00000 0.00000
vt 0.00000 0.00000
vt 0.00000 0.00000
vt 0.00000 0.00000
vt 0.00000 0.00000
vt 0.00000 0.00000
vt 0.00000 0.00000
vt 0.00000 0.00000
vt 0.00000 0.00000
vt 0.00000 0.00000
vt 0.00000 0.00000
vt 0.00000 0.00000
vt 0.00000 0.00000
vt 0.00000 0.00000
vt 0.00000 0.00000
vt 0.00000 0.00000
vt 0.00000 0.00000
vt 0.00000 0.00000
vt 0.00000 0.00000
vt 0.00000 0.00000
vt 0.00000 0.00000
vt 0.00000 0.00000
vt 0.00000 0.00000
vt 0.00000 0.00000
vt 0.00000 0.00000
vt 0.00000 0.00000
vt 0.00000 0.00000
vt 0.00000 0.00000
vt 0.00000 0.00000
vt 0.00000 0.00000
vt 0.00000 0.00000
vt 0.00000 0.00000
vt 0.00000 0.00000
vt 0.00000 0.00000
vt 0.00000 0.00000
vt 0.00000 0.00000
vt 0.00000 0.00000
vt 0.00000 0.00000
vt 0.00000 0.00000
vt 0.00000 0.00000
vt 0.00000 0.00000
vt 0.00000 0.00000
vt 0.00000 0.00000
vt 0.00000 0.00000
vt 0.00000 0.00000
vt 0.00000 0.00000
vt 0.00000 0.00000
vt 0.00000 0.00000
vt 0.00000 0.00000
vt 0.00000 0.00000
vt 0.00000 0.00000
vt 0.00000 0.00000
vt 0.00000 0.00000
vt 0.00000 0.00000
vt 0.00000 0.00000
vt 0.00000 0.00000
vt 0.00000 0.00000
vt 0.00000 0.00000
vt 0.00000 0.00000
vt 0.00000 0.00000
vt 0.00000 0.00000
vt 0.00000 0.00000
vt 0.00000 0.00000
vt 0.00000 0.00000
vt 0.00000 0.00000
vt 0.00000 0.00000
vt 0.00000 0.00000
vt 0.00000 0.00000
vt 0.00000 0.00000
vt 0.00000 0.00000
vt 0.00000 0.00000
vt 0.00000 0.00000
vt 0.00000 0.00000
vt 0.00000 0.00000
vt 0.00000 0.00000
vt 0.00000 0.00000
vt 0.00000 0.00000
vt 0.00000 0.00000
vt 0.00000 0.00000
vt 0.00000 0.00000
vt 0.00000 0.00000
vt 0.00000 0.00000
vt 0.00000 0.00000
vt 0.00000 0.00000
vt 0.00000 0.00000
vt 0.00000 0.00000
vt 0.00000 0.00000
vt 0.00000 0.00000
vt 0.00000 0.00000
vt 0.00000 0.00000
vt 0.00000 0.00000
vt 0.00000 0.00000
vt 0.00000 0.00000
vt 0.00000 0.00000
vt 0.00000 0.00000
vt 0.00000 0.00000
vt 0.00000 0.00000
vt 0.00000 0.00000
vt 0.00000 0.00000
vt 0.00000 0.00000
vt 0.00000 0.00000
vt 0.00000 0.00000
vt 0.00000 0.00000
vt 0.00000 0.00000
vt 0.00000 0.00000
vt 0.00000 0.00000
vt 0.00000 0.00000
vt 0.00000 0.00000
vt 0.00000 0.00000
vt 0.00000 0.00000
vt 0.00000 0.00000
vt 0.00000 0.00000
vt 0.00000 0.00000
vt 0.00000 0.00000
vt 0.00000 0.00000
vt 0.00000 0.00000
vt 0.00000 0.00000
vt 0.00000 0.00000
vt 0.00000 0.00000
vt 0.00000 0.00000
vt 0.00000 0.00000
vt 0.00000 0.00000
vt 0.00000 0.00000
vt 0.00000 0.00000
vt 0.00000 0.00000
vt 0.00000 0.00000
vt 0.00000 0.00000
vt 0.00000 0.00000
vt 0.00000 0.00000
vt 0.00000 0.00000
vt 0.00000 0.00000
vt 0.00000 0.00000
vt 0.00000 0.00000
vt 0.00000 0.00000
vt 0.00000 0.00000
vt 0.00000 0.00000
vt 0.00000 0.00000
vt 0.00000 0.00000
vt 0.00000 0.00000
vt 0.00000 0.00000
vt 0.00000 0.00000
vt 0.00000 0.00000
vt 0.00000 0.00000
vt 0.00000 0.00000
vt 0.00000 0.00000
vt 0.00000 0.00000
vt 0.00000 0.00000
vt 0.00000 0.00000
vt 0.00000 0.00000
vt 0.00000 0.00000
vt 0.00000 0.00000
vt 0.00000 0.00000
vt 0.00000 0.00000
vt 0.00000 0.00000
vt 0.00000 0.00000
vt 0.00000 0.00000
vt 0.00000 0.00000
vt 0.00000 0.00000
vt 0.00000 0.00000
vt 0.00000 0.00000
vt 0.00000 0.00000
vt 0.00000 0.00000
vt 0.00000 0.00000
vt 0.00000 0.00000
vt 0.00000 0.00000
vt 0.00000 0.00000
vt 0.00000 0.00000
vt 0.00000 0.00000
vt 0.00000 0.00000
vt 0.00000 0.00000
vt 0.00000 0.00000
vt 0.00000 0.00000
vt 0.00000 0.00000
vt 0.00000 0.00000
vt 0.00000 0.00000
vt 0.00000 0.00000
vt 0.00000 0.00000
vt 0.00000 0.00000
vt 0.00000 0.00000
vt 0.00000 0.00000
vt 0.00000 0.00000
vt 0.00000 0.00000
vt 0.00000 0.00000
vt 0.00000 0.00000
vt 0.00000 0.00000
vt 0.00000 0.00000
vt 0.00000 0.00000
vt 0.00000 0.00000
vt 0.00000 0.00000
vt 0.00000 0.00000
vt 0.00000 0.00000
vt 0.00000 0.00000
vt 0.00000 0.00000
vt 0.00000 0.00000
vt 0.00000 0.00000
vt 0.00000 0.00000
vt 0.00000 0.00000
vt 0.00000 0.00000
vt 0.00000 0.00000
vt 0.00000 0.00000
vt 0.00000 0.00000
vt 0.00000 0.00000
vt 0.00000 0.00000
vt 0.00000 0.00000
vt 0.00000 0.00000
vt 0.00000 0.00000
vt 0.00000 0.00000
vt 0.00000 0.00000
vt 0.00000 0.00000
vt 0.00000 0.00000
vt 0.00000 0.00000
vt 0.00000 0.00000
vt 0.00000 0.00000
vt 0.00000 0.00000
vt 0.00000 0.00000
vt 0.00000 0.00000
vt 0.00000 0.00000
vt 0.00000 0.00000
vt 0.00000 0.00000
vt 0.00000 0.00000
vt 0.00000 0.00000
vt 0.00000 0.00000
vt 0.00000 0.00000
vt 0.00000 0.00000
vt 0.00000 0.00000
vt 0.00000 0.00000
vt 0.00000 0.00000
vt 0.00000 0.00000
vt 0.00000 0.00000
vt 0.00000 0.00000
vt 0.00000 0.00000
vt 0.00000 0.00000
vt 0.00000 0.00000
vt 0.00000 0.00000
vt 0.00000 0.00000
vt 0.00000 0.00000
vt 0.00000 0.00000
vt 0.00000 0.00000
vt 0.00000 0.00000
vt 0.00000 0.00000
vt 0.00000 0.00000
vt 0.00000 0.00000
vt 0.00000 0.00000
vt 0.00000 0.00000
vt 0.00000 0.00000
vt 0.00000 0.00000
vt 0.00000 0.00000
vt 0.00000 0.00000
vt 0.00000 0.00000
vt 0.00000 0.00000
vt 0.00000 0.00000
vt 0.00000 0.00000
vt 0.00000 0.00000
vt 0.00000 0.00000
vt 0.00000 0.00000
vt 0.00000 0.00000
vt 0.00000 0.00000
vt 0.00000 0.00000
vt 0.00000 0.00000
vt 0.00000 0.00000
vt 0.00000 0.00000
vt 0.00000 0.00000
vt 0.00000 0.00000
vt 0.00000 0.00000
vt 0.00000 0.00000
vt 0.00000 0.00000
vt 0.00000 0.00000
vt 0.00000 0.00000
vt 0.00000 0.00000
vt 0.00000 0.00000
vt 0.00000 0.00000
vt 0.00000 0.00000
vt 0.00000 0.00000
vt 0.00000 0.00000
vt 0.00000 0.00000
vt 0.00000 0.00000
vt 0.00000 0.00000
vt 0.00000 0.00000
vt 0.00000 0.00000
vt 0.00000 0.00000
vt 0.00000 0.00000
vt 0.00000 0.00000
vt 0.00000 0.00000
vt 0.00000 0.00000
vt 0.00000 0.00000
vt 0.00000 0.00000
vt 0.00000 0.00000
vt 0.00000 0.00000
vt 0.00000 0.00000
vt 0.00000 0.00000
vt 0.00000 0.00000
vt 0.00000 0.00000
vt 0.00000 0.00000
vt 0.00000 0.00000
vt 0.00000 0.00000
vt 0.00000 0.00000
vt 0.00000 0.00000
vt 0.00000 0.00000
vt 0.00000 0.00000
vt 0.00000 0.00000
vt 0.00000 0.00000
vt 0.00000 0.00000
vt 0.00000 0.00000
vt 0.00000 0.00000
vt 0.00000 0.00000
vt 0.00000 0.00000
vt 0.00000 0.00000
vt 0.00000 0.00000
vt 0.00000 0.00000
vt 0.00000 0.00000
vt 0.00000 0.00000
vt 0.00000 0.00000
vt 0.00000 0.00000
vt 0.00000 0.00000
vt 0.00000 0.00000
vt 0.00000 0.00000
vt 0.00000 0.00000
vt 0.00000 0.00000
vt 0.00000 0.00000
vt 0.00000 0.00000
vt 0.00000 0.00000
vt 0.00000 0.00000
vt 0.00000 0.00000
vt 0.00000 0.00000
vt 0.00000 0.00000
vt 0.00000 0.00000
vt 0.00000 0.00000
vt 0.00000 0.00000
vt 0.00000 0.00000
vt 0.00000 0.00000
vt 0.00000 0.00000
vt 0.00000 0.00000
vt 0.00000 0.00000
vt 0.00000 0.00000
vt 0.00000 0.00000
vt 0.00000 0.00000
vt 0.00000 0.00000
vt 0.00000 0.00000
vt 0.00000 0.00000
vt 0.00000 0.00000
vt 0.00000 0.00000
vt 0.00000 0.00000
vt 0.00000 0.00000
vt 0.00000 0.00000
vt 0.00000 0.00000
vt 0.00000 0.00000
vt 0.00000 0.00000
vt 0.00000 0.00000
vt 0.00000 0.00000
vt 0.00000 0.00000
vt 0.00000 0.00000
vt 0.00000 0.00000
vt 0.00000 0.00000
vt 0.00000 0.00000
vt 0.00000 0.00000
vt 0.00000 0.00000
vt 0.00000 0.00000
vt 0.00000 0.00000
vt 0.00000 0.00000
vt 0.00000 0.00000
vt 0.00000 0.00000
vt 0.00000 0.00000
vt 0.00000 0.00000
vt 0.00000 0.00000
vt 0.00000 0.00000
vt 0.00000 0.00000
vt 0.00000 0.00000
vt 0.00000 0.00000
vt 0.00000 0.00000
vt 0.00000 0.00000
vt 0.00000 0.00000
vt 0.00000 0.00000
vt 0.00000 0.00000
vt 0.00000 0.00000
vt 0.00000 0.00000
vt 0.00000 0.00000
vt 0.00000 0.00000
vt 0.00000 0.00000
vt 0.00000 0.00000
vt 0.00000 0.00000
vt 0.00000 0.00000
vt 0.00000 0.00000
vt 0.00000 0.00000
vt 0.00000 0.00000
vt 0.00000 0.00000
vt 0.00000 0.00000
vt 0.00000 0.00000
vt 0.00000 0.00000
vt 0.00000 0.00000
vt 0.00000 0.00000
vt 0.00000 0.00000
vt 0.00000 0.00000
vt 0.00000 0.00000
vt 0.00000 0.00000
vt 0.00000 0.00000
vt 0.00000 0.00000
vt 0.00000 0.00000
vt 0.00000 0.00000
vt 0.00000 0.00000
vt 0.00000 0.00000
vt 0.00000 0.00000
vt 0.00000 0.00000
vt 0.00000 0.00000
vt 0.00000 0.00000
vt 0.00000 0.00000
vt 0.00000 0.00000
vt 0.00000 0.00000
vt 0.00000 0.00000
vt 0.00000 0.00000
vt 0.00000 0.00000
vt 0.00000 0.00000
vt 0.00000 0.00000
vt 0.00000 0.00000
vt 0.00000 0.00000
vt 0.00000 0.00000
vt 0.00000 0.00000
vt 0.00000 0.00000
vt 0.00000 0.00000
vt 0.00000 0.00000
vt 0.00000 0.00000
vt 0.00000 0.00000
vt 0.00000 0.00000
vt 0.00000 0.00000
vt 0.00000 0.00000
vt 0.00000 0.00000
vt 0.00000 0.00000
vt 0.00000 0.00000
vt 0.00000 0.00000
vt 0.00000 0.00000
vt 0.00000 0.00000
vt 0.00000 0.00000
vt 0.00000 0.00000
vt 0.00000 0.00000
vt 0.00000 0.00000
vt 0.00000 0.00000
vt 0.00000 0.00000
vt 0.00000 0.00000
vt 0.00000 0.00000
vt 0.00000 0.00000
vt 0.00000 0.00000
vt 0.00000 0.00000
vt 0.00000 0.00000
vt 0.00000 0.00000
vt 0.00000 0.00000
vt 0.00000 0.00000
vt 0.00000 0.00000
vt 0.00000 0.00000
vt 0.00000 0.00000
vt 0.00000 0.00000
vt 0.00000 0.00000
vt 0.00000 0.00000
vt 0.00000 0.00000
vt 0.00000 0.00000
vt 0.00000 0.00000
vt 0.00000 0.00000
vt 0.00000 0.00000
vt 0.00000 0.00000
vt 0.00000 0.00000
vt 0.00000 0.00000
vt 0.00000 0.00000
vt 0.00000 0.00000
vt 0.00000 0.00000
vt 0.00000 0.00000
vt 0.00000 0.00000
vt 0.00000 0.00000
vt 0.00000 0.00000
vt 0.00000 0.00000
vt 0.00000 0.00000
vt 0.00000 0.00000
vt 0.00000 0.00000
vt 0.00000 0.00000
vt 0.00000 0.00000
vt 0.00000 0.00000
vt 0.00000 0.00000
vt 0.00000 0.00000
vt 0.00000 0.00000
vt 0.00000 0.00000
vt 0.00000 0.00000
vt 0.00000 0.00000
vt 0.00000 0.00000
vt 0.00000 0.00000
vt 0.00000 0.00000
vt 0.00000 0.00000
vt 0.00000 0.00000
vt 0.00000 0.00000
vt 0.00000 0.00000
vt 0.00000 0.00000
vt 0.00000 0.00000
vt 0.00000 0.00000
vt 0.00000 0.00000
vt 0.00000 0.00000
vt 0.00000 0.00000
vt 0.00000 0.00000
vt 0.00000 0.00000
vt 0.00000 0.00000
vt 0.00000 0.00000
vt 0.00000 0.00000
vt 0.00000 0.00000
vt 0.00000 0.00000
vt 0.00000 0.00000
vt 0.00000 0.00000
vt 0.00000 0.00000
vt 0.00000 0.00000
vt 0.00000 0.00000
vt 0.00000 0.00000
vt 0.00000 0.00000
vt 0.00000 0.00000
vt 0.00000 0.00000
vt 0.00000 0.00000
vt 0.00000 0.00000
vt 0.00000 0.00000
vt 0.00000 0.00000
vt 0.00000 0.00000
vt 0.00000 0.00000
vt 0.00000 0.00000
vt 0.00000 0.00000
vt 0.00000 0.00000
vt 0.00000 0.00000
vt 0.00000 0.00000
vt 0.00000 0.00000
vt 0.00000 0.00000
vt 0.00000 0.00000
vt 0.00000 0.00000
vt 0.00000 0.00000
vt 0.00000 0.00000
vt 0.00000 0.00000
vt 0.00000 0.00000
vt 0.00000 0.00000
vt 0.00000 0.00000
vt 0.00000 0.00000
vt 0.00000 0.00000
vt 0.00000 0.00000
vt 0.00000 0.00000
vt 0.00000 0.00000
vt 0.00000 0.00000
vt 0.00000 0.00000
vt 0.00000 0.00000
vt 0.00000 0.00000
vt 0.00000 0.00000
vt 0.00000 0.00000
vt 0.00000 0.00000
vt 0.00000 0.00000
vt 0.00000 0.00000
vt 0.00000 0.00000
vt 0.00000 0.00000
vt 0.00000 0.00000
vt 0.00000 0.00000
vt 0.00000 0.00000
vt 0.00000 0.00000
vt 0.00000 0.00000
vt 0.00000 0.00000
vt 0.00000 0.00000
vt 0.00000 0.00000
vt 0.00000 0.00000
vt 0.00000 0.00000
vt 0.00000 0.00000
vt 0.00000 0.00000
vt 0.00000 0.00000
vt 0.00000 0.00000
vt 0.00000 0.00000
vt 0.00000 0.00000
vt 0.00000 0.00000
vt 0.00000 0.00000
vt 0.00000 0.00000
vt 0.00000 0.00000
vt 0.00000 0.00000
vt 0.00000 0.00000
vt 0.00000 0.00000
vt 0.00000 0.00000
vt 0.00000 0.00000
vt 0.00000 0.00000
vt 0.00000 0.00000
vt 0.00000 0.00000
vt 0.00000 0.00000
vt 0.00000 0.00000
vt 0.00000 0.00000
vt 0.00000 0.00000
vt 0.00000 0.00000
vt 0.00000 0.00000
vt 0.00000 0.00000
vt 0.00000 0.00000
vt 0.00000 0.00000
vt 0.00000 0.00000
vt 0.00000 0.00000
vt 0.00000 0.00000
vt 0.00000 0.00000
vt 0.00000 0.00000
vt 0.00000 0.00000
vt 0.00000 0.00000
vt 0.00000 0.00000
vt 0.00000 0.00000
vt 0.00000 0.00000
vt 0.00000 0.00000
vt 0.00000 0.00000
vt 0.00000 0.00000
vt 0.00000 0.00000
vt 0.00000 0.00000
vt 0.00000 0.00000
vt 0.00000 0.00000
vt 0.00000 0.00000
vt 0.00000 0.00000
vt 0.00000 0.00000
vt 0.00000 0.00000
vt 0.00000 0.00000
vt 0.00000 0.00000
vt 0.00000 0.00000
vt 0.00000 0.00000
vt 0.00000 0.00000
vt 0.00000 0.00000
vt 0.00000 0.00000
vt 0.00000 0.00000
vt 0.00000 0.00000
vt 0.00000 0.00000
vt 0.00000 0.00000
vt 0.00000 0.00000
vt 0.00000 0.00000
vt 0.00000 0.00000
vt 0.00000 0.00000
vt 0.00000 0.00000
vt 0.00000 0.00000
vt 0.00000 0.00000
vt 0.00000 0.00000
vt 0.00000 0.00000
vt 0.00000 0.00000
vt 0.00000 0.00000
vt 0.00000 0.00000
vt 0.00000 0.00000
vt 0.00000 0.00000
vt 0.00000 0.00000
vt 0.00000 0.00000
vt 0.00000 0.00000
vt 0.00000 0.00000
vt 0.00000 0.00000
vt 0.00000 0.00000
vt 0.00000 0.00000
vt 0.00000 0.00000
vt 0.00000 0.00000
vt 0.00000 0.00000
vt 0.00000 0.00000
vt 0.00000 0.00000
vt 0.00000 0.00000
vt 0.00000 0.00000
vt 0.00000 0.00000
vt 0.00000 0.00000
vt 0.00000 0.00000
vt 0.00000 0.00000
vt 0.00000 0.00000
vt 0.00000 0.00000
vt 0.00000 0.00000
vt 0.00000 0.00000
vt 0.00000 0.00000
vt 0.00000 0.00000
vt 0.00000 0.00000
vt 0.00000 0.00000
vt 0.00000 0.00000
vt 0.00000 0.00000
vt 0.00000 0.00000
vt 0.00000 0.00000
vt 0.00000 0.00000
vt 0.00000 0.00000
vt 0.00000 0.00000
vt 0.00000 0.00000
vt 0.00000 0.00000
vt 0.00000 0.00000
vt 0.00000 0.00000
vt 0.00000 0.00000
vt 0.00000 0.00000
vt 0.00000 0.00000
vt 0.00000 0.00000
vt 0.00000 0.00000
vt 0.00000 0.00000
vt 0.00000 0.00000
vt 0.00000 0.00000
vt 0.00000 0.00000
vt 0.00000 0.00000
vt 0.00000 0.00000
vt 0.00000 0.00000
vt 0.00000 0.00000
vt 0.00000 0.00000
vt 0.00000 0.00000
vt 0.00000 0.00000
vt 0.00000 0.00000
vt 0.00000 0.00000
vt 0.00000 0.00000
vt 0.00000 0.00000
vt 0.00000 0.00000
vt 0.00000 0.00000
vt 0.00000 0.00000
vt 0.00000 0.00000
vt 0.00000 0.00000
vt 0.00000 0.00000
vt 0.00000 0.00000
vt 0.00000 0.00000
vt 0.00000 0.00000
vt 0.00000 0.00000
vt 0.00000 0.00000
vt 0.00000 0.00000
vt 0.00000 0.00000
vt 0.00000 0.00000
vt 0.00000 0.00000
vt 0.00000 0.00000
vt 0.00000 0.00000
vt 0.00000 0.00000
vt 0.00000 0.00000
vt 0.00000 0.00000
vt 0.00000 0.00000
vt 0.00000 0.00000
vt 0.00000 0.00000
vt 0.00000 0.00000
vt 0.00000 0.00000
vt 0.00000 0.00000
vt 0.00000 0.00000
vt 0.00000 0.00000
vt 0.00000 0.00000
vt 0.00000 0.00000
vt 0.00000 0.00000
vt 0.00000 0.00000
vt 0.00000 0.00000
vt 0.00000 0.00000
vt 0.00000 0.00000
vt 0.00000 0.00000
vt 0.00000 0.00000
vt 0.00000 0.00000
vt 0.00000 0.00000
vt 0.00000 0.00000
vt 0.00000 0.00000
vt 0.00000 0.00000
vt 0.00000 0.00000
vt 0.00000 0.00000
vt 0.00000 0.00000
vt 0.00000 0.00000
vt 0.00000 0.00000
vt 0.00000 0.00000
vt 0.00000 0.00000
vt 0.00000 0.00000
vt 0.00000 0.00000
vt 0.00000 0.00000
vt 0.00000 0.00000
vt 0.00000 0.00000
vt 0.00000 0.00000
vt 0.00000 0.00000
vt 0.00000 0.00000
vt 0.00000 0.00000
vt 0.00000 0.00000
vt 0.00000 0.00000
vt 0.00000 0.00000
vt 0.00000 0.00000
vt 0.00000 0.00000
vt 0.00000 0.00000
vt 0.00000 0.00000
vt 0.00000 0.00000
vt 0.00000 0.00000
vt 0.00000 0.00000
vt 0.00000 0.00000
vt 0.00000 0.00000
vt 0.00000 0.00000
vt 0.00000 0.00000
vt 0.00000 0.00000
vt 0.00000 0.00000
vt 0.00000 0.00000
vt 0.00000 0.00000
vt 0.00000 0.00000
vt 0.00000 0.00000
vt 0.00000 0.00000
vt 0.00000 0.00000
vt 0.00000 0.00000
vt 0.00000 0.00000
vt 0.00000 0.00000
vt 0.00000 0.00000
vt 0.00000 0.00000
vt 0.00000 0.00000
vt 0.00000 0.00000
vt 0.00000 0.00000
vt 0.00000 0.00000
vt 0.00000 0.00000
vt 0.00000 0.00000
vt 0.00000 0.00000
vt 0.00000 0.00000
vt 0.00000 0.00000
vt 0.00000 0.00000
vt 0.00000 0.00000
vt 0.00000 0.00000
vt 0.00000 0.00000
vt 0.00000 0.00000
vt 0.00000 0.00000
vt 0.00000 0.00000
vt 0.00000 0.00000
vt 0.00000 0.00000
vt 0.00000 0.00000
vt 0.00000 0.00000
vt 0.00000 0.00000
vt 0.00000 0.00000
vt 0.00000 0.00000
vt 0.00000 0.00000
vt 0.00000 0.00000
vt 0.00000 0.00000
vt 0.00000 0.00000
vt 0.00000 0.00000
vt 0.00000 0.00000
vt 0.00000 0.00000
vt 0.00000 0.00000
vt 0.00000 0.00000
vt 0.00000 0.00000
vt 0.00000 0.00000
vt 0.00000 0.00000
vt 0.00000 0.00000
vt 0.00000 0.00000
vt 0.00000 0.00000
vt 0.00000 0.00000
vt 0.00000 0.00000
vt 0.00000 0.00000
vt 0.00000 0.00000
vt 0.00000 0.00000
vt 0.00000 0.00000
vt 0.00000 0.00000
vt 0.00000 0.00000
vt 0.00000 0.00000
vt 0.00000 0.00000
vt 0.00000 0.00000
vt 0.00000 0.00000
vt 0.00000 0.00000
vt 0.00000 0.00000
vt 0.00000 0.00000
vt 0.00000 0.00000
vt 0.00000 0.00000
vt 0.00000 0.00000
vt 0.00000 0.00000
vt 0.00000 0.00000
vt 0.00000 0.00000
vt 0.00000 0.00000
vt 0.00000 0.00000
vt 0.00000 0.00000
vt 0.00000 0.00000
vt 0.00000 0.00000
vt 0.00000 0.00000
vt 0.00000 0.00000
vt 0.00000 0.00000
vt 0.00000 0.00000
vt 0.00000 0.00000
vt 0.00000 0.00000
vt 0.00000 0.00000
vt 0.00000 0.00000
vt 0.00000 0.00000
vt 0.00000 0.00000
vt 0.00000 0.00000
vt 0.00000 0.00000
vt 0.00000 0.00000
vt 0.00000 0.00000
vt 0.00000 0.00000
vt 0.00000 0.00000
vt 0.00000 0.00000
vt 0.00000 0.00000
vt 0.00000 0.00000
vt 0.00000 0.00000
vt 0.00000 0.00000
vt 0.00000 0.00000
vt 0.00000 0.00000
vt 0.00000 0.00000
vt 0.00000 0.00000
vt 0.00000 0.00000
vt 0.00000 0.00000
vt 0.00000 0.00000
vt 0.00000 0.00000
vt 0.00000 0.00000
vt 0.00000 0.00000
vt 0.00000 0.00000
vt 0.00000 0.00000
vt 0.00000 0.00000
vt 0.00000 0.00000
vt 0.00000 0.00000
vt 0.00000 0.00000
vt 0.00000 0.00000
vt 0.00000 0.00000
vt 0.00000 0.00000
vt 0.00000 0.00000
vt 0.00000 0.00000
vt 0.00000 0.00000
vt 0.00000 0.00000
vt 0.00000 0.00000
vt 0.00000 0.00000
vt 0.00000 0.00000
vt 0.00000 0.00000
vt 0.00000 0.00000
vt 0.00000 0.00000
vt 0.00000 0.00000
vt 0.00000 0.00000
vt 0.00000 0.00000
vt 0.00000 0.00000
vt 0.00000 0.00000
vt 0.00000 0.00000
vt 0.00000 0.00000
vt 0.00000 0.00000
vt 0.00000 0.00000
vt 0.00000 0.00000
vt 0.00000 0.00000
vt 0.00000 0.00000
vt 0.00000 0.00000
vt 0.00000 0.00000
vt 0.00000 0.00000
vt 0.00000 0.00000
vt 0.00000 0.00000
vt 0.00000 0.00000
vt 0.00000 0.00000
vt 0.00000 0.00000
vt 0.00000 0.00000
vt 0.00000 0.00000
vt 0.00000 0.00000
vt 0.00000 0.00000
vt 0.00000 0.00000
vt 0.00000 0.00000
vt 0.00000 0.00000
vt 0.00000 0.00000
vt 0.00000 0.00000
vt 0.00000 0.00000
vt 0.00000 0.00000
vt 0.00000 0.00000
vt 0.00000 0.00000
vt 0.00000 0.00000
vt 0.00000 0.00000
vt 0.00000 0.00000
vt 0.00000 0.00000
vt 0.00000 0.00000
vt 0.00000 0.00000
vt 0.00000 0.00000
vt 0.00000 0.00000
vt 0.00000 0.00000
vt 0.00000 0.00000
vt 0.00000 0.00000
vt 0.00000 0.00000
vt 0.00000 0.00000
vt 0.00000 0.00000
vt 0.00000 0.00000
vt 0.00000 0.00000
vt 0.00000 0.00000
vt 0.00000 0.00000
vt 0.00000 0.00000
vt 0.00000 0.00000
vt 0.00000 0.00000
vt 0.00000 0.00000
vt 0.00000 0.00000
vt 0.00000 0.00000
vt 0.00000 0.00000
vt 0.00000 0.00000
vt 0.00000 0.00000
vt 0.00000 0.00000
vt 0.00000 0.00000
vt 0.00000 0.00000
vt 0.00000 0.00000
vt 0.00000 0.00000
vt 0.00000 0.00000
vt 0.00000 0.00000
vt 0.00000 0.00000
vt 0.00000 0.00000
vt 0.00000 0.00000
vt 0.00000 0.00000
vt 0.00000 0.00000
vt 0.00000 0.00000
vt 0.00000 0.00000
vt 0.00000 0.00000
vt 0.00000 0.00000
vt 0.00000 0.00000
vt 0.00000 0.00000
vt 0.00000 0.00000
vt 0.00000 0.00000
vt 0.00000 0.00000
vt 0.00000 0.00000
vt 0.00000 0.00000
vt 0.00000 0.00000
vt 0.00000 0.00000
vt 0.00000 0.00000
vt 0.00000 0.00000
vt 0.00000 0.00000
vt 0.00000 0.00000
vt 0.00000 0.00000
vt 0.00000 0.00000
vt 0.00000 0.00000
vt 0.00000 0.00000
vt 0.00000 0.00000
vt 0.00000 0.00000
vt 0.00000 0.00000
vt 0.00000 0.00000
vt 0.00000 0.00000
vt 0.00000 0.00000
vt 0.00000 0.00000
vt 0.00000 0.00000
vt 0.00000 0.00000
vt 0.00000 0.00000
vt 0.00000 0.00000
vt 0.00000 0.00000
vt 0.00000 0.00000
vt 0.00000 0.00000
vt 0.00000 0.00000
vt 0.00000 0.00000
vt 0.00000 0.00000
vt 0.00000 0.00000
vt 0.00000 0.00000
vt 0.00000 0.00000
vt 0.00000 0.00000
vt 0.00000 0.00000
vt 0.00000 0.00000
vt 0.00000 0.00000
vt 0.00000 0.00000
vt 0.00000 0.00000
vt 0.00000 0.00000
vt 0.00000 0.00000
vt 0.00000 0.00000
vt 0.00000 0.00000
vt 0.00000 0.00000
vt 0.00000 0.00000
vt 0.00000 0.00000
vt 0.00000 0.00000
vt 0.00000 0.00000
vt 0.00000 0.00000
vt 0.00000 0.00000
vt 0.00000 0.00000
vt 0.00000 0.00000
vt 0.00000 0.00000
vt 0.00000 0.00000
vt 0.00000 0.00000
vt 0.00000 0.00000
vt 0.00000 0.00000
vt 0.00000 0.00000
vt 0.00000 0.00000
vt 0.00000 0.00000
vt 0.00000 0.00000
vt 0.00000 0.00000
vt 0.00000 0.00000
vt 0.00000 0.00000
vt 0.00000 0.00000
vt 0.00000 0.00000
vt 0.00000 0.00000
vt 0.00000 0.00000
vt 0.00000 0.00000
vt 0.00000 0.00000
vt 0.00000 0.00000
vt 0.00000 0.00000
vt 0.00000 0.00000
vt 0.00000 0.00000
vt 0.00000 0.00000
vt 0.00000 0.00000
vt 0.00000 0.00000
vt 0.00000 0.00000
vt 0.00000 0.00000
vt 0.00000 0.00000
vt 0.00000 0.00000
vt 0.00000 0.00000
vt 0.00000 0.00000
vt 0.00000 0.00000
vt 0.00000 0.00000
vt 0.00000 0.00000
vt 0.00000 0.00000
vt 0.00000 0.00000
vt 0.00000 0.00000
vt 0.00000 0.00000
vt 0.00000 0.00000
vt 0.00000 0.00000
vt 0.00000 0.00000
vt 0.00000 0.00000
vt 0.00000 0.00000
vt 0.00000 0.00000
vt 0.00000 0.00000
vt 0.00000 0.00000
vt 0.00000 0.00000
vt 0.00000 0.00000
vt 0.00000 0.00000
vt 0.00000 0.00000
vt 0.00000 0.00000
vt 0.00000 0.00000
vt 0.00000 0.00000
vt 0.00000 0.00000
vt 0.00000 0.00000
vt 0.00000 0.00000
vt 0.00000 0.00000
vt 0.00000 0.00000
vt 0.00000 0.00000
vt 0.00000 0.00000
vt 0.00000 0.00000
vt 0.00000 0.00000
vt 0.00000 0.00000
vt 0.00000 0.00000
vt 0.00000 0.00000
vt 0.00000 0.00000
vt 0.00000 0.00000
vt 0.00000 0.00000
vt 0.00000 0.00000
vt 0.00000 0.00000
vt 0.00000 0.00000
vt 0.00000 0.00000
vt 0.00000 0.00000
vt 0.00000 0.00000
vt 0.00000 0.00000
vt 0.00000 0.00000
vt 0.00000 0.00000
f 4/4 3/3 2/2
f 4/4 2/2 1/1
f 8/8 7/7 6/6
f 8/8 6/6 5/5
f 8/8 10/10 9/9
f 8/8 9/9 7/7
f 8/8 5/5 11/11
f 8/8 11/11 10/10
f 15/15 14/14 13/13
f 15/15 13/13 12/12
f 15/15 17/17 16/16
f 15/15 16/16 14/14
f 15/15 12/12 18/18
f 15/15 18/18 17/17
f 22/22 21/21 20/20
f 22/22 20/20 19/19
f 22/22 19/19 24/24
f 22/22 24/24 23/23
f 22/22 23/23 25/25
f 22/22 25/25 21/21
f 29/29 28/28 27/27
f 29/29 27/27 26/26
f 29/29 26/26 30/30
f 30/30 32/32 31/31
f 30/30 31/31 29/29
f 30/30 34/34 33/33
f 30/30 33/33 32/32
f 30/30 26/26 35/35
f 30/30 35/35 34/34
f 35/35 26/26 27/27
f 35/35 27/27 36/36
f 35/35 38/38 37/37
f 35/35 37/37 34/34
f 35/35 36/36 39/39
f 35/35 39/39 38/38
f 39/39 42/42 41/41
f 39/39 41/41 40/40
f 39/39 36/36 43/43
f 39/39 43/43 42/42
f 39/39 40/40 44/44
f 39/39 44/44 38/38
f 44/44 45/45 37/37
f 44/44 37/37 38/38
f 44/44 47/47 46/46
f 44/44 46/46 45/45
f 44/44 40/40 48/48
f 44/44 48/48 47/47
f 48/48 40/40 41/41
f 48/48 41/41 49/49
f 49/49 41/41 51/51
f 49/49 51/51 50/50
f 51/51 53/53 52/52
f 51/51 52/52 50/50
f 51/51 55/55 54/54
f 51/51 54/54 53/53
f 51/51 41/41 42/42
f 51/51 42/42 55/55
f 55/55 57/57 56/56
f 55/55 56/56 54/54
f 55/55 42/42 43/43
f 55/55 43/43 57/57
f 57/57 59/59 58/58
f 57/57 58/58 56/56
f 57/57 43/43 60/60
f 57/57 60/60 59/59
f 59/59 60/60 62/62
f 59/59 62/62 61/61
f 60/60 27/27 28/28
f 60/60 28/28 62/62
f 60/60 43/43 36/36
f 60/60 36/36 27/27
f 62/62 64/64 63/63
f 62/62 63/63 61/61
f 62/62 28/28 65/65
f 62/62 65/65 64/64
f 65/65 67/67 66/66
f 65/65 66/66 64/64
f 65/65 31/31 68/68
f 65/65 68/68 67/67
f 65/65 28/28 29/29
f 65/65 29/29 31/31
f 68/68 70/70 69/69
f 68/68 69/69 67/67
f 68/68 72/72 71/71
f 68/68 71/71 70/70
f 68/68 31/31 32/32
f 68/68 32/32 72/72
f 72/72 74/74 73/73
f 72/72 73/73 71/71
f 72/72 32/32 33/33
f 72/72 33/33 74/74
f 74/74 76/76 75/75
f 74/74 75/75 73/73
f 74/74 33/33 77/77
f 74/74 77/77 76/76
f 77/77 33/33 34/34
f 77/77 34/34 37/37
f 77/77 79/79 78/78
f 77/77 78/78 76/76
f 77/77 37/37 45/45
f 77/77 45/45 79/79
f 79/79 81/81 80/80
f 79/79 80/80 78/78
f 79/79 45/45 46/46
f 79/79 46/46 81/81
f 80/80 83/83 82/82
f 80/80 82/82 78/78
f 83/83 85/85 84/84
f 83/83 84/84 82/82
f 85/85 87/87 86/86
f 85/85 86/86 84/84
f 87/87 89/89 88/88
f 87/87 88/88 86/86
f 89/89 91/91 90/90
f 89/89 90/90 88/88
f 91/91 93/93 92/92
f 91/91 92/92 90/90
f 93/93 95/95 94/94
f 93/93 94/94 92/92
f 95/95 97/97 96/96
f 95/95 96/96 94/94
f 97/97 99/99 98/98
f 97/97 98/98 96/96
f 99/99 101/101 100/100
f 99/99 100/100 98/98
f 101/101 103/103 102/102
f 101/101 102/102 100/100
f 103/103 105/105 104/104
f 103/103 104/104 102/102
f 105/105 107/107 106/106
f 105/105 106/106 104/104
f 107/107 109/109 108/108
f 107/107 108/108 106/106
f 109/109 111/111 110/110
f 109/109 110/110 108/108
f 111/111 113/113 112/112
f 111/111 112/112 110/110
f 113/113 115/115 114/114
f 113/113 114/114 112/112
f 115/115 117/117 116/116
f 115/115 116/116 114/114
f 117/117 119/119 118/118
f 117/117 118/118 116/116
f 119/119 121/121 120/120
f 119/119 120/120 118/118
f 121/121 123/123 122/122
f 121/121 122/122 120/120
f 123/123 125/125 124/124
f 123/123 124/124 122/122
f 125/125 127/127 126/126
f 125/125 126/126 124/124
f 127/127 129/129 128/128
f 127/127 128/128 126/126
f 129/129 131/131 130/130
f 129/129 130/130 128/128
f 131/131 133/133 132/132
f 131/131 132/132 130/130
f 133/133 135/135 134/134
f 133/133 134/134 132/132
f 135/135 137/137 136/136
f 135/135 136/136 134/134
f 137/137 139/139 138/138
f 137/137 138/138 136/136
f 139/139 141/141 140/140
f 139/139 140/140 138/138
f 141/141 143/143 142/142
f 141/141 142/142 140/140
f 143/143 145/145 144/144
f 143/143 144/144 142/142
f 145/145 147/147 146/146
f 145/145 146/146 144/144
f 147/147 149/149 148/148
f 147/147 148/148 146/146
f 149/149 151/151 150/150
f 149/149 150/150 148/148
f 151/151 153/153 152/152
f 151/151 152/152 150/150
f 153/153 155/155 154/154
f 153/153 154/154 152/152
f 155/155 157/157 156/156
f 155/155 156/156 154/154
f 157/157 159/159 158/158
f 157/157 158/158 156/156
f 159/159 161/161 160/160
f 159/159 160/160 158/158
f 161/161 163/163 162/162
f 161/161 162/162 160/160
f 163/163 165/165 164/164
f 163/163 164/164 162/162
f 165/165 167/167 166/166
f 165/165 166/166 164/164
f 167/167 169/169 168/168
f 167/167 168/168 166/166
f 169/169 171/171 170/170
f 169/169 170/170 168/168
f 171/171 173/173 172/172
f 171/171 172/172 170/170
f 173/173 175/175 174/174
f 173/173 174/174 172/172
f 175/175 177/177 176/176
f 175/175 176/176 174/174
f 177/177 179/179 178/178
f 177/177 178/178 176/176
f 179/179 181/181 180/180
f 179/179 180/180 178/178
f 181/181 183/183 182/182
f 181/181 182/182 180/180
f 183/183 185/185 184/184
f 183/183 184/184 182/182
f 185/185 187/187 186/186
f 185/185 186/186 184/184
f 187/187 189/189 188/188
f 187/187 188/188 186/186
f 189/189 191/191 190/190
f 189/189 190/190 188/188
f 191/191 193/193 192/192
f 191/191 192/192 190/190
f 193/193 195/195 194/194
f 193/193 194/194 192/192
f 195/195 197/197 196/196
f 195/195 196/196 194/194
f 197/197 199/199 198/198
f 197/197 198/198 196/196
f 199/199 201/201 200/200
f 199/199 200/200 198/198
f 201/201 203/203 202/202
f 201/201 202/202 200/200
f 203/203 52/52 53/53
f 203/203 53/53 202/202
f 202/202 205/205 204/204
f 202/202 204/204 200/200
f 202/202 53/53 54/54
f 202/202 54/54 205/205
f 205/205 207/207 206/206
f 205/205 206/206 204/204
f 205/205 54/54 56/56
f 205/205 56/56 207/207
f 207/207 209/209 208/208
f 207/207 208/208 206/206
f 207/207 56/56 58/58
f 207/207 58/58 209/209
f 208/208 209/209 211/211
f 208/208 211/211 210/210
f 209/209 58/58 212/212
f 209/209 212/212 211/211
f 59/59 61/61 212/212
f 59/59 212/212 58/58
f 212/212 214/214 213/213
f 212/212 213/213 211/211
f 212/212 61/61 63/63
f 212/212 63/63 214/214
f 214/214 216/216 215/215
f 214/214 215/215 213/213
f 214/214 63/63 217/217
f 214/214 217/217 216/216
f 217/217 219/219 218/218
f 217/217 218/218 216/216
f 217/217 66/66 220/220
f 217/217 220/220 219/219
f 217/217 63/63 64/64
f 217/217 64/64 66/66
f 220/220 222/222 221/221
f 220/220 221/221 219/219
f 220/220 69/69 223/223
f 220/220 223/223 222/222
f 220/220 66/66 67/67
f 220/220 67/67 69/69
f 223/223 225/225 224/224
f 223/223 224/224 222/222
f 223/223 227/227 226/226
f 223/223 226/226 225/225
f 223/223 69/69 70/70
f 223/223 70/70 227/227
f 227/227 229/229 228/228
f 227/227 228/228 226/226
f 227/227 70/70 71/71
f 227/227 71/71 229/229
f 229/229 231/231 230/230
f 229/229 230/230 228/228
f 229/229 71/71 73/73
f 229/229 73/73 231/231
f 231/231 233/233 232/232
f 231/231 232/232 230/230
f 231/231 73/73 75/75
f 231/231 75/75 233/233
f 233/233 84/84 86/86
f 233/233 86/86 232/232
f 233/233 75/75 82/82
f 233/233 82/82 84/84
f 232/232 235/235 234/234
f 232/232 234/234 230/230
f 232/232 86/86 88/88
f 232/232 88/88 235/235
f 235/235 237/237 236/236
f 235/235 236/236 234/234
f 235/235 88/88 90/90
f 235/235 90/90 237/237
f 237/237 239/239 238/238
f 237/237 238/238 236/236
f 237/237 90/90 92/92
f 237/237 92/92 239/239
f 239/239 241/241 240/240
f 239/239 240/240 238/238
f 239/239 92/92 94/94
f 239/239 94/94 241/241
f 241/241 243/243 242/242
f 241/241 242/242 240/240
f 241/241 94/94 96/96
f 241/241 96/96 243/243
f 243/243 245/245 244/244
f 243/243 244/244 242/242
f 243/243 96/96 98/98
f 243/243 98/98 245/245
f 245/245 247/247 246/246
f 245/245 246/246 244/244
f 245/245 98/98 100/100
f 245/245 100/100 247/247
f 247/247 249/249 248/248
f 247/247 248/248 246/246
f 247/247 100/100 102/102
f 247/247 102/102 249/249
f 249/249 251/251 250/250
f 249/249 250/250 248/248
f 249/249 102/102 104/104
f 249/249 104/104 251/251
f 251/251 253/253 252/252
f 251/251 252/252 250/250
f 251/251 104/104 106/106
f 251/251 106/106 253/253
f 253/253 255/255 254/254
f 253/253 254/254 252/252
f 253/253 106/106 108/108
f 253/253 108/108 255/255
f 255/255 257/257 256/256
f 255/255 256/256 254/254
f 255/255 108/108 110/110
f 255/255 110/110 257/257
f 257/257 259/259 258/258
f 257/257 258/258 256/256
f 257/257 110/110 112/112
f 257/257 112/112 259/259
f 259/259 261/261 260/260
f 259/259 260/260 258/258
f 259/259 112/112 114/114
f 259/259 114/114 261/261
f 261/261 263/263 262/262
f 261/261 262/262 260/260
f 261/261 114/114 116/116
f 261/261 116/116 263/263
f 263/263 265/265 264/264
f 263/263 264/264 262/262
f 263/263 116/116 118/118
f 263/263 118/118 265/265
f 265/265 267/267 266/266
f 265/265 266/266 264/264
f 265/265 118/118 120/120
f 265/265 120/120 267/267
f 267/267 269/269 268/268
f 267/267 268/268 266/266
f 267/267 120/120 122/122
f 267/267 122/122 269/269
f 269/269 271/271 270/270
f 269/269 270/270 268/268
f 269/269 122/122 124/124
f 269/269 124/124 271/271
f 271/271 273/273 272/272
f 271/271 272/272 270/270
f 271/271 124/124 126/126
f 271/271 126/126 273/273
f 273/273 275/275 274/274
f 273/273 274/274 272/272
f 273/273 126/126 128/128
f 273/273 128/128 275/275
f 275/275 277/277 276/276
f 275/275 276/276 274/274
f 275/275 128/128 130/130
f 275/275 130/130 277/277
f 277/277 279/279 278/278
f 277/277 278/278 276/276
f 277/277 130/130 132/132
f 277/277 132/132 279/279
f 279/279 281/281 280/280
f 279/279 280/280 278/278
f 279/279 132/132 134/134
f 279/279 134/134 281/281
f 281/281 283/283 282/282
f 281/281 282/282 280/280
f 281/281 134/134 136/136
f 281/281 136/136 283/283
f 283/283 285/285 284/284
f 283/283 284/284 282/282
f 283/283 136/136 138/138
f 283/283 138/138 285/285
f 285/285 287/287 286/286
f 285/285 286/286 284/284
f 285/285 138/138 140/140
f 285/285 140/140 287/287
f 287/287 289/289 288/288
f 287/287 288/288 286/286
f 287/287 140/140 142/142
f 287/287 142/142 289/289
f 289/289 291/291 290/290
f 289/289 290/290 288/288
f 289/289 142/142 144/144
f 289/289 144/144 291/291
f 291/291 293/293 292/292
f 291/291 292/292 290/290
f 291/291 144/144 146/146
f 291/291 146/146 293/293
f 293/293 295/295 294/294
f 293/293 294/294 292/292
f 293/293 146/146 148/148
f 293/293 148/148 295/295
f 295/295 297/297 296/296
f 295/295 296/296 294/294
f 295/295 148/148 150/150
f 295/295 150/150 297/297
f 297/297 299/299 298/298
f 297/297 298/298 296/296
f 297/297 150/150 152/152
f 297/297 152/152 299/299
f 299/299 301/301 300/300
f 299/299 300/300 298/298
f 299/299 152/152 154/154
f 299/299 154/154 301/301
f 301/301 303/303 302/302
f 301/301 302/302 300/300
f 301/301 154/154 156/156
f 301/301 156/156 303/303
f 303/303 305/305 304/304
f 303/303 304/304 302/302
f 303/303 156/156 158/158
f 303/303 158/158 305/305
f 305/305 307/307 306/306
f 305/305 306/306 304/304
f 305/305 158/158 160/160
f 305/305 160/160 307/307
f 307/307 309/309 308/308
f 307/307 308/308 306/306
f 307/307 160/160 162/162
f 307/307 162/162 309/309
f 309/309 311/311 310/310
f 309/309 310/310 308/308
f 309/309 162/162 164/164
f 309/309 164/164 311/311
f 311/311 313/313 312/312
f 311/311 312/312 310/310
f 311/311 164/164 166/166
f 311/311 166/166 313/313
f 313/313 315/315 314/314
f 313/313 314/314 312/312
f 313/313 166/166 168/168
f 313/313 168/168 315/315
f 315/315 317/317 316/316
f 315/315 316/316 314/314
f 315/315 168/168 170/170
f 315/315 170/170 317/317
f 317/317 319/319 318/318
f 317/317 318/318 316/316
f 317/317 170/170 172/172
f 317/317 172/172 319/319
f 319/319 321/321 320/320
f 319/319 320/320 318/318
f 319/319 172/172 174/174
f 319/319 174/174 321/321
f 321/321 323/323 322/322
f 321/321 322/322 320/320
f 321/321 174/174 176/176
f 321/321 176/176 323/323
f 323/323 325/325 324/324
f 323/323 324/324 322/322
f 323/323 176/176 178/178
f 323/323 178/178 325/325
f 325/325 327/327 326/326
f 325/325 326/326 324/324
f 325/325 178/178 180/180
f 325/325 180/180 327/327
f 327/327 329/329 328/328
f 327/327 328/328 326/326
f 327/327 180/180 182/182
f 327/327 182/182 329/329
f 329/329 331/331 330/330
f 329/329 330/330 328/328
f 329/329 182/182 184/184
f 329/329 184/184 331/331
f 331/331 333/333 332/332
f 331/331 332/332 330/330
f 331/331 184/184 186/186
f 331/331 186/186 333/333
f 333/333 335/335 334/334
f 333/333 334/334 332/332
f 333/333 186/186 188/188
f 333/333 188/188 335/335
f 335/335 337/337 336/336
f 335/335 336/336 334/334
f 335/335 188/188 190/190
f 335/335 190/190 337/337
f 337/337 339/339 338/338
f 337/337 338/338 336/336
f 337/337 190/190 192/192
f 337/337 192/192 339/339
f 339/339 341/341 340/340
f 339/339 340/340 338/338
f 339/339 192/192 194/194
f 339/339 194/194 341/341
f 341/341 343/343 342/342
f 341/341 342/342 340/340
f 341/341 194/194 196/196
f 341/341 196/196 343/343
f 343/343 345/345 344/344
f 343/343 344/344 342/342
f 343/343 196/196 198/198
f 343/343 198/198 345/345
f 345/345 204/204 206/206
f 345/345 206/206 344/344
f 345/345 198/198 200/200
f 345/345 200/200 204/204
f 344/344 347/347 346/346
f 344/344 346/346 342/342
f 344/344 206/206 208/208
f 344/344 208/208 347/347
f 346/346 347/347 349/349
f 346/346 349/349 348/348
f 347/347 208/208 210/210
f 347/347 210/210 349/349
f 210/210 351/351 350/350
f 210/210 350/350 349/349
f 210/210 211/211 213/213
f 210/210 213/213 351/351
f 351/351 353/353 352/352
f 351/351 352/352 350/350
f 351/351 213/213 215/215
f 351/351 215/215 353/353
f 353/353 355/355 354/354
f 353/353 354/354 352/352
f 353/353 215/215 356/356
f 353/353 356/356 355/355
f 356/356 358/358 357/357
f 356/356 357/357 355/355
f 356/356 218/218 359/359
f 356/356 359/359 358/358
f 356/356 215/215 216/216
f 356/356 216/216 218/218
f 359/359 361/361 360/360
f 359/359 360/360 358/358
f 359/359 221/221 362/362
f 359/359 362/362 361/361
f 359/359 218/218 219/219
f 359/359 219/219 221/221
f 362/362 364/364 363/363
f 362/362 363/363 361/361
f 362/362 224/224 365/365
f 362/362 365/365 364/364
f 362/362 221/221 222/222
f 362/362 222/222 224/224
f 365/365 367/367 366/366
f 365/365 366/366 364/364
f 365/365 369/369 368/368
f 365/365 368/368 367/367
f 365/365 224/224 225/225
f 365/365 225/225 369/369
f 369/369 371/371 370/370
f 369/369 370/370 368/368
f 369/369 225/225 226/226
f 369/369 226/226 371/371
f 371/371 373/373 372/372
f 371/371 372/372 370/370
f 371/371 226/226 228/228
f 371/371 228/228 373/373
f 373/373 234/234 236/236
f 373/373 236/236 372/372
f 373/373 228/228 230/230
f 373/373 230/230 234/234
f 372/372 375/375 374/374
f 372/372 374/374 370/370
f 372/372 236/236 238/238
f 372/372 238/238 375/375
f 375/375 377/377 376/376
f 375/375 376/376 374/374
f 375/375 238/238 240/240
f 375/375 240/240 377/377
f 377/377 379/379 378/378
f 377/377 378/378 376/376
f 377/377 240/240 242/242
f 377/377 242/242 379/379
f 379/379 381/381 380/380
f 379/379 380/380 378/378
f 379/379 242/242 244/244
f 379/379 244/244 381/381
f 381/381 383/383 382/382
f 381/381 382/382 380/380
f 381/381 244/244 246/246
f 381/381 246/246 383/383
f 383/383 385/385 384/384
f 383/383 384/384 382/382
f 383/383 246/246 248/248
f 383/383 248/248 385/385
f 385/385 387/387 386/386
f 385/385 386/386 384/384
f 385/385 248/248 250/250
f 385/385 250/250 387/387
f 387/387 389/389 388/388
f 387/387 388/388 386/386
f 387/387 250/250 252/252
f 387/387 252/252 389/389
f 389/389 391/391 390/390
f 389/389 390/390 388/388
f 389/389 252/252 254/254
f 389/389 254/254 391/391
f 391/391 393/393 392/392
f 391/391 392/392 390/390
f 391/391 254/254 256/256
f 391/391 256/256 393/393
f 393/393 395/395 394/394
f 393/393 394/394 392/392
f 393/393 256/256 258/258
f 393/393 258/258 395/395
f 395/395 397/397 396/396
f 395/395 396/396 394/394
f 395/395 258/258 260/260
f 395/395 260/260 397/397
f 397/397 399/399 398/398
f 397/397 398/398 396/396
f 397/397 260/260 262/262
f 397/397 262/262 399/399
f 399/399 401/401 400/400
f 399/399 400/400 398/398
f 399/399 262/262 264/264
f 399/399 264/264 401/401
f 401/401 403/403 402/402
f 401/401 402/402 400/400
f 401/401 264/264 266/266
f 401/401 266/266 403/403
f 403/403 405/405 404/404
f 403/403 404/404 402/402
f 403/403 266/266 268/268
f 403/403 268/268 405/405
f 405/405 407/407 406/406
f 405/405 406/406 404/404
f 405/405 268/268 270/270
f 405/405 270/270 407/407
f 407/407 409/409 408/408
f 407/407 408/408 406/406
f 407/407 270/270 272/272
f 407/407 272/272 409/409
f 409/409 411/411 410/410
f 409/409 410/410 408/408
f 409/409 272/272 274/274
f 409/409 274/274 411/411
f 411/411 413/413 412/412
f 411/411 412/412 410/410
f 411/411 274/274 276/276
f 411/411 276/276 413/413
f 413/413 415/415 414/414
f 413/413 414/414 412/412
f 413/413 276/276 278/278
f 413/413 278/278 415/415
f 415/415 417/417 416/416
f 415/415 416/416 414/414
f 415/415 278/278 280/280
f 415/415 280/280 417/417
f 417/417 419/419 418/418
f 417/417 418/418 416/416
f 417/417 280/280 282/282
f 417/417 282/282 419/419
f 419/419 421/421 420/420
f 419/419 420/420 418/418
f 419/419 282/282 284/284
f 419/419 284/284 421/421
f 421/421 423/423 422/422
f 421/421 422/422 420/420
f 421/421 284/284 286/286
f 421/421 286/286 423/423
f 423/423 425/425 424/424
f 423/423 424/424 422/422
f 423/423 286/286 288/288
f 423/423 288/288 425/425
f 425/425 427/427 426/426
f 425/425 426/426 424/424
f 425/425 288/288 290/290
f 425/425 290/290 427/427
f 427/427 429/429 428/428
f 427/427 428/428 426/426
f 427/427 290/290 292/292
f 427/427 292/292 429/429
f 429/429 431/431 430/430
f 429/429 430/430 428/428
f 429/429 292/292 294/294
f 429/429 294/294 431/431
f 431/431 433/433 432/432
f 431/431 432/432 430/430
f 431/431 294/294 296/296
f 431/431 296/296 433/433
f 433/433 435/435 434/434
f 433/433 434/434 432/432
f 433/433 296/296 298/298
f 433/433 298/298 435/435
f 435/435 437/437 436/436
f 435/435 436/436 434/434
f 435/435 298/298 300/300
f 435/435 300/300 437/437
f 437/437 439/439 438/438
f 437/437 438/438 436/436
f 437/437 300/300 302/302
f 437/437 302/302 439/439
f 439/439 441/441 440/440
f 439/439 440/440 438/438
f 439/439 302/302 304/304
f 439/439 304/304 441/441
f 441/441 443/443 442/442
f 441/441 442/442 440/440
f 441/441 304/304 306/306
f 441/441 306/306 443/443
f 443/443 445/445 444/444
f 443/443 444/444 442/442
f 443/443 306/306 308/308
f 443/443 308/308 445/445
f 445/445 447/447 446/446
f 445/445 446/446 444/444
f 445/445 308/308 310/310
f 445/445 310/310 447/447
f 447/447 449/449 448/448
f 447/447 448/448 446/446
f 447/447 310/310 312/312
f 447/447 312/312 449/449
f 449/449 451/451 450/450
f 449/449 450/450 448/448
f 449/449 312/312 314/314
f 449/449 314/314 451/451
f 451/451 453/453 452/452
f 451/451 452/452 450/450
f 451/451 314/314 316/316
f 451/451 316/316 453/453
f 453/453 455/455 454/454
f 453/453 454/454 452/452
f 453/453 316/316 318/318
f 453/453 318/318 455/455
f 455/455 457/457 456/456
f 455/455 456/456 454/454
f 455/455 318/318 320/320
f 455/455 320/320 457/457
f 457/457 459/459 458/458
f 457/457 458/458 456/456
f 457/457 320/320 322/322
f 457/457 322/322 459/459
f 459/459 461/461 460/460
f 459/459 460/460 458/458
f 459/459 322/322 324/324
f 459/459 324/324 461/461
f 461/461 463/463 462/462
f 461/461 462/462 460/460
f 461/461 324/324 326/326
f 461/461 326/326 463/463
f 463/463 465/465 464/464
f 463/463 464/464 462/462
f 463/463 326/326 328/328
f 463/463 328/328 465/465
f 465/465 467/467 466/466
f 465/465 466/466 464/464
f 465/465 328/328 330/330
f 465/465 330/330 467/467
f 467/467 469/469 468/468
f 467/467 468/468 466/466
f 467/467 330/330 332/332
f 467/467 332/332 469/469
f 469/469 471/471 470/470
f 469/469 470/470 468/468
f 469/469 332/332 334/334
f 469/469 334/334 471/471
f 471/471 472/472 4/4
f 471/471 4/4 470/470
f 471/471 334/334 336/336
f 471/471 336/336 472/472
f 470/470 474/474 473/473
f 470/470 473/473 468/468
f 470/470 4/4 1/1
f 470/470 1/1 474/474
f 474/474 476/476 475/475
f 474/474 475/475 473/473
f 474/474 1/1 477/477
f 474/474 477/477 476/476
f 477/477 479/479 478/478
f 477/477 478/478 476/476
f 477/477 481/481 480/480
f 477/477 480/480 479/479
f 477/477 1/1 2/2
f 477/477 2/2 481/481
f 481/481 483/483 482/482
f 481/481 482/482 480/480
f 481/481 2/2 484/484
f 481/481 484/484 483/483
f 484/484 2/2 3/3
f 484/484 3/3 485/485
f 484/484 487/487 486/486
f 484/484 486/486 483/483
f 484/484 485/485 348/348
f 484/484 348/348 487/487
f 487/487 350/350 352/352
f 487/487 352/352 486/486
f 487/487 348/348 349/349
f 487/487 349/349 350/350
f 486/486 488/488 482/482
f 486/486 482/482 483/483
f 486/486 352/352 354/354
f 486/486 354/354 488/488
f 488/488 490/490 489/489
f 488/488 489/489 482/482
f 488/488 354/354 491/491
f 488/488 491/491 490/490
f 491/491 493/493 492/492
f 491/491 492/492 490/490
f 491/491 357/357 494/494
f 491/491 494/494 493/493
f 491/491 354/354 355/355
f 491/491 355/355 357/357
f 494/494 496/496 495/495
f 494/494 495/495 493/493
f 494/494 360/360 497/497
f 494/494 497/497 496/496
f 494/494 357/357 358/358
f 494/494 358/358 360/360
f 497/497 499/499 498/498
f 497/497 498/498 496/496
f 497/497 363/363 500/500
f 497/497 500/500 499/499
f 497/497 360/360 361/361
f 497/497 361/361 363/363
f 500/500 502/502 501/501
f 500/500 501/501 499/499
f 500/500 366/366 503/503
f 500/500 503/503 502/502
f 500/500 363/363 364/364
f 500/500 364/364 366/366
f 503/503 505/505 504/504
f 503/503 504/504 502/502
f 503/503 507/507 506/506
f 503/503 506/506 505/505
f 503/503 366/366 367/367
f 503/503 367/367 507/507
f 507/507 509/509 508/508
f 507/507 508/508 506/506
f 507/507 367/367 368/368
f 507/507 368/368 509/509
f 509/509 374/374 376/376
f 509/509 376/376 508/508
f 509/509 368/368 370/370
f 509/509 370/370 374/374
f 508/508 511/511 510/510
f 508/508 510/510 506/506
f 508/508 376/376 378/378
f 508/508 378/378 511/511
f 511/511 513/513 512/512
f 511/511 512/512 510/510
f 511/511 378/378 380/380
f 511/511 380/380 513/513
f 513/513 515/515 514/514
f 513/513 514/514 512/512
f 513/513 380/380 382/382
f 513/513 382/382 515/515
f 515/515 517/517 516/516
f 515/515 516/516 514/514
f 515/515 382/382 384/384
f 515/515 384/384 517/517
f 517/517 519/519 518/518
f 517/517 518/518 516/516
f 517/517 384/384 386/386
f 517/517 386/386 519/519
f 519/519 521/521 520/520
f 519/519 520/520 518/518
f 519/519 386/386 388/388
f 519/519 388/388 521/521
f 521/521 523/523 522/522
f 521/521 522/522 520/520
f 521/521 388/388 390/390
f 521/521 390/390 523/523
f 523/523 525/525 524/524
f 523/523 524/524 522/522
f 523/523 390/390 392/392
f 523/523 392/392 525/525
f 525/525 527/527 526/526
f 525/525 526/526 524/524
f 525/525 392/392 394/394
f 525/525 394/394 527/527
f 527/527 529/529 528/528
f 527/527 528/528 526/526
f 527/527 394/394 396/396
f 527/527 396/396 529/529
f 529/529 531/531 530/530
f 529/529 530/530 528/528
f 529/529 396/396 398/398
f 529/529 398/398 531/531
f 531/531 533/533 532/532
f 531/531 532/532 530/530
f 531/531 398/398 400/400
f 531/531 400/400 533/533
f 533/533 535/535 534/534
f 533/533 534/534 532/532
f 533/533 400/400 402/402
f 533/533 402/402 535/535
f 535/535 537/537 536/536
f 535/535 536/536 534/534
f 535/535 402/402 404/404
f 535/535 404/404 537/537
f 537/537 539/539 538/538
f 537/537 538/538 536/536
f 537/537 404/404 406/406
f 537/537 406/406 539/539
f 539/539 541/541 540/540
f 539/539 540/540 538/538
f 539/539 406/406 408/408
f 539/539 408/408 541/541
f 541/541 543/543 542/542
f 541/541 542/542 540/540
f 541/541 408/408 410/410
f 541/541 410/410 543/543
f 543/543 545/545 544/544
f 543/543 544/544 542/542
f 543/543 410/410 412/412
f 543/543 412/412 545/545
f 545/545 547/547 546/546
f 545/545 546/546 544/544
f 545/545 412/412 414/414
f 545/545 414/414 547/547
f 547/547 549/549 548/548
f 547/547 548/548 546/546
f 547/547 414/414 416/416
f 547/547 416/416 549/549
f 549/549 551/551 550/550
f 549/549 550/550 548/548
f 549/549 416/416 418/418
f 549/549 418/418 551/551
f 551/551 553/553 552/552
f 551/551 552/552 550/550
f 551/551 418/418 420/420
f 551/551 420/420 553/553
f 553/553 555/555 554/554
f 553/553 554/554 552/552
f 553/553 420/420 422/422
f 553/553 422/422 555/555
f 555/555 557/557 556/556
f 555/555 556/556 554/554
f 555/555 422/422 424/424
f 555/555 424/424 557/557
f 557/557 559/559 558/558
f 557/557 558/558 556/556
f 557/557 424/424 426/426
f 557/557 426/426 559/559
f 559/559 561/561 560/560
f 559/559 560/560 558/558
f 559/559 426/426 428/428
f 559/559 428/428 561/561
f 561/561 563/563 562/562
f 561/561 562/562 560/560
f 561/561 428/428 430/430
f 561/561 430/430 563/563
f 563/563 565/565 564/564
f 563/563 564/564 562/562
f 563/563 430/430 432/432
f 563/563 432/432 565/565
f 565/565 567/567 566/566
f 565/565 566/566 564/564
f 565/565 432/432 434/434
f 565/565 434/434 567/567
f 567/567 569/569 568/568
f 567/567 568/568 566/566
f 567/567 434/434 436/436
f 567/567 436/436 569/569
f 569/569 571/571 570/570
f 569/569 570/570 568/568
f 569/569 436/436 438/438
f 569/569 438/438 571/571
f 571/571 573/573 572/572
f 571/571 572/572 570/570
f 571/571 438/438 440/440
f 571/571 440/440 573/573
f 573/573 575/575 574/574
f 573/573 574/574 572/572
f 573/573 440/440 442/442
f 573/573 442/442 575/575
f 575/575 577/577 576/576
f 575/575 576/576 574/574
f 575/575 442/442 444/444
f 575/575 444/444 577/577
f 577/577 579/579 578/578
f 577/577 578/578 576/576
f 577/577 444/444 446/446
f 577/577 446/446 579/579
f 579/579 581/581 580/580
f 579/579 580/580 578/578
f 579/579 446/446 448/448
f 579/579 448/448 581/581
f 581/581 583/583 582/582
f 581/581 582/582 580/580
f 581/581 448/448 450/450
f 581/581 450/450 583/583
f 583/583 585/585 584/584
f 583/583 584/584 582/582
f 583/583 450/450 452/452
f 583/583 452/452 585/585
f 585/585 587/587 586/586
f 585/585 586/586 584/584
f 585/585 452/452 454/454
f 585/585 454/454 587/587
f 587/587 589/589 588/588
f 587/587 588/588 586/586
f 587/587 454/454 456/456
f 587/587 456/456 589/589
f 589/589 591/591 590/590
f 589/589 590/590 588/588
f 589/589 456/456 458/458
f 589/589 458/458 591/591
f 591/591 593/593 592/592
f 591/591 592/592 590/590
f 591/591 458/458 460/460
f 591/591 460/460 593/593
f 593/593 595/595 594/594
f 593/593 594/594 592/592
f 593/593 460/460 462/462
f 593/593 462/462 595/595
f 595/595 597/597 596/596
f 595/595 596/596 594/594
f 595/595 462/462 464/464
f 595/595 464/464 597/597
f 597/597 599/599 598/598
f 597/597 598/598 596/596
f 597/597 464/464 466/466
f 597/597 466/466 599/599
f 599/599 473/473 475/475
f 599/599 475/475 598/598
f 599/599 466/466 468/468
f 599/599 468/468 473/473
f 598/598 601/601 600/600
f 598/598 600/600 596/596
f 598/598 475/475 602/602
f 598/598 602/602 601/601
f 602/602 604/604 603/603
f 602/602 603/603 601/601
f 602/602 478/478 605/605
f 602/602 605/605 604/604
f 602/602 475/475 476/476
f 602/602 476/476 478/478
f 605/605 607/607 606/606
f 605/605 606/606 604/604
f 605/605 609/609 608/608
f 605/605 608/608 607/607
f 605/605 478/478 479/479
f 605/605 479/479 609/609
f 609/609 611/611 610/610
f 609/609 610/610 608/608
f 609/609 479/479 480/480
f 609/609 480/480 611/611
f 611/611 489/489 612/612
f 611/611 612/612 610/610
f 611/611 480/480 482/482
f 611/611 482/482 489/489
f 612/612 614/614 613/613
f 612/612 613/613 610/610
f 612/612 492/492 615/615
f 612/612 615/615 614/614
f 612/612 489/489 490/490
f 612/612 490/490 492/492
f 615/615 617/617 616/616
f 615/615 616/616 614/614
f 615/615 495/495 618/618
f 615/615 618/618 617/617
f 615/615 492/492 493/493
f 615/615 493/493 495/495
f 618/618 620/620 619/619
f 618/618 619/619 617/617
f 618/618 498/498 621/621
f 618/618 621/621 620/620
f 618/618 495/495 496/496
f 618/618 496/496 498/498
f 621/621 623/623 622/622
f 621/621 622/622 620/620
f 621/621 501/501 624/624
f 621/621 624/624 623/623
f 621/621 498/498 499/499
f 621/621 499/499 501/501
f 624/624 626/626 625/625
f 624/624 625/625 623/623
f 624/624 504/504 627/627
f 624/624 627/627 626/626
f 624/624 501/501 502/502
f 624/624 502/502 504/504
f 627/627 629/629 628/628
f 627/627 628/628 626/626
f 627/627 631/631 630/630
f 627/627 630/630 629/629
f 627/627 504/504 505/505
f 627/627 505/505 631/631
f 631/631 510/510 512/512
f 631/631 512/512 630/630
f 631/631 505/505 506/506
f 631/631 506/506 510/510
f 630/630 633/633 632/632
f 630/630 632/632 629/629
f 630/630 512/512 514/514
f 630/630 514/514 633/633
f 633/633 635/635 634/634
f 633/633 634/634 632/632
f 633/633 514/514 516/516
f 633/633 516/516 635/635
f 635/635 637/637 636/636
f 635/635 636/636 634/634
f 635/635 516/516 518/518
f 635/635 518/518 637/637
f 637/637 639/639 638/638
f 637/637 638/638 636/636
f 637/637 518/518 520/520
f 637/637 520/520 639/639
f 639/639 641/641 640/640
f 639/639 640/640 638/638
f 639/639 520/520 522/522
f 639/639 522/522 641/641
f 641/641 643/643 642/642
f 641/641 642/642 640/640
f 641/641 522/522 524/524
f 641/641 524/524 643/643
f 643/643 645/645 644/644
f 643/643 644/644 642/642
f 643/643 524/524 526/526
f 643/643 526/526 645/645
f 645/645 647/647 646/646
f 645/645 646/646 644/644
f 645/645 526/526 528/528
f 645/645 528/528 647/647
f 647/647 649/649 648/648
f 647/647 648/648 646/646
f 647/647 528/528 530/530
f 647/647 530/530 649/649
f 649/649 651/651 650/650
f 649/649 650/650 648/648
f 649/649 530/530 532/532
f 649/649 532/532 651/651
f 651/651 653/653 652/652
f 651/651 652/652 650/650
f 651/651 532/532 534/534
f 651/651 534/534 653/653
f 653/653 655/655 654/654
f 653/653 654/654 652/652
f 653/653 534/534 536/536
f 653/653 536/536 655/655
f 655/655 657/657 656/656
f 655/655 656/656 654/654
f 655/655 536/536 538/538
f 655/655 538/538 657/657
f 657/657 659/659 658/658
f 657/657 658/658 656/656
f 657/657 538/538 540/540
f 657/657 540/540 659/659
f 659/659 661/661 660/660
f 659/659 660/660 658/658
f 659/659 540/540 542/542
f 659/659 542/542 661/661
f 661/661 663/663 662/662
f 661/661 662/662 660/660
f 661/661 542/542 544/544
f 661/661 544/544 663/663
f 663/663 665/665 664/664
f 663/663 664/664 662/662
f 663/663 544/544 546/546
f 663/663 546/546 665/665
f 665/665 667/667 666/666
f 665/665 666/666 664/664
f 665/665 546/546 548/548
f 665/665 548/548 667/667
f 667/667 668/668 16/16
f 667/667 16/16 666/666
f 667/667 548/548 550/550
f 667/667 550/550 668/668
f 668/668 669/669 14/14
f 668/668 14/14 16/16
f 668/668 550/550 552/552
f 668/668 552/552 669/669
f 669/669 670/670 13/13
f 669/669 13/13 14/14
f 669/669 552/552 554/554
f 669/669 554/554 670/670
f 670/670 672/672 671/671
f 670/670 671/671 13/13
f 670/670 554/554 556/556
f 670/670 556/556 672/672
f 672/672 674/674 673/673
f 672/672 673/673 671/671
f 672/672 556/556 558/558
f 672/672 558/558 674/674
f 674/674 676/676 675/675
f 674/674 675/675 673/673
f 674/674 558/558 560/560
f 674/674 560/560 676/676
f 676/676 678/678 677/677
f 676/676 677/677 675/675
f 676/676 560/560 562/562
f 676/676 562/562 678/678
f 678/678 680/680 679/679
f 678/678 679/679 677/677
f 678/678 562/562 564/564
f 678/678 564/564 680/680
f 680/680 682/682 681/681
f 680/680 681/681 679/679
f 680/680 564/564 566/566
f 680/680 566/566 682/682
f 682/682 684/684 683/683
f 682/682 683/683 681/681
f 682/682 566/566 568/568
f 682/682 568/568 684/684
f 684/684 9/9 10/10
f 684/684 10/10 683/683
f 684/684 568/568 570/570
f 684/684 570/570 9/9
f 683/683 10/10 11/11
f 683/683 11/11 685/685
f 683/683 685/685 686/686
f 683/683 686/686 681/681
f 686/686 687/687 679/679
f 686/686 679/679 681/681
f 686/686 689/689 688/688
f 686/686 688/688 687/687
f 686/686 685/685 690/690
f 686/686 690/690 689/689
f 690/690 685/685 11/11
f 690/690 11/11 691/691
f 690/690 693/693 692/692
f 690/690 692/692 689/689
f 690/690 691/691 694/694
f 690/690 694/694 693/693
f 694/694 691/691 696/696
f 694/694 696/696 695/695
f 694/694 698/698 697/697
f 694/694 697/697 693/693
f 694/694 695/695 699/699
f 694/694 699/699 698/698
f 699/699 695/695 701/701
f 699/699 701/701 700/700
f 699/699 703/703 702/702
f 699/699 702/702 698/698
f 699/699 700/700 704/704
f 699/699 704/704 703/703
f 704/704 700/700 580/580
f 704/704 580/580 582/582
f 704/704 706/706 705/705
f 704/704 705/705 703/703
f 704/704 582/582 584/584
f 704/704 584/584 706/706
f 706/706 708/708 707/707
f 706/706 707/707 705/705
f 706/706 584/584 586/586
f 706/706 586/586 708/708
f 708/708 710/710 709/709
f 708/708 709/709 707/707
f 708/708 586/586 588/588
f 708/708 588/588 710/710
f 710/710 712/712 711/711
f 710/710 711/711 709/709
f 710/710 588/588 590/590
f 710/710 590/590 712/712
f 712/712 714/714 713/713
f 712/712 713/713 711/711
f 712/712 590/590 592/592
f 712/712 592/592 714/714
f 714/714 716/716 715/715
f 714/714 715/715 713/713
f 714/714 592/592 594/594
f 714/714 594/594 716/716
f 716/716 600/600 717/717
f 716/716 717/717 715/715
f 716/716 594/594 596/596
f 716/716 596/596 600/600
f 717/717 719/719 718/718
f 717/717 718/718 715/715
f 717/717 603/603 720/720
f 717/717 720/720 719/719
f 717/717 600/600 601/601
f 717/717 601/601 603/603
f 720/720 722/722 721/721
f 720/720 721/721 719/719
f 720/720 606/606 723/723
f 720/720 723/723 722/722
f 720/720 603/603 604/604
f 720/720 604/604 606/606
f 723/723 725/725 724/724
f 723/723 724/724 722/722
f 723/723 727/727 726/726
f 723/723 726/726 725/725
f 723/723 606/606 607/607
f 723/723 607/607 727/727
f 727/727 729/729 728/728
f 727/727 728/728 726/726
f 727/727 607/607 608/608
f 727/727 608/608 729/729
f 729/729 613/613 730/730
f 729/729 730/730 728/728
f 729/729 608/608 610/610
f 729/729 610/610 613/613
f 730/730 732/732 731/731
f 730/730 731/731 728/728
f 730/730 616/616 733/733
f 730/730 733/733 732/732
f 730/730 613/613 614/614
f 730/730 614/614 616/616
f 733/733 735/735 734/734
f 733/733 734/734 732/732
f 733/733 619/619 736/736
f 733/733 736/736 735/735
f 733/733 616/616 617/617
f 733/733 617/617 619/619
f 736/736 738/738 737/737
f 736/736 737/737 735/735
f 736/736 622/622 739/739
f 736/736 739/739 738/738
f 736/736 619/619 620/620
f 736/736 620/620 622/622
f 739/739 23/23 24/24
f 739/739 24/24 738/738
f 739/739 625/625 25/25
f 739/739 25/25 23/23
f 739/739 622/622 623/623
f 739/739 623/623 625/625
f 738/738 24/24 740/740
f 738/738 740/740 737/737
f 740/740 742/742 741/741
f 740/740 741/741 737/737
f 740/740 744/744 743/743
f 740/740 743/743 742/742
f 740/740 24/24 19/19
f 740/740 19/19 744/744
f 744/744 746/746 745/745
f 744/744 745/745 743/743
f 744/744 19/19 20/20
f 744/744 20/20 746/746
f 746/746 748/748 747/747
f 746/746 747/747 745/745
f 746/746 20/20 749/749
f 746/746 749/749 748/748
f 749/749 634/634 636/636
f 749/749 636/636 748/748
f 749/749 750/750 632/632
f 749/749 632/632 634/634
f 749/749 20/20 21/21
f 749/749 21/21 750/750
f 750/750 628/628 629/629
f 750/750 629/629 632/632
f 750/750 21/21 25/25
f 750/750 25/25 628/628
f 748/748 636/636 638/638
f 748/748 638/638 747/747
f 747/747 752/752 751/751
f 747/747 751/751 745/745
f 747/747 638/638 640/640
f 747/747 640/640 752/752
f 752/752 754/754 753/753
f 752/752 753/753 751/751
f 752/752 640/640 642/642
f 752/752 642/642 754/754
f 754/754 756/756 755/755
f 754/754 755/755 753/753
f 754/754 642/642 644/644
f 754/754 644/644 756/756
f 756/756 758/758 757/757
f 756/756 757/757 755/755
f 756/756 644/644 646/646
f 756/756 646/646 758/758
f 758/758 760/760 759/759
f 758/758 759/759 757/757
f 758/758 646/646 648/648
f 758/758 648/648 760/760
f 760/760 762/762 761/761
f 760/760 761/761 759/759
f 760/760 648/648 650/650
f 760/760 650/650 762/762
f 762/762 764/764 763/763
f 762/762 763/763 761/761
f 762/762 650/650 652/652
f 762/762 652/652 764/764
f 764/764 766/766 765/765
f 764/764 765/765 763/763
f 764/764 652/652 654/654
f 764/764 654/654 766/766
f 766/766 768/768 767/767
f 766/766 767/767 765/765
f 766/766 654/654 656/656
f 766/766 656/656 768/768
f 768/768 770/770 769/769
f 768/768 769/769 767/767
f 768/768 656/656 658/658
f 768/768 658/658 770/770
f 770/770 772/772 771/771
f 770/770 771/771 769/769
f 770/770 658/658 660/660
f 770/770 660/660 772/772
f 772/772 774/774 773/773
f 772/772 773/773 771/771
f 772/772 660/660 662/662
f 772/772 662/662 774/774
f 774/774 776/776 775/775
f 774/774 775/775 773/773
f 774/774 662/662 664/664
f 774/774 664/664 776/776
f 776/776 778/778 777/777
f 776/776 777/777 775/775
f 776/776 664/664 666/666
f 776/776 666/666 778/778
f 778/778 17/17 18/18
f 778/778 18/18 777/777
f 778/778 666/666 16/16
f 778/778 16/16 17/17
f 777/777 18/18 780/780
f 777/777 780/780 779/779
f 777/777 779/779 781/781
f 777/777 781/781 775/775
f 781/781 779/779 783/783
f 781/781 783/783 782/782
f 781/781 784/784 773/773
f 781/781 773/773 775/775
f 781/781 782/782 785/785
f 781/781 785/785 784/784
f 785/785 782/782 787/787
f 785/785 787/787 786/786
f 785/785 789/789 788/788
f 785/785 788/788 784/784
f 785/785 786/786 790/790
f 785/785 790/790 789/789
f 790/790 786/786 792/792
f 790/790 792/792 791/791
f 790/790 794/794 793/793
f 790/790 793/793 789/789
f 790/790 791/791 795/795
f 790/790 795/795 794/794
f 795/795 791/791 797/797
f 795/795 797/797 796/796
f 795/795 799/799 798/798
f 795/795 798/798 794/794
f 795/795 796/796 800/800
f 795/795 800/800 799/799
f 800/800 796/796 802/802
f 800/800 802/802 801/801
f 800/800 804/804 803/803
f 800/800 803/803 799/799
f 800/800 801/801 805/805
f 800/800 805/805 804/804
f 805/805 801/801 807/807
f 805/805 807/807 806/806
f 805/805 809/809 808/808
f 805/805 808/808 804/804
f 805/805 806/806 810/810
f 805/805 810/810 809/809
f 810/810 806/806 812/812
f 810/810 812/812 811/811
f 810/810 814/814 813/813
f 810/810 813/813 809/809
f 810/810 811/811 718/718
f 810/810 718/718 814/814
f 814/814 721/721 815/815
f 814/814 815/815 813/813
f 814/814 718/718 719/719
f 814/814 719/719 721/721
f 815/815 817/817 816/816
f 815/815 816/816 813/813
f 815/815 724/724 818/818
f 815/815 818/818 817/817
f 815/815 721/721 722/722
f 815/815 722/722 724/724
f 818/818 820/820 819/819
f 818/818 819/819 817/817
f 818/818 822/822 821/821
f 818/818 821/821 820/820
f 818/818 724/724 725/725
f 818/818 725/725 822/822
f 822/822 824/824 823/823
f 822/822 823/823 821/821
f 822/822 725/725 726/726
f 822/822 726/726 824/824
f 824/824 731/731 825/825
f 824/824 825/825 823/823
f 824/824 726/726 728/728
f 824/824 728/728 731/731
f 825/825 827/827 826/826
f 825/825 826/826 823/823
f 825/825 734/734 741/741
f 825/825 741/741 827/827
f 825/825 731/731 732/732
f 825/825 732/732 734/734
f 827/827 829/829 828/828
f 827/827 828/828 826/826
f 827/827 741/741 742/742
f 827/827 742/742 829/829
f 829/829 831/831 830/830
f 829/829 830/830 828/828
f 829/829 742/742 743/743
f 829/829 743/743 831/831
f 831/831 751/751 753/753
f 831/831 753/753 830/830
f 831/831 743/743 745/745
f 831/831 745/745 751/751
f 830/830 833/833 832/832
f 830/830 832/832 828/828
f 830/830 753/753 755/755
f 830/830 755/755 833/833
f 833/833 835/835 834/834
f 833/833 834/834 832/832
f 833/833 755/755 757/757
f 833/833 757/757 835/835
f 835/835 837/837 836/836
f 835/835 836/836 834/834
f 835/835 757/757 759/759
f 835/835 759/759 837/837
f 837/837 839/839 838/838
f 837/837 838/838 836/836
f 837/837 759/759 761/761
f 837/837 761/761 839/839
f 839/839 841/841 840/840
f 839/839 840/840 838/838
f 839/839 761/761 763/763
f 839/839 763/763 841/841
f 841/841 843/843 842/842
f 841/841 842/842 840/840
f 841/841 763/763 765/765
f 841/841 765/765 843/843
f 843/843 845/845 844/844
f 843/843 844/844 842/842
f 843/843 765/765 767/767
f 843/843 767/767 845/845
f 845/845 846/846 793/793
f 845/845 793/793 844/844
f 845/845 767/767 769/769
f 845/845 769/769 846/846
f 846/846 788/788 789/789
f 846/846 789/789 793/793
f 846/846 769/769 771/771
f 846/846 771/771 788/788
f 844/844 793/793 794/794
f 844/844 794/794 798/798
f 844/844 798/798 847/847
f 844/844 847/847 842/842
f 847/847 798/798 799/799
f 847/847 799/799 803/803
f 847/847 848/848 840/840
f 847/847 840/840 842/842
f 847/847 803/803 849/849
f 847/847 849/849 848/848
f 849/849 803/803 804/804
f 849/849 804/804 808/808
f 849/849 851/851 850/850
f 849/849 850/850 848/848
f 849/849 808/808 816/816
f 849/849 816/816 851/851
f 851/851 819/819 852/852
f 851/851 852/852 850/850
f 851/851 816/816 817/817
f 851/851 817/817 819/819
f 852/852 836/836 838/838
f 852/852 838/838 850/850
f 852/852 853/853 834/834
f 852/852 834/834 836/836
f 852/852 819/819 820/820
f 852/852 820/820 853/853
f 853/853 854/854 832/832
f 853/853 832/832 834/834
f 853/853 820/820 821/821
f 853/853 821/821 854/854
f 854/854 826/826 828/828
f 854/854 828/828 832/832
f 854/854 821/821 823/823
f 854/854 823/823 826/826
f 850/850 838/838 840/840
f 850/850 840/840 848/848
f 816/816 808/808 809/809
f 816/816 809/809 813/813
f 812/812 855/855 709/709
f 812/812 709/709 711/711
f 812/812 806/806 807/807
f 812/812 807/807 855/855
f 812/812 711/711 713/713
f 812/812 713/713 811/811
f 855/855 856/856 707/707
f 855/855 707/707 709/709
f 855/855 807/807 857/857
f 855/855 857/857 856/856
f 857/857 859/859 858/858
f 857/857 858/858 856/856
f 857/857 802/802 860/860
f 857/857 860/860 859/859
f 857/857 807/807 801/801
f 857/857 801/801 802/802
f 860/860 862/862 861/861
f 860/860 861/861 859/859
f 860/860 797/797 863/863
f 860/860 863/863 862/862
f 860/860 802/802 796/796
f 860/860 796/796 797/797
f 863/863 865/865 864/864
f 863/863 864/864 862/862
f 863/863 792/792 866/866
f 863/863 866/866 865/865
f 863/863 797/797 791/791
f 863/863 791/791 792/792
f 866/866 868/868 867/867
f 866/866 867/867 865/865
f 866/866 787/787 869/869
f 866/866 869/869 868/868
f 866/866 792/792 786/786
f 866/866 786/786 787/787
f 869/869 871/871 870/870
f 869/869 870/870 868/868
f 869/869 783/783 872/872
f 869/869 872/872 871/871
f 869/869 787/787 782/782
f 869/869 782/782 783/783
f 872/872 874/874 873/873
f 872/872 873/873 871/871
f 872/872 780/780 875/875
f 872/872 875/875 874/874
f 872/872 783/783 779/779
f 872/872 779/779 780/780
f 875/875 671/671 673/673
f 875/875 673/673 874/874
f 875/875 12/12 13/13
f 875/875 13/13 671/671
f 875/875 780/780 18/18
f 875/875 18/18 12/12
f 874/874 673/673 675/675
f 874/874 675/675 873/873
f 873/873 876/876 870/870
f 873/873 870/870 871/871
f 873/873 675/675 677/677
f 873/873 677/677 876/876
f 876/876 687/687 688/688
f 876/876 688/688 870/870
f 876/876 677/677 679/679
f 876/876 679/679 687/687
f 870/870 688/688 867/867
f 870/870 867/867 868/868
f 867/867 688/688 689/689
f 867/867 689/689 692/692
f 867/867 692/692 864/864
f 867/867 864/864 865/865
f 864/864 692/692 693/693
f 864/864 693/693 697/697
f 864/864 697/697 861/861
f 864/864 861/861 862/862
f 861/861 697/697 698/698
f 861/861 698/698 702/702
f 861/861 702/702 858/858
f 861/861 858/858 859/859
f 858/858 702/702 703/703
f 858/858 703/703 705/705
f 858/858 705/705 707/707
f 858/858 707/707 856/856
f 811/811 713/713 715/715
f 811/811 715/715 718/718
f 788/788 771/771 773/773
f 788/788 773/773 784/784
f 741/741 734/734 735/735
f 741/741 735/735 737/737
f 701/701 877/877 576/576
f 701/701 576/576 578/578
f 701/701 695/695 696/696
f 701/701 696/696 877/877
f 701/701 578/578 580/580
f 701/701 580/580 700/700
f 877/877 6/6 574/574
f 877/877 574/574 576/576
f 877/877 696/696 5/5
f 877/877 5/5 6/6
f 696/696 691/691 11/11
f 696/696 11/11 5/5
f 628/628 25/25 625/625
f 628/628 625/625 626/626
f 574/574 6/6 7/7
f 574/574 7/7 572/572
f 572/572 7/7 9/9
f 572/572 9/9 570/570
f 485/485 3/3 879/879
f 485/485 879/879 878/878
f 346/346 348/348 485/485
f 346/346 485/485 878/878
f 879/879 472/472 336/336
f 879/879 336/336 338/338
f 879/879 338/338 340/340
f 879/879 340/340 878/878
f 878/878 340/340 342/342
f 878/878 342/342 346/346
f 82/82 75/75 76/76
f 82/82 76/76 78/78
f 4/4 472/472 879/879
f 4/4 879/879 3/3
f 883/883 882/882 881/881
f 883/883 881/881 880/880
f 887/887 886/886 885/885
f 887/887 885/885 884/884
f 887/887 884/884 889/889
f 887/887 889/889 888/888
f 887/887 888/888 890/890
f 887/887 890/890 886/886
f 894/894 893/893 892/892
f 894/894 892/892 891/891
f 894/894 891/891 896/896
f 894/894 896/896 895/895
f 894/894 895/895 897/897
f 894/894 897/897 893/893
f 901/901 900/900 899/899
f 901/901 899/899 898/898
f 901/901 903/903 902/902
f 901/901 902/902 900/900
f 901/901 898/898 904/904
f 901/901 904/904 903/903
f 908/908 907/907 906/906
f 908/908 906/906 905/905
f 908/908 909/909 907/907
f 909/909 908/908 911/911
f 909/909 911/911 910/910
f 909/909 910/910 913/913
f 909/909 913/913 912/912
f 909/909 912/912 914/914
f 909/909 914/914 907/907
f 914/914 915/915 906/906
f 914/914 906/906 907/907
f 914/914 912/912 917/917
f 914/914 917/917 916/916
f 914/914 916/916 918/918
f 914/914 918/918 915/915
f 918/918 921/921 920/920
f 918/918 920/920 919/919
f 918/918 919/919 922/922
f 918/918 922/922 915/915
f 918/918 916/916 923/923
f 918/918 923/923 921/921
f 923/923 916/916 917/917
f 923/923 917/917 924/924
f 923/923 924/924 46/46
f 923/923 46/46 47/47
f 923/923 47/47 48/48
f 923/923 48/48 921/921
f 48/48 49/49 920/920
f 48/48 920/920 921/921
f 49/49 50/50 925/925
f 49/49 925/925 920/920
f 925/925 50/50 52/52
f 925/925 52/52 926/926
f 925/925 926/926 928/928
f 925/925 928/928 927/927
f 925/925 927/927 919/919
f 925/925 919/919 920/920
f 927/927 928/928 930/930
f 927/927 930/930 929/929
f 927/927 929/929 922/922
f 927/927 922/922 919/919
f 929/929 930/930 932/932
f 929/929 932/932 931/931
f 929/929 931/931 933/933
f 929/929 933/933 922/922
f 931/931 935/935 934/934
f 931/931 934/934 933/933
f 933/933 934/934 905/905
f 933/933 905/905 906/906
f 933/933 906/906 915/915
f 933/933 915/915 922/922
f 934/934 935/935 937/937
f 934/934 937/937 936/936
f 934/934 936/936 938/938
f 934/934 938/938 905/905
f 938/938 936/936 940/940
f 938/938 940/940 939/939
f 938/938 939/939 941/941
f 938/938 941/941 911/911
f 938/938 911/911 908/908
f 938/938 908/908 905/905
f 941/941 939/939 943/943
f 941/941 943/943 942/942
f 941/941 942/942 945/945
f 941/941 945/945 944/944
f 941/941 944/944 910/910
f 941/941 910/910 911/911
f 944/944 945/945 947/947
f 944/944 947/947 946/946
f 944/944 946/946 913/913
f 944/944 913/913 910/910
f 946/946 947/947 949/949
f 946/946 949/949 948/948
f 946/946 948/948 950/950
f 946/946 950/950 913/913
f 950/950 917/917 912/912
f 950/950 912/912 913/913
f 950/950 948/948 952/952
f 950/950 952/952 951/951
f 950/950 951/951 924/924
f 950/950 924/924 917/917
f 951/951 952/952 80/80
f 951/951 80/80 81/81
f 951/951 81/81 46/46
f 951/951 46/46 924/924
f 80/80 952/952 953/953
f 80/80 953/953 83/83
f 83/83 953/953 954/954
f 83/83 954/954 85/85
f 85/85 954/954 955/955
f 85/85 955/955 87/87
f 87/87 955/955 956/956
f 87/87 956/956 89/89
f 89/89 956/956 957/957
f 89/89 957/957 91/91
f 91/91 957/957 958/958
f 91/91 958/958 93/93
f 93/93 958/958 959/959
f 93/93 959/959 95/95
f 95/95 959/959 960/960
f 95/95 960/960 97/97
f 97/97 960/960 961/961
f 97/97 961/961 99/99
f 99/99 961/961 962/962
f 99/99 962/962 101/101
f 101/101 962/962 963/963
f 101/101 963/963 103/103
f 103/103 963/963 964/964
f 103/103 964/964 105/105
f 105/105 964/964 965/965
f 105/105 965/965 107/107
f 107/107 965/965 966/966
f 107/107 966/966 109/109
f 109/109 966/966 967/967
f 109/109 967/967 111/111
f 111/111 967/967 968/968
f 111/111 968/968 113/113
f 113/113 968/968 969/969
f 113/113 969/969 115/115
f 115/115 969/969 970/970
f 115/115 970/970 117/117
f 117/117 970/970 971/971
f 117/117 971/971 119/119
f 119/119 971/971 972/972
f 119/119 972/972 121/121
f 121/121 972/972 973/973
f 121/121 973/973 123/123
f 123/123 973/973 974/974
f 123/123 974/974 125/125
f 125/125 974/974 975/975
f 125/125 975/975 127/127
f 127/127 975/975 976/976
f 127/127 976/976 129/129
f 129/129 976/976 977/977
f 129/129 977/977 131/131
f 131/131 977/977 978/978
f 131/131 978/978 133/133
f 133/133 978/978 979/979
f 133/133 979/979 135/135
f 135/135 979/979 980/980
f 135/135 980/980 137/137
f 137/137 980/980 981/981
f 137/137 981/981 139/139
f 139/139 981/981 982/982
f 139/139 982/982 141/141
f 141/141 982/982 983/983
f 141/141 983/983 143/143
f 143/143 983/983 984/984
f 143/143 984/984 145/145
f 145/145 984/984 985/985
f 145/145 985/985 147/147
f 147/147 985/985 986/986
f 147/147 986/986 149/149
f 149/149 986/986 987/987
f 149/149 987/987 151/151
f 151/151 987/987 988/988
f 151/151 988/988 153/153
f 153/153 988/988 989/989
f 153/153 989/989 155/155
f 155/155 989/989 990/990
f 155/155 990/990 157/157
f 157/157 990/990 991/991
f 157/157 991/991 159/159
f 159/159 991/991 992/992
f 159/159 992/992 161/161
f 161/161 992/992 993/993
f 161/161 993/993 163/163
f 163/163 993/993 994/994
f 163/163 994/994 165/165
f 165/165 994/994 995/995
f 165/165 995/995 167/167
f 167/167 995/995 996/996
f 167/167 996/996 169/169
f 169/169 996/996 997/997
f 169/169 997/997 171/171
f 171/171 997/997 998/998
f 171/171 998/998 173/173
f 173/173 998/998 999/999
f 173/173 999/999 175/175
f 175/175 999/999 1000/1000
f 175/175 1000/1000 177/177
f 177/177 1000/1000 1001/1001
f 177/177 1001/1001 179/179
f 179/179 1001/1001 1002/1002
f 179/179 1002/1002 181/181
f 181/181 1002/1002 1003/1003
f 181/181 1003/1003 183/183
f 183/183 1003/1003 1004/1004
f 183/183 1004/1004 185/185
f 185/185 1004/1004 1005/1005
f 185/185 1005/1005 187/187
f 187/187 1005/1005 1006/1006
f 187/187 1006/1006 189/189
f 189/189 1006/1006 1007/1007
f 189/189 1007/1007 191/191
f 191/191 1007/1007 1008/1008
f 191/191 1008/1008 193/193
f 193/193 1008/1008 1009/1009
f 193/193 1009/1009 195/195
f 195/195 1009/1009 1010/1010
f 195/195 1010/1010 197/197
f 197/197 1010/1010 1011/1011
f 197/197 1011/1011 199/199
f 199/199 1011/1011 1012/1012
f 199/199 1012/1012 201/201
f 201/201 1012/1012 1013/1013
f 201/201 1013/1013 203/203
f 203/203 1013/1013 926/926
f 203/203 926/926 52/52
f 1013/1013 1012/1012 1015/1015
f 1013/1013 1015/1015 1014/1014
f 1013/1013 1014/1014 928/928
f 1013/1013 928/928 926/926
f 1014/1014 1015/1015 1017/1017
f 1014/1014 1017/1017 1016/1016
f 1014/1014 1016/1016 930/930
f 1014/1014 930/930 928/928
f 1016/1016 1017/1017 1019/1019
f 1016/1016 1019/1019 1018/1018
f 1016/1016 1018/1018 932/932
f 1016/1016 932/932 930/930
f 1019/1019 1021/1021 1020/1020
f 1019/1019 1020/1020 1018/1018
f 1018/1018 1020/1020 1022/1022
f 1018/1018 1022/1022 932/932
f 931/931 932/932 1022/1022
f 931/931 1022/1022 935/935
f 1022/1022 1020/1020 1024/1024
f 1022/1022 1024/1024 1023/1023
f 1022/1022 1023/1023 937/937
f 1022/1022 937/937 935/935
f 1023/1023 1024/1024 1026/1026
f 1023/1023 1026/1026 1025/1025
f 1023/1023 1025/1025 1027/1027
f 1023/1023 1027/1027 937/937
f 1027/1027 1025/1025 1029/1029
f 1027/1027 1029/1029 1028/1028
f 1027/1027 1028/1028 1030/1030
f 1027/1027 1030/1030 940/940
f 1027/1027 940/940 936/936
f 1027/1027 936/936 937/937
f 1030/1030 1028/1028 1032/1032
f 1030/1030 1032/1032 1031/1031
f 1030/1030 1031/1031 1033/1033
f 1030/1030 1033/1033 943/943
f 1030/1030 943/943 939/939
f 1030/1030 939/939 940/940
f 1033/1033 1031/1031 1035/1035
f 1033/1033 1035/1035 1034/1034
f 1033/1033 1034/1034 1037/1037
f 1033/1033 1037/1037 1036/1036
f 1033/1033 1036/1036 942/942
f 1033/1033 942/942 943/943
f 1036/1036 1037/1037 1039/1039
f 1036/1036 1039/1039 1038/1038
f 1036/1036 1038/1038 945/945
f 1036/1036 945/945 942/942
f 1038/1038 1039/1039 1041/1041
f 1038/1038 1041/1041 1040/1040
f 1038/1038 1040/1040 947/947
f 1038/1038 947/947 945/945
f 1040/1040 1041/1041 1043/1043
f 1040/1040 1043/1043 1042/1042
f 1040/1040 1042/1042 949/949
f 1040/1040 949/949 947/947
f 1042/1042 1043/1043 955/955
f 1042/1042 955/955 954/954
f 1042/1042 954/954 953/953
f 1042/1042 953/953 949/949
f 1043/1043 1041/1041 1045/1045
f 1043/1043 1045/1045 1044/1044
f 1043/1043 1044/1044 956/956
f 1043/1043 956/956 955/955
f 1044/1044 1045/1045 1047/1047
f 1044/1044 1047/1047 1046/1046
f 1044/1044 1046/1046 957/957
f 1044/1044 957/957 956/956
f 1046/1046 1047/1047 1049/1049
f 1046/1046 1049/1049 1048/1048
f 1046/1046 1048/1048 958/958
f 1046/1046 958/958 957/957
f 1048/1048 1049/1049 1051/1051
f 1048/1048 1051/1051 1050/1050
f 1048/1048 1050/1050 959/959
f 1048/1048 959/959 958/958
f 1050/1050 1051/1051 1053/1053
f 1050/1050 1053/1053 1052/1052
f 1050/1050 1052/1052 960/960
f 1050/1050 960/960 959/959
f 1052/1052 1053/1053 1055/1055
f 1052/1052 1055/1055 1054/1054
f 1052/1052 1054/1054 961/961
f 1052/1052 961/961 960/960
f 1054/1054 1055/1055 1057/1057
f 1054/1054 1057/1057 1056/1056
f 1054/1054 1056/1056 962/962
f 1054/1054 962/962 961/961
f 1056/1056 1057/1057 1059/1059
f 1056/1056 1059/1059 1058/1058
f 1056/1056 1058/1058 963/963
f 1056/1056 963/963 962/962
f 1058/1058 1059/1059 1061/1061
f 1058/1058 1061/1061 1060/1060
f 1058/1058 1060/1060 964/964
f 1058/1058 964/964 963/963
f 1060/1060 1061/1061 1063/1063
f 1060/1060 1063/1063 1062/1062
f 1060/1060 1062/1062 965/965
f 1060/1060 965/965 964/964
f 1062/1062 1063/1063 1065/1065
f 1062/1062 1065/1065 1064/1064
f 1062/1062 1064/1064 966/966
f 1062/1062 966/966 965/965
f 1064/1064 1065/1065 1067/1067
f 1064/1064 1067/1067 1066/1066
f 1064/1064 1066/1066 967/967
f 1064/1064 967/967 966/966
f 1066/1066 1067/1067 1069/1069
f 1066/1066 1069/1069 1068/1068
f 1066/1066 1068/1068 968/968
f 1066/1066 968/968 967/967
f 1068/1068 1069/1069 1071/1071
f 1068/1068 1071/1071 1070/1070
f 1068/1068 1070/1070 969/969
f 1068/1068 969/969 968/968
f 1070/1070 1071/1071 1073/1073
f 1070/1070 1073/1073 1072/1072
f 1070/1070 1072/1072 970/970
f 1070/1070 970/970 969/969
f 1072/1072 1073/1073 1075/1075
f 1072/1072 1075/1075 1074/1074
f 1072/1072 1074/1074 971/971
f 1072/1072 971/971 970/970
f 1074/1074 1075/1075 1077/1077
f 1074/1074 1077/1077 1076/1076
f 1074/1074 1076/1076 972/972
f 1074/1074 972/972 971/971
f 1076/1076 1077/1077 1079/1079
f 1076/1076 1079/1079 1078/1078
f 1076/1076 1078/1078 973/973
f 1076/1076 973/973 972/972
f 1078/1078 1079/1079 1081/1081
f 1078/1078 1081/1081 1080/1080
f 1078/1078 1080/1080 974/974
f 1078/1078 974/974 973/973
f 1080/1080 1081/1081 1083/1083
f 1080/1080 1083/1083 1082/1082
f 1080/1080 1082/1082 975/975
f 1080/1080 975/975 974/974
f 1082/1082 1083/1083 1085/1085
f 1082/1082 1085/1085 1084/1084
f 1082/1082 1084/1084 976/976
f 1082/1082 976/976 975/975
f 1084/1084 1085/1085 1087/1087
f 1084/1084 1087/1087 1086/1086
f 1084/1084 1086/1086 977/977
f 1084/1084 977/977 976/976
f 1086/1086 1087/1087 1089/1089
f 1086/1086 1089/1089 1088/1088
f 1086/1086 1088/1088 978/978
f 1086/1086 978/978 977/977
f 1088/1088 1089/1089 1091/1091
f 1088/1088 1091/1091 1090/1090
f 1088/1088 1090/1090 979/979
f 1088/1088 979/979 978/978
f 1090/1090 1091/1091 1093/1093
f 1090/1090 1093/1093 1092/1092
f 1090/1090 1092/1092 980/980
f 1090/1090 980/980 979/979
f 1092/1092 1093/1093 1095/1095
f 1092/1092 1095/1095 1094/1094
f 1092/1092 1094/1094 981/981
f 1092/1092 981/981 980/980
f 1094/1094 1095/1095 1097/1097
f 1094/1094 1097/1097 1096/1096
f 1094/1094 1096/1096 982/982
f 1094/1094 982/982 981/981
f 1096/1096 1097/1097 1099/1099
f 1096/1096 1099/1099 1098/1098
f 1096/1096 1098/1098 983/983
f 1096/1096 983/983 982/982
f 1098/1098 1099/1099 1101/1101
f 1098/1098 1101/1101 1100/1100
f 1098/1098 1100/1100 984/984
f 1098/1098 984/984 983/983
f 1100/1100 1101/1101 1103/1103
f 1100/1100 1103/1103 1102/1102
f 1100/1100 1102/1102 985/985
f 1100/1100 985/985 984/984
f 1102/1102 1103/1103 1105/1105
f 1102/1102 1105/1105 1104/1104
f 1102/1102 1104/1104 986/986
f 1102/1102 986/986 985/985
f 1104/1104 1105/1105 1107/1107
f 1104/1104 1107/1107 1106/1106
f 1104/1104 1106/1106 987/987
f 1104/1104 987/987 986/986
f 1106/1106 1107/1107 1109/1109
f 1106/1106 1109/1109 1108/1108
f 1106/1106 1108/1108 988/988
f 1106/1106 988/988 987/987
f 1108/1108 1109/1109 1111/1111
f 1108/1108 1111/1111 1110/1110
f 1108/1108 1110/1110 989/989
f 1108/1108 989/989 988/988
f 1110/1110 1111/1111 1113/1113
f 1110/1110 1113/1113 1112/1112
f 1110/1110 1112/1112 990/990
f 1110/1110 990/990 989/989
f 1112/1112 1113/1113 1115/1115
f 1112/1112 1115/1115 1114/1114
f 1112/1112 1114/1114 991/991
f 1112/1112 991/991 990/990
f 1114/1114 1115/1115 1117/1117
f 1114/1114 1117/1117 1116/1116
f 1114/1114 1116/1116 992/992
f 1114/1114 992/992 991/991
f 1116/1116 1117/1117 1119/1119
f 1116/1116 1119/1119 1118/1118
f 1116/1116 1118/1118 993/993
f 1116/1116 993/993 992/992
f 1118/1118 1119/1119 1121/1121
f 1118/1118 1121/1121 1120/1120
f 1118/1118 1120/1120 994/994
f 1118/1118 994/994 993/993
f 1120/1120 1121/1121 1123/1123
f 1120/1120 1123/1123 1122/1122
f 1120/1120 1122/1122 995/995
f 1120/1120 995/995 994/994
f 1122/1122 1123/1123 1125/1125
f 1122/1122 1125/1125 1124/1124
f 1122/1122 1124/1124 996/996
f 1122/1122 996/996 995/995
f 1124/1124 1125/1125 1127/1127
f 1124/1124 1127/1127 1126/1126
f 1124/1124 1126/1126 997/997
f 1124/1124 997/997 996/996
f 1126/1126 1127/1127 1129/1129
f 1126/1126 1129/1129 1128/1128
f 1126/1126 1128/1128 998/998
f 1126/1126 998/998 997/997
f 1128/1128 1129/1129 1131/1131
f 1128/1128 1131/1131 1130/1130
f 1128/1128 1130/1130 999/999
f 1128/1128 999/999 998/998
f 1130/1130 1131/1131 1133/1133
f 1130/1130 1133/1133 1132/1132
f 1130/1130 1132/1132 1000/1000
f 1130/1130 1000/1000 999/999
f 1132/1132 1133/1133 1135/1135
f 1132/1132 1135/1135 1134/1134
f 1132/1132 1134/1134 1001/1001
f 1132/1132 1001/1001 1000/1000
f 1134/1134 1135/1135 1137/1137
f 1134/1134 1137/1137 1136/1136
f 1134/1134 1136/1136 1002/1002
f 1134/1134 1002/1002 1001/1001
f 1136/1136 1137/1137 1139/1139
f 1136/1136 1139/1139 1138/1138
f 1136/1136 1138/1138 1003/1003
f 1136/1136 1003/1003 1002/1002
f 1138/1138 1139/1139 1141/1141
f 1138/1138 1141/1141 1140/1140
f 1138/1138 1140/1140 1004/1004
f 1138/1138 1004/1004 1003/1003
f 1140/1140 1141/1141 1143/1143
f 1140/1140 1143/1143 1142/1142
f 1140/1140 1142/1142 1005/1005
f 1140/1140 1005/1005 1004/1004
f 1142/1142 1143/1143 1145/1145
f 1142/1142 1145/1145 1144/1144
f 1142/1142 1144/1144 1006/1006
f 1142/1142 1006/1006 1005/1005
f 1144/1144 1145/1145 1147/1147
f 1144/1144 1147/1147 1146/1146
f 1144/1144 1146/1146 1007/1007
f 1144/1144 1007/1007 1006/1006
f 1146/1146 1147/1147 1149/1149
f 1146/1146 1149/1149 1148/1148
f 1146/1146 1148/1148 1008/1008
f 1146/1146 1008/1008 1007/1007
f 1148/1148 1149/1149 1151/1151
f 1148/1148 1151/1151 1150/1150
f 1148/1148 1150/1150 1009/1009
f 1148/1148 1009/1009 1008/1008
f 1150/1150 1151/1151 1153/1153
f 1150/1150 1153/1153 1152/1152
f 1150/1150 1152/1152 1010/1010
f 1150/1150 1010/1010 1009/1009
f 1152/1152 1153/1153 1155/1155
f 1152/1152 1155/1155 1154/1154
f 1152/1152 1154/1154 1011/1011
f 1152/1152 1011/1011 1010/1010
f 1154/1154 1155/1155 1017/1017
f 1154/1154 1017/1017 1015/1015
f 1154/1154 1015/1015 1012/1012
f 1154/1154 1012/1012 1011/1011
f 1155/1155 1153/1153 1157/1157
f 1155/1155 1157/1157 1156/1156
f 1155/1155 1156/1156 1019/1019
f 1155/1155 1019/1019 1017/1017
f 1157/1157 1159/1159 1158/1158
f 1157/1157 1158/1158 1156/1156
f 1156/1156 1158/1158 1021/1021
f 1156/1156 1021/1021 1019/1019
f 1021/1021 1158/1158 1161/1161
f 1021/1021 1161/1161 1160/1160
f 1021/1021 1160/1160 1024/1024
f 1021/1021 1024/1024 1020/1020
f 1160/1160 1161/1161 1163/1163
f 1160/1160 1163/1163 1162/1162
f 1160/1160 1162/1162 1026/1026
f 1160/1160 1026/1026 1024/1024
f 1162/1162 1163/1163 1165/1165
f 1162/1162 1165/1165 1164/1164
f 1162/1162 1164/1164 1166/1166
f 1162/1162 1166/1166 1026/1026
f 1166/1166 1164/1164 1168/1168
f 1166/1166 1168/1168 1167/1167
f 1166/1166 1167/1167 1169/1169
f 1166/1166 1169/1169 1029/1029
f 1166/1166 1029/1029 1025/1025
f 1166/1166 1025/1025 1026/1026
f 1169/1169 1167/1167 1171/1171
f 1169/1169 1171/1171 1170/1170
f 1169/1169 1170/1170 1172/1172
f 1169/1169 1172/1172 1032/1032
f 1169/1169 1032/1032 1028/1028
f 1169/1169 1028/1028 1029/1029
f 1172/1172 1170/1170 1174/1174
f 1172/1172 1174/1174 1173/1173
f 1172/1172 1173/1173 1175/1175
f 1172/1172 1175/1175 1035/1035
f 1172/1172 1035/1035 1031/1031
f 1172/1172 1031/1031 1032/1032
f 1175/1175 1173/1173 1177/1177
f 1175/1175 1177/1177 1176/1176
f 1175/1175 1176/1176 1179/1179
f 1175/1175 1179/1179 1178/1178
f 1175/1175 1178/1178 1034/1034
f 1175/1175 1034/1034 1035/1035
f 1178/1178 1179/1179 1181/1181
f 1178/1178 1181/1181 1180/1180
f 1178/1178 1180/1180 1037/1037
f 1178/1178 1037/1037 1034/1034
f 1180/1180 1181/1181 1183/1183
f 1180/1180 1183/1183 1182/1182
f 1180/1180 1182/1182 1039/1039
f 1180/1180 1039/1039 1037/1037
f 1182/1182 1183/1183 1047/1047
f 1182/1182 1047/1047 1045/1045
f 1182/1182 1045/1045 1041/1041
f 1182/1182 1041/1041 1039/1039
f 1183/1183 1181/1181 1185/1185
f 1183/1183 1185/1185 1184/1184
f 1183/1183 1184/1184 1049/1049
f 1183/1183 1049/1049 1047/1047
f 1184/1184 1185/1185 1187/1187
f 1184/1184 1187/1187 1186/1186
f 1184/1184 1186/1186 1051/1051
f 1184/1184 1051/1051 1049/1049
f 1186/1186 1187/1187 1189/1189
f 1186/1186 1189/1189 1188/1188
f 1186/1186 1188/1188 1053/1053
f 1186/1186 1053/1053 1051/1051
f 1188/1188 1189/1189 1191/1191
f 1188/1188 1191/1191 1190/1190
f 1188/1188 1190/1190 1055/1055
f 1188/1188 1055/1055 1053/1053
f 1190/1190 1191/1191 1193/1193
f 1190/1190 1193/1193 1192/1192
f 1190/1190 1192/1192 1057/1057
f 1190/1190 1057/1057 1055/1055
f 1192/1192 1193/1193 1195/1195
f 1192/1192 1195/1195 1194/1194
f 1192/1192 1194/1194 1059/1059
f 1192/1192 1059/1059 1057/1057
f 1194/1194 1195/1195 1197/1197
f 1194/1194 1197/1197 1196/1196
f 1194/1194 1196/1196 1061/1061
f 1194/1194 1061/1061 1059/1059
f 1196/1196 1197/1197 1199/1199
f 1196/1196 1199/1199 1198/1198
f 1196/1196 1198/1198 1063/1063
f 1196/1196 1063/1063 1061/1061
f 1198/1198 1199/1199 1201/1201
f 1198/1198 1201/1201 1200/1200
f 1198/1198 1200/1200 1065/1065
f 1198/1198 1065/1065 1063/1063
f 1200/1200 1201/1201 1203/1203
f 1200/1200 1203/1203 1202/1202
f 1200/1200 1202/1202 1067/1067
f 1200/1200 1067/1067 1065/1065
f 1202/1202 1203/1203 1205/1205
f 1202/1202 1205/1205 1204/1204
f 1202/1202 1204/1204 1069/1069
f 1202/1202 1069/1069 1067/1067
f 1204/1204 1205/1205 1207/1207
f 1204/1204 1207/1207 1206/1206
f 1204/1204 1206/1206 1071/1071
f 1204/1204 1071/1071 1069/1069
f 1206/1206 1207/1207 1209/1209
f 1206/1206 1209/1209 1208/1208
f 1206/1206 1208/1208 1073/1073
f 1206/1206 1073/1073 1071/1071
f 1208/1208 1209/1209 1211/1211
f 1208/1208 1211/1211 1210/1210
f 1208/1208 1210/1210 1075/1075
f 1208/1208 1075/1075 1073/1073
f 1210/1210 1211/1211 1213/1213
f 1210/1210 1213/1213 1212/1212
f 1210/1210 1212/1212 1077/1077
f 1210/1210 1077/1077 1075/1075
f 1212/1212 1213/1213 1215/1215
f 1212/1212 1215/1215 1214/1214
f 1212/1212 1214/1214 1079/1079
f 1212/1212 1079/1079 1077/1077
f 1214/1214 1215/1215 1217/1217
f 1214/1214 1217/1217 1216/1216
f 1214/1214 1216/1216 1081/1081
f 1214/1214 1081/1081 1079/1079
f 1216/1216 1217/1217 1219/1219
f 1216/1216 1219/1219 1218/1218
f 1216/1216 1218/1218 1083/1083
f 1216/1216 1083/1083 1081/1081
f 1218/1218 1219/1219 1221/1221
f 1218/1218 1221/1221 1220/1220
f 1218/1218 1220/1220 1085/1085
f 1218/1218 1085/1085 1083/1083
f 1220/1220 1221/1221 1223/1223
f 1220/1220 1223/1223 1222/1222
f 1220/1220 1222/1222 1087/1087
f 1220/1220 1087/1087 1085/1085
f 1222/1222 1223/1223 1225/1225
f 1222/1222 1225/1225 1224/1224
f 1222/1222 1224/1224 1089/1089
f 1222/1222 1089/1089 1087/1087
f 1224/1224 1225/1225 1227/1227
f 1224/1224 1227/1227 1226/1226
f 1224/1224 1226/1226 1091/1091
f 1224/1224 1091/1091 1089/1089
f 1226/1226 1227/1227 1229/1229
f 1226/1226 1229/1229 1228/1228
f 1226/1226 1228/1228 1093/1093
f 1226/1226 1093/1093 1091/1091
f 1228/1228 1229/1229 1231/1231
f 1228/1228 1231/1231 1230/1230
f 1228/1228 1230/1230 1095/1095
f 1228/1228 1095/1095 1093/1093
f 1230/1230 1231/1231 1233/1233
f 1230/1230 1233/1233 1232/1232
f 1230/1230 1232/1232 1097/1097
f 1230/1230 1097/1097 1095/1095
f 1232/1232 1233/1233 1235/1235
f 1232/1232 1235/1235 1234/1234
f 1232/1232 1234/1234 1099/1099
f 1232/1232 1099/1099 1097/1097
f 1234/1234 1235/1235 1237/1237
f 1234/1234 1237/1237 1236/1236
f 1234/1234 1236/1236 1101/1101
f 1234/1234 1101/1101 1099/1099
f 1236/1236 1237/1237 1239/1239
f 1236/1236 1239/1239 1238/1238
f 1236/1236 1238/1238 1103/1103
f 1236/1236 1103/1103 1101/1101
f 1238/1238 1239/1239 1241/1241
f 1238/1238 1241/1241 1240/1240
f 1238/1238 1240/1240 1105/1105
f 1238/1238 1105/1105 1103/1103
f 1240/1240 1241/1241 1243/1243
f 1240/1240 1243/1243 1242/1242
f 1240/1240 1242/1242 1107/1107
f 1240/1240 1107/1107 1105/1105
f 1242/1242 1243/1243 1245/1245
f 1242/1242 1245/1245 1244/1244
f 1242/1242 1244/1244 1109/1109
f 1242/1242 1109/1109 1107/1107
f 1244/1244 1245/1245 1247/1247
f 1244/1244 1247/1247 1246/1246
f 1244/1244 1246/1246 1111/1111
f 1244/1244 1111/1111 1109/1109
f 1246/1246 1247/1247 1249/1249
f 1246/1246 1249/1249 1248/1248
f 1246/1246 1248/1248 1113/1113
f 1246/1246 1113/1113 1111/1111
f 1248/1248 1249/1249 1251/1251
f 1248/1248 1251/1251 1250/1250
f 1248/1248 1250/1250 1115/1115
f 1248/1248 1115/1115 1113/1113
f 1250/1250 1251/1251 1253/1253
f 1250/1250 1253/1253 1252/1252
f 1250/1250 1252/1252 1117/1117
f 1250/1250 1117/1117 1115/1115
f 1252/1252 1253/1253 1255/1255
f 1252/1252 1255/1255 1254/1254
f 1252/1252 1254/1254 1119/1119
f 1252/1252 1119/1119 1117/1117
f 1254/1254 1255/1255 1257/1257
f 1254/1254 1257/1257 1256/1256
f 1254/1254 1256/1256 1121/1121
f 1254/1254 1121/1121 1119/1119
f 1256/1256 1257/1257 1259/1259
f 1256/1256 1259/1259 1258/1258
f 1256/1256 1258/1258 1123/1123
f 1256/1256 1123/1123 1121/1121
f 1258/1258 1259/1259 1261/1261
f 1258/1258 1261/1261 1260/1260
f 1258/1258 1260/1260 1125/1125
f 1258/1258 1125/1125 1123/1123
f 1260/1260 1261/1261 1263/1263
f 1260/1260 1263/1263 1262/1262
f 1260/1260 1262/1262 1127/1127
f 1260/1260 1127/1127 1125/1125
f 1262/1262 1263/1263 1265/1265
f 1262/1262 1265/1265 1264/1264
f 1262/1262 1264/1264 1129/1129
f 1262/1262 1129/1129 1127/1127
f 1264/1264 1265/1265 1267/1267
f 1264/1264 1267/1267 1266/1266
f 1264/1264 1266/1266 1131/1131
f 1264/1264 1131/1131 1129/1129
f 1266/1266 1267/1267 1269/1269
f 1266/1266 1269/1269 1268/1268
f 1266/1266 1268/1268 1133/1133
f 1266/1266 1133/1133 1131/1131
f 1268/1268 1269/1269 1271/1271
f 1268/1268 1271/1271 1270/1270
f 1268/1268 1270/1270 1135/1135
f 1268/1268 1135/1135 1133/1133
f 1270/1270 1271/1271 1273/1273
f 1270/1270 1273/1273 1272/1272
f 1270/1270 1272/1272 1137/1137
f 1270/1270 1137/1137 1135/1135
f 1272/1272 1273/1273 1275/1275
f 1272/1272 1275/1275 1274/1274
f 1272/1272 1274/1274 1139/1139
f 1272/1272 1139/1139 1137/1137
f 1274/1274 1275/1275 1277/1277
f 1274/1274 1277/1277 1276/1276
f 1274/1274 1276/1276 1141/1141
f 1274/1274 1141/1141 1139/1139
f 1276/1276 1277/1277 1279/1279
f 1276/1276 1279/1279 1278/1278
f 1276/1276 1278/1278 1143/1143
f 1276/1276 1143/1143 1141/1141
f 1278/1278 1279/1279 1281/1281
f 1278/1278 1281/1281 1280/1280
f 1278/1278 1280/1280 1145/1145
f 1278/1278 1145/1145 1143/1143
f 1280/1280 1281/1281 883/883
f 1280/1280 883/883 1282/1282
f 1280/1280 1282/1282 1147/1147
f 1280/1280 1147/1147 1145/1145
f 1281/1281 1279/1279 1284/1284
f 1281/1281 1284/1284 1283/1283
f 1281/1281 1283/1283 882/882
f 1281/1281 882/882 883/883
f 1283/1283 1284/1284 1286/1286
f 1283/1283 1286/1286 1285/1285
f 1283/1283 1285/1285 1287/1287
f 1283/1283 1287/1287 882/882
f 1287/1287 1285/1285 1289/1289
f 1287/1287 1289/1289 1288/1288
f 1287/1287 1288/1288 1291/1291
f 1287/1287 1291/1291 1290/1290
f 1287/1287 1290/1290 881/881
f 1287/1287 881/881 882/882
f 1290/1290 1291/1291 1293/1293
f 1290/1290 1293/1293 1292/1292
f 1290/1290 1292/1292 1294/1294
f 1290/1290 1294/1294 881/881
f 1294/1294 1295/1295 880/880
f 1294/1294 880/880 881/881
f 1294/1294 1292/1292 1297/1297
f 1294/1294 1297/1297 1296/1296
f 1294/1294 1296/1296 1159/1159
f 1294/1294 1159/1159 1295/1295
f 1296/1296 1297/1297 1163/1163
f 1296/1296 1163/1163 1161/1161
f 1296/1296 1161/1161 1158/1158
f 1296/1296 1158/1158 1159/1159
f 1297/1297 1292/1292 1293/1293
f 1297/1297 1293/1293 1298/1298
f 1297/1297 1298/1298 1165/1165
f 1297/1297 1165/1165 1163/1163
f 1298/1298 1293/1293 1300/1300
f 1298/1298 1300/1300 1299/1299
f 1298/1298 1299/1299 1301/1301
f 1298/1298 1301/1301 1165/1165
f 1301/1301 1299/1299 1303/1303
f 1301/1301 1303/1303 1302/1302
f 1301/1301 1302/1302 1304/1304
f 1301/1301 1304/1304 1168/1168
f 1301/1301 1168/1168 1164/1164
f 1301/1301 1164/1164 1165/1165
f 1304/1304 1302/1302 1306/1306
f 1304/1304 1306/1306 1305/1305
f 1304/1304 1305/1305 1307/1307
f 1304/1304 1307/1307 1171/1171
f 1304/1304 1171/1171 1167/1167
f 1304/1304 1167/1167 1168/1168
f 1307/1307 1305/1305 1309/1309
f 1307/1307 1309/1309 1308/1308
f 1307/1307 1308/1308 1310/1310
f 1307/1307 1310/1310 1174/1174
f 1307/1307 1174/1174 1170/1170
f 1307/1307 1170/1170 1171/1171
f 1310/1310 1308/1308 1312/1312
f 1310/1310 1312/1312 1311/1311
f 1310/1310 1311/1311 1313/1313
f 1310/1310 1313/1313 1177/1177
f 1310/1310 1177/1177 1173/1173
f 1310/1310 1173/1173 1174/1174
f 1313/1313 1311/1311 1315/1315
f 1313/1313 1315/1315 1314/1314
f 1313/1313 1314/1314 1317/1317
f 1313/1313 1317/1317 1316/1316
f 1313/1313 1316/1316 1176/1176
f 1313/1313 1176/1176 1177/1177
f 1316/1316 1317/1317 1319/1319
f 1316/1316 1319/1319 1318/1318
f 1316/1316 1318/1318 1179/1179
f 1316/1316 1179/1179 1176/1176
f 1318/1318 1319/1319 1187/1187
f 1318/1318 1187/1187 1185/1185
f 1318/1318 1185/1185 1181/1181
f 1318/1318 1181/1181 1179/1179
f 1319/1319 1317/1317 1321/1321
f 1319/1319 1321/1321 1320/1320
f 1319/1319 1320/1320 1189/1189
f 1319/1319 1189/1189 1187/1187
f 1320/1320 1321/1321 1323/1323
f 1320/1320 1323/1323 1322/1322
f 1320/1320 1322/1322 1191/1191
f 1320/1320 1191/1191 1189/1189
f 1322/1322 1323/1323 1325/1325
f 1322/1322 1325/1325 1324/1324
f 1322/1322 1324/1324 1193/1193
f 1322/1322 1193/1193 1191/1191
f 1324/1324 1325/1325 1327/1327
f 1324/1324 1327/1327 1326/1326
f 1324/1324 1326/1326 1195/1195
f 1324/1324 1195/1195 1193/1193
f 1326/1326 1327/1327 1329/1329
f 1326/1326 1329/1329 1328/1328
f 1326/1326 1328/1328 1197/1197
f 1326/1326 1197/1197 1195/1195
f 1328/1328 1329/1329 1331/1331
f 1328/1328 1331/1331 1330/1330
f 1328/1328 1330/1330 1199/1199
f 1328/1328 1199/1199 1197/1197
f 1330/1330 1331/1331 1333/1333
f 1330/1330 1333/1333 1332/1332
f 1330/1330 1332/1332 1201/1201
f 1330/1330 1201/1201 1199/1199
f 1332/1332 1333/1333 1335/1335
f 1332/1332 1335/1335 1334/1334
f 1332/1332 1334/1334 1203/1203
f 1332/1332 1203/1203 1201/1201
f 1334/1334 1335/1335 1337/1337
f 1334/1334 1337/1337 1336/1336
f 1334/1334 1336/1336 1205/1205
f 1334/1334 1205/1205 1203/1203
f 1336/1336 1337/1337 1339/1339
f 1336/1336 1339/1339 1338/1338
f 1336/1336 1338/1338 1207/1207
f 1336/1336 1207/1207 1205/1205
f 1338/1338 1339/1339 1341/1341
f 1338/1338 1341/1341 1340/1340
f 1338/1338 1340/1340 1209/1209
f 1338/1338 1209/1209 1207/1207
f 1340/1340 1341/1341 1343/1343
f 1340/1340 1343/1343 1342/1342
f 1340/1340 1342/1342 1211/1211
f 1340/1340 1211/1211 1209/1209
f 1342/1342 1343/1343 1345/1345
f 1342/1342 1345/1345 1344/1344
f 1342/1342 1344/1344 1213/1213
f 1342/1342 1213/1213 1211/1211
f 1344/1344 1345/1345 1347/1347
f 1344/1344 1347/1347 1346/1346
f 1344/1344 1346/1346 1215/1215
f 1344/1344 1215/1215 1213/1213
f 1346/1346 1347/1347 1349/1349
f 1346/1346 1349/1349 1348/1348
f 1346/1346 1348/1348 1217/1217
f 1346/1346 1217/1217 1215/1215
f 1348/1348 1349/1349 1351/1351
f 1348/1348 1351/1351 1350/1350
f 1348/1348 1350/1350 1219/1219
f 1348/1348 1219/1219 1217/1217
f 1350/1350 1351/1351 1353/1353
f 1350/1350 1353/1353 1352/1352
f 1350/1350 1352/1352 1221/1221
f 1350/1350 1221/1221 1219/1219
f 1352/1352 1353/1353 1355/1355
f 1352/1352 1355/1355 1354/1354
f 1352/1352 1354/1354 1223/1223
f 1352/1352 1223/1223 1221/1221
f 1354/1354 1355/1355 1357/1357
f 1354/1354 1357/1357 1356/1356
f 1354/1354 1356/1356 1225/1225
f 1354/1354 1225/1225 1223/1223
f 1356/1356 1357/1357 1359/1359
f 1356/1356 1359/1359 1358/1358
f 1356/1356 1358/1358 1227/1227
f 1356/1356 1227/1227 1225/1225
f 1358/1358 1359/1359 1361/1361
f 1358/1358 1361/1361 1360/1360
f 1358/1358 1360/1360 1229/1229
f 1358/1358 1229/1229 1227/1227
f 1360/1360 1361/1361 1363/1363
f 1360/1360 1363/1363 1362/1362
f 1360/1360 1362/1362 1231/1231
f 1360/1360 1231/1231 1229/1229
f 1362/1362 1363/1363 1365/1365
f 1362/1362 1365/1365 1364/1364
f 1362/1362 1364/1364 1233/1233
f 1362/1362 1233/1233 1231/1231
f 1364/1364 1365/1365 1367/1367
f 1364/1364 1367/1367 1366/1366
f 1364/1364 1366/1366 1235/1235
f 1364/1364 1235/1235 1233/1233
f 1366/1366 1367/1367 1369/1369
f 1366/1366 1369/1369 1368/1368
f 1366/1366 1368/1368 1237/1237
f 1366/1366 1237/1237 1235/1235
f 1368/1368 1369/1369 1371/1371
f 1368/1368 1371/1371 1370/1370
f 1368/1368 1370/1370 1239/1239
f 1368/1368 1239/1239 1237/1237
f 1370/1370 1371/1371 1373/1373
f 1370/1370 1373/1373 1372/1372
f 1370/1370 1372/1372 1241/1241
f 1370/1370 1241/1241 1239/1239
f 1372/1372 1373/1373 1375/1375
f 1372/1372 1375/1375 1374/1374
f 1372/1372 1374/1374 1243/1243
f 1372/1372 1243/1243 1241/1241
f 1374/1374 1375/1375 1377/1377
f 1374/1374 1377/1377 1376/1376
f 1374/1374 1376/1376 1245/1245
f 1374/1374 1245/1245 1243/1243
f 1376/1376 1377/1377 1379/1379
f 1376/1376 1379/1379 1378/1378
f 1376/1376 1378/1378 1247/1247
f 1376/1376 1247/1247 1245/1245
f 1378/1378 1379/1379 1381/1381
f 1378/1378 1381/1381 1380/1380
f 1378/1378 1380/1380 1249/1249
f 1378/1378 1249/1249 1247/1247
f 1380/1380 1381/1381 1383/1383
f 1380/1380 1383/1383 1382/1382
f 1380/1380 1382/1382 1251/1251
f 1380/1380 1251/1251 1249/1249
f 1382/1382 1383/1383 1385/1385
f 1382/1382 1385/1385 1384/1384
f 1382/1382 1384/1384 1253/1253
f 1382/1382 1253/1253 1251/1251
f 1384/1384 1385/1385 1387/1387
f 1384/1384 1387/1387 1386/1386
f 1384/1384 1386/1386 1255/1255
f 1384/1384 1255/1255 1253/1253
f 1386/1386 1387/1387 1389/1389
f 1386/1386 1389/1389 1388/1388
f 1386/1386 1388/1388 1257/1257
f 1386/1386 1257/1257 1255/1255
f 1388/1388 1389/1389 1391/1391
f 1388/1388 1391/1391 1390/1390
f 1388/1388 1390/1390 1259/1259
f 1388/1388 1259/1259 1257/1257
f 1390/1390 1391/1391 1393/1393
f 1390/1390 1393/1393 1392/1392
f 1390/1390 1392/1392 1261/1261
f 1390/1390 1261/1261 1259/1259
f 1392/1392 1393/1393 1395/1395
f 1392/1392 1395/1395 1394/1394
f 1392/1392 1394/1394 1263/1263
f 1392/1392 1263/1263 1261/1261
f 1394/1394 1395/1395 1397/1397
f 1394/1394 1397/1397 1396/1396
f 1394/1394 1396/1396 1265/1265
f 1394/1394 1265/1265 1263/1263
f 1396/1396 1397/1397 1399/1399
f 1396/1396 1399/1399 1398/1398
f 1396/1396 1398/1398 1267/1267
f 1396/1396 1267/1267 1265/1265
f 1398/1398 1399/1399 1401/1401
f 1398/1398 1401/1401 1400/1400
f 1398/1398 1400/1400 1269/1269
f 1398/1398 1269/1269 1267/1267
f 1400/1400 1401/1401 1403/1403
f 1400/1400 1403/1403 1402/1402
f 1400/1400 1402/1402 1271/1271
f 1400/1400 1271/1271 1269/1269
f 1402/1402 1403/1403 1405/1405
f 1402/1402 1405/1405 1404/1404
f 1402/1402 1404/1404 1273/1273
f 1402/1402 1273/1273 1271/1271
f 1404/1404 1405/1405 1407/1407
f 1404/1404 1407/1407 1406/1406
f 1404/1404 1406/1406 1275/1275
f 1404/1404 1275/1275 1273/1273
f 1406/1406 1407/1407 1409/1409
f 1406/1406 1409/1409 1408/1408
f 1406/1406 1408/1408 1277/1277
f 1406/1406 1277/1277 1275/1275
f 1408/1408 1409/1409 1286/1286
f 1408/1408 1286/1286 1284/1284
f 1408/1408 1284/1284 1279/1279
f 1408/1408 1279/1279 1277/1277
f 1409/1409 1407/1407 1411/1411
f 1409/1409 1411/1411 1410/1410
f 1409/1409 1410/1410 1412/1412
f 1409/1409 1412/1412 1286/1286
f 1412/1412 1410/1410 1414/1414
f 1412/1412 1414/1414 1413/1413
f 1412/1412 1413/1413 1415/1415
f 1412/1412 1415/1415 1289/1289
f 1412/1412 1289/1289 1285/1285
f 1412/1412 1285/1285 1286/1286
f 1415/1415 1413/1413 1417/1417
f 1415/1415 1417/1417 1416/1416
f 1415/1415 1416/1416 1419/1419
f 1415/1415 1419/1419 1418/1418
f 1415/1415 1418/1418 1288/1288
f 1415/1415 1288/1288 1289/1289
f 1418/1418 1419/1419 1421/1421
f 1418/1418 1421/1421 1420/1420
f 1418/1418 1420/1420 1291/1291
f 1418/1418 1291/1291 1288/1288
f 1420/1420 1421/1421 1422/1422
f 1420/1420 1422/1422 1300/1300
f 1420/1420 1300/1300 1293/1293
f 1420/1420 1293/1293 1291/1291
f 1422/1422 1421/1421 1424/1424
f 1422/1422 1424/1424 1423/1423
f 1422/1422 1423/1423 1425/1425
f 1422/1422 1425/1425 1303/1303
f 1422/1422 1303/1303 1299/1299
f 1422/1422 1299/1299 1300/1300
f 1425/1425 1423/1423 1427/1427
f 1425/1425 1427/1427 1426/1426
f 1425/1425 1426/1426 1428/1428
f 1425/1425 1428/1428 1306/1306
f 1425/1425 1306/1306 1302/1302
f 1425/1425 1302/1302 1303/1303
f 1428/1428 1426/1426 1430/1430
f 1428/1428 1430/1430 1429/1429
f 1428/1428 1429/1429 1431/1431
f 1428/1428 1431/1431 1309/1309
f 1428/1428 1309/1309 1305/1305
f 1428/1428 1305/1305 1306/1306
f 1431/1431 1429/1429 1433/1433
f 1431/1431 1433/1433 1432/1432
f 1431/1431 1432/1432 1434/1434
f 1431/1431 1434/1434 1312/1312
f 1431/1431 1312/1312 1308/1308
f 1431/1431 1308/1308 1309/1309
f 1434/1434 1432/1432 1436/1436
f 1434/1434 1436/1436 1435/1435
f 1434/1434 1435/1435 1437/1437
f 1434/1434 1437/1437 1315/1315
f 1434/1434 1315/1315 1311/1311
f 1434/1434 1311/1311 1312/1312
f 1437/1437 1435/1435 1439/1439
f 1437/1437 1439/1439 1438/1438
f 1437/1437 1438/1438 1441/1441
f 1437/1437 1441/1441 1440/1440
f 1437/1437 1440/1440 1314/1314
f 1437/1437 1314/1314 1315/1315
f 1440/1440 1441/1441 1323/1323
f 1440/1440 1323/1323 1321/1321
f 1440/1440 1321/1321 1317/1317
f 1440/1440 1317/1317 1314/1314
f 1441/1441 1438/1438 1443/1443
f 1441/1441 1443/1443 1442/1442
f 1441/1441 1442/1442 1325/1325
f 1441/1441 1325/1325 1323/1323
f 1442/1442 1443/1443 1445/1445
f 1442/1442 1445/1445 1444/1444
f 1442/1442 1444/1444 1327/1327
f 1442/1442 1327/1327 1325/1325
f 1444/1444 1445/1445 1447/1447
f 1444/1444 1447/1447 1446/1446
f 1444/1444 1446/1446 1329/1329
f 1444/1444 1329/1329 1327/1327
f 1446/1446 1447/1447 1449/1449
f 1446/1446 1449/1449 1448/1448
f 1446/1446 1448/1448 1331/1331
f 1446/1446 1331/1331 1329/1329
f 1448/1448 1449/1449 1451/1451
f 1448/1448 1451/1451 1450/1450
f 1448/1448 1450/1450 1333/1333
f 1448/1448 1333/1333 1331/1331
f 1450/1450 1451/1451 1453/1453
f 1450/1450 1453/1453 1452/1452
f 1450/1450 1452/1452 1335/1335
f 1450/1450 1335/1335 1333/1333
f 1452/1452 1453/1453 1455/1455
f 1452/1452 1455/1455 1454/1454
f 1452/1452 1454/1454 1337/1337
f 1452/1452 1337/1337 1335/1335
f 1454/1454 1455/1455 1457/1457
f 1454/1454 1457/1457 1456/1456
f 1454/1454 1456/1456 1339/1339
f 1454/1454 1339/1339 1337/1337
f 1456/1456 1457/1457 1459/1459
f 1456/1456 1459/1459 1458/1458
f 1456/1456 1458/1458 1341/1341
f 1456/1456 1341/1341 1339/1339
f 1458/1458 1459/1459 1461/1461
f 1458/1458 1461/1461 1460/1460
f 1458/1458 1460/1460 1343/1343
f 1458/1458 1343/1343 1341/1341
f 1460/1460 1461/1461 1463/1463
f 1460/1460 1463/1463 1462/1462
f 1460/1460 1462/1462 1345/1345
f 1460/1460 1345/1345 1343/1343
f 1462/1462 1463/1463 1465/1465
f 1462/1462 1465/1465 1464/1464
f 1462/1462 1464/1464 1347/1347
f 1462/1462 1347/1347 1345/1345
f 1464/1464 1465/1465 1467/1467
f 1464/1464 1467/1467 1466/1466
f 1464/1464 1466/1466 1349/1349
f 1464/1464 1349/1349 1347/1347
f 1466/1466 1467/1467 1469/1469
f 1466/1466 1469/1469 1468/1468
f 1466/1466 1468/1468 1351/1351
f 1466/1466 1351/1351 1349/1349
f 1468/1468 1469/1469 1471/1471
f 1468/1468 1471/1471 1470/1470
f 1468/1468 1470/1470 1353/1353
f 1468/1468 1353/1353 1351/1351
f 1470/1470 1471/1471 1473/1473
f 1470/1470 1473/1473 1472/1472
f 1470/1470 1472/1472 1355/1355
f 1470/1470 1355/1355 1353/1353
f 1472/1472 1473/1473 1475/1475
f 1472/1472 1475/1475 1474/1474
f 1472/1472 1474/1474 1357/1357
f 1472/1472 1357/1357 1355/1355
f 1474/1474 1475/1475 1477/1477
f 1474/1474 1477/1477 1476/1476
f 1474/1474 1476/1476 1359/1359
f 1474/1474 1359/1359 1357/1357
f 1476/1476 1477/1477 896/896
f 1476/1476 896/896 1478/1478
f 1476/1476 1478/1478 1361/1361
f 1476/1476 1361/1361 1359/1359
f 1478/1478 896/896 891/891
f 1478/1478 891/891 1479/1479
f 1478/1478 1479/1479 1363/1363
f 1478/1478 1363/1363 1361/1361
f 1479/1479 891/891 892/892
f 1479/1479 892/892 1480/1480
f 1479/1479 1480/1480 1365/1365
f 1479/1479 1365/1365 1363/1363
f 1480/1480 892/892 1482/1482
f 1480/1480 1482/1482 1481/1481
f 1480/1480 1481/1481 1367/1367
f 1480/1480 1367/1367 1365/1365
f 1481/1481 1482/1482 1484/1484
f 1481/1481 1484/1484 1483/1483
f 1481/1481 1483/1483 1369/1369
f 1481/1481 1369/1369 1367/1367
f 1483/1483 1484/1484 1486/1486
f 1483/1483 1486/1486 1485/1485
f 1483/1483 1485/1485 1371/1371
f 1483/1483 1371/1371 1369/1369
f 1485/1485 1486/1486 1488/1488
f 1485/1485 1488/1488 1487/1487
f 1485/1485 1487/1487 1373/1373
f 1485/1485 1373/1373 1371/1371
f 1487/1487 1488/1488 1490/1490
f 1487/1487 1490/1490 1489/1489
f 1487/1487 1489/1489 1375/1375
f 1487/1487 1375/1375 1373/1373
f 1489/1489 1490/1490 1492/1492
f 1489/1489 1492/1492 1491/1491
f 1489/1489 1491/1491 1377/1377
f 1489/1489 1377/1377 1375/1375
f 1491/1491 1492/1492 1494/1494
f 1491/1491 1494/1494 1493/1493
f 1491/1491 1493/1493 1379/1379
f 1491/1491 1379/1379 1377/1377
f 1493/1493 1494/1494 888/888
f 1493/1493 888/888 889/889
f 1493/1493 889/889 1381/1381
f 1493/1493 1381/1381 1379/1379
f 1494/1494 1495/1495 890/890
f 1494/1494 890/890 888/888
f 1494/1494 1492/1492 1496/1496
f 1494/1494 1496/1496 1495/1495
f 1496/1496 1492/1492 1490/1490
f 1496/1496 1490/1490 1497/1497
f 1496/1496 1497/1497 1499/1499
f 1496/1496 1499/1499 1498/1498
f 1496/1496 1498/1498 1500/1500
f 1496/1496 1500/1500 1495/1495
f 1500/1500 1501/1501 890/890
f 1500/1500 890/890 1495/1495
f 1500/1500 1498/1498 1503/1503
f 1500/1500 1503/1503 1502/1502
f 1500/1500 1502/1502 1504/1504
f 1500/1500 1504/1504 1501/1501
f 1504/1504 1506/1506 1505/1505
f 1504/1504 1505/1505 1501/1501
f 1504/1504 1502/1502 1508/1508
f 1504/1504 1508/1508 1507/1507
f 1504/1504 1507/1507 1509/1509
f 1504/1504 1509/1509 1506/1506
f 1509/1509 1511/1511 1510/1510
f 1509/1509 1510/1510 1506/1506
f 1509/1509 1507/1507 1513/1513
f 1509/1509 1513/1513 1512/1512
f 1509/1509 1512/1512 1514/1514
f 1509/1509 1514/1514 1511/1511
f 1514/1514 1393/1393 1391/1391
f 1514/1514 1391/1391 1511/1511
f 1514/1514 1512/1512 1516/1516
f 1514/1514 1516/1516 1515/1515
f 1514/1514 1515/1515 1395/1395
f 1514/1514 1395/1395 1393/1393
f 1515/1515 1516/1516 1518/1518
f 1515/1515 1518/1518 1517/1517
f 1515/1515 1517/1517 1397/1397
f 1515/1515 1397/1397 1395/1395
f 1517/1517 1518/1518 1520/1520
f 1517/1517 1520/1520 1519/1519
f 1517/1517 1519/1519 1399/1399
f 1517/1517 1399/1399 1397/1397
f 1519/1519 1520/1520 1522/1522
f 1519/1519 1522/1522 1521/1521
f 1519/1519 1521/1521 1401/1401
f 1519/1519 1401/1401 1399/1399
f 1521/1521 1522/1522 1524/1524
f 1521/1521 1524/1524 1523/1523
f 1521/1521 1523/1523 1403/1403
f 1521/1521 1403/1403 1401/1401
f 1523/1523 1524/1524 1526/1526
f 1523/1523 1526/1526 1525/1525
f 1523/1523 1525/1525 1405/1405
f 1523/1523 1405/1405 1403/1403
f 1525/1525 1526/1526 1527/1527
f 1525/1525 1527/1527 1411/1411
f 1525/1525 1411/1411 1407/1407
f 1525/1525 1407/1407 1405/1405
f 1527/1527 1526/1526 1529/1529
f 1527/1527 1529/1529 1528/1528
f 1527/1527 1528/1528 1530/1530
f 1527/1527 1530/1530 1414/1414
f 1527/1527 1414/1414 1410/1410
f 1527/1527 1410/1410 1411/1411
f 1530/1530 1528/1528 1532/1532
f 1530/1530 1532/1532 1531/1531
f 1530/1530 1531/1531 1533/1533
f 1530/1530 1533/1533 1417/1417
f 1530/1530 1417/1417 1413/1413
f 1530/1530 1413/1413 1414/1414
f 1533/1533 1531/1531 1535/1535
f 1533/1533 1535/1535 1534/1534
f 1533/1533 1534/1534 1537/1537
f 1533/1533 1537/1537 1536/1536
f 1533/1533 1536/1536 1416/1416
f 1533/1533 1416/1416 1417/1417
f 1536/1536 1537/1537 1539/1539
f 1536/1536 1539/1539 1538/1538
f 1536/1536 1538/1538 1419/1419
f 1536/1536 1419/1419 1416/1416
f 1538/1538 1539/1539 1540/1540
f 1538/1538 1540/1540 1424/1424
f 1538/1538 1424/1424 1421/1421
f 1538/1538 1421/1421 1419/1419
f 1540/1540 1539/1539 1542/1542
f 1540/1540 1542/1542 1541/1541
f 1540/1540 1541/1541 1543/1543
f 1540/1540 1543/1543 1427/1427
f 1540/1540 1427/1427 1423/1423
f 1540/1540 1423/1423 1424/1424
f 1543/1543 1541/1541 1545/1545
f 1543/1543 1545/1545 1544/1544
f 1543/1543 1544/1544 1546/1546
f 1543/1543 1546/1546 1430/1430
f 1543/1543 1430/1430 1426/1426
f 1543/1543 1426/1426 1427/1427
f 1546/1546 1544/1544 1548/1548
f 1546/1546 1548/1548 1547/1547
f 1546/1546 1547/1547 1549/1549
f 1546/1546 1549/1549 1433/1433
f 1546/1546 1433/1433 1429/1429
f 1546/1546 1429/1429 1430/1430
f 1549/1549 1547/1547 902/902
f 1549/1549 902/902 903/903
f 1549/1549 903/903 904/904
f 1549/1549 904/904 1436/1436
f 1549/1549 1436/1436 1432/1432
f 1549/1549 1432/1432 1433/1433
f 1547/1547 1548/1548 1550/1550
f 1547/1547 1550/1550 902/902
f 1550/1550 1548/1548 1552/1552
f 1550/1550 1552/1552 1551/1551
f 1550/1550 1551/1551 1554/1554
f 1550/1550 1554/1554 1553/1553
f 1550/1550 1553/1553 900/900
f 1550/1550 900/900 902/902
f 1553/1553 1554/1554 1556/1556
f 1553/1553 1556/1556 1555/1555
f 1553/1553 1555/1555 899/899
f 1553/1553 899/899 900/900
f 1555/1555 1556/1556 1558/1558
f 1555/1555 1558/1558 1557/1557
f 1555/1555 1557/1557 1559/1559
f 1555/1555 1559/1559 899/899
f 1559/1559 1557/1557 1447/1447
f 1559/1559 1447/1447 1445/1445
f 1559/1559 1445/1445 1443/1443
f 1559/1559 1443/1443 1560/1560
f 1559/1559 1560/1560 898/898
f 1559/1559 898/898 899/899
f 1560/1560 1443/1443 1438/1438
f 1560/1560 1438/1438 1439/1439
f 1560/1560 1439/1439 904/904
f 1560/1560 904/904 898/898
f 1557/1557 1558/1558 1449/1449
f 1557/1557 1449/1449 1447/1447
f 1558/1558 1556/1556 1562/1562
f 1558/1558 1562/1562 1561/1561
f 1558/1558 1561/1561 1451/1451
f 1558/1558 1451/1451 1449/1449
f 1561/1561 1562/1562 1564/1564
f 1561/1561 1564/1564 1563/1563
f 1561/1561 1563/1563 1453/1453
f 1561/1561 1453/1453 1451/1451
f 1563/1563 1564/1564 1566/1566
f 1563/1563 1566/1566 1565/1565
f 1563/1563 1565/1565 1455/1455
f 1563/1563 1455/1455 1453/1453
f 1565/1565 1566/1566 1568/1568
f 1565/1565 1568/1568 1567/1567
f 1565/1565 1567/1567 1457/1457
f 1565/1565 1457/1457 1455/1455
f 1567/1567 1568/1568 1570/1570
f 1567/1567 1570/1570 1569/1569
f 1567/1567 1569/1569 1459/1459
f 1567/1567 1459/1459 1457/1457
f 1569/1569 1570/1570 1572/1572
f 1569/1569 1572/1572 1571/1571
f 1569/1569 1571/1571 1461/1461
f 1569/1569 1461/1461 1459/1459
f 1571/1571 1572/1572 1574/1574
f 1571/1571 1574/1574 1573/1573
f 1571/1571 1573/1573 1463/1463
f 1571/1571 1463/1463 1461/1461
f 1573/1573 1574/1574 1576/1576
f 1573/1573 1576/1576 1575/1575
f 1573/1573 1575/1575 1465/1465
f 1573/1573 1465/1465 1463/1463
f 1575/1575 1576/1576 1578/1578
f 1575/1575 1578/1578 1577/1577
f 1575/1575 1577/1577 1467/1467
f 1575/1575 1467/1467 1465/1465
f 1577/1577 1578/1578 1580/1580
f 1577/1577 1580/1580 1579/1579
f 1577/1577 1579/1579 1469/1469
f 1577/1577 1469/1469 1467/1467
f 1579/1579 1580/1580 1582/1582
f 1579/1579 1582/1582 1581/1581
f 1579/1579 1581/1581 1471/1471
f 1579/1579 1471/1471 1469/1469
f 1581/1581 1582/1582 1584/1584
f 1581/1581 1584/1584 1583/1583
f 1581/1581 1583/1583 1473/1473
f 1581/1581 1473/1473 1471/1471
f 1583/1583 1584/1584 1586/1586
f 1583/1583 1586/1586 1585/1585
f 1583/1583 1585/1585 1475/1475
f 1583/1583 1475/1475 1473/1473
f 1585/1585 1586/1586 1588/1588
f 1585/1585 1588/1588 1587/1587
f 1585/1585 1587/1587 1477/1477
f 1585/1585 1477/1477 1475/1475
f 1587/1587 1588/1588 897/897
f 1587/1587 897/897 895/895
f 1587/1587 895/895 896/896
f 1587/1587 896/896 1477/1477
f 1588/1588 1590/1590 1589/1589
f 1588/1588 1589/1589 897/897
f 1588/1588 1586/1586 1591/1591
f 1588/1588 1591/1591 1590/1590
f 1591/1591 1593/1593 1592/1592
f 1591/1591 1592/1592 1590/1590
f 1591/1591 1586/1586 1584/1584
f 1591/1591 1584/1584 1594/1594
f 1591/1591 1594/1594 1595/1595
f 1591/1591 1595/1595 1593/1593
f 1595/1595 1597/1597 1596/1596
f 1595/1595 1596/1596 1593/1593
f 1595/1595 1594/1594 1599/1599
f 1595/1595 1599/1599 1598/1598
f 1595/1595 1598/1598 1600/1600
f 1595/1595 1600/1600 1597/1597
f 1600/1600 1602/1602 1601/1601
f 1600/1600 1601/1601 1597/1597
f 1600/1600 1598/1598 1604/1604
f 1600/1600 1604/1604 1603/1603
f 1600/1600 1603/1603 1605/1605
f 1600/1600 1605/1605 1602/1602
f 1605/1605 1607/1607 1606/1606
f 1605/1605 1606/1606 1602/1602
f 1605/1605 1603/1603 1609/1609
f 1605/1605 1609/1609 1608/1608
f 1605/1605 1608/1608 1610/1610
f 1605/1605 1610/1610 1607/1607
f 1610/1610 1612/1612 1611/1611
f 1610/1610 1611/1611 1607/1607
f 1610/1610 1608/1608 1614/1614
f 1610/1610 1614/1614 1613/1613
f 1610/1610 1613/1613 1615/1615
f 1610/1610 1615/1615 1612/1612
f 1615/1615 1617/1617 1616/1616
f 1615/1615 1616/1616 1612/1612
f 1615/1615 1613/1613 1619/1619
f 1615/1615 1619/1619 1618/1618
f 1615/1615 1618/1618 1620/1620
f 1615/1615 1620/1620 1617/1617
f 1620/1620 1622/1622 1621/1621
f 1620/1620 1621/1621 1617/1617
f 1620/1620 1618/1618 1624/1624
f 1620/1620 1624/1624 1623/1623
f 1620/1620 1623/1623 1529/1529
f 1620/1620 1529/1529 1622/1622
f 1623/1623 1624/1624 1625/1625
f 1623/1623 1625/1625 1532/1532
f 1623/1623 1532/1532 1528/1528
f 1623/1623 1528/1528 1529/1529
f 1625/1625 1624/1624 1627/1627
f 1625/1625 1627/1627 1626/1626
f 1625/1625 1626/1626 1628/1628
f 1625/1625 1628/1628 1535/1535
f 1625/1625 1535/1535 1531/1531
f 1625/1625 1531/1531 1532/1532
f 1628/1628 1626/1626 1630/1630
f 1628/1628 1630/1630 1629/1629
f 1628/1628 1629/1629 1632/1632
f 1628/1628 1632/1632 1631/1631
f 1628/1628 1631/1631 1534/1534
f 1628/1628 1534/1534 1535/1535
f 1631/1631 1632/1632 1634/1634
f 1631/1631 1634/1634 1633/1633
f 1631/1631 1633/1633 1537/1537
f 1631/1631 1537/1537 1534/1534
f 1633/1633 1634/1634 1635/1635
f 1633/1633 1635/1635 1542/1542
f 1633/1633 1542/1542 1539/1539
f 1633/1633 1539/1539 1537/1537
f 1635/1635 1634/1634 1637/1637
f 1635/1635 1637/1637 1636/1636
f 1635/1635 1636/1636 1552/1552
f 1635/1635 1552/1552 1545/1545
f 1635/1635 1545/1545 1541/1541
f 1635/1635 1541/1541 1542/1542
f 1636/1636 1637/1637 1639/1639
f 1636/1636 1639/1639 1638/1638
f 1636/1636 1638/1638 1551/1551
f 1636/1636 1551/1551 1552/1552
f 1638/1638 1639/1639 1641/1641
f 1638/1638 1641/1641 1640/1640
f 1638/1638 1640/1640 1554/1554
f 1638/1638 1554/1554 1551/1551
f 1640/1640 1641/1641 1564/1564
f 1640/1640 1564/1564 1562/1562
f 1640/1640 1562/1562 1556/1556
f 1640/1640 1556/1556 1554/1554
f 1641/1641 1639/1639 1643/1643
f 1641/1641 1643/1643 1642/1642
f 1641/1641 1642/1642 1566/1566
f 1641/1641 1566/1566 1564/1564
f 1642/1642 1643/1643 1645/1645
f 1642/1642 1645/1645 1644/1644
f 1642/1642 1644/1644 1568/1568
f 1642/1642 1568/1568 1566/1566
f 1644/1644 1645/1645 1647/1647
f 1644/1644 1647/1647 1646/1646
f 1644/1644 1646/1646 1570/1570
f 1644/1644 1570/1570 1568/1568
f 1646/1646 1647/1647 1649/1649
f 1646/1646 1649/1649 1648/1648
f 1646/1646 1648/1648 1572/1572
f 1646/1646 1572/1572 1570/1570
f 1648/1648 1649/1649 1651/1651
f 1648/1648 1651/1651 1650/1650
f 1648/1648 1650/1650 1574/1574
f 1648/1648 1574/1574 1572/1572
f 1650/1650 1651/1651 1653/1653
f 1650/1650 1653/1653 1652/1652
f 1650/1650 1652/1652 1576/1576
f 1650/1650 1576/1576 1574/1574
f 1652/1652 1653/1653 1655/1655
f 1652/1652 1655/1655 1654/1654
f 1652/1652 1654/1654 1578/1578
f 1652/1652 1578/1578 1576/1576
f 1654/1654 1655/1655 1604/1604
f 1654/1654 1604/1604 1656/1656
f 1654/1654 1656/1656 1580/1580
f 1654/1654 1580/1580 1578/1578
f 1656/1656 1604/1604 1598/1598
f 1656/1656 1598/1598 1599/1599
f 1656/1656 1599/1599 1582/1582
f 1656/1656 1582/1582 1580/1580
f 1655/1655 1609/1609 1603/1603
f 1655/1655 1603/1603 1604/1604
f 1655/1655 1653/1653 1657/1657
f 1655/1655 1657/1657 1609/1609
f 1657/1657 1614/1614 1608/1608
f 1657/1657 1608/1608 1609/1609
f 1657/1657 1653/1653 1651/1651
f 1657/1657 1651/1651 1658/1658
f 1657/1657 1658/1658 1659/1659
f 1657/1657 1659/1659 1614/1614
f 1659/1659 1619/1619 1613/1613
f 1659/1659 1613/1613 1614/1614
f 1659/1659 1658/1658 1661/1661
f 1659/1659 1661/1661 1660/1660
f 1659/1659 1660/1660 1627/1627
f 1659/1659 1627/1627 1619/1619
f 1660/1660 1661/1661 1662/1662
f 1660/1660 1662/1662 1630/1630
f 1660/1660 1630/1630 1626/1626
f 1660/1660 1626/1626 1627/1627
f 1662/1662 1661/1661 1649/1649
f 1662/1662 1649/1649 1647/1647
f 1662/1662 1647/1647 1645/1645
f 1662/1662 1645/1645 1663/1663
f 1662/1662 1663/1663 1629/1629
f 1662/1662 1629/1629 1630/1630
f 1663/1663 1645/1645 1643/1643
f 1663/1663 1643/1643 1664/1664
f 1663/1663 1664/1664 1632/1632
f 1663/1663 1632/1632 1629/1629
f 1664/1664 1643/1643 1639/1639
f 1664/1664 1639/1639 1637/1637
f 1664/1664 1637/1637 1634/1634
f 1664/1664 1634/1634 1632/1632
f 1661/1661 1658/1658 1651/1651
f 1661/1661 1651/1651 1649/1649
f 1627/1627 1624/1624 1618/1618
f 1627/1627 1618/1618 1619/1619
f 1621/1621 1522/1522 1520/1520
f 1621/1621 1520/1520 1665/1665
f 1621/1621 1665/1665 1616/1616
f 1621/1621 1616/1616 1617/1617
f 1621/1621 1622/1622 1524/1524
f 1621/1621 1524/1524 1522/1522
f 1665/1665 1520/1520 1518/1518
f 1665/1665 1518/1518 1666/1666
f 1665/1665 1666/1666 1667/1667
f 1665/1665 1667/1667 1616/1616
f 1667/1667 1666/1666 1669/1669
f 1667/1667 1669/1669 1668/1668
f 1667/1667 1668/1668 1670/1670
f 1667/1667 1670/1670 1611/1611
f 1667/1667 1611/1611 1612/1612
f 1667/1667 1612/1612 1616/1616
f 1670/1670 1668/1668 1672/1672
f 1670/1670 1672/1672 1671/1671
f 1670/1670 1671/1671 1673/1673
f 1670/1670 1673/1673 1606/1606
f 1670/1670 1606/1606 1607/1607
f 1670/1670 1607/1607 1611/1611
f 1673/1673 1671/1671 1675/1675
f 1673/1673 1675/1675 1674/1674
f 1673/1673 1674/1674 1676/1676
f 1673/1673 1676/1676 1601/1601
f 1673/1673 1601/1601 1602/1602
f 1673/1673 1602/1602 1606/1606
f 1676/1676 1674/1674 1678/1678
f 1676/1676 1678/1678 1677/1677
f 1676/1676 1677/1677 1679/1679
f 1676/1676 1679/1679 1596/1596
f 1676/1676 1596/1596 1597/1597
f 1676/1676 1597/1597 1601/1601
f 1679/1679 1677/1677 1681/1681
f 1679/1679 1681/1681 1680/1680
f 1679/1679 1680/1680 1682/1682
f 1679/1679 1682/1682 1592/1592
f 1679/1679 1592/1592 1593/1593
f 1679/1679 1593/1593 1596/1596
f 1682/1682 1680/1680 1684/1684
f 1682/1682 1684/1684 1683/1683
f 1682/1682 1683/1683 1685/1685
f 1682/1682 1685/1685 1589/1589
f 1682/1682 1589/1589 1590/1590
f 1682/1682 1590/1590 1592/1592
f 1685/1685 1683/1683 1484/1484
f 1685/1685 1484/1484 1482/1482
f 1685/1685 1482/1482 892/892
f 1685/1685 892/892 893/893
f 1685/1685 893/893 897/897
f 1685/1685 897/897 1589/1589
f 1683/1683 1684/1684 1486/1486
f 1683/1683 1486/1486 1484/1484
f 1684/1684 1680/1680 1681/1681
f 1684/1684 1681/1681 1686/1686
f 1684/1684 1686/1686 1488/1488
f 1684/1684 1488/1488 1486/1486
f 1686/1686 1681/1681 1499/1499
f 1686/1686 1499/1499 1497/1497
f 1686/1686 1497/1497 1490/1490
f 1686/1686 1490/1490 1488/1488
f 1681/1681 1677/1677 1678/1678
f 1681/1681 1678/1678 1499/1499
f 1678/1678 1503/1503 1498/1498
f 1678/1678 1498/1498 1499/1499
f 1678/1678 1674/1674 1675/1675
f 1678/1678 1675/1675 1503/1503
f 1675/1675 1508/1508 1502/1502
f 1675/1675 1502/1502 1503/1503
f 1675/1675 1671/1671 1672/1672
f 1675/1675 1672/1672 1508/1508
f 1672/1672 1513/1513 1507/1507
f 1672/1672 1507/1507 1508/1508
f 1672/1672 1668/1668 1669/1669
f 1672/1672 1669/1669 1513/1513
f 1669/1669 1516/1516 1512/1512
f 1669/1669 1512/1512 1513/1513
f 1669/1669 1666/1666 1518/1518
f 1669/1669 1518/1518 1516/1516
f 1622/1622 1529/1529 1526/1526
f 1622/1622 1526/1526 1524/1524
f 1599/1599 1594/1594 1584/1584
f 1599/1599 1584/1584 1582/1582
f 1552/1552 1548/1548 1544/1544
f 1552/1552 1544/1544 1545/1545
f 1510/1510 1389/1389 1387/1387
f 1510/1510 1387/1387 1687/1687
f 1510/1510 1687/1687 1505/1505
f 1510/1510 1505/1505 1506/1506
f 1510/1510 1511/1511 1391/1391
f 1510/1510 1391/1391 1389/1389
f 1687/1687 1387/1387 1385/1385
f 1687/1687 1385/1385 885/885
f 1687/1687 885/885 886/886
f 1687/1687 886/886 1505/1505
f 1505/1505 886/886 890/890
f 1505/1505 890/890 1501/1501
f 1439/1439 1435/1435 1436/1436
f 1439/1439 1436/1436 904/904
f 1385/1385 1383/1383 884/884
f 1385/1385 884/884 885/885
f 1383/1383 1381/1381 889/889
f 1383/1383 889/889 884/884
f 1295/1295 1689/1689 1688/1688
f 1295/1295 1688/1688 880/880
f 1157/1157 1689/1689 1295/1295
f 1157/1157 1295/1295 1159/1159
f 1688/1688 1149/1149 1147/1147
f 1688/1688 1147/1147 1282/1282
f 1688/1688 1689/1689 1151/1151
f 1688/1688 1151/1151 1149/1149
f 1689/1689 1157/1157 1153/1153
f 1689/1689 1153/1153 1151/1151
f 953/953 952/952 948/948
f 953/953 948/948 949/949
f 883/883 880/880 1688/1688
f 883/883 1688/1688 1282/1282
f 1693/1693 1692/1692 1691/1691
f 1693/1693 1691/1691 1690/1690
f 1697/1697 1696/1696 1695/1695
f 1697/1697 1695/1695 1694/1694
f 1701/1701 1700/1700 1699/1699
f 1701/1701 1699/1699 1698/1698
f 1705/1705 1704/1704 1703/1703
f 1705/1705 1703/1703 1702/1702
f 1709/1709 1708/1708 1707/1707
f 1709/1709 1707/1707 1706/1706
f 1713/1713 1712/1712 1711/1711
f 1713/1713 1711/1711 1710/1710
f 1717/1717 1716/1716 1715/1715
f 1717/1717 1715/1715 1714/1714
f 1721/1721 1720/1720 1719/1719
f 1721/1721 1719/1719 1718/1718
f 1725/1725 1724/1724 1723/1723
f 1725/1725 1723/1723 1722/1722
f 1729/1729 1728/1728 1727/1727
f 1729/1729 1727/1727 1726/1726
f 1733/1733 1732/1732 1731/1731
f 1733/1733 1731/1731 1730/1730
f 1737/1737 1736/1736 1735/1735
f 1737/1737 1735/1735 1734/1734
f 1741/1741 1740/1740 1739/1739
f 1741/1741 1739/1739 1738/1738
f 1745/1745 1744/1744 1743/1743
f 1745/1745 1743/1743 1742/1742
f 1749/1749 1748/1748 1747/1747
f 1749/1749 1747/1747 1746/1746
f 1753/1753 1752/1752 1751/1751
f 1753/1753 1751/1751 1750/1750
f 1757/1757 1756/1756 1755/1755
f 1757/1757 1755/1755 1754/1754
f 1761/1761 1760/1760 1759/1759
f 1761/1761 1759/1759 1758/1758
f 1765/1765 1764/1764 1763/1763
f 1765/1765 1763/1763 1762/1762
f 1769/1769 1768/1768 1767/1767
f 1769/1769 1767/1767 1766/1766
f 1773/1773 1772/1772 1771/1771
f 1773/1773 1771/1771 1770/1770
f 1777/1777 1776/1776 1775/1775
f 1777/1777 1775/1775 1774/1774
f 1781/1781 1780/1780 1779/1779
f 1781/1781 1779/1779 1778/1778
f 1785/1785 1784/1784 1783/1783
f 1785/1785 1783/1783 1782/1782
f 1789/1789 1788/1788 1787/1787
f 1789/1789 1787/1787 1786/1786
f 1793/1793 1792/1792 1791/1791
f 1793/1793 1791/1791 1790/1790
f 1797/1797 1796/1796 1795/1795
f 1797/1797 1795/1795 1794/1794
f 1801/1801 1800/1800 1799/1799
f 1801/1801 1799/1799 1798/1798
f 1805/1805 1804/1804 1803/1803
f 1805/1805 1803/1803 1802/1802
f 1809/1809 1808/1808 1807/1807
f 1809/1809 1807/1807 1806/1806
f 1813/1813 1812/1812 1811/1811
f 1813/1813 1811/1811 1810/1810
f 1817/1817 1816/1816 1815/1815
f 1817/1817 1815/1815 1814/1814
f 1821/1821 1820/1820 1819/1819
f 1821/1821 1819/1819 1818/1818
f 1825/1825 1824/1824 1823/1823
f 1825/1825 1823/1823 1822/1822
f 1829/1829 1828/1828 1827/1827
f 1829/1829 1827/1827 1826/1826
f 1833/1833 1832/1832 1831/1831
f 1833/1833 1831/1831 1830/1830
f 1837/1837 1836/1836 1835/1835
f 1837/1837 1835/1835 1834/1834
f 1841/1841 1840/1840 1839/1839
f 1841/1841 1839/1839 1838/1838
f 1845/1845 1844/1844 1843/1843
f 1845/1845 1843/1843 1842/1842
f 1849/1849 1848/1848 1847/1847
f 1849/1849 1847/1847 1846/1846
f 1853/1853 1852/1852 1851/1851
f 1853/1853 1851/1851 1850/1850
f 1857/1857 1856/1856 1855/1855
f 1857/1857 1855/1855 1854/1854
f 1861/1861 1860/1860 1859/1859
f 1861/1861 1859/1859 1858/1858
f 1865/1865 1864/1864 1863/1863
f 1865/1865 1863/1863 1862/1862
f 1869/1869 1868/1868 1867/1867
f 1869/1869 1867/1867 1866/1866
f 1873/1873 1872/1872 1871/1871
f 1873/1873 1871/1871 1870/1870
f 1877/1877 1876/1876 1875/1875
f 1877/1877 1875/1875 1874/1874
f 1881/1881 1880/1880 1879/1879
f 1881/1881 1879/1879 1878/1878
f 1740/1740 1749/1749 1746/1746
f 1740/1740 1746/1746 1739/1739
f 1758/1758 1763/1763 1764/1764
f 1758/1758 1764/1764 1761/1761
f 1859/1859 1860/1860 1853/1853
f 1859/1859 1853/1853 1850/1850
f 1751/1751 1741/1741 1738/1738
f 1751/1751 1738/1738 1750/1750
f 1762/1762 1767/1767 1768/1768
f 1762/1762 1768/1768 1765/1765
f 1863/1863 1864/1864 1861/1861
f 1863/1863 1861/1861 1858/1858
f 1748/1748 1692/1692 1693/1693
f 1748/1748 1693/1693 1747/1747
f 1754/1754 1759/1759 1760/1760
f 1754/1754 1760/1760 1757/1757
f 1851/1851 1852/1852 1818/1818
f 1851/1851 1818/1818 1819/1819
f 1696/1696 1752/1752 1753/1753
f 1696/1696 1753/1753 1695/1695
f 1766/1766 1771/1771 1772/1772
f 1766/1766 1772/1772 1769/1769
f 1855/1855 1856/1856 1865/1865
f 1855/1855 1865/1865 1862/1862
f 1691/1691 1701/1701 1698/1698
f 1691/1691 1698/1698 1690/1690
f 1814/1814 1755/1755 1756/1756
f 1814/1814 1756/1756 1817/1817
f 1826/1826 1820/1820 1821/1821
f 1826/1826 1821/1821 1829/1829
f 1743/1743 1697/1697 1694/1694
f 1743/1743 1694/1694 1742/1742
f 1770/1770 1775/1775 1776/1776
f 1770/1770 1776/1776 1773/1773
f 1854/1854 1824/1824 1825/1825
f 1854/1854 1825/1825 1857/1857
f 1700/1700 1708/1708 1709/1709
f 1700/1700 1709/1709 1699/1699
f 1810/1810 1815/1815 1816/1816
f 1810/1810 1816/1816 1813/1813
f 1827/1827 1828/1828 1837/1837
f 1827/1827 1837/1837 1834/1834
f 1704/1704 1744/1744 1745/1745
f 1704/1704 1745/1745 1703/1703
f 1774/1774 1779/1779 1780/1780
f 1774/1774 1780/1780 1777/1777
f 1831/1831 1832/1832 1822/1822
f 1831/1831 1822/1822 1823/1823
f 1707/1707 1716/1716 1717/1717
f 1707/1707 1717/1717 1706/1706
f 1806/1806 1811/1811 1812/1812
f 1806/1806 1812/1812 1809/1809
f 1835/1835 1836/1836 1842/1842
f 1835/1835 1842/1842 1843/1843
f 1712/1712 1705/1705 1702/1702
f 1712/1712 1702/1702 1711/1711
f 1778/1778 1783/1783 1784/1784
f 1778/1778 1784/1784 1781/1781
f 1839/1839 1840/1840 1833/1833
f 1839/1839 1833/1833 1830/1830
f 1715/1715 1732/1732 1733/1733
f 1715/1715 1733/1733 1714/1714
f 1802/1802 1807/1807 1808/1808
f 1802/1802 1808/1808 1805/1805
f 1875/1875 1844/1844 1845/1845
f 1875/1875 1845/1845 1874/1874
f 1720/1720 1713/1713 1710/1710
f 1720/1720 1710/1710 1719/1719
f 1782/1782 1787/1787 1788/1788
f 1782/1782 1788/1788 1785/1785
f 1838/1838 1848/1848 1849/1849
f 1838/1838 1849/1849 1841/1841
f 1731/1731 1725/1725 1722/1722
f 1731/1731 1722/1722 1730/1730
f 1798/1798 1803/1803 1804/1804
f 1798/1798 1804/1804 1801/1801
f 1867/1867 1876/1876 1877/1877
f 1867/1867 1877/1877 1866/1866
f 1727/1727 1721/1721 1718/1718
f 1727/1727 1718/1718 1726/1726
f 1786/1786 1791/1791 1792/1792
f 1786/1786 1792/1792 1789/1789
f 1847/1847 1880/1880 1881/1881
f 1847/1847 1881/1881 1846/1846
f 1724/1724 1736/1736 1737/1737
f 1724/1724 1737/1737 1723/1723
f 1794/1794 1799/1799 1800/1800
f 1794/1794 1800/1800 1797/1797
f 1871/1871 1868/1868 1869/1869
f 1871/1871 1869/1869 1870/1870
f 1735/1735 1728/1728 1729/1729
f 1735/1735 1729/1729 1734/1734
f 1790/1790 1795/1795 1796/1796
f 1790/1790 1796/1796 1793/1793
f 1879/1879 1872/1872 1873/1873
f 1879/1879 1873/1873 1878/1878
f 1829/1829 1821/1821 1883/1883
f 1829/1829 1883/1883 1882/1882
f 1884/1884 1883/1883 1821/1821
f 1884/1884 1821/1821 1818/1818
f 1818/1818 1852/1852 1885/1885
f 1818/1818 1885/1885 1884/1884
f 1886/1886 1885/1885 1852/1852
f 1886/1886 1852/1852 1853/1853
f 1853/1853 1860/1860 1887/1887
f 1853/1853 1887/1887 1886/1886
f 1888/1888 1887/1887 1860/1860
f 1888/1888 1860/1860 1861/1861
f 1861/1861 1864/1864 1889/1889
f 1861/1861 1889/1889 1888/1888
f 1890/1890 1889/1889 1864/1864
f 1890/1890 1864/1864 1865/1865
f 1865/1865 1856/1856 1891/1891
f 1865/1865 1891/1891 1890/1890
f 1892/1892 1891/1891 1856/1856
f 1892/1892 1856/1856 1857/1857
f 1857/1857 1825/1825 1893/1893
f 1857/1857 1893/1893 1892/1892
f 1894/1894 1893/1893 1825/1825
f 1894/1894 1825/1825 1822/1822
f 1822/1822 1832/1832 1895/1895
f 1822/1822 1895/1895 1894/1894
f 1896/1896 1895/1895 1832/1832
f 1896/1896 1832/1832 1833/1833
f 1833/1833 1840/1840 1897/1897
f 1833/1833 1897/1897 1896/1896
f 1898/1898 1897/1897 1840/1840
f 1898/1898 1840/1840 1841/1841
f 1841/1841 1849/1849 1899/1899
f 1841/1841 1899/1899 1898/1898
f 1900/1900 1899/1899 1849/1849
f 1900/1900 1849/1849 1846/1846
f 1846/1846 1881/1881 1901/1901
f 1846/1846 1901/1901 1900/1900
f 1902/1902 1901/1901 1881/1881
f 1902/1902 1881/1881 1878/1878
f 1878/1878 1873/1873 1903/1903
f 1878/1878 1903/1903 1902/1902
f 1904/1904 1903/1903 1873/1873
f 1904/1904 1873/1873 1870/1870
f 1870/1870 1869/1869 1905/1905
f 1870/1870 1905/1905 1904/1904
f 1906/1906 1905/1905 1869/1869
f 1906/1906 1869/1869 1866/1866
f 1866/1866 1877/1877 1907/1907
f 1866/1866 1907/1907 1906/1906
f 1908/1908 1907/1907 1877/1877
f 1908/1908 1877/1877 1874/1874
f 1874/1874 1845/1845 1909/1909
f 1874/1874 1909/1909 1908/1908
f 1910/1910 1909/1909 1845/1845
f 1910/1910 1845/1845 1842/1842
f 1842/1842 1836/1836 1911/1911
f 1842/1842 1911/1911 1910/1910
f 1912/1912 1911/1911 1836/1836
f 1912/1912 1836/1836 1837/1837
f 1837/1837 1828/1828 1913/1913
f 1837/1837 1913/1913 1912/1912
f 1882/1882 1913/1913 1828/1828
f 1882/1882 1828/1828 1829/1829
f 1883/1883 1755/1755 1814/1814
f 1883/1883 1814/1814 1882/1882
f 1884/1884 1754/1754 1755/1755
f 1884/1884 1755/1755 1883/1883
f 1885/1885 1759/1759 1754/1754
f 1885/1885 1754/1754 1884/1884
f 1758/1758 1759/1759 1885/1885
f 1758/1758 1885/1885 1886/1886
f 1887/1887 1763/1763 1758/1758
f 1887/1887 1758/1758 1886/1886
f 1762/1762 1763/1763 1887/1887
f 1762/1762 1887/1887 1888/1888
f 1889/1889 1767/1767 1762/1762
f 1889/1889 1762/1762 1888/1888
f 1890/1890 1766/1766 1767/1767
f 1890/1890 1767/1767 1889/1889
f 1891/1891 1771/1771 1766/1766
f 1891/1891 1766/1766 1890/1890
f 1770/1770 1771/1771 1891/1891
f 1770/1770 1891/1891 1892/1892
f 1893/1893 1775/1775 1770/1770
f 1893/1893 1770/1770 1892/1892
f 1894/1894 1774/1774 1775/1775
f 1894/1894 1775/1775 1893/1893
f 1895/1895 1779/1779 1774/1774
f 1895/1895 1774/1774 1894/1894
f 1778/1778 1779/1779 1895/1895
f 1778/1778 1895/1895 1896/1896
f 1897/1897 1783/1783 1778/1778
f 1897/1897 1778/1778 1896/1896
f 1782/1782 1783/1783 1897/1897
f 1782/1782 1897/1897 1898/1898
f 1899/1899 1787/1787 1782/1782
f 1899/1899 1782/1782 1898/1898
f 1786/1786 1787/1787 1899/1899
f 1786/1786 1899/1899 1900/1900
f 1901/1901 1791/1791 1786/1786
f 1901/1901 1786/1786 1900/1900
f 1902/1902 1790/1790 1791/1791
f 1902/1902 1791/1791 1901/1901
f 1903/1903 1795/1795 1790/1790
f 1903/1903 1790/1790 1902/1902
f 1904/1904 1794/1794 1795/1795
f 1904/1904 1795/1795 1903/1903
f 1905/1905 1799/1799 1794/1794
f 1905/1905 1794/1794 1904/1904
f 1798/1798 1799/1799 1905/1905
f 1798/1798 1905/1905 1906/1906
f 1907/1907 1803/1803 1798/1798
f 1907/1907 1798/1798 1906/1906
f 1908/1908 1802/1802 1803/1803
f 1908/1908 1803/1803 1907/1907
f 1909/1909 1807/1807 1802/1802
f 1909/1909 1802/1802 1908/1908
f 1910/1910 1806/1806 1807/1807
f 1910/1910 1807/1807 1909/1909
f 1911/1911 1811/1811 1806/1806
f 1911/1911 1806/1806 1910/1910
f 1912/1912 1810/1810 1811/1811
f 1912/1912 1811/1811 1911/1911
f 1913/1913 1815/1815 1810/1810
f 1913/1913 1810/1810 1912/1912
f 1814/1814 1815/1815 1913/1913
f 1814/1814 1913/1913 1882/1882
f 1756/1756 1757/1757 1693/1693
f 1756/1756 1693/1693 1690/1690
f 1698/1698 1817/1817 1756/1756
f 1698/1698 1756/1756 1690/1690
f 1816/1816 1817/1817 1698/1698
f 1816/1816 1698/1698 1699/1699
f 1813/1813 1816/1816 1699/1699
f 1813/1813 1699/1699 1709/1709
f 1812/1812 1813/1813 1709/1709
f 1812/1812 1709/1709 1706/1706
f 1809/1809 1812/1812 1706/1706
f 1809/1809 1706/1706 1717/1717
f 1808/1808 1809/1809 1717/1717
f 1808/1808 1717/1717 1714/1714
f 1805/1805 1808/1808 1714/1714
f 1805/1805 1714/1714 1733/1733
f 1804/1804 1805/1805 1733/1733
f 1804/1804 1733/1733 1730/1730
f 1722/1722 1801/1801 1804/1804
f 1722/1722 1804/1804 1730/1730
f 1800/1800 1801/1801 1722/1722
f 1800/1800 1722/1722 1723/1723
f 1797/1797 1800/1800 1723/1723
f 1797/1797 1723/1723 1737/1737
f 1796/1796 1797/1797 1737/1737
f 1796/1796 1737/1737 1734/1734
f 1793/1793 1796/1796 1734/1734
f 1793/1793 1734/1734 1729/1729
f 1792/1792 1793/1793 1729/1729
f 1792/1792 1729/1729 1726/1726
f 1718/1718 1789/1789 1792/1792
f 1718/1718 1792/1792 1726/1726
f 1788/1788 1789/1789 1718/1718
f 1788/1788 1718/1718 1719/1719
f 1710/1710 1785/1785 1788/1788
f 1710/1710 1788/1788 1719/1719
f 1784/1784 1785/1785 1710/1710
f 1784/1784 1710/1710 1711/1711
f 1702/1702 1781/1781 1784/1784
f 1702/1702 1784/1784 1711/1711
f 1780/1780 1781/1781 1702/1702
f 1780/1780 1702/1702 1703/1703
f 1777/1777 1780/1780 1703/1703
f 1777/1777 1703/1703 1745/1745
f 1776/1776 1777/1777 1745/1745
f 1776/1776 1745/1745 1742/1742
f 1694/1694 1773/1773 1776/1776
f 1694/1694 1776/1776 1742/1742
f 1772/1772 1773/1773 1694/1694
f 1772/1772 1694/1694 1695/1695
f 1769/1769 1772/1772 1695/1695
f 1769/1769 1695/1695 1753/1753
f 1768/1768 1769/1769 1753/1753
f 1768/1768 1753/1753 1750/1750
f 1738/1738 1765/1765 1768/1768
f 1738/1738 1768/1768 1750/1750
f 1764/1764 1765/1765 1738/1738
f 1764/1764 1738/1738 1739/1739
f 1746/1746 1761/1761 1764/1764
f 1746/1746 1764/1764 1739/1739
f 1760/1760 1761/1761 1746/1746
f 1760/1760 1746/1746 1747/1747
f 1757/1757 1760/1760 1747/1747
f 1757/1757 1747/1747 1693/1693
f 1691/1691 1692/1692 1915/1915
f 1691/1691 1915/1915 1914/1914
f 1914/1914 1916/1916 1701/1701
f 1914/1914 1701/1701 1691/1691
f 1916/1916 1917/1917 1700/1700
f 1916/1916 1700/1700 1701/1701
f 1917/1917 1918/1918 1708/1708
f 1917/1917 1708/1708 1700/1700
f 1707/1707 1708/1708 1918/1918
f 1707/1707 1918/1918 1919/1919
f 1919/1919 1920/1920 1716/1716
f 1919/1919 1716/1716 1707/1707
f 1715/1715 1716/1716 1920/1920
f 1715/1715 1920/1920 1921/1921
f 1921/1921 1922/1922 1732/1732
f 1921/1921 1732/1732 1715/1715
f 1731/1731 1732/1732 1922/1922
f 1731/1731 1922/1922 1923/1923
f 1923/1923 1924/1924 1725/1725
f 1923/1923 1725/1725 1731/1731
f 1924/1924 1925/1925 1724/1724
f 1924/1924 1724/1724 1725/1725
f 1925/1925 1926/1926 1736/1736
f 1925/1925 1736/1736 1724/1724
f 1735/1735 1736/1736 1926/1926
f 1735/1735 1926/1926 1927/1927
f 1927/1927 1928/1928 1728/1728
f 1927/1927 1728/1728 1735/1735
f 1727/1727 1728/1728 1928/1928
f 1727/1727 1928/1928 1929/1929
f 1929/1929 1930/1930 1721/1721
f 1929/1929 1721/1721 1727/1727
f 1930/1930 1931/1931 1720/1720
f 1930/1930 1720/1720 1721/1721
f 1931/1931 1932/1932 1713/1713
f 1931/1931 1713/1713 1720/1720
f 1932/1932 1933/1933 1712/1712
f 1932/1932 1712/1712 1713/1713
f 1933/1933 1934/1934 1705/1705
f 1933/1933 1705/1705 1712/1712
f 1934/1934 1935/1935 1704/1704
f 1934/1934 1704/1704 1705/1705
f 1935/1935 1936/1936 1744/1744
f 1935/1935 1744/1744 1704/1704
f 1743/1743 1744/1744 1936/1936
f 1743/1743 1936/1936 1937/1937
f 1937/1937 1938/1938 1697/1697
f 1937/1937 1697/1697 1743/1743
f 1938/1938 1939/1939 1696/1696
f 1938/1938 1696/1696 1697/1697
f 1939/1939 1940/1940 1752/1752
f 1939/1939 1752/1752 1696/1696
f 1751/1751 1752/1752 1940/1940
f 1751/1751 1940/1940 1941/1941
f 1941/1941 1942/1942 1741/1741
f 1941/1941 1741/1741 1751/1751
f 1942/1942 1943/1943 1740/1740
f 1942/1942 1740/1740 1741/1741
f 1943/1943 1944/1944 1749/1749
f 1943/1943 1749/1749 1740/1740
f 1944/1944 1945/1945 1748/1748
f 1944/1944 1748/1748 1749/1749
f 1945/1945 1915/1915 1692/1692
f 1945/1945 1692/1692 1748/1748
f 1914/1914 1915/1915 1947/1947
f 1914/1914 1947/1947 1946/1946
f 1948/1948 1916/1916 1914/1914
f 1948/1948 1914/1914 1946/1946
f 1917/1917 1916/1916 1948/1948
f 1917/1917 1948/1948 1949/1949
f 1918/1918 1917/1917 1949/1949
f 1918/1918 1949/1949 1950/1950
f 1919/1919 1918/1918 1950/1950
f 1919/1919 1950/1950 1951/1951
f 1920/1920 1919/1919 1951/1951
f 1920/1920 1951/1951 1952/1952
f 1921/1921 1920/1920 1952/1952
f 1921/1921 1952/1952 1953/1953
f 1922/1922 1921/1921 1953/1953
f 1922/1922 1953/1953 1954/1954
f 1923/1923 1922/1922 1954/1954
f 1923/1923 1954/1954 1955/1955
f 1956/1956 1924/1924 1923/1923
f 1956/1956 1923/1923 1955/1955
f 1925/1925 1924/1924 1956/1956
f 1925/1925 1956/1956 1957/1957
f 1926/1926 1925/1925 1957/1957
f 1926/1926 1957/1957 1958/1958
f 1927/1927 1926/1926 1958/1958
f 1927/1927 1958/1958 1959/1959
f 1928/1928 1927/1927 1959/1959
f 1928/1928 1959/1959 1960/1960
f 1929/1929 1928/1928 1960/1960
f 1929/1929 1960/1960 1961/1961
f 1962/1962 1930/1930 1929/1929
f 1962/1962 1929/1929 1961/1961
f 1931/1931 1930/1930 1962/1962
f 1931/1931 1962/1962 1963/1963
f 1964/1964 1932/1932 1931/1931
f 1964/1964 1931/1931 1963/1963
f 1933/1933 1932/1932 1964/1964
f 1933/1933 1964/1964 1965/1965
f 1966/1966 1934/1934 1933/1933
f 1966/1966 1933/1933 1965/1965
f 1935/1935 1934/1934 1966/1966
f 1935/1935 1966/1966 1967/1967
f 1936/1936 1935/1935 1967/1967
f 1936/1936 1967/1967 1968/1968
f 1937/1937 1936/1936 1968/1968
f 1937/1937 1968/1968 1969/1969
f 1970/1970 1938/1938 1937/1937
f 1970/1970 1937/1937 1969/1969
f 1939/1939 1938/1938 1970/1970
f 1939/1939 1970/1970 1971/1971
f 1940/1940 1939/1939 1971/1971
f 1940/1940 1971/1971 1972/1972
f 1941/1941 1940/1940 1972/1972
f 1941/1941 1972/1972 1973/1973
f 1974/1974 1942/1942 1941/1941
f 1974/1974 1941/1941 1973/1973
f 1943/1943 1942/1942 1974/1974
f 1943/1943 1974/1974 1975/1975
f 1976/1976 1944/1944 1943/1943
f 1976/1976 1943/1943 1975/1975
f 1945/1945 1944/1944 1976/1976
f 1945/1945 1976/1976 1977/1977
f 1915/1915 1945/1945 1977/1977
f 1915/1915 1977/1977 1947/1947
f 1979/1979 1978/1978 1946/1946
f 1979/1979 1946/1946 1947/1947
f 1948/1948 1946/1946 1978/1978
f 1948/1948 1978/1978 1980/1980
f 1980/1980 1981/1981 1949/1949
f 1980/1980 1949/1949 1948/1948
f 1950/1950 1949/1949 1981/1981
f 1950/1950 1981/1981 1982/1982
f 1982/1982 1983/1983 1951/1951
f 1982/1982 1951/1951 1950/1950
f 1952/1952 1951/1951 1983/1983
f 1952/1952 1983/1983 1984/1984
f 1984/1984 1985/1985 1953/1953
f 1984/1984 1953/1953 1952/1952
f 1954/1954 1953/1953 1985/1985
f 1954/1954 1985/1985 1986/1986
f 1986/1986 1987/1987 1955/1955
f 1986/1986 1955/1955 1954/1954
f 1956/1956 1955/1955 1987/1987
f 1956/1956 1987/1987 1988/1988
f 1988/1988 1989/1989 1957/1957
f 1988/1988 1957/1957 1956/1956
f 1958/1958 1957/1957 1989/1989
f 1958/1958 1989/1989 1990/1990
f 1990/1990 1991/1991 1959/1959
f 1990/1990 1959/1959 1958/1958
f 1960/1960 1959/1959 1991/1991
f 1960/1960 1991/1991 1992/1992
f 1992/1992 1993/1993 1961/1961
f 1992/1992 1961/1961 1960/1960
f 1962/1962 1961/1961 1993/1993
f 1962/1962 1993/1993 1994/1994
f 1994/1994 1995/1995 1963/1963
f 1994/1994 1963/1963 1962/1962
f 1964/1964 1963/1963 1995/1995
f 1964/1964 1995/1995 1996/1996
f 1996/1996 1997/1997 1965/1965
f 1996/1996 1965/1965 1964/1964
f 1966/1966 1965/1965 1997/1997
f 1966/1966 1997/1997 1998/1998
f 1998/1998 1999/1999 1967/1967
f 1998/1998 1967/1967 1966/1966
f 1968/1968 1967/1967 1999/1999
f 1968/1968 1999/1999 2000/2000
f 2000/2000 2001/2001 1969/1969
f 2000/2000 1969/1969 1968/1968
f 1970/1970 1969/1969 2001/2001
f 1970/1970 2001/2001 2002/2002
f 2002/2002 2003/2003 1971/1971
f 2002/2002 1971/1971 1970/1970
f 1972/1972 1971/1971 2003/2003
f 1972/1972 2003/2003 2004/2004
f 2004/2004 2005/2005 1973/1973
f 2004/2004 1973/1973 1972/1972
f 1974/1974 1973/1973 2005/2005
f 1974/1974 2005/2005 2006/2006
f 2006/2006 2007/2007 1975/1975
f 2006/2006 1975/1975 1974/1974
f 1976/1976 1975/1975 2007/2007
f 1976/1976 2007/2007 2008/2008
f 2008/2008 2009/2009 1977/1977
f 2008/2008 1977/1977 1976/1976
f 1947/1947 1977/1977 2009/2009
f 1947/1947 2009/2009 1979/1979
f 1978/1978 1979/1979 2011/2011
f 1978/1978 2011/2011 2010/2010
f 2012/2012 1980/1980 1978/1978
f 2012/2012 1978/1978 2010/2010
f 1981/1981 1980/1980 2012/2012
f 1981/1981 2012/2012 2013/2013
f 1982/1982 1981/1981 2013/2013
f 1982/1982 2013/2013 2014/2014
f 1983/1983 1982/1982 2014/2014
f 1983/1983 2014/2014 2015/2015
f 1984/1984 1983/1983 2015/2015
f 1984/1984 2015/2015 2016/2016
f 1985/1985 1984/1984 2016/2016
f 1985/1985 2016/2016 2017/2017
f 1986/1986 1985/1985 2017/2017
f 1986/1986 2017/2017 2018/2018
f 1987/1987 1986/1986 2018/2018
f 1987/1987 2018/2018 2019/2019
f 1989/1989 1988/1988 2020/2020
f 1989/1989 2020/2020 2021/2021
f 1990/1990 1989/1989 2021/2021
f 1990/1990 2021/2021 2022/2022
f 1991/1991 1990/1990 2022/2022
f 1991/1991 2022/2022 2023/2023
f 1992/1992 1991/1991 2023/2023
f 1992/1992 2023/2023 2024/2024
f 1993/1993 1992/1992 2024/2024
f 1993/1993 2024/2024 2025/2025
f 1995/1995 1994/1994 2026/2026
f 1995/1995 2026/2026 2027/2027
f 1997/1997 1996/1996 2028/2028
f 1997/1997 2028/2028 2029/2029
f 2030/2030 1998/1998 1997/1997
f 2030/2030 1997/1997 2029/2029
f 1999/1999 1998/1998 2030/2030
f 1999/1999 2030/2030 2031/2031
f 2000/2000 1999/1999 2031/2031
f 2000/2000 2031/2031 2032/2032
f 2001/2001 2000/2000 2032/2032
f 2001/2001 2032/2032 2033/2033
f 2034/2034 2002/2002 2001/2001
f 2034/2034 2001/2001 2033/2033
f 2003/2003 2002/2002 2034/2034
f 2003/2003 2034/2034 2035/2035
f 2004/2004 2003/2003 2035/2035
f 2004/2004 2035/2035 2036/2036
f 2005/2005 2004/2004 2036/2036
f 2005/2005 2036/2036 2037/2037
f 2038/2038 2006/2006 2005/2005
f 2038/2038 2005/2005 2037/2037
f 2007/2007 2006/2006 2038/2038
f 2007/2007 2038/2038 2039/2039
f 2040/2040 2008/2008 2007/2007
f 2040/2040 2007/2007 2039/2039
f 2009/2009 2008/2008 2040/2040
f 2009/2009 2040/2040 2041/2041
f 1979/1979 2009/2009 2041/2041
f 1979/1979 2041/2041 2011/2011
f 2047/2047 2044/2044 2045/2045
f 2047/2047 2045/2045 2046/2046
f 2053/2053 2052/2052 2051/2051
f 2053/2053 2051/2051 2050/2050
f 2055/2055 2052/2052 2053/2053
f 2055/2055 2053/2053 2054/2054
f 1844/1844 1875/1875 2067/2067
f 1844/1844 2067/2067 2066/2066
f 1847/1847 1848/1848 2069/2069
f 1847/1847 2069/2069 2068/2068
f 2066/2066 2070/2070 1843/1843
f 2066/2066 1843/1843 1844/1844
f 2071/2071 2069/2069 1848/1848
f 2071/2071 1848/1848 1838/1838
f 1835/1835 1843/1843 2070/2070
f 1835/1835 2070/2070 2072/2072
f 1838/1838 1839/1839 2073/2073
f 1838/1838 2073/2073 2071/2071
f 2072/2072 2074/2074 1834/1834
f 2072/2072 1834/1834 1835/1835
f 2075/2075 2073/2073 1839/1839
f 2075/2075 1839/1839 1830/1830
f 2074/2074 2076/2076 1827/1827
f 2074/2074 1827/1827 1834/1834
f 2077/2077 2075/2075 1830/1830
f 2077/2077 1830/1830 1831/1831
f 2079/2079 2078/2078 1819/1819
f 2079/2079 1819/1819 1820/1820
f 2081/2081 2080/2080 1824/1824
f 2081/2081 1824/1824 1854/1854
f 2082/2082 2079/2079 1820/1820
f 2082/2082 1820/1820 1826/1826
f 2080/2080 2083/2083 1823/1823
f 2080/2080 1823/1823 1824/1824
f 2076/2076 2082/2082 1826/1826
f 2076/2076 1826/1826 1827/1827
f 2083/2083 2077/2077 1831/1831
f 2083/2083 1831/1831 1823/1823
f 2085/2085 2084/2084 1859/1859
f 2085/2085 1859/1859 1850/1850
f 2087/2087 2086/2086 1862/1862
f 2087/2087 1862/1862 1863/1863
f 1850/1850 1851/1851 2088/2088
f 1850/1850 2088/2088 2085/2085
f 1855/1855 1862/1862 2086/2086
f 1855/1855 2086/2086 2089/2089
f 1851/1851 1819/1819 2078/2078
f 1851/1851 2078/2078 2088/2088
f 1854/1854 1855/1855 2089/2089
f 1854/1854 2089/2089 2081/2081
f 2090/2090 1858/1858 1859/1859
f 2090/2090 1859/1859 2084/2084
f 1858/1858 2090/2090 2087/2087
f 1858/1858 2087/2087 1863/1863
f 2092/2092 2091/2091 1876/1876
f 2092/2092 1876/1876 1867/1867
f 2094/2094 2093/2093 1879/1879
f 2094/2094 1879/1879 1880/1880
f 2091/2091 2067/2067 1875/1875
f 2091/2091 1875/1875 1876/1876
f 2068/2068 2094/2094 1880/1880
f 2068/2068 1880/1880 1847/1847
f 2096/2096 2095/2095 1868/1868
f 2096/2096 1868/1868 1871/1871
f 2097/2097 2096/2096 1871/1871
f 2097/2097 1871/1871 1872/1872
f 2095/2095 2092/2092 1867/1867
f 2095/2095 1867/1867 1868/1868
f 2093/2093 2097/2097 1872/1872
f 2093/2093 1872/1872 1879/1879
f 2111/2111 2110/2110 2109/2109
f 2111/2111 2109/2109 2108/2108
f 2115/2115 2114/2114 2113/2113
f 2115/2115 2113/2113 2112/2112
f 2119/2119 2118/2118 2117/2117
f 2119/2119 2117/2117 2116/2116
f 2123/2123 2122/2122 2121/2121
f 2123/2123 2121/2121 2120/2120
f 2127/2127 2126/2126 2125/2125
f 2127/2127 2125/2125 2124/2124
f 2131/2131 2130/2130 2129/2129
f 2131/2131 2129/2129 2128/2128
f 2118/2118 2100/2100 2098/2098
f 2118/2118 2098/2098 2117/2117
f 2110/2110 2119/2119 2116/2116
f 2110/2110 2116/2116 2109/2109
f 2103/2103 2123/2123 2120/2120
f 2103/2103 2120/2120 2102/2102
f 2126/2126 2111/2111 2108/2108
f 2126/2126 2108/2108 2125/2125
f 2122/2122 2115/2115 2112/2112
f 2122/2122 2112/2112 2121/2121
f 2134/2134 2127/2127 2124/2124
f 2134/2134 2124/2124 2133/2133
f 2114/2114 2131/2131 2128/2128
f 2114/2114 2128/2128 2113/2113
f 2130/2130 2136/2136 2135/2135
f 2130/2130 2135/2135 2129/2129
f 2140/2140 2139/2139 2104/2104
f 2140/2140 2104/2104 2105/2105
f 2142/2142 2141/2141 2106/2106
f 2142/2142 2106/2106 2107/2107
f 2098/2098 2099/2099 2144/2144
f 2098/2098 2144/2144 2143/2143
f 2141/2141 2140/2140 2105/2105
f 2141/2141 2105/2105 2106/2106
f 2139/2139 2144/2144 2099/2099
f 2139/2139 2099/2099 2104/2104
f 2120/2120 2145/2145 2101/2101
f 2120/2120 2101/2101 2102/2102
f 2098/2098 2143/2143 2116/2116
f 2098/2098 2116/2116 2117/2117
f 2145/2145 2142/2142 2107/2107
f 2145/2145 2107/2107 2101/2101
f 2121/2121 2146/2146 2145/2145
f 2121/2121 2145/2145 2120/2120
f 2146/2146 2147/2147 2142/2142
f 2146/2146 2142/2142 2145/2145
f 2147/2147 2148/2148 2141/2141
f 2147/2147 2141/2141 2142/2142
f 2148/2148 2149/2149 2140/2140
f 2148/2148 2140/2140 2141/2141
f 2149/2149 2150/2150 2139/2139
f 2149/2149 2139/2139 2140/2140
f 2150/2150 2151/2151 2144/2144
f 2150/2150 2144/2144 2139/2139
f 2143/2143 2144/2144 2151/2151
f 2143/2143 2151/2151 2152/2152
f 2116/2116 2143/2143 2152/2152
f 2116/2116 2152/2152 2109/2109
f 2112/2112 2153/2153 2146/2146
f 2112/2112 2146/2146 2121/2121
f 2153/2153 2154/2154 2147/2147
f 2153/2153 2147/2147 2146/2146
f 2154/2154 2155/2155 2148/2148
f 2154/2154 2148/2148 2147/2147
f 2155/2155 2156/2156 2149/2149
f 2155/2155 2149/2149 2148/2148
f 2156/2156 2157/2157 2150/2150
f 2156/2156 2150/2150 2149/2149
f 2157/2157 2158/2158 2151/2151
f 2157/2157 2151/2151 2150/2150
f 2152/2152 2151/2151 2158/2158
f 2152/2152 2158/2158 2159/2159
f 2109/2109 2152/2152 2159/2159
f 2109/2109 2159/2159 2108/2108
f 2113/2113 2160/2160 2153/2153
f 2113/2113 2153/2153 2112/2112
f 2160/2160 2161/2161 2154/2154
f 2160/2160 2154/2154 2153/2153
f 2161/2161 2162/2162 2155/2155
f 2161/2161 2155/2155 2154/2154
f 2162/2162 2163/2163 2156/2156
f 2162/2162 2156/2156 2155/2155
f 2163/2163 2164/2164 2157/2157
f 2163/2163 2157/2157 2156/2156
f 2164/2164 2165/2165 2158/2158
f 2164/2164 2158/2158 2157/2157
f 2159/2159 2158/2158 2165/2165
f 2159/2159 2165/2165 2166/2166
f 2108/2108 2159/2159 2166/2166
f 2108/2108 2166/2166 2125/2125
f 2128/2128 2167/2167 2160/2160
f 2128/2128 2160/2160 2113/2113
f 2167/2167 2168/2168 2161/2161
f 2167/2167 2161/2161 2160/2160
f 2168/2168 2169/2169 2162/2162
f 2168/2168 2162/2162 2161/2161
f 2169/2169 2170/2170 2163/2163
f 2169/2169 2163/2163 2162/2162
f 2171/2171 2172/2172 2165/2165
f 2171/2171 2165/2165 2164/2164
f 2166/2166 2165/2165 2172/2172
f 2166/2166 2172/2172 2173/2173
f 2125/2125 2166/2166 2173/2173
f 2125/2125 2173/2173 2124/2124
f 2129/2129 2174/2174 2167/2167
f 2129/2129 2167/2167 2128/2128
f 2174/2174 2175/2175 2168/2168
f 2174/2174 2168/2168 2167/2167
f 2175/2175 2176/2176 2169/2169
f 2175/2175 2169/2169 2168/2168
f 2173/2173 2172/2172 2177/2177
f 2173/2173 2177/2177 2178/2178
f 2124/2124 2173/2173 2178/2178
f 2124/2124 2178/2178 2133/2133
f 2179/2179 2180/2180 2175/2175
f 2179/2179 2175/2175 2174/2174
f 2178/2178 2177/2177 2181/2181
f 2178/2178 2181/2181 2182/2182
f 2133/2133 2178/2178 2182/2182
f 2133/2133 2182/2182 2132/2132
f 2182/2182 2181/2181 2137/2137
f 2182/2182 2137/2137 2138/2138
f 2046/2046 2045/2045 2110/2110
f 2046/2046 2110/2110 2111/2111
f 2048/2048 2046/2046 2111/2111
f 2048/2048 2111/2111 2126/2126
f 2053/2053 2050/2050 2131/2131
f 2053/2053 2131/2131 2114/2114
f 2054/2054 2053/2053 2114/2114
f 2054/2054 2114/2114 2115/2115
f 2034/2034 2033/2033 2057/2057
f 2034/2034 2057/2057 2058/2058
f 2032/2032 2031/2031 2055/2055
f 2032/2032 2055/2055 2056/2056
f 2030/2030 2029/2029 2051/2051
f 2030/2030 2051/2051 2052/2052
f 2014/2014 2013/2013 2047/2047
f 2014/2014 2047/2047 2049/2049
f 2012/2012 2010/2010 2043/2043
f 2012/2012 2043/2043 2044/2044
f 2011/2011 2041/2041 2065/2065
f 2011/2011 2065/2065 2042/2042
f 2040/2040 2039/2039 2063/2063
f 2040/2040 2063/2063 2064/2064
f 2038/2038 2037/2037 2061/2061
f 2038/2038 2061/2061 2062/2062
f 2036/2036 2035/2035 2059/2059
f 2036/2036 2059/2059 2060/2060
f 2186/2186 2185/2185 2184/2184
f 2186/2186 2184/2184 2183/2183
f 2190/2190 2189/2189 2188/2188
f 2190/2190 2188/2188 2187/2187
f 2192/2192 2186/2186 2183/2183
f 2192/2192 2183/2183 2191/2191
f 2189/2189 2194/2194 2193/2193
f 2189/2189 2193/2193 2188/2188
f 2196/2196 2192/2192 2191/2191
f 2196/2196 2191/2191 2195/2195
f 2194/2194 2198/2198 2197/2197
f 2194/2194 2197/2197 2193/2193
f 2200/2200 2196/2196 2195/2195
f 2200/2200 2195/2195 2199/2199
f 2198/2198 2202/2202 2201/2201
f 2198/2198 2201/2201 2197/2197
f 2204/2204 2200/2200 2199/2199
f 2204/2204 2199/2199 2203/2203
f 2202/2202 2206/2206 2205/2205
f 2202/2202 2205/2205 2201/2201
f 2210/2210 2209/2209 2208/2208
f 2210/2210 2208/2208 2207/2207
f 2214/2214 2213/2213 2212/2212
f 2214/2214 2212/2212 2211/2211
f 2209/2209 2216/2216 2215/2215
f 2209/2209 2215/2215 2208/2208
f 2218/2218 2214/2214 2211/2211
f 2218/2218 2211/2211 2217/2217
f 2216/2216 2204/2204 2203/2203
f 2216/2216 2203/2203 2215/2215
f 2206/2206 2218/2218 2217/2217
f 2206/2206 2217/2217 2205/2205
f 2222/2222 2221/2221 2220/2220
f 2222/2222 2220/2220 2219/2219
f 2226/2226 2225/2225 2224/2224
f 2226/2226 2224/2224 2223/2223
f 2221/2221 2228/2228 2227/2227
f 2221/2221 2227/2227 2220/2220
f 2230/2230 2226/2226 2223/2223
f 2230/2230 2223/2223 2229/2229
f 2228/2228 2210/2210 2207/2207
f 2228/2228 2207/2207 2227/2227
f 2213/2213 2230/2230 2229/2229
f 2213/2213 2229/2229 2212/2212
f 2232/2232 2222/2222 2219/2219
f 2232/2232 2219/2219 2231/2231
f 2225/2225 2232/2232 2231/2231
f 2225/2225 2231/2231 2224/2224
f 2236/2236 2235/2235 2234/2234
f 2236/2236 2234/2234 2233/2233
f 2240/2240 2239/2239 2238/2238
f 2240/2240 2238/2238 2237/2237
f 2185/2185 2236/2236 2233/2233
f 2185/2185 2233/2233 2184/2184
f 2239/2239 2190/2190 2187/2187
f 2239/2239 2187/2187 2238/2238
f 2244/2244 2243/2243 2242/2242
f 2244/2244 2242/2242 2241/2241
f 2243/2243 2246/2246 2245/2245
f 2243/2243 2245/2245 2242/2242
f 2235/2235 2244/2244 2241/2241
f 2235/2235 2241/2241 2234/2234
f 2246/2246 2240/2240 2237/2237
f 2246/2246 2237/2237 2245/2245
f 2241/2241 2242/2242 2248/2248
f 2241/2241 2248/2248 2247/2247
f 2245/2245 2237/2237 2250/2250
f 2245/2245 2250/2250 2249/2249
f 2252/2252 2251/2251 2233/2233
f 2252/2252 2233/2233 2234/2234
f 2242/2242 2245/2245 2249/2249
f 2242/2242 2249/2249 2248/2248
f 2234/2234 2241/2241 2247/2247
f 2234/2234 2247/2247 2252/2252
f 2188/2188 2253/2253 2238/2238
f 2188/2188 2238/2238 2187/2187
f 2251/2251 2183/2183 2184/2184
f 2251/2251 2184/2184 2233/2233
f 2253/2253 2250/2250 2237/2237
f 2253/2253 2237/2237 2238/2238
f 2229/2229 2254/2254 2211/2211
f 2229/2229 2211/2211 2212/2212
f 2223/2223 2255/2255 2254/2254
f 2223/2223 2254/2254 2229/2229
f 2256/2256 2255/2255 2223/2223
f 2256/2256 2223/2223 2224/2224
f 2257/2257 2256/2256 2224/2224
f 2257/2257 2224/2224 2231/2231
f 2258/2258 2257/2257 2231/2231
f 2258/2258 2231/2231 2219/2219
f 2259/2259 2258/2258 2219/2219
f 2259/2259 2219/2219 2220/2220
f 2227/2227 2260/2260 2259/2259
f 2227/2227 2259/2259 2220/2220
f 2208/2208 2260/2260 2227/2227
f 2208/2208 2227/2227 2207/2207
f 2211/2211 2254/2254 2261/2261
f 2211/2211 2261/2261 2217/2217
f 2254/2254 2255/2255 2262/2262
f 2254/2254 2262/2262 2261/2261
f 2263/2263 2262/2262 2255/2255
f 2263/2263 2255/2255 2256/2256
f 2264/2264 2263/2263 2256/2256
f 2264/2264 2256/2256 2257/2257
f 2265/2265 2264/2264 2257/2257
f 2265/2265 2257/2257 2258/2258
f 2266/2266 2265/2265 2258/2258
f 2266/2266 2258/2258 2259/2259
f 2259/2259 2260/2260 2267/2267
f 2259/2259 2267/2267 2266/2266
f 2215/2215 2267/2267 2260/2260
f 2215/2215 2260/2260 2208/2208
f 2217/2217 2261/2261 2268/2268
f 2217/2217 2268/2268 2205/2205
f 2261/2261 2262/2262 2269/2269
f 2261/2261 2269/2269 2268/2268
f 2270/2270 2269/2269 2262/2262
f 2270/2270 2262/2262 2263/2263
f 2271/2271 2270/2270 2263/2263
f 2271/2271 2263/2263 2264/2264
f 2272/2272 2271/2271 2264/2264
f 2272/2272 2264/2264 2265/2265
f 2273/2273 2272/2272 2265/2265
f 2273/2273 2265/2265 2266/2266
f 2266/2266 2267/2267 2274/2274
f 2266/2266 2274/2274 2273/2273
f 2215/2215 2203/2203 2274/2274
f 2215/2215 2274/2274 2267/2267
f 2205/2205 2268/2268 2275/2275
f 2205/2205 2275/2275 2201/2201
f 2268/2268 2269/2269 2276/2276
f 2268/2268 2276/2276 2275/2275
f 2277/2277 2276/2276 2269/2269
f 2277/2277 2269/2269 2270/2270
f 2278/2278 2277/2277 2270/2270
f 2278/2278 2270/2270 2271/2271
f 2279/2279 2278/2278 2271/2271
f 2279/2279 2271/2271 2272/2272
f 2280/2280 2279/2279 2272/2272
f 2280/2280 2272/2272 2273/2273
f 2273/2273 2274/2274 2281/2281
f 2273/2273 2281/2281 2280/2280
f 2274/2274 2203/2203 2199/2199
f 2274/2274 2199/2199 2281/2281
f 2201/2201 2275/2275 2282/2282
f 2201/2201 2282/2282 2197/2197
f 2275/2275 2276/2276 2283/2283
f 2275/2275 2283/2283 2282/2282
f 2284/2284 2283/2283 2276/2276
f 2284/2284 2276/2276 2277/2277
f 2285/2285 2284/2284 2277/2277
f 2285/2285 2277/2277 2278/2278
f 2286/2286 2285/2285 2278/2278
f 2286/2286 2278/2278 2279/2279
f 2287/2287 2286/2286 2279/2279
f 2287/2287 2279/2279 2280/2280
f 2280/2280 2281/2281 2288/2288
f 2280/2280 2288/2288 2287/2287
f 2281/2281 2199/2199 2195/2195
f 2281/2281 2195/2195 2288/2288
f 2197/2197 2282/2282 2289/2289
f 2197/2197 2289/2289 2193/2193
f 2282/2282 2283/2283 2290/2290
f 2282/2282 2290/2290 2289/2289
f 2291/2291 2290/2290 2283/2283
f 2291/2291 2283/2283 2284/2284
f 2292/2292 2291/2291 2284/2284
f 2292/2292 2284/2284 2285/2285
f 2293/2293 2292/2292 2285/2285
f 2293/2293 2285/2285 2286/2286
f 2294/2294 2293/2293 2286/2286
f 2294/2294 2286/2286 2287/2287
f 2287/2287 2288/2288 2295/2295
f 2287/2287 2295/2295 2294/2294
f 2288/2288 2195/2195 2191/2191
f 2288/2288 2191/2191 2295/2295
f 2193/2193 2289/2289 2253/2253
f 2193/2193 2253/2253 2188/2188
f 2289/2289 2290/2290 2250/2250
f 2289/2289 2250/2250 2253/2253
f 2249/2249 2250/2250 2290/2290
f 2249/2249 2290/2290 2291/2291
f 2248/2248 2249/2249 2291/2291
f 2248/2248 2291/2291 2292/2292
f 2247/2247 2248/2248 2292/2292
f 2247/2247 2292/2292 2293/2293
f 2252/2252 2247/2247 2293/2293
f 2252/2252 2293/2293 2294/2294
f 2294/2294 2295/2295 2251/2251
f 2294/2294 2251/2251 2252/2252
f 2295/2295 2191/2191 2183/2183
f 2295/2295 2183/2183 2251/2251
f 2297/2297 2296/2296 2236/2236
f 2297/2297 2236/2236 2185/2185
f 2298/2298 2297/2297 2185/2185
f 2298/2298 2185/2185 2186/2186
f 2299/2299 2298/2298 2186/2186
f 2299/2299 2186/2186 2192/2192
f 2300/2300 2299/2299 2192/2192
f 2300/2300 2192/2192 2196/2196
f 2301/2301 2300/2300 2196/2196
f 2301/2301 2196/2196 2200/2200
f 2302/2302 2301/2301 2200/2200
f 2302/2302 2200/2200 2204/2204
f 2303/2303 2302/2302 2204/2204
f 2303/2303 2204/2204 2216/2216
f 2304/2304 2303/2303 2216/2216
f 2304/2304 2216/2216 2209/2209
f 2305/2305 2304/2304 2209/2209
f 2305/2305 2209/2209 2210/2210
f 2306/2306 2305/2305 2210/2210
f 2306/2306 2210/2210 2228/2228
f 2307/2307 2306/2306 2228/2228
f 2307/2307 2228/2228 2221/2221
f 2308/2308 2307/2307 2221/2221
f 2308/2308 2221/2221 2222/2222
f 2309/2309 2308/2308 2222/2222
f 2309/2309 2222/2222 2232/2232
f 2310/2310 2309/2309 2232/2232
f 2310/2310 2232/2232 2225/2225
f 2311/2311 2310/2310 2225/2225
f 2311/2311 2225/2225 2226/2226
f 2312/2312 2311/2311 2226/2226
f 2312/2312 2226/2226 2230/2230
f 2313/2313 2312/2312 2230/2230
f 2313/2313 2230/2230 2213/2213
f 2314/2314 2313/2313 2213/2213
f 2314/2314 2213/2213 2214/2214
f 2315/2315 2314/2314 2214/2214
f 2315/2315 2214/2214 2218/2218
f 2316/2316 2315/2315 2218/2218
f 2316/2316 2218/2218 2206/2206
f 2317/2317 2316/2316 2206/2206
f 2317/2317 2206/2206 2202/2202
f 2318/2318 2317/2317 2202/2202
f 2318/2318 2202/2202 2198/2198
f 2319/2319 2318/2318 2198/2198
f 2319/2319 2198/2198 2194/2194
f 2320/2320 2319/2319 2194/2194
f 2320/2320 2194/2194 2189/2189
f 2321/2321 2320/2320 2189/2189
f 2321/2321 2189/2189 2190/2190
f 2322/2322 2321/2321 2190/2190
f 2322/2322 2190/2190 2239/2239
f 2323/2323 2322/2322 2239/2239
f 2323/2323 2239/2239 2240/2240
f 2324/2324 2323/2323 2240/2240
f 2324/2324 2240/2240 2246/2246
f 2325/2325 2324/2324 2246/2246
f 2325/2325 2246/2246 2243/2243
f 2326/2326 2325/2325 2243/2243
f 2326/2326 2243/2243 2244/2244
f 2327/2327 2326/2326 2244/2244
f 2327/2327 2244/2244 2235/2235
f 2296/2296 2327/2327 2235/2235
f 2296/2296 2235/2235 2236/2236
f 2066/2066 2067/2067 2297/2297
f 2066/2066 2297/2297 2298/2298
f 2070/2070 2066/2066 2298/2298
f 2070/2070 2298/2298 2299/2299
f 2072/2072 2070/2070 2299/2299
f 2072/2072 2299/2299 2300/2300
f 2074/2074 2072/2072 2300/2300
f 2074/2074 2300/2300 2301/2301
f 2076/2076 2074/2074 2301/2301
f 2076/2076 2301/2301 2302/2302
f 2303/2303 2082/2082 2076/2076
f 2303/2303 2076/2076 2302/2302
f 2304/2304 2079/2079 2082/2082
f 2304/2304 2082/2082 2303/2303
f 2078/2078 2079/2079 2304/2304
f 2078/2078 2304/2304 2305/2305
f 2306/2306 2088/2088 2078/2078
f 2306/2306 2078/2078 2305/2305
f 2307/2307 2085/2085 2088/2088
f 2307/2307 2088/2088 2306/2306
f 2084/2084 2085/2085 2307/2307
f 2084/2084 2307/2307 2308/2308
f 2090/2090 2084/2084 2308/2308
f 2090/2090 2308/2308 2309/2309
f 2310/2310 2087/2087 2090/2090
f 2310/2310 2090/2090 2309/2309
f 2086/2086 2087/2087 2310/2310
f 2086/2086 2310/2310 2311/2311
f 2089/2089 2086/2086 2311/2311
f 2089/2089 2311/2311 2312/2312
f 2313/2313 2081/2081 2089/2089
f 2313/2313 2089/2089 2312/2312
f 2080/2080 2081/2081 2313/2313
f 2080/2080 2313/2313 2314/2314
f 2083/2083 2080/2080 2314/2314
f 2083/2083 2314/2314 2315/2315
f 2316/2316 2077/2077 2083/2083
f 2316/2316 2083/2083 2315/2315
f 2317/2317 2075/2075 2077/2077
f 2317/2317 2077/2077 2316/2316
f 2318/2318 2073/2073 2075/2075
f 2318/2318 2075/2075 2317/2317
f 2319/2319 2071/2071 2073/2073
f 2319/2319 2073/2073 2318/2318
f 2320/2320 2069/2069 2071/2071
f 2320/2320 2071/2071 2319/2319
f 2068/2068 2069/2069 2320/2320
f 2068/2068 2320/2320 2321/2321
f 2322/2322 2094/2094 2068/2068
f 2322/2322 2068/2068 2321/2321
f 2093/2093 2094/2094 2322/2322
f 2093/2093 2322/2322 2323/2323
f 2324/2324 2097/2097 2093/2093
f 2324/2324 2093/2093 2323/2323
f 2325/2325 2096/2096 2097/2097
f 2325/2325 2097/2097 2324/2324
f 2095/2095 2096/2096 2325/2325
f 2095/2095 2325/2325 2326/2326
f 2327/2327 2092/2092 2095/2095
f 2327/2327 2095/2095 2326/2326
f 2091/2091 2092/2092 2327/2327
f 2091/2091 2327/2327 2296/2296
f 2297/2297 2067/2067 2091/2091
f 2297/2297 2091/2091 2296/2296
f 2328/2328 2331/2331 2330/2330
f 2328/2328 2330/2330 2329/2329
f 2333/2333 2332/2332 2335/2335
f 2333/2333 2335/2335 2334/2334
f 2336/2336 2333/2333 2334/2334
f 2336/2336 2334/2334 2337/2337
f 2335/2335 2339/2339 2338/2338
f 2335/2335 2338/2338 2334/2334
f 2340/2340 2337/2337 2334/2334
f 2340/2340 2334/2334 2338/2338
f 2335/2335 2332/2332 2329/2329
f 2335/2335 2329/2329 2330/2330
f 2344/2344 2341/2341 2342/2342
f 2344/2344 2342/2342 2343/2343
f 2344/2344 2330/2330 2331/2331
f 2344/2344 2331/2331 2341/2341
f 2344/2344 2343/2343 2345/2345
f 2344/2344 2345/2345 2339/2339
f 2335/2335 2330/2330 2344/2344
f 2335/2335 2344/2344 2339/2339
f 2347/2347 2349/2349 2348/2348
f 2347/2347 2348/2348 2346/2346
f 2347/2347 2351/2351 2350/2350
f 2347/2347 2350/2350 2349/2349
f 2340/2340 2355/2355 2354/2354
f 2340/2340 2354/2354 2351/2351
f 2340/2340 2351/2351 2347/2347
f 2340/2340 2347/2347 2337/2337
f 2347/2347 2346/2346 2336/2336
f 2347/2347 2336/2336 2337/2337
f 2357/2357 2358/2358 2359/2359
f 2357/2357 2359/2359 2356/2356
f 2357/2357 2349/2349 2350/2350
f 2357/2357 2350/2350 2358/2358
f 2360/2360 2356/2356 2352/2352
f 2360/2360 2352/2352 2353/2353
f 2348/2348 2349/2349 2357/2357
f 2348/2348 2357/2357 2361/2361
f 2363/2363 2365/2365 2366/2366
f 2363/2363 2366/2366 2364/2364
f 2365/2365 2368/2368 2367/2367
f 2365/2365 2367/2367 2366/2366
f 2368/2368 2369/2369 2370/2370
f 2368/2368 2370/2370 2367/2367
f 2369/2369 2372/2372 2371/2371
f 2369/2369 2371/2371 2370/2370
f 2372/2372 2374/2374 2373/2373
f 2372/2372 2373/2373 2371/2371
f 2374/2374 2375/2375 2376/2376
f 2374/2374 2376/2376 2373/2373
f 2375/2375 2379/2379 2380/2380
f 2375/2375 2380/2380 2376/2376
f 2378/2378 2381/2381 2382/2382
f 2378/2378 2382/2382 2377/2377
f 2379/2379 2382/2382 2381/2381
f 2379/2379 2381/2381 2380/2380
f 2365/2365 2329/2329 2332/2332
f 2365/2365 2332/2332 2368/2368
f 2363/2363 2328/2328 2329/2329
f 2363/2363 2329/2329 2365/2365
f 2366/2366 2385/2385 2384/2384
f 2366/2366 2384/2384 2364/2364
f 2364/2364 2384/2384 2383/2383
f 2364/2364 2383/2383 2362/2362
f 2367/2367 2386/2386 2385/2385
f 2367/2367 2385/2385 2366/2366
f 2368/2368 2332/2332 2333/2333
f 2368/2368 2333/2333 2369/2369
f 2369/2369 2333/2333 2336/2336
f 2369/2369 2336/2336 2372/2372
f 2371/2371 2388/2388 2387/2387
f 2371/2371 2387/2387 2370/2370
f 2370/2370 2387/2387 2386/2386
f 2370/2370 2386/2386 2367/2367
f 2373/2373 2389/2389 2388/2388
f 2373/2373 2388/2388 2371/2371
f 2372/2372 2336/2336 2346/2346
f 2372/2372 2346/2346 2374/2374
f 2374/2374 2346/2346 2348/2348
f 2374/2374 2348/2348 2375/2375
f 2376/2376 2390/2390 2389/2389
f 2376/2376 2389/2389 2373/2373
f 2379/2379 2361/2361 2360/2360
f 2379/2379 2360/2360 2382/2382
f 2381/2381 2392/2392 2391/2391
f 2381/2381 2391/2391 2380/2380
f 2375/2375 2348/2348 2361/2361
f 2375/2375 2361/2361 2379/2379
f 2380/2380 2391/2391 2390/2390
f 2380/2380 2390/2390 2376/2376
f 2378/2378 2393/2393 2392/2392
f 2378/2378 2392/2392 2381/2381
f 2382/2382 2360/2360 2353/2353
f 2382/2382 2353/2353 2377/2377
f 2394/2394 2395/2395 2396/2396
f 2394/2394 2396/2396 2397/2397
f 2399/2399 2400/2400 2401/2401
f 2399/2399 2401/2401 2398/2398
f 2402/2402 2403/2403 2400/2400
f 2402/2402 2400/2400 2399/2399
f 2401/2401 2400/2400 2404/2404
f 2401/2401 2404/2404 2405/2405
f 2406/2406 2404/2404 2400/2400
f 2406/2406 2400/2400 2403/2403
f 2401/2401 2396/2396 2395/2395
f 2401/2401 2395/2395 2398/2398
f 2410/2410 2409/2409 2408/2408
f 2410/2410 2408/2408 2407/2407
f 2410/2410 2407/2407 2397/2397
f 2410/2410 2397/2397 2396/2396
f 2410/2410 2405/2405 2411/2411
f 2410/2410 2411/2411 2409/2409
f 2401/2401 2405/2405 2410/2410
f 2401/2401 2410/2410 2396/2396
f 2413/2413 2412/2412 2414/2414
f 2413/2413 2414/2414 2415/2415
f 2413/2413 2415/2415 2416/2416
f 2413/2413 2416/2416 2417/2417
f 2406/2406 2417/2417 2420/2420
f 2406/2406 2420/2420 2421/2421
f 2406/2406 2403/2403 2413/2413
f 2406/2406 2413/2413 2417/2417
f 2413/2413 2403/2403 2402/2402
f 2413/2413 2402/2402 2412/2412
f 2423/2423 2422/2422 2425/2425
f 2423/2423 2425/2425 2424/2424
f 2423/2423 2424/2424 2416/2416
f 2423/2423 2416/2416 2415/2415
f 2426/2426 2419/2419 2418/2418
f 2426/2426 2418/2418 2422/2422
f 2414/2414 2427/2427 2423/2423
f 2414/2414 2423/2423 2415/2415
f 2429/2429 2430/2430 2432/2432
f 2429/2429 2432/2432 2431/2431
f 2431/2431 2432/2432 2433/2433
f 2431/2431 2433/2433 2434/2434
f 2434/2434 2433/2433 2436/2436
f 2434/2434 2436/2436 2435/2435
f 2435/2435 2436/2436 2437/2437
f 2435/2435 2437/2437 2438/2438
f 2438/2438 2437/2437 2439/2439
f 2438/2438 2439/2439 2440/2440
f 2440/2440 2439/2439 2442/2442
f 2440/2440 2442/2442 2441/2441
f 2441/2441 2442/2442 2446/2446
f 2441/2441 2446/2446 2445/2445
f 2444/2444 2443/2443 2448/2448
f 2444/2444 2448/2448 2447/2447
f 2445/2445 2446/2446 2447/2447
f 2445/2445 2447/2447 2448/2448
f 2431/2431 2434/2434 2398/2398
f 2431/2431 2398/2398 2395/2395
f 2429/2429 2431/2431 2395/2395
f 2429/2429 2395/2395 2394/2394
f 2432/2432 2430/2430 2384/2384
f 2432/2432 2384/2384 2385/2385
f 2430/2430 2428/2428 2383/2383
f 2430/2430 2383/2383 2384/2384
f 2433/2433 2432/2432 2385/2385
f 2433/2433 2385/2385 2386/2386
f 2434/2434 2435/2435 2399/2399
f 2434/2434 2399/2399 2398/2398
f 2435/2435 2438/2438 2402/2402
f 2435/2435 2402/2402 2399/2399
f 2437/2437 2436/2436 2387/2387
f 2437/2437 2387/2387 2388/2388
f 2436/2436 2433/2433 2386/2386
f 2436/2436 2386/2386 2387/2387
f 2439/2439 2437/2437 2388/2388
f 2439/2439 2388/2388 2389/2389
f 2438/2438 2440/2440 2412/2412
f 2438/2438 2412/2412 2402/2402
f 2440/2440 2441/2441 2414/2414
f 2440/2440 2414/2414 2412/2412
f 2442/2442 2439/2439 2389/2389
f 2442/2442 2389/2389 2390/2390
f 2445/2445 2448/2448 2426/2426
f 2445/2445 2426/2426 2427/2427
f 2447/2447 2446/2446 2391/2391
f 2447/2447 2391/2391 2392/2392
f 2441/2441 2445/2445 2427/2427
f 2441/2441 2427/2427 2414/2414
f 2446/2446 2442/2442 2390/2390
f 2446/2446 2390/2390 2391/2391
f 2444/2444 2447/2447 2392/2392
f 2444/2444 2392/2392 2393/2393
f 2448/2448 2443/2443 2419/2419
f 2448/2448 2419/2419 2426/2426
