v -0.00610 -0.25726 -0.02262
v -0.00657 -0.25168 -0.02160
v -0.00746 -0.23597 -0.01919
v -0.02186 -0.21439 0.00216
v -0.02158 -0.23928 0.00052
v -0.00865 -0.21392 -0.01857
v -0.00893 -0.19995 -0.01946
v 0.00145 -0.23463 -0.02142
v 0.00250 -0.24979 -0.02437
v 0.01260 -0.24852 -0.02466
v 0.01310 -0.25375 -0.02619
v 0.01145 -0.23382 -0.02118
v 0.00301 -0.25520 -0.02574
v 0.00056 -0.21366 -0.02110
v -0.02059 -0.26287 -0.00159
v -0.02117 -0.25743 -0.00132
v -0.00502 -0.25923 0.03135
v -0.01900 -0.26259 0.01694
v -0.02150 -0.26338 0.00755
v 0.03949 -0.26005 0.02441
v 0.03358 -0.25969 0.03069
v 0.03352 -0.25508 0.03127
v 0.03939 -0.25544 0.02510
v 0.03956 -0.25502 -0.01309
v 0.03943 -0.24969 -0.01219
v 0.04312 -0.23580 -0.00354
v 0.04411 -0.25125 -0.00522
v 0.04412 -0.25658 -0.00587
v 0.03832 -0.23467 -0.00993
v 0.04362 -0.25983 0.01692
v 0.04344 -0.25515 0.01757
v 0.04194 -0.23909 0.01902
v 0.04112 -0.21573 0.02108
v 0.04142 -0.20130 0.02229
v 0.04212 -0.18610 0.02321
v 0.03791 -0.23938 0.02624
v 0.03675 -0.21605 0.02827
v 0.04287 -0.21388 -0.00249
v 0.04635 -0.03606 -0.01276
v 0.04853 -0.04848 -0.01187
v 0.04082 -0.03613 -0.02445
v 0.04304 -0.04898 -0.02363
v 0.00729 -0.03842 -0.04342
v 0.03610 -0.03547 0.03369
v 0.02710 -0.03582 0.04069
v 0.03747 -0.04842 0.03456
v 0.04296 -0.03549 0.02434
v 0.04451 -0.04796 0.02545
v -0.01192 -0.03949 0.04171
v 0.02862 -0.04897 0.04141
v 0.02992 -0.06378 0.04200
v 0.03875 -0.06317 0.03516
v 0.04583 -0.06274 0.02618
v 0.04669 -0.07888 0.02670
v 0.03099 -0.07968 0.04244
v 0.03979 -0.07907 0.03558
v -0.01182 -0.05291 0.04310
v -0.01113 -0.06818 0.04433
v -0.03341 -0.04949 0.02225
v -0.03645 -0.05201 0.01091
v -0.03408 -0.06028 0.02215
v -0.03454 -0.07233 0.02240
v -0.03417 -0.08593 0.02289
v -0.02073 -0.06959 0.03977
v -0.02097 -0.05508 0.03866
v -0.01958 -0.08512 0.04040
v -0.03710 -0.07310 0.01045
v -0.03691 -0.06185 0.01052
v -0.02072 -0.04212 0.03766
v -0.00988 -0.08430 0.04503
v -0.00815 -0.10029 0.04510
v -0.01785 -0.10072 0.04030
v -0.03311 -0.10046 0.02330
v -0.01618 -0.11567 0.03960
v -0.02206 -0.25787 0.00786
v -0.02194 -0.23940 0.00940
v -0.02157 -0.21453 0.01064
v -0.02213 -0.20070 0.01095
v -0.02365 -0.18648 0.01125
v -0.02606 -0.17208 0.01158
v -0.02326 -0.17250 0.02067
v -0.02594 -0.15806 0.02156
v -0.02881 -0.15765 0.01184
v -0.03101 -0.14334 0.01191
v -0.02395 -0.18616 0.00229
v -0.02634 -0.17173 0.00207
v -0.02090 -0.18687 0.01981
v -0.00866 -0.18761 0.03330
v -0.02245 -0.20045 0.00235
v -0.01938 -0.20102 0.01917
v -0.01874 -0.21474 0.01874
v -0.01900 -0.23915 0.01796
v -0.00649 -0.21544 0.03144
v -0.00532 -0.23829 0.03063
v -0.00743 -0.20182 0.03233
v 0.00036 -0.20201 0.03622
v 0.00130 -0.21577 0.03514
v -0.01934 -0.25713 0.01719
v -0.00508 -0.25430 0.03116
v 0.00332 -0.25352 0.03460
v 0.00282 -0.23805 0.03392
v 0.00338 -0.25830 0.03486
v 0.03217 -0.23921 0.03192
v 0.03063 -0.21618 0.03380
v 0.03023 -0.20188 0.03515
v 0.03671 -0.20165 0.02957
v 0.03019 -0.18686 0.03625
v 0.03699 -0.18648 0.03058
v 0.03757 -0.17129 0.03130
v 0.03045 -0.17180 0.03715
v 0.04312 -0.17092 0.02375
v 0.04429 -0.15580 0.02422
v 0.03834 -0.15614 0.03203
v -0.00186 -0.17321 0.03852
v -0.00073 -0.18772 0.03724
v 0.01002 -0.06782 -0.04245
v 0.00865 -0.05267 -0.04308
v 0.01128 -0.08359 -0.04134
v -0.00372 -0.06905 -0.04016
v -0.00476 -0.05421 -0.04093
v -0.00283 -0.08443 -0.03920
v -0.01552 -0.08495 -0.03345
v -0.01593 -0.07030 -0.03427
v -0.01546 -0.10014 -0.03259
v -0.01660 -0.05646 -0.03489
v -0.00220 -0.10011 -0.03777
v -0.00169 -0.11564 -0.03587
v 0.01214 -0.09961 -0.03921
v -0.00582 -0.04034 -0.04136
v -0.01754 -0.04379 -0.03516
v 0.04731 -0.08044 -0.02136
v 0.04816 -0.09733 -0.01973
v 0.04542 -0.06389 -0.02267
v 0.01256 -0.11531 -0.03666
v 0.01267 -0.13032 -0.03408
v -0.00116 -0.13049 -0.03354
v -0.00075 -0.14464 -0.03106
v 0.01252 -0.14470 -0.03158
v 0.05088 -0.06321 -0.01083
v 0.05244 -0.07978 -0.00938
v 0.05294 -0.09655 -0.00785
v 0.04703 -0.09499 0.02672
v 0.04042 -0.09509 0.03560
v 0.04688 -0.11044 0.02622
v -0.03632 -0.05251 -0.00178
v -0.03642 -0.06209 -0.00209
v -0.03645 -0.07318 -0.00205
v -0.03614 -0.08595 -0.00164
v -0.03673 -0.08605 0.01076
v -0.03591 -0.10011 0.01128
v -0.03555 -0.09986 -0.00100
v 0.03180 -0.09581 0.04260
v 0.04043 -0.11063 0.03494
v 0.04002 -0.12587 0.03396
v 0.03924 -0.14102 0.03295
v 0.04644 -0.12559 0.02555
v 0.04551 -0.14070 0.02484
v 0.03138 -0.14182 0.03944
v 0.03183 -0.12682 0.04067
v 0.03203 -0.11153 0.04190
v 0.03086 -0.15677 0.03819
v -0.00401 -0.14388 0.04176
v -0.00297 -0.15850 0.04015
v -0.01184 -0.15854 0.03606
v -0.01016 -0.17316 0.03451
v -0.01475 -0.12988 0.03849
v -0.01343 -0.14399 0.03746
v -0.00645 -0.11543 0.04446
v -0.00507 -0.12969 0.04304
v -0.03459 -0.11430 -0.00027
v -0.03464 -0.11459 0.01170
v -0.03161 -0.11509 0.02321
v -0.02987 -0.12946 0.02272
v -0.03296 -0.12903 0.01187
v -0.02807 -0.14372 0.02218
v -0.03312 -0.12877 0.00047
v -0.03116 -0.14306 0.00114
v -0.02899 -0.15732 0.00168
v -0.01517 -0.11547 -0.03133
v -0.01423 -0.13012 -0.02920
v -0.01317 -0.14410 -0.02685
v -0.01203 -0.15788 -0.02463
v -0.00040 -0.15843 -0.02865
v -0.00000 -0.17207 -0.02632
v 0.01218 -0.15867 -0.02916
v -0.01070 -0.17172 -0.02255
v 0.05277 -0.11256 -0.00660
v 0.05169 -0.12765 -0.00561
v 0.04685 -0.12840 -0.01625
v 0.04803 -0.11340 -0.01801
v 0.04992 -0.14223 -0.00471
v 0.04793 -0.15664 -0.00383
v 0.04593 -0.17098 -0.00293
v 0.04312 -0.15725 -0.01289
v 0.04114 -0.17135 -0.01123
v 0.04509 -0.14292 -0.01455
v 0.04431 -0.18539 -0.00238
v 0.03960 -0.18543 -0.00998
v 0.01148 -0.18591 -0.02432
v 0.01179 -0.17229 -0.02665
v 0.04333 -0.19994 -0.00231
v 0.03868 -0.19975 -0.00928
v 0.03819 -0.21348 -0.00901
v 0.00033 -0.18584 -0.02426
v 0.00049 -0.19988 -0.02249
v -0.00957 -0.18574 -0.02081
v 0.01120 -0.19989 -0.02229
v 0.01097 -0.21363 -0.02073
v -0.00139 -0.26206 -0.01723
v 0.01352 -0.25948 -0.02035
v 0.00563 -0.26051 -0.01991
v -0.01211 -0.26656 -0.00028
v -0.00062 -0.26467 0.02561
v -0.01119 -0.26706 0.01424
v -0.01291 -0.26725 0.00687
v 0.03451 -0.26452 0.01956
v 0.02980 -0.26430 0.02451
v 0.03422 -0.26063 -0.00981
v 0.03781 -0.26183 -0.00409
v 0.03771 -0.26436 0.01375
v 0.00590 -0.26382 0.02829
v 0.00033 -0.25784 -0.01263
v 0.00616 -0.25667 -0.01466
v 0.01286 -0.25596 -0.01487
v -0.00793 -0.26142 0.00056
v 0.00155 -0.26020 0.02117
v -0.00738 -0.26197 0.01208
v -0.00868 -0.26200 0.00619
v 0.03100 -0.26001 0.01654
v 0.02724 -0.25974 0.02042
v 0.00711 -0.25950 0.02339
v 0.03371 -0.25771 -0.00166
v 0.03075 -0.25677 -0.00616
v 0.03333 -0.25997 0.01193
v 0.00503 -0.25289 -0.00596
v 0.00823 -0.25231 -0.00699
v 0.01215 -0.25199 -0.00684
v 0.00004 -0.25469 0.00211
v 0.00488 -0.25372 0.01419
v 0.00061 -0.25451 0.01017
v -0.00028 -0.25480 0.00599
v 0.02342 -0.25443 0.01108
v 0.02140 -0.25400 0.01403
v 0.00843 -0.25345 0.01545
v 0.02413 -0.25307 -0.00019
v 0.02309 -0.25244 -0.00264
v 0.02438 -0.25453 0.00799
v 0.01050 -0.25467 0.00447
v 0.01211 -0.25295 -0.00349
v 0.00993 -0.25454 0.00776
v 0.00936 -0.25397 0.01144
v 0.01724 -0.03632 0.04419
v 0.01873 -0.04951 0.04533
v 0.02001 -0.06450 0.04628
v 0.02102 -0.08066 0.04680
v 0.02194 -0.09699 0.04700
v 0.02258 -0.11273 0.04616
v 0.02285 -0.12790 0.04486
v 0.02278 -0.14270 0.04348
v 0.02261 -0.15747 0.04190
v 0.02254 -0.17235 0.04050
v 0.02255 -0.18719 0.03939
v 0.02278 -0.20198 0.03827
v 0.02340 -0.21618 0.03693
v 0.02523 -0.23881 0.03520
v 0.02651 -0.25438 0.03497
v 0.02658 -0.25901 0.03460
v 0.02425 -0.26389 0.02766
v 0.02257 -0.25939 0.02295
v 0.01902 -0.25366 0.01624
v 0.00506 -0.25411 0.01067
v 0.00492 -0.25455 0.00682
v 0.00534 -0.25458 0.00332
v 0.00823 -0.25297 -0.00445
v 0.00223 -0.25385 -0.00900
v -0.00464 -0.25653 0.00111
v -0.00513 -0.25682 0.00578
v -0.00386 -0.25660 0.01089
v 0.00325 -0.25521 0.01783
v 0.00763 -0.25478 0.01969
v 0.02062 -0.25495 0.01923
v 0.02463 -0.25537 0.01692
v 0.02755 -0.25572 0.01355
v 0.02911 -0.25576 0.00988
v 0.02905 -0.25393 -0.00047
v 0.02657 -0.25310 -0.00399
v 0.01236 -0.25236 -0.01075
v 0.00703 -0.25292 -0.01057
v 0.00674 -0.26314 0.02542
v 0.02328 -0.26300 0.02480
v 0.02826 -0.26336 0.02204
v 0.03242 -0.26359 0.01777
v 0.03517 -0.26348 0.01264
v 0.03544 -0.26110 -0.00290
v 0.03226 -0.26008 -0.00792
v 0.01329 -0.25911 -0.01740
v 0.00614 -0.25993 -0.01707
v -0.00011 -0.26122 -0.01471
v -0.00927 -0.26523 0.00030
v -0.01005 -0.26594 0.00656
v -0.00863 -0.26594 0.01298
v 0.00082 -0.26396 0.02305
v 0.00212 -0.22784 0.03432
v -0.00582 -0.22772 0.03087
v -0.01876 -0.22760 0.01838
v -0.02169 -0.22759 0.01017
v -0.02175 -0.22752 0.00158
v -0.00815 -0.22598 -0.01845
v 0.00090 -0.22516 -0.02073
v 0.01106 -0.22471 -0.02035
v 0.03808 -0.22499 -0.00921
v 0.04283 -0.22573 -0.00288
v 0.04131 -0.22828 0.01996
v 0.03716 -0.22859 0.02711
v 0.03131 -0.22858 0.03266
v 0.02429 -0.22841 0.03584
v -0.02807 -0.04581 0.03129
v -0.02858 -0.05777 0.03172
v -0.02880 -0.07108 0.03246
v -0.02803 -0.08568 0.03309
v -0.02660 -0.10077 0.03321
v -0.02507 -0.11554 0.03269
v -0.02359 -0.12982 0.03181
v -0.02210 -0.14399 0.03096
v -0.02008 -0.15841 0.02990
v -0.01777 -0.17292 0.02857
v -0.01579 -0.18730 0.02741
v -0.01435 -0.20143 0.02649
v -0.01353 -0.21505 0.02585
v -0.01321 -0.22762 0.02547
v -0.01312 -0.23872 0.02526
v -0.01326 -0.25567 0.02529
v -0.01312 -0.26087 0.02525
v -0.00682 -0.26595 0.02084
v -0.00478 -0.26509 0.01880
v -0.00375 -0.26119 0.01732
v -0.00093 -0.25592 0.01490
v 0.00171 -0.25419 0.01298
v 0.03333 -0.01005 -0.01195
v 0.02884 -0.00887 -0.02137
v -0.00765 -0.01193 -0.03508
v -0.01674 -0.01539 -0.02976
v 0.00267 -0.00957 -0.03640
v 0.03077 -0.01092 0.01800
v 0.02544 -0.01043 0.02557
v 0.01863 -0.01025 0.03142
v -0.00911 -0.01324 0.03354
v 0.01158 -0.01041 0.03459
v -0.01589 -0.01514 0.03041
v -0.02623 -0.02007 0.01906
v -0.02197 -0.01747 0.02556
v -0.02879 -0.02246 0.01046
v -0.02936 -0.02364 0.00005
v 0.02848 -0.01876 -0.00905
v 0.02487 -0.01746 -0.01657
v -0.00435 -0.01971 -0.02794
v -0.01192 -0.02338 -0.02350
v 0.00379 -0.01691 -0.02911
v 0.02627 -0.01951 0.01404
v 0.02210 -0.01883 0.02029
v 0.01661 -0.01845 0.02514
v -0.00654 -0.02075 0.02678
v 0.01066 -0.01851 0.02768
v -0.01202 -0.02293 0.02397
v -0.01997 -0.02810 0.01508
v -0.01681 -0.02538 0.02001
v -0.02190 -0.03076 0.00834
v -0.02229 -0.03182 0.00020
v 0.02203 -0.02272 -0.00720
v 0.02070 -0.02127 -0.01298
v -0.00247 -0.02405 -0.02086
v -0.00765 -0.02651 -0.01760
v 0.00387 -0.02225 -0.02138
v 0.02000 -0.02304 0.01075
v 0.01674 -0.02240 0.01593
v 0.01259 -0.02198 0.02007
v -0.00489 -0.02474 0.02076
v 0.00901 -0.02158 0.02300
v -0.00962 -0.02646 0.01868
v -0.01477 -0.02978 0.01251
v -0.01367 -0.02781 0.01684
v -0.01541 -0.03115 0.00669
v -0.01513 -0.03144 0.00057
v -0.00043 -0.02935 0.00394
v -0.00208 -0.02893 0.00895
v -0.00868 -0.03011 0.00713
v -0.00766 -0.03026 0.00191
v -0.00260 -0.02688 -0.01471
v 0.00364 -0.02617 -0.01334
v -0.00361 -0.02752 0.01455
v -0.00922 -0.02896 0.01290
v -0.03233 -0.02444 0.02196
v -0.03520 -0.02764 0.01140
v -0.03558 -0.02904 -0.00068
v -0.01994 -0.01893 -0.03463
v -0.00867 -0.01454 -0.04085
v 0.00382 -0.01193 -0.04254
v 0.03501 -0.01217 -0.02488
v 0.04050 -0.01327 -0.01373
v 0.03753 -0.01335 0.02113
v 0.03106 -0.01269 0.03017
v 0.02264 -0.01240 0.03733
v 0.01384 -0.01263 0.04108
v -0.01184 -0.01566 0.03961
v -0.02002 -0.01784 0.03596
v -0.02725 -0.02093 0.03009
v -0.03630 -0.04237 0.01133
v -0.03325 -0.03913 0.02251
v -0.02802 -0.03480 0.03130
v -0.02068 -0.03079 0.03743
v -0.01208 -0.02814 0.04118
v 0.01594 -0.02501 0.04350
v 0.02562 -0.02460 0.03994
v 0.03469 -0.02452 0.03261
v 0.04154 -0.02488 0.02313
v 0.04468 -0.02547 -0.01362
v 0.03898 -0.02508 -0.02527
v 0.00582 -0.02582 -0.04408
v -0.00719 -0.02826 -0.04203
v -0.01899 -0.03261 -0.03562
v -0.03654 -0.04329 -0.00132
v -0.01863 -0.23865 -0.00771
v -0.01411 -0.23747 -0.01440
v -0.01931 -0.22732 -0.00658
v -0.01489 -0.22683 -0.01348
v -0.01336 -0.25385 -0.01653
v -0.01789 -0.25593 -0.00968
v -0.01975 -0.21430 -0.00603
v -0.01543 -0.21418 -0.01322
v -0.01594 -0.20010 -0.01361
v -0.02038 -0.20026 -0.00606
v -0.01745 -0.26139 -0.01000
v -0.01295 -0.25944 -0.01713
v 0.04568 -0.25422 0.00970
v 0.04610 -0.25287 0.00222
v 0.04616 -0.25806 0.00172
v 0.04587 -0.25912 0.00914
v 0.04424 -0.20083 0.01410
v 0.04508 -0.20033 0.00568
v 0.04524 -0.18577 0.01486
v 0.04613 -0.18550 0.00611
v 0.04374 -0.21518 0.01310
v 0.04457 -0.21450 0.00505
v 0.04458 -0.22667 0.00439
v 0.04382 -0.22760 0.01215
v 0.04432 -0.23828 0.01126
v 0.04498 -0.23709 0.00366
v 0.04566 -0.02535 0.01201
v 0.04685 -0.02557 -0.00072
v -0.02580 -0.07154 -0.02542
v -0.03264 -0.07259 -0.01428
v -0.03249 -0.08564 -0.01365
v -0.02568 -0.08528 -0.02462
v -0.03289 -0.05092 -0.01455
v -0.02663 -0.04772 -0.02595
v -0.02799 -0.03766 -0.02600
v -0.03370 -0.04156 -0.01424
v 0.04892 -0.04789 0.01428
v 0.05036 -0.04817 0.00123
v 0.05246 -0.06281 0.00219
v 0.05064 -0.06258 0.01519
v 0.05351 -0.07938 0.00342
v 0.05139 -0.07906 0.01589
v 0.05377 -0.09587 0.00445
v 0.05154 -0.09533 0.01622
v 0.05353 -0.11164 0.00509
v 0.05128 -0.11087 0.01617
v 0.05269 -0.12677 0.00538
v 0.05073 -0.12598 0.01590
v -0.03271 -0.06102 -0.01462
v -0.02612 -0.05897 -0.02594
v -0.03218 -0.09972 -0.01283
v -0.02570 -0.09980 -0.02372
v -0.03035 -0.12881 -0.01065
v -0.02424 -0.12928 -0.02083
v -0.02528 -0.11471 -0.02249
v -0.03155 -0.11430 -0.01184
v -0.02856 -0.14302 -0.00937
v -0.02278 -0.14336 -0.01901
v -0.02106 -0.15733 -0.01737
v -0.02652 -0.15717 -0.00827
v -0.01892 -0.17148 -0.01582
v -0.02404 -0.17151 -0.00729
v -0.02178 -0.18592 -0.00651
v -0.01706 -0.18576 -0.01451
v 0.04951 -0.15613 0.00579
v 0.04815 -0.15582 0.01532
v 0.04771 -0.17076 0.00609
v 0.04664 -0.17075 0.01519
v 0.04962 -0.14094 0.01556
v 0.05123 -0.14152 0.00556
v -0.00649 -0.26375 -0.01265
v -0.00974 -0.26529 -0.00692
v -0.00447 -0.26268 -0.01065
v -0.00720 -0.26405 -0.00558
v 0.03936 -0.26382 0.00770
v 0.03947 -0.26298 0.00193
v 0.03659 -0.26296 0.00729
v 0.03680 -0.26214 0.00231
v -0.00366 -0.25918 -0.00906
v -0.00606 -0.26041 -0.00463
v -0.00115 -0.25494 -0.00628
v -0.00315 -0.25585 -0.00294
v 0.03455 -0.25951 0.00721
v 0.03486 -0.25872 0.00292
v 0.02989 -0.25543 0.00629
v 0.03008 -0.25478 0.00305
v 0.02489 -0.25428 0.00500
v 0.02500 -0.25377 0.00245
v 0.01171 -0.25383 -0.00082
v 0.01114 -0.25439 0.00154
v 0.00616 -0.25425 0.00029
v 0.00709 -0.25372 -0.00210
v 0.00262 -0.25365 -0.00380
v 0.00113 -0.25426 -0.00119
v 0.04261 -0.01395 -0.00151
v 0.04149 -0.01392 0.01057
v -0.03333 -0.02789 -0.01307
v -0.02836 -0.02426 -0.02469
v 0.03505 -0.01112 -0.00144
v 0.03408 -0.01138 0.00902
v 0.02883 -0.01983 0.00685
v 0.02965 -0.01952 -0.00112
v -0.02775 -0.02283 -0.01090
v -0.02364 -0.01981 -0.02106
v -0.01763 -0.02771 -0.01642
v -0.02091 -0.03074 -0.00830
v 0.02213 -0.02343 0.00497
v 0.02287 -0.02332 -0.00111
v -0.01162 -0.02924 -0.01168
v -0.01397 -0.03083 -0.00552
v -0.00638 -0.02989 -0.00314
v -0.00465 -0.02891 -0.00861
v 0.00110 -0.02913 -0.00104
v 0.00252 -0.02826 -0.00659
v 0.04708 -0.03578 0.01314
v 0.04834 -0.03600 0.00025
v 0.01140 -0.25806 0.03637
v 0.01905 -0.25836 0.03632
v 0.01132 -0.25337 0.03623
v 0.01896 -0.25371 0.03642
v 0.03076 -0.23389 -0.01524
v 0.02148 -0.23360 -0.01903
v 0.03197 -0.24850 -0.01834
v 0.02268 -0.24807 -0.02263
v 0.02313 -0.25323 -0.02411
v 0.03228 -0.25374 -0.01958
v 0.02998 -0.02473 -0.03487
v 0.01859 -0.02485 -0.04152
v 0.03184 -0.03653 -0.03421
v 0.02024 -0.03737 -0.04101
v 0.02215 -0.05133 -0.04071
v 0.03404 -0.04990 -0.03361
v -0.00252 -0.03791 0.04401
v 0.00714 -0.03697 0.04487
v -0.00308 -0.02658 0.04329
v 0.00614 -0.02565 0.04418
v 0.00833 -0.05016 0.04642
v -0.00190 -0.05131 0.04559
v 0.00952 -0.06547 0.04782
v -0.00095 -0.06680 0.04690
v 0.01051 -0.08195 0.04853
v 0.00021 -0.08325 0.04772
v 0.01050 -0.23811 0.03568
v 0.01785 -0.23840 0.03622
v 0.01599 -0.21606 0.03777
v 0.00879 -0.21594 0.03712
v 0.00796 -0.20203 0.03835
v 0.01529 -0.20200 0.03907
v 0.00715 -0.18765 0.03948
v 0.01483 -0.18746 0.04024
v 0.00639 -0.17307 0.04082
v 0.01447 -0.17279 0.04154
v 0.01418 -0.15800 0.04313
v 0.00571 -0.15833 0.04248
v 0.00967 -0.22798 0.03615
v 0.01691 -0.22819 0.03676
v 0.02399 -0.06639 -0.04006
v 0.03626 -0.06492 -0.03282
v 0.02558 -0.08245 -0.03897
v 0.03813 -0.08132 -0.03171
v 0.02641 -0.09882 -0.03678
v 0.03906 -0.09806 -0.02998
v 0.02650 -0.11471 -0.03407
v 0.03892 -0.11406 -0.02775
v 0.02611 -0.12977 -0.03139
v 0.03798 -0.12906 -0.02536
v 0.01360 -0.12875 0.04636
v 0.00437 -0.12932 0.04563
v 0.00323 -0.11481 0.04717
v 0.01284 -0.11389 0.04776
v 0.00171 -0.09951 0.04796
v 0.01167 -0.09836 0.04869
v 0.01395 -0.14333 0.04491
v 0.00510 -0.14369 0.04424
v 0.03341 -0.17179 -0.01840
v 0.02330 -0.17217 -0.02371
v 0.03501 -0.15788 -0.02071
v 0.02433 -0.15842 -0.02629
v 0.02249 -0.18581 -0.02141
v 0.03216 -0.18560 -0.01645
v 0.02188 -0.19986 -0.01951
v 0.03133 -0.19975 -0.01507
v 0.02535 -0.14427 -0.02883
v 0.03660 -0.14360 -0.02302
v 0.02137 -0.21354 -0.01825
v 0.03075 -0.21339 -0.01431
v 0.02123 -0.22453 -0.01809
v 0.03056 -0.22459 -0.01437
v 0.01220 -0.26348 0.02934
v 0.01824 -0.26355 0.02915
v 0.01244 -0.26276 0.02635
v 0.01789 -0.26275 0.02616
v 0.02850 -0.25963 -0.01500
v 0.02136 -0.25918 -0.01866
v 0.02702 -0.25926 -0.01254
v 0.02045 -0.25889 -0.01585
v 0.01242 -0.25917 0.02430
v 0.01750 -0.25916 0.02418
v 0.01192 -0.25463 0.02050
v 0.01620 -0.25470 0.02036
v 0.02579 -0.25605 -0.01039
v 0.01959 -0.25575 -0.01342
v 0.02252 -0.25248 -0.00727
v 0.01763 -0.25222 -0.00963
v 0.01202 -0.25336 0.01609
v 0.01569 -0.25343 0.01620
v 0.01355 -0.25390 0.01205
v 0.01762 -0.25389 0.01273
v 0.01978 -0.25214 -0.00424
v 0.01604 -0.25193 -0.00588
v 0.01605 -0.25297 -0.00239
v 0.01997 -0.25305 -0.00111
v 0.01988 -0.25455 0.00664
v 0.01531 -0.25464 0.00554
v 0.01466 -0.25448 0.00863
v 0.01915 -0.25440 0.00962
v 0.01609 -0.01086 -0.03993
v 0.02670 -0.01111 -0.03385
v 0.00494 -0.01325 0.04221
v -0.00351 -0.01420 0.04159
v 0.01309 -0.00831 -0.03401
v 0.02202 -0.00815 -0.02885
v 0.01894 -0.01616 -0.02290
v 0.01179 -0.01577 -0.02727
v 0.00451 -0.01092 0.03568
v -0.00232 -0.01184 0.03521
v -0.00105 -0.01942 0.02820
v 0.00459 -0.01882 0.02850
v 0.01579 -0.02144 -0.01618
v 0.01011 -0.02145 -0.01967
v -0.00023 -0.02346 0.02193
v 0.00453 -0.02255 0.02239
v 0.01579 -0.02453 -0.00856
v 0.00988 -0.02542 -0.01124
v 0.00658 -0.02780 0.00613
v 0.01328 -0.02566 0.00823
v 0.01064 -0.02500 0.01302
v 0.00441 -0.02719 0.01099
v 0.00740 -0.02415 0.01746
v 0.00197 -0.02589 0.01606
v 0.02054 -0.25381 0.00145
v 0.01618 -0.25385 0.00033
v 0.01585 -0.25440 0.00268
v 0.02036 -0.25432 0.00380
v 0.01517 -0.02597 0.00306
v 0.00831 -0.02785 0.00106
v 0.00947 -0.02724 -0.00449
v 0.01607 -0.02570 -0.00239
v 0.01759 -0.01237 0.02874
v 0.02381 -0.01264 0.02334
v 0.02863 -0.01321 0.01636
v 0.03164 -0.01360 0.00816
v 0.03253 -0.01326 -0.00132
v 0.03102 -0.01222 -0.01080
v 0.02690 -0.01093 -0.01941
v 0.02053 -0.00994 -0.02641
v 0.01234 -0.00992 -0.03125
v 0.00286 -0.01116 -0.03343
v -0.00652 -0.01370 -0.03217
v -0.01490 -0.01723 -0.02721
v -0.02128 -0.02172 -0.01921
v -0.02504 -0.02482 -0.00987
v -0.02650 -0.02572 0.00017
v -0.02591 -0.02452 0.00968
v -0.02353 -0.02198 0.01742
v -0.01971 -0.01938 0.02320
v -0.01422 -0.01706 0.02770
v -0.00800 -0.01507 0.03071
v -0.00176 -0.01369 0.03228
v 0.00453 -0.01289 0.03267
v 0.01108 -0.01248 0.03164
v 0.03847 -0.01232 0.00994
v 0.03954 -0.01224 -0.00149
v 0.03759 -0.01136 -0.01305
v 0.03250 -0.01018 -0.02352
v 0.02478 -0.00922 -0.03188
v 0.01483 -0.00912 -0.03758
v 0.00325 -0.01026 -0.04011
v -0.00841 -0.01277 -0.03858
v -0.01881 -0.01678 -0.03272
v -0.02660 -0.02171 -0.02322
v -0.03113 -0.02504 -0.01216
v -0.03305 -0.02602 -0.00036
v -0.03262 -0.02468 0.01103
v -0.02994 -0.02191 0.02080
v -0.02520 -0.01885 0.02830
v -0.01842 -0.01610 0.03376
v -0.01080 -0.01404 0.03721
v -0.00310 -0.01260 0.03907
v 0.00471 -0.01165 0.03963
v 0.01286 -0.01108 0.03850
v 0.02096 -0.01090 0.03496
v 0.02874 -0.01117 0.02833
v 0.03476 -0.01177 0.01987
v 0.02436 -0.01638 0.03933
v 0.03330 -0.01651 0.03183
v 0.04010 -0.01705 0.02235
v 0.04423 -0.01758 0.01129
v 0.04539 -0.01772 -0.00133
v 0.04315 -0.01736 -0.01411
v 0.03741 -0.01659 -0.02572
v 0.02860 -0.01579 -0.03518
v 0.01740 -0.01565 -0.04165
v 0.00459 -0.01670 -0.04433
v -0.00847 -0.01933 -0.04243
v -0.02025 -0.02387 -0.03590
v -0.02909 -0.02925 -0.02581
v -0.03438 -0.03317 -0.01382
v -0.03685 -0.03465 -0.00094
v -0.03655 -0.03338 0.01161
v -0.03358 -0.02989 0.02270
v -0.02840 -0.02579 0.03133
v -0.02094 -0.02227 0.03749
v -0.01236 -0.01989 0.04127
v -0.00356 -0.01836 0.04336
v 0.00541 -0.01738 0.04411
v 0.01493 -0.01671 0.04312
v -0.00338 -0.26245 0.02945
v -0.01077 -0.26399 0.02378
v -0.01607 -0.26553 0.01601
v -0.01823 -0.26610 0.00727
v -0.01735 -0.26550 -0.00119
v -0.01450 -0.26412 -0.00900
v -0.01044 -0.26237 -0.01569
v -0.00421 -0.26038 -0.02095
v 0.00415 -0.25846 -0.02399
v 0.01341 -0.25712 -0.02447
v 0.02262 -0.25667 -0.02253
v 0.03100 -0.25718 -0.01827
v 0.03767 -0.25839 -0.01220
v 0.04188 -0.25983 -0.00545
v 0.04382 -0.26115 0.00164
v 0.04364 -0.26206 0.00851
v 0.04160 -0.26265 0.01569
v 0.03777 -0.26284 0.02259
v 0.03225 -0.26256 0.02844
v 0.02575 -0.26200 0.03213
v 0.01876 -0.26148 0.03382
v 0.01170 -0.26126 0.03397
v 0.00432 -0.26153 0.03266
v -0.01802 -0.24842 -0.00889
v -0.01352 -0.24675 -0.01556
v -0.00687 -0.24482 -0.02034
v 0.00205 -0.24312 -0.02274
v 0.01202 -0.24204 -0.02275
v 0.02202 -0.24170 -0.02068
v 0.03128 -0.24207 -0.01668
v 0.03881 -0.24310 -0.01100
v 0.04357 -0.24453 -0.00438
v 0.04551 -0.24608 0.00288
v 0.04498 -0.24745 0.01038
v 0.04272 -0.24837 0.01819
v 0.03874 -0.24864 0.02558
v 0.03297 -0.24833 0.03150
v 0.02603 -0.24776 0.03494
v 0.01857 -0.24721 0.03613
v 0.01107 -0.24689 0.03573
v 0.00324 -0.24694 0.03403
v -0.00502 -0.24745 0.03071
v -0.01307 -0.24830 0.02517
v -0.01915 -0.24921 0.01750
v -0.02201 -0.24973 0.00849
v -0.02126 -0.24949 -0.00060
v 0.03047 0.01736 0.00798
v 0.02979 0.01773 0.00956
v 0.02887 0.01850 0.01085
v 0.02779 0.01959 0.01171
v 0.02666 0.02089 0.01208
v 0.02560 0.02228 0.01190
v 0.02470 0.02362 0.01120
v 0.02405 0.02478 0.01004
v 0.02372 0.02564 0.00855
v 0.02374 0.02613 0.00685
v 0.02410 0.02619 0.00513
v 0.02478 0.02582 0.00355
v 0.02570 0.02505 0.00226
v 0.02678 0.02396 0.00140
v 0.02791 0.02266 0.00103
v 0.02897 0.02127 0.00121
v 0.02987 0.01993 0.00191
v 0.03052 0.01877 0.00307
v 0.03085 0.01790 0.00457
v 0.03083 0.01742 0.00626
v 0.03256 0.01224 0.00912
v 0.03122 0.01298 0.01225
v 0.02940 0.01449 0.01479
v 0.02727 0.01665 0.01650
v 0.02505 0.01922 0.01722
v 0.02294 0.02196 0.01687
v 0.02116 0.02461 0.01548
v 0.01988 0.02690 0.01320
v 0.01923 0.02861 0.01024
v 0.01927 0.02957 0.00690
v 0.01999 0.02969 0.00350
v 0.02133 0.02895 0.00038
v 0.02315 0.02744 -0.00216
v 0.02527 0.02528 -0.00388
v 0.02750 0.02271 -0.00459
v 0.02961 0.01997 -0.00424
v 0.03138 0.01732 -0.00286
v 0.03266 0.01503 -0.00057
v 0.03332 0.01332 0.00238
v 0.03328 0.01236 0.00572
v 0.03385 0.00683 0.01004
v 0.03188 0.00791 0.01463
v 0.02921 0.01014 0.01837
v 0.02608 0.01330 0.02088
v 0.02281 0.01708 0.02194
v 0.01972 0.02111 0.02142
v 0.01710 0.02500 0.01938
v 0.01523 0.02836 0.01603
v 0.01427 0.03087 0.01169
v 0.01432 0.03228 0.00678
v 0.01538 0.03246 0.00179
v 0.01735 0.03138 -0.00280
v 0.02002 0.02915 -0.00654
v 0.02315 0.02599 -0.00906
v 0.02642 0.02221 -0.01011
v 0.02951 0.01817 -0.00959
v 0.03212 0.01429 -0.00756
v 0.03400 0.01092 -0.00420
v 0.03496 0.00841 0.00014
v 0.03491 0.00700 0.00505
v 0.03430 0.00124 0.01071
v 0.03176 0.00264 0.01666
v 0.02830 0.00553 0.02149
v 0.02425 0.00962 0.02475
v 0.02002 0.01451 0.02611
v 0.01601 0.01973 0.02544
v 0.01263 0.02477 0.02281
v 0.01019 0.02912 0.01847
v 0.00895 0.03237 0.01285
v 0.00902 0.03420 0.00649
v 0.01039 0.03443 0.00003
v 0.01294 0.03303 -0.00592
v 0.01640 0.03014 -0.01075
v 0.02045 0.02605 -0.01401
v 0.02468 0.02116 -0.01537
v 0.02869 0.01594 -0.01470
v 0.03207 0.01090 -0.01207
v 0.03450 0.00655 -0.00773
v 0.03575 0.00329 -0.00211
v 0.03568 0.00147 0.00425
v 0.03392 -0.00437 0.01112
v 0.03086 -0.00269 0.01827
v 0.02669 0.00078 0.02409
v 0.02182 0.00570 0.02801
v 0.01673 0.01159 0.02965
v 0.01191 0.01787 0.02884
v 0.00784 0.02393 0.02567
v 0.00491 0.02917 0.02045
v 0.00342 0.03308 0.01369
v 0.00350 0.03528 0.00604
v 0.00515 0.03555 -0.00174
v 0.00821 0.03386 -0.00888
v 0.01238 0.03039 -0.01470
v 0.01725 0.02547 -0.01862
v 0.02234 0.01958 -0.02026
v 0.02716 0.01330 -0.01946
v 0.03123 0.00725 -0.01629
v 0.03416 0.00201 -0.01107
v 0.03565 -0.00190 -0.00430
v 0.03557 -0.00410 0.00335
v 0.03269 -0.00988 0.01126
v 0.02919 -0.00795 0.01944
v 0.02442 -0.00398 0.02609
v 0.01885 0.00165 0.03058
v 0.01303 0.00839 0.03245
v 0.00751 0.01557 0.03153
v 0.00286 0.02250 0.02791
v -0.00049 0.02849 0.02193
v -0.00220 0.03297 0.01419
v -0.00211 0.03548 0.00544
v -0.00022 0.03579 -0.00345
v 0.00328 0.03387 -0.01163
v 0.00805 0.02990 -0.01829
v 0.01362 0.02427 -0.02278
v 0.01945 0.01753 -0.02465
v 0.02496 0.01034 -0.02373
v 0.02962 0.00341 -0.02010
v 0.03297 -0.00258 -0.01413
v 0.03468 -0.00705 -0.00639
v 0.03458 -0.00957 0.00236
v 0.03066 -0.01514 0.01111
v 0.02681 -0.01302 0.02012
v 0.02156 -0.00865 0.02745
v 0.01542 -0.00245 0.03239
v 0.00900 0.00497 0.03446
v 0.00293 0.01289 0.03344
v -0.00220 0.02052 0.02945
v -0.00588 0.02712 0.02287
v -0.00777 0.03205 0.01435
v -0.00766 0.03482 0.00471
v -0.00558 0.03516 -0.00509
v -0.00173 0.03304 -0.01409
v 0.00353 0.02866 -0.02143
v 0.00966 0.02246 -0.02637
v 0.01608 0.01504 -0.02843
v 0.02215 0.00713 -0.02742
v 0.02728 -0.00050 -0.02342
v 0.03097 -0.00710 -0.01684
v 0.03285 -0.01203 -0.00832
v 0.03275 -0.01480 0.00131
v 0.02788 -0.02003 0.01070
v 0.02376 -0.01777 0.02031
v 0.01816 -0.01310 0.02814
v 0.01161 -0.00648 0.03341
v 0.00476 0.00144 0.03561
v -0.00172 0.00988 0.03453
v -0.00719 0.01803 0.03027
v -0.01113 0.02508 0.02325
v -0.01314 0.03034 0.01415
v -0.01303 0.03329 0.00386
v -0.01081 0.03366 -0.00660
v -0.00669 0.03139 -0.01621
v -0.00108 0.02672 -0.02404
v 0.00546 0.02011 -0.02931
v 0.01231 0.01219 -0.03151
v 0.01879 0.00374 -0.03043
v 0.02427 -0.00441 -0.02617
v 0.02820 -0.01145 -0.01914
v 0.03021 -0.01671 -0.01005
v 0.03010 -0.01967 0.00024
v 0.02441 -0.02443 0.01002
v 0.02014 -0.02208 0.02000
v 0.01431 -0.01723 0.02813
v 0.00751 -0.01036 0.03361
v 0.00040 -0.00213 0.03589
v -0.00633 0.00664 0.03477
v -0.01202 0.01510 0.03034
v -0.01610 0.02242 0.02305
v -0.01819 0.02788 0.01360
v -0.01808 0.03095 0.00292
v -0.01577 0.03133 -0.00794
v -0.01149 0.02898 -0.01793
v -0.00567 0.02413 -0.02605
v 0.00113 0.01725 -0.03153
v 0.00824 0.00903 -0.03382
v 0.01497 0.00026 -0.03269
v 0.02066 -0.00820 -0.02827
v 0.02475 -0.01552 -0.02097
v 0.02683 -0.02098 -0.01152
v 0.02672 -0.02405 -0.00085
v 0.02034 -0.02823 0.00909
v 0.01601 -0.02585 0.01920
v 0.01012 -0.02094 0.02743
v 0.00323 -0.01398 0.03297
v -0.00397 -0.00565 0.03529
v -0.01078 0.00323 0.03415
v -0.01654 0.01179 0.02967
v -0.02068 0.01920 0.02229
v -0.02279 0.02474 0.01272
v -0.02268 0.02784 0.00191
v -0.02034 0.02823 -0.00909
v -0.01601 0.02585 -0.01920
v -0.01012 0.02094 -0.02743
v -0.00323 0.01398 -0.03297
v 0.00397 0.00565 -0.03529
v 0.01078 -0.00323 -0.03415
v 0.01654 -0.01179 -0.02967
v 0.02068 -0.01920 -0.02229
v 0.02279 -0.02474 -0.01272
v 0.02268 -0.02784 -0.00191
v 0.01577 -0.03133 0.00794
v 0.01149 -0.02898 0.01793
v 0.00567 -0.02413 0.02605
v -0.00113 -0.01725 0.03153
v -0.00824 -0.00903 0.03382
v -0.01497 -0.00026 0.03269
v -0.02066 0.00820 0.02827
v -0.02475 0.01552 0.02097
v -0.02683 0.02098 0.01152
v -0.02672 0.02405 0.00085
v -0.02441 0.02443 -0.01002
v -0.02014 0.02208 -0.02000
v -0.01431 0.01723 -0.02813
v -0.00751 0.01036 -0.03361
v -0.00040 0.00213 -0.03589
v 0.00633 -0.00664 -0.03477
v 0.01202 -0.01510 -0.03034
v 0.01610 -0.02242 -0.02305
v 0.01819 -0.02788 -0.01360
v 0.01808 -0.03095 -0.00292
v 0.01081 -0.03366 0.00660
v 0.00669 -0.03139 0.01621
v 0.00108 -0.02672 0.02404
v -0.00546 -0.02011 0.02931
v -0.01231 -0.01219 0.03151
v -0.01879 -0.00374 0.03043
v -0.02427 0.00441 0.02617
v -0.02820 0.01145 0.01914
v -0.03021 0.01671 0.01005
v -0.03010 0.01967 -0.00024
v -0.02788 0.02003 -0.01070
v -0.02376 0.01777 -0.02031
v -0.01816 0.01310 -0.02814
v -0.01161 0.00648 -0.03341
v -0.00476 -0.00144 -0.03561
v 0.00172 -0.00988 -0.03453
v 0.00719 -0.01803 -0.03027
v 0.01113 -0.02508 -0.02325
v 0.01314 -0.03034 -0.01415
v 0.01303 -0.03329 -0.00386
v 0.00558 -0.03516 0.00509
v 0.00173 -0.03304 0.01409
v -0.00353 -0.02866 0.02143
v -0.00966 -0.02246 0.02637
v -0.01608 -0.01504 0.02843
v -0.02215 -0.00713 0.02742
v -0.02728 0.00050 0.02342
v -0.03097 0.00710 0.01684
v -0.03285 0.01203 0.00832
v -0.03275 0.01480 -0.00131
v -0.03066 0.01514 -0.01111
v -0.02681 0.01302 -0.02012
v -0.02156 0.00865 -0.02745
v -0.01542 0.00245 -0.03239
v -0.00900 -0.00497 -0.03446
v -0.00293 -0.01289 -0.03344
v 0.00220 -0.02052 -0.02945
v 0.00588 -0.02712 -0.02287
v 0.00777 -0.03205 -0.01435
v 0.00766 -0.03482 -0.00471
v 0.00022 -0.03579 0.00345
v -0.00328 -0.03387 0.01163
v -0.00805 -0.02990 0.01829
v -0.01362 -0.02427 0.02278
v -0.01945 -0.01753 0.02465
v -0.02496 -0.01034 0.02373
v -0.02962 -0.00341 0.02010
v -0.03297 0.00258 0.01413
v -0.03468 0.00705 0.00639
v -0.03458 0.00957 -0.00236
v -0.03269 0.00988 -0.01126
v -0.02919 0.00795 -0.01944
v -0.02442 0.00398 -0.02609
v -0.01885 -0.00165 -0.03058
v -0.01303 -0.00839 -0.03245
v -0.00751 -0.01557 -0.03153
v -0.00286 -0.02250 -0.02791
v 0.00049 -0.02849 -0.02193
v 0.00220 -0.03297 -0.01419
v 0.00211 -0.03548 -0.00544
v -0.00515 -0.03555 0.00174
v -0.00821 -0.03386 0.00888
v -0.01238 -0.03039 0.01470
v -0.01725 -0.02547 0.01862
v -0.02234 -0.01958 0.02026
v -0.02716 -0.01330 0.01946
v -0.03123 -0.00725 0.01629
v -0.03416 -0.00201 0.01107
v -0.03565 0.00190 0.00430
v -0.03557 0.00410 -0.00335
v -0.03392 0.00437 -0.01112
v -0.03086 0.00269 -0.01827
v -0.02669 -0.00078 -0.02409
v -0.02182 -0.00570 -0.02801
v -0.01673 -0.01159 -0.02965
v -0.01191 -0.01787 -0.02884
v -0.00784 -0.02393 -0.02567
v -0.00491 -0.02917 -0.02045
v -0.00342 -0.03308 -0.01369
v -0.00350 -0.03528 -0.00604
v -0.01039 -0.03443 -0.00003
v -0.01294 -0.03303 0.00592
v -0.01640 -0.03014 0.01075
v -0.02045 -0.02605 0.01401
v -0.02468 -0.02116 0.01537
v -0.02869 -0.01594 0.01470
v -0.03207 -0.01090 0.01207
v -0.03450 -0.00655 0.00773
v -0.03575 -0.00329 0.00211
v -0.03568 -0.00147 -0.00425
v -0.03430 -0.00124 -0.01071
v -0.03176 -0.00264 -0.01666
v -0.02830 -0.00553 -0.02149
v -0.02425 -0.00962 -0.02475
v -0.02002 -0.01451 -0.02611
v -0.01601 -0.01973 -0.02544
v -0.01263 -0.02477 -0.02281
v -0.01019 -0.02912 -0.01847
v -0.00895 -0.03237 -0.01285
v -0.00902 -0.03420 -0.00649
v -0.01538 -0.03246 -0.00179
v -0.01735 -0.03138 0.00280
v -0.02002 -0.02915 0.00654
v -0.02315 -0.02599 0.00906
v -0.02642 -0.02221 0.01011
v -0.02951 -0.01817 0.00959
v -0.03212 -0.01429 0.00756
v -0.03400 -0.01092 0.00420
v -0.03496 -0.00841 -0.00014
v -0.03491 -0.00700 -0.00505
v -0.03385 -0.00683 -0.01004
v -0.03188 -0.00791 -0.01463
v -0.02921 -0.01014 -0.01837
v -0.02608 -0.01330 -0.02088
v -0.02281 -0.01708 -0.02194
v -0.01972 -0.02111 -0.02142
v -0.01710 -0.02500 -0.01938
v -0.01523 -0.02836 -0.01603
v -0.01427 -0.03087 -0.01169
v -0.01432 -0.03228 -0.00678
v -0.01999 -0.02969 -0.00350
v -0.02133 -0.02895 -0.00038
v -0.02315 -0.02744 0.00216
v -0.02527 -0.02528 0.00388
v -0.02750 -0.02271 0.00459
v -0.02961 -0.01997 0.00424
v -0.03138 -0.01732 0.00286
v -0.03266 -0.01503 0.00057
v -0.03332 -0.01332 -0.00238
v -0.03328 -0.01236 -0.00572
v -0.03256 -0.01224 -0.00912
v -0.03122 -0.01298 -0.01225
v -0.02940 -0.01450 -0.01479
v -0.02727 -0.01665 -0.01650
v -0.02505 -0.01922 -0.01722
v -0.02294 -0.02196 -0.01687
v -0.02116 -0.02461 -0.01548
v -0.01988 -0.02690 -0.01320
v -0.01923 -0.02861 -0.01024
v -0.01927 -0.02957 -0.00690
v -0.02410 -0.02619 -0.00513
v -0.02478 -0.02582 -0.00355
v -0.02570 -0.02505 -0.00226
v -0.02678 -0.02396 -0.00140
v -0.02791 -0.02266 -0.00103
v -0.02897 -0.02127 -0.00121
v -0.02987 -0.01993 -0.00191
v -0.03052 -0.01877 -0.00307
v -0.03085 -0.01790 -0.00457
v -0.03083 -0.01742 -0.00626
v -0.03047 -0.01736 -0.00798
v -0.02979 -0.01773 -0.00956
v -0.02887 -0.01850 -0.01085
v -0.02779 -0.01959 -0.01171
v -0.02666 -0.02089 -0.01208
v -0.02560 -0.02228 -0.01190
v -0.02470 -0.02362 -0.01120
v -0.02405 -0.02478 -0.01004
v -0.02372 -0.02564 -0.00855
v -0.02374 -0.02613 -0.00685
v 0.02763 0.02204 0.00664
v -0.02763 -0.02204 -0.00664
vt 0.00000 0.00000
vt 0.00000 0.00000
vt 0.00000 0.00000
vt 0.00000 0.00000
vt 0.00000 0.00000
vt 0.00000 0.00000
vt 0.00000 0.00000
vt 0.00000 0.00000
vt 0.00000 0.00000
vt 0.00000 0.00000
vt 0.00000 0.00000
vt 0.00000 0.00000
vt 0.00000 0.00000
vt 0.00000 0.00000
vt 0.00000 0.00000
vt 0.00000 0.00000
vt 0.00000 0.00000
vt 0.00000 0.00000
vt 0.00000 0.00000
vt 0.00000 0.00000
vt 0.00000 0.00000
vt 0.00000 0.00000
vt 0.00000 0.00000
vt 0.00000 0.00000
vt 0.00000 0.00000
vt 0.00000 0.00000
vt 0.00000 0.00000
vt 0.00000 0.00000
vt 0.00000 0.00000
vt 0.00000 0.00000
vt 0.00000 0.00000
vt 0.00000 0.00000
vt 0.00000 0.00000
vt 0.00000 0.00000
vt 0.00000 0.00000
vt 0.00000 0.00000
vt 0.00000 0.00000
vt 0.00000 0.00000
vt 0.00000 0.00000
vt 0.00000 0.00000
vt 0.00000 0.00000
vt 0.00000 0.00000
vt 0.00000 0.00000
vt 0.00000 0.00000
vt 0.00000 0.00000
vt 0.00000 0.00000
vt 0.00000 0.00000
vt 0.00000 0.00000
vt 0.00000 0.00000
vt 0.00000 0.00000
vt 0.00000 0.00000
vt 0.00000 0.00000
vt 0.00000 0.00000
vt 0.00000 0.00000
vt 0.00000 0.00000
vt 0.00000 0.00000
vt 0.00000 0.00000
vt 0.00000 0.00000
vt 0.00000 0.00000
vt 0.00000 0.00000
vt 0.00000 0.00000
vt 0.00000 0.00000
vt 0.00000 0.00000
vt 0.00000 0.00000
vt 0.00000 0.00000
vt 0.00000 0.00000
vt 0.00000 0.00000
vt 0.00000 0.00000
vt 0.00000 0.00000
vt 0.00000 0.00000
vt 0.00000 0.00000
vt 0.00000 0.00000
vt 0.00000 0.00000
vt 0.00000 0.00000
vt 0.00000 0.00000
vt 0.00000 0.00000
vt 0.00000 0.00000
vt 0.00000 0.00000
vt 0.00000 0.00000
vt 0.00000 0.00000
vt 0.00000 0.00000
vt 0.00000 0.00000
vt 0.00000 0.00000
vt 0.00000 0.00000
vt 0.00000 0.00000
vt 0.00000 0.00000
vt 0.00000 0.00000
vt 0.00000 0.00000
vt 0.00000 0.00000
vt 0.00000 0.00000
vt 0.00000 0.00000
vt 0.00000 0.00000
vt 0.00000 0.00000
vt 0.00000 0.00000
vt 0.00000 0.00000
vt 0.00000 0.00000
vt 0.00000 0.00000
vt 0.00000 0.00000
vt 0.00000 0.00000
vt 0.00000 0.00000
vt 0.00000 0.00000
vt 0.00000 0.00000
vt 0.00000 0.00000
vt 0.00000 0.00000
vt 0.00000 0.00000
vt 0.00000 0.00000
vt 0.00000 0.00000
vt 0.00000 0.00000
vt 0.00000 0.00000
vt 0.00000 0.00000
vt 0.00000 0.00000
vt 0.00000 0.00000
vt 0.00000 0.00000
vt 0.00000 0.00000
vt 0.00000 0.00000
vt 0.00000 0.00000
vt 0.00000 0.00000
vt 0.00000 0.00000
vt 0.00000 0.00000
vt 0.00000 0.00000
vt 0.00000 0.00000
vt 0.00000 0.00000
vt 0.00000 0.00000
vt 0.00000 0.00000
vt 0.00000 0.00000
vt 0.00000 0.00000
vt 0.00000 0.00000
vt 0.00000 0.00000
vt 0.00000 0.00000
vt 0.00000 0.00000
vt 0.00000 0.00000
vt 0.00000 0.00000
vt 0.00000 0.00000
vt 0.00000 0.00000
vt 0.00000 0.00000
vt 0.00000 0.00000
vt 0.00000 0.00000
vt 0.00000 0.00000
vt 0.00000 0.00000
vt 0.00000 0.00000
vt 0.00000 0.00000
vt 0.00000 0.00000
vt 0.00000 0.00000
vt 0.00000 0.00000
vt 0.00000 0.00000
vt 0.00000 0.00000
vt 0.00000 0.00000
vt 0.00000 0.00000
vt 0.00000 0.00000
vt 0.00000 0.00000
vt 0.00000 0.00000
vt 0.00000 0.00000
vt 0.00000 0.00000
vt 0.00000 0.00000
vt 0.00000 0.00000
vt 0.00000 0.00000
vt 0.00000 0.00000
vt 0.00000 0.00000
vt 0.00000 0.00000
vt 0.00000 0.00000
vt 0.00000 0.00000
vt 0.00000 0.00000
vt 0.00000 0.00000
vt 0.00000 0.00000
vt 0.00000 0.00000
vt 0.00000 0.00000
vt 0.00000 0.00000
vt 0.00000 0.00000
vt 0.00000 0.00000
vt 0.00000 0.00000
vt 0.00000 0.00000
vt 0.00000 0.00000
vt 0.00000 0.00000
vt 0.00000 0.00000
vt 0.00000 0.00000
vt 0.00000 0.00000
vt 0.00000 0.00000
vt 0.00000 0.00000
vt 0.00000 0.00000
vt 0.00000 0.00000
vt 0.00000 0.00000
vt 0.00000 0.00000
vt 0.00000 0.00000
vt 0.00000 0.00000
vt 0.00000 0.00000
vt 0.00000 0.00000
vt 0.00000 0.00000
vt 0.00000 0.00000
vt 0.00000 0.00000
vt 0.00000 0.00000
vt 0.00000 0.00000
vt 0.00000 0.00000
vt 0.00000 0.00000
vt 0.00000 0.00000
vt 0.00000 0.00000
vt 0.00000 0.00000
vt 0.00000 0.00000
vt 0.00000 0.00000
vt 0.00000 0.00000
vt 0.00000 0.00000
vt 0.00000 0.00000
vt 0.00000 0.00000
vt 0.00000 0.00000
vt 0.00000 0.00000
vt 0.00000 0.00000
vt 0.00000 0.00000
vt 0.00000 0.00000
vt 0.00000 0.00000
vt 0.00000 0.00000
vt 0.00000 0.00000
vt 0.00000 0.00000
vt 0.00000 0.00000
vt 0.00000 0.00000
vt 0.00000 0.00000
vt 0.00000 0.00000
vt 0.00000 0.00000
vt 0.00000 0.00000
vt 0.00000 0.00000
vt 0.00000 0.00000
vt 0.00000 0.00000
vt 0.00000 0.00000
vt 0.00000 0.00000
vt 0.00000 0.00000
vt 0.00000 0.00000
vt 0.00000 0.00000
vt 0.00000 0.00000
vt 0.00000 0.00000
vt 0.00000 0.00000
vt 0.00000 0.00000
vt 0.00000 0.00000
vt 0.00000 0.00000
vt 0.00000 0.00000
vt 0.00000 0.00000
vt 0.00000 0.00000
vt 0.00000 0.00000
vt 0.00000 0.00000
vt 0.00000 0.00000
vt 0.00000 0.00000
vt 0.00000 0.00000
vt 0.00000 0.00000
vt 0.00000 0.00000
vt 0.00000 0.00000
vt 0.00000 0.00000
vt 0.00000 0.00000
vt 0.00000 0.00000
vt 0.00000 0.00000
vt 0.00000 0.00000
vt 0.00000 0.00000
vt 0.00000 0.00000
vt 0.00000 0.00000
vt 0.00000 0.00000
vt 0.00000 0.00000
vt 0.00000 0.00000
vt 0.00000 0.00000
vt 0.00000 0.00000
vt 0.00000 0.00000
vt 0.00000 0.00000
vt 0.00000 0.00000
vt 0.00000 0.00000
vt 0.00000 0.00000
vt 0.00000 0.00000
vt 0.00000 0.00000
vt 0.00000 0.00000
vt 0.00000 0.00000
vt 0.00000 0.00000
vt 0.00000 0.00000
vt 0.00000 0.00000
vt 0.00000 0.00000
vt 0.00000 0.00000
vt 0.00000 0.00000
vt 0.00000 0.00000
vt 0.00000 0.00000
vt 0.00000 0.00000
vt 0.00000 0.00000
vt 0.00000 0.00000
vt 0.00000 0.00000
vt 0.00000 0.00000
vt 0.00000 0.00000
vt 0.00000 0.00000
vt 0.00000 0.00000
vt 0.00000 0.00000
vt 0.00000 0.00000
vt 0.00000 0.00000
vt 0.00000 0.00000
vt 0.00000 0.00000
vt 0.00000 0.00000
vt 0.00000 0.00000
vt 0.00000 0.00000
vt 0.00000 0.00000
vt 0.00000 0.00000
vt 0.00000 0.00000
vt 0.00000 0.00000
vt 0.00000 0.00000
vt 0.00000 0.00000
vt 0.00000 0.00000
vt 0.00000 0.00000
vt 0.00000 0.00000
vt 0.00000 0.00000
vt 0.00000 0.00000
vt 0.00000 0.00000
vt 0.00000 0.00000
vt 0.00000 0.00000
vt 0.00000 0.00000
vt 0.00000 0.00000
vt 0.00000 0.00000
vt 0.00000 0.00000
vt 0.00000 0.00000
vt 0.00000 0.00000
vt 0.00000 0.00000
vt 0.00000 0.00000
vt 0.00000 0.00000
vt 0.00000 0.00000
vt 0.00000 0.00000
vt 0.00000 0.00000
vt 0.00000 0.00000
vt 0.00000 0.00000
vt 0.00000 0.00000
vt 0.00000 0.00000
vt 0.00000 0.00000
vt 0.00000 0.00000
vt 0.00000 0.00000
vt 0.00000 0.00000
vt 0.00000 0.00000
vt 0.00000 0.00000
vt 0.00000 0.00000
vt 0.00000 0.00000
vt 0.00000 0.00000
vt 0.00000 0.00000
vt 0.00000 0.00000
vt 0.00000 0.00000
vt 0.00000 0.00000
vt 0.00000 0.00000
vt 0.00000 0.00000
vt 0.00000 0.00000
vt 0.00000 0.00000
vt 0.00000 0.00000
vt 0.00000 0.00000
vt 0.00000 0.00000
vt 0.00000 0.00000
vt 0.00000 0.00000
vt 0.00000 0.00000
vt 0.00000 0.00000
vt 0.00000 0.00000
vt 0.00000 0.00000
vt 0.00000 0.00000
vt 0.00000 0.00000
vt 0.00000 0.00000
vt 0.00000 0.00000
vt 0.00000 0.00000
vt 0.00000 0.00000
vt 0.00000 0.00000
vt 0.00000 0.00000
vt 0.00000 0.00000
vt 0.00000 0.00000
vt 0.00000 0.00000
vt 0.00000 0.00000
vt 0.00000 0.00000
vt 0.00000 0.00000
vt 0.00000 0.00000
vt 0.00000 0.00000
vt 0.00000 0.00000
vt 0.00000 0.00000
vt 0.00000 0.00000
vt 0.00000 0.00000
vt 0.00000 0.00000
vt 0.00000 0.00000
vt 0.00000 0.00000
vt 0.00000 0.00000
vt 0.00000 0.00000
vt 0.00000 0.00000
vt 0.00000 0.00000
vt 0.00000 0.00000
vt 0.00000 0.00000
vt 0.00000 0.00000
vt 0.00000 0.00000
vt 0.00000 0.00000
vt 0.00000 0.00000
vt 0.00000 0.00000
vt 0.00000 0.00000
vt 0.00000 0.00000
vt 0.00000 0.00000
vt 0.00000 0.00000
vt 0.00000 0.00000
vt 0.00000 0.00000
vt 0.00000 0.00000
vt 0.00000 0.00000
vt 0.00000 0.00000
vt 0.00000 0.00000
vt 0.00000 0.00000
vt 0.00000 0.00000
vt 0.00000 0.00000
vt 0.00000 0.00000
vt 0.00000 0.00000
vt 0.00000 0.00000
vt 0.00000 0.00000
vt 0.00000 0.00000
vt 0.00000 0.00000
vt 0.00000 0.00000
vt 0.00000 0.00000
vt 0.00000 0.00000
vt 0.00000 0.00000
vt 0.00000 0.00000
vt 0.00000 0.00000
vt 0.00000 0.00000
vt 0.00000 0.00000
vt 0.00000 0.00000
vt 0.00000 0.00000
vt 0.00000 0.00000
vt 0.00000 0.00000
vt 0.00000 0.00000
vt 0.00000 0.00000
vt 0.00000 0.00000
vt 0.00000 0.00000
vt 0.00000 0.00000
vt 0.00000 0.00000
vt 0.00000 0.00000
vt 0.00000 0.00000
vt 0.00000 0.00000
vt 0.00000 0.00000
vt 0.00000 0.00000
vt 0.00000 0.00000
vt 0.00000 0.00000
vt 0.00000 0.00000
vt 0.00000 0.00000
vt 0.00000 0.00000
vt 0.00000 0.00000
vt 0.00000 0.00000
vt 0.00000 0.00000
vt 0.00000 0.00000
vt 0.00000 0.00000
vt 0.00000 0.00000
vt 0.00000 0.00000
vt 0.00000 0.00000
vt 0.00000 0.00000
vt 0.00000 0.00000
vt 0.00000 0.00000
vt 0.00000 0.00000
vt 0.00000 0.00000
vt 0.00000 0.00000
vt 0.00000 0.00000
vt 0.00000 0.00000
vt 0.00000 0.00000
vt 0.00000 0.00000
vt 0.00000 0.00000
vt 0.00000 0.00000
vt 0.00000 0.00000
vt 0.00000 0.00000
vt 0.00000 0.00000
vt 0.00000 0.00000
vt 0.00000 0.00000
vt 0.00000 0.00000
vt 0.00000 0.00000
vt 0.00000 0.00000
vt 0.00000 0.00000
vt 0.00000 0.00000
vt 0.00000 0.00000
vt 0.00000 0.00000
vt 0.00000 0.00000
vt 0.00000 0.00000
vt 0.00000 0.00000
vt 0.00000 0.00000
vt 0.00000 0.00000
vt 0.00000 0.00000
vt 0.00000 0.00000
vt 0.00000 0.00000
vt 0.00000 0.00000
vt 0.00000 0.00000
vt 0.00000 0.00000
vt 0.00000 0.00000
vt 0.00000 0.00000
vt 0.00000 0.00000
vt 0.00000 0.00000
vt 0.00000 0.00000
vt 0.00000 0.00000
vt 0.00000 0.00000
vt 0.00000 0.00000
vt 0.00000 0.00000
vt 0.00000 0.00000
vt 0.00000 0.00000
vt 0.00000 0.00000
vt 0.00000 0.00000
vt 0.00000 0.00000
vt 0.00000 0.00000
vt 0.00000 0.00000
vt 0.00000 0.00000
vt 0.00000 0.00000
vt 0.00000 0.00000
vt 0.00000 0.00000
vt 0.00000 0.00000
vt 0.00000 0.00000
vt 0.00000 0.00000
vt 0.00000 0.00000
vt 0.00000 0.00000
vt 0.00000 0.00000
vt 0.00000 0.00000
vt 0.00000 0.00000
vt 0.00000 0.00000
vt 0.00000 0.00000
vt 0.00000 0.00000
vt 0.00000 0.00000
vt 0.00000 0.00000
vt 0.00000 0.00000
vt 0.00000 0.00000
vt 0.00000 0.00000
vt 0.00000 0.00000
vt 0.00000 0.00000
vt 0.00000 0.00000
vt 0.00000 0.00000
vt 0.00000 0.00000
vt 0.00000 0.00000
vt 0.00000 0.00000
vt 0.00000 0.00000
vt 0.00000 0.00000
vt 0.00000 0.00000
vt 0.00000 0.00000
vt 0.00000 0.00000
vt 0.00000 0.00000
vt 0.00000 0.00000
vt 0.00000 0.00000
vt 0.00000 0.00000
vt 0.00000 0.00000
vt 0.00000 0.00000
vt 0.00000 0.00000
vt 0.00000 0.00000
vt 0.00000 0.00000
vt 0.00000 0.00000
vt 0.00000 0.00000
vt 0.00000 0.00000
vt 0.00000 0.00000
vt 0.00000 0.00000
vt 0.00000 0.00000
vt 0.00000 0.00000
vt 0.00000 0.00000
vt 0.00000 0.00000
vt 0.00000 0.00000
vt 0.00000 0.00000
vt 0.00000 0.00000
vt 0.00000 0.00000
vt 0.00000 0.00000
vt 0.00000 0.00000
vt 0.00000 0.00000
vt 0.00000 0.00000
vt 0.00000 0.00000
vt 0.00000 0.00000
vt 0.00000 0.00000
vt 0.00000 0.00000
vt 0.00000 0.00000
vt 0.00000 0.00000
vt 0.00000 0.00000
vt 0.00000 0.00000
vt 0.00000 0.00000
vt 0.00000 0.00000
vt 0.00000 0.00000
vt 0.00000 0.00000
vt 0.00000 0.00000
vt 0.00000 0.00000
vt 0.00000 0.00000
vt 0.00000 0.00000
vt 0.00000 0.00000
vt 0.00000 0.00000
vt 0.00000 0.00000
vt 0.00000 0.00000
vt 0.00000 0.00000
vt 0.00000 0.00000
vt 0.00000 0.00000
vt 0.00000 0.00000
vt 0.00000 0.00000
vt 0.00000 0.00000
vt 0.00000 0.00000
vt 0.00000 0.00000
vt 0.00000 0.00000
vt 0.00000 0.00000
vt 0.00000 0.00000
vt 0.00000 0.00000
vt 0.00000 0.00000
vt 0.00000 0.00000
vt 0.00000 0.00000
vt 0.00000 0.00000
vt 0.00000 0.00000
vt 0.00000 0.00000
vt 0.00000 0.00000
vt 0.00000 0.00000
vt 0.00000 0.00000
vt 0.00000 0.00000
vt 0.00000 0.00000
vt 0.00000 0.00000
vt 0.00000 0.00000
vt 0.00000 0.00000
vt 0.00000 0.00000
vt 0.00000 0.00000
vt 0.00000 0.00000
vt 0.00000 0.00000
vt 0.00000 0.00000
vt 0.00000 0.00000
vt 0.00000 0.00000
vt 0.00000 0.00000
vt 0.00000 0.00000
vt 0.00000 0.00000
vt 0.00000 0.00000
vt 0.00000 0.00000
vt 0.00000 0.00000
vt 0.00000 0.00000
vt 0.00000 0.00000
vt 0.00000 0.00000
vt 0.00000 0.00000
vt 0.00000 0.00000
vt 0.00000 0.00000
vt 0.00000 0.00000
vt 0.00000 0.00000
vt 0.00000 0.00000
vt 0.00000 0.00000
vt 0.00000 0.00000
vt 0.00000 0.00000
vt 0.00000 0.00000
vt 0.00000 0.00000
vt 0.00000 0.00000
vt 0.00000 0.00000
vt 0.00000 0.00000
vt 0.00000 0.00000
vt 0.00000 0.00000
vt 0.00000 0.00000
vt 0.00000 0.00000
vt 0.00000 0.00000
vt 0.00000 0.00000
vt 0.00000 0.00000
vt 0.00000 0.00000
vt 0.00000 0.00000
vt 0.00000 0.00000
vt 0.00000 0.00000
vt 0.00000 0.00000
vt 0.00000 0.00000
vt 0.00000 0.00000
vt 0.00000 0.00000
vt 0.00000 0.00000
vt 0.00000 0.00000
vt 0.00000 0.00000
vt 0.00000 0.00000
vt 0.00000 0.00000
vt 0.00000 0.00000
vt 0.00000 0.00000
vt 0.00000 0.00000
vt 0.00000 0.00000
vt 0.00000 0.00000
vt 0.00000 0.00000
vt 0.00000 0.00000
vt 0.00000 0.00000
vt 0.00000 0.00000
vt 0.00000 0.00000
vt 0.00000 0.00000
vt 0.00000 0.00000
vt 0.00000 0.00000
vt 0.00000 0.00000
vt 0.00000 0.00000
vt 0.00000 0.00000
vt 0.00000 0.00000
vt 0.00000 0.00000
vt 0.00000 0.00000
vt 0.00000 0.00000
vt 0.00000 0.00000
vt 0.00000 0.00000
vt 0.00000 0.00000
vt 0.00000 0.00000
vt 0.00000 0.00000
vt 0.00000 0.00000
vt 0.00000 0.00000
vt 0.00000 0.00000
vt 0.00000 0.00000
vt 0.00000 0.00000
vt 0.00000 0.00000
vt 0.00000 0.00000
vt 0.00000 0.00000
vt 0.00000 0.00000
vt 0.00000 0.00000
vt 0.00000 0.00000
vt 0.00000 0.00000
vt 0.00000 0.00000
vt 0.00000 0.00000
vt 0.00000 0.00000
vt 0.00000 0.00000
vt 0.00000 0.00000
vt 0.00000 0.00000
vt 0.00000 0.00000
vt 0.00000 0.00000
vt 0.00000 0.00000
vt 0.00000 0.00000
vt 0.00000 0.00000
vt 0.00000 0.00000
vt 0.00000 0.00000
vt 0.00000 0.00000
vt 0.00000 0.00000
vt 0.00000 0.00000
vt 0.00000 0.00000
vt 0.00000 0.00000
vt 0.00000 0.00000
vt 0.00000 0.00000
vt 0.00000 0.00000
vt 0.00000 0.00000
vt 0.00000 0.00000
vt 0.00000 0.00000
vt 0.00000 0.00000
vt 0.00000 0.00000
vt 0.00000 0.00000
vt 0.00000 0.00000
vt 0.00000 0.00000
vt 0.00000 0.00000
vt 0.00000 0.00000
vt 0.00000 0.00000
vt 0.00000 0.00000
vt 0.00000 0.00000
vt 0.00000 0.00000
vt 0.00000 0.00000
vt 0.00000 0.00000
vt 0.00000 0.00000
vt 0.00000 0.00000
vt 0.00000 0.00000
vt 0.00000 0.00000
vt 0.00000 0.00000
vt 0.00000 0.00000
vt 0.00000 0.00000
vt 0.00000 0.00000
vt 0.00000 0.00000
vt 0.00000 0.00000
vt 0.00000 0.00000
vt 0.00000 0.00000
vt 0.00000 0.00000
vt 0.00000 0.00000
vt 0.00000 0.00000
vt 0.00000 0.00000
vt 0.00000 0.00000
vt 0.00000 0.00000
vt 0.00000 0.00000
vt 0.00000 0.00000
vt 0.00000 0.00000
vt 0.00000 0.00000
vt 0.00000 0.00000
vt 0.00000 0.00000
vt 0.00000 0.00000
vt 0.00000 0.00000
vt 0.00000 0.00000
vt 0.00000 0.00000
vt 0.00000 0.00000
vt 0.00000 0.00000
vt 0.00000 0.00000
vt 0.00000 0.00000
vt 0.00000 0.00000
vt 0.00000 0.00000
vt 0.00000 0.00000
vt 0.00000 0.00000
vt 0.00000 0.00000
vt 0.00000 0.00000
vt 0.00000 0.00000
vt 0.00000 0.00000
vt 0.00000 0.00000
vt 0.00000 0.00000
vt 0.00000 0.00000
vt 0.00000 0.00000
vt 0.00000 0.00000
vt 0.00000 0.00000
vt 0.00000 0.00000
vt 0.00000 0.00000
vt 0.00000 0.00000
vt 0.00000 0.00000
vt 0.00000 0.00000
vt 0.00000 0.00000
vt 0.00000 0.00000
vt 0.00000 0.00000
vt 0.00000 0.00000
vt 0.00000 0.00000
vt 0.00000 0.00000
vt 0.00000 0.00000
vt 0.00000 0.00000
vt 0.00000 0.00000
vt 0.00000 0.00000
vt 0.00000 0.00000
vt 0.00000 0.00000
vt 0.00000 0.00000
vt 0.00000 0.00000
vt 0.00000 0.00000
vt 0.00000 0.00000
vt 0.00000 0.00000
vt 0.00000 0.00000
vt 0.00000 0.00000
vt 0.00000 0.00000
vt 0.00000 0.00000
vt 0.00000 0.00000
vt 0.00000 0.00000
vt 0.00000 0.00000
vt 0.00000 0.00000
vt 0.00000 0.00000
vt 0.00000 0.00000
vt 0.00000 0.00000
vt 0.00000 0.00000
vt 0.00000 0.00000
vt 0.00000 0.00000
vt 0.00000 0.00000
vt 0.00000 0.00000
vt 0.00000 0.00000
vt 0.00000 0.00000
vt 0.00000 0.00000
vt 0.00000 0.00000
vt 0.00000 0.00000
vt 0.00000 0.00000
vt 0.00000 0.00000
vt 0.00000 0.00000
vt 0.00000 0.00000
vt 0.00000 0.00000
vt 0.00000 0.00000
vt 0.00000 0.00000
vt 0.00000 0.00000
vt 0.00000 0.00000
vt 0.00000 0.00000
vt 0.00000 0.00000
vt 0.00000 0.00000
vt 0.00000 0.00000
vt 0.00000 0.00000
vt 0.00000 0.00000
vt 0.00000 0.00000
vt 0.00000 0.00000
vt 0.00000 0.00000
vt 0.00000 0.00000
vt 0.00000 0.00000
vt 0.00000 0.00000
vt 0.00000 0.00000
vt 0.00000 0.00000
vt 0.00000 0.00000
vt 0.00000 0.00000
vt 0.00000 0.00000
vt 0.00000 0.00000
vt 0.00000 0.00000
vt 0.00000 0.00000
vt 0.00000 0.00000
vt 0.00000 0.00000
vt 0.00000 0.00000
vt 0.00000 0.00000
vt 0.00000 0.00000
vt 0.00000 0.00000
vt 0.00000 0.00000
vt 0.00000 0.00000
vt 0.00000 0.00000
vt 0.00000 0.00000
vt 0.00000 0.00000
vt 0.00000 0.00000
vt 0.00000 0.00000
vt 0.00000 0.00000
vt 0.00000 0.00000
vt 0.00000 0.00000
vt 0.00000 0.00000
vt 0.00000 0.00000
vt 0.00000 0.00000
vt 0.00000 0.00000
vt 0.00000 0.00000
vt 0.00000 0.00000
vt 0.00000 0.00000
vt 0.00000 0.00000
vt 0.00000 0.00000
vt 0.00000 0.00000
vt 0.00000 0.00000
vt 0.00000 0.00000
vt 0.00000 0.00000
vt 0.00000 0.00000
vt 0.00000 0.00000
vt 0.00000 0.00000
vt 0.00000 0.00000
vt 0.00000 0.00000
vt 0.00000 0.00000
vt 0.00000 0.00000
vt 0.00000 0.00000
vt 0.00000 0.00000
vt 0.00000 0.00000
vt 0.00000 0.00000
vt 0.00000 0.00000
vt 0.00000 0.00000
vt 0.00000 0.00000
vt 0.00000 0.00000
vt 0.00000 0.00000
vt 0.00000 0.00000
vt 0.00000 0.00000
vt 0.00000 0.00000
vt 0.00000 0.00000
vt 0.00000 0.00000
vt 0.00000 0.00000
vt 0.00000 0.00000
vt 0.00000 0.00000
vt 0.00000 0.00000
vt 0.00000 0.00000
vt 0.00000 0.00000
vt 0.00000 0.00000
vt 0.00000 0.00000
vt 0.00000 0.00000
vt 0.00000 0.00000
vt 0.00000 0.00000
vt 0.00000 0.00000
vt 0.00000 0.00000
vt 0.00000 0.00000
vt 0.00000 0.00000
vt 0.00000 0.00000
vt 0.00000 0.00000
vt 0.00000 0.00000
vt 0.00000 0.00000
vt 0.00000 0.00000
vt 0.00000 0.00000
vt 0.00000 0.00000
vt 0.00000 0.00000
vt 0.00000 0.00000
vt 0.00000 0.00000
vt 0.00000 0.00000
vt 0.00000 0.00000
vt 0.00000 0.00000
vt 0.00000 0.00000
vt 0.00000 0.00000
vt 0.00000 0.00000
vt 0.00000 0.00000
vt 0.00000 0.00000
vt 0.00000 0.00000
vt 0.00000 0.00000
vt 0.00000 0.00000
vt 0.00000 0.00000
vt 0.00000 0.00000
vt 0.00000 0.00000
vt 0.00000 0.00000
vt 0.00000 0.00000
vt 0.00000 0.00000
vt 0.00000 0.00000
vt 0.00000 0.00000
vt 0.00000 0.00000
vt 0.00000 0.00000
vt 0.00000 0.00000
vt 0.00000 0.00000
vt 0.00000 0.00000
vt 0.00000 0.00000
vt 0.00000 0.00000
vt 0.00000 0.00000
vt 0.00000 0.00000
vt 0.00000 0.00000
vt 0.00000 0.00000
vt 0.00000 0.00000
vt 0.00000 0.00000
vt 0.00000 0.00000
vt 0.00000 0.00000
vt 0.00000 0.00000
vt 0.00000 0.00000
vt 0.00000 0.00000
vt 0.00000 0.00000
vt 0.00000 0.00000
vt 0.00000 0.00000
vt 0.00000 0.00000
vt 0.00000 0.00000
vt 0.00000 0.00000
vt 0.00000 0.00000
vt 0.00000 0.00000
vt 0.00000 0.00000
vt 0.00000 0.00000
vt 0.00000 0.00000
vt 0.00000 0.00000
vt 0.00000 0.00000
vt 0.00000 0.00000
vt 0.00000 0.00000
vt 0.00000 0.00000
vt 0.00000 0.00000
vt 0.00000 0.00000
vt 0.00000 0.00000
vt 0.00000 0.00000
vt 0.00000 0.00000
vt 0.00000 0.00000
vt 0.00000 0.00000
vt 0.00000 0.00000
vt 0.00000 0.00000
vt 0.00000 0.00000
vt 0.00000 0.00000
vt 0.00000 0.00000
vt 0.00000 0.00000
vt 0.00000 0.00000
vt 0.00000 0.00000
vt 0.00000 0.00000
vt 0.00000 0.00000
vt 0.00000 0.00000
vt 0.00000 0.00000
vt 0.00000 0.00000
vt 0.00000 0.00000
vt 0.00000 0.00000
vt 0.00000 0.00000
vt 0.00000 0.00000
vt 0.00000 0.00000
vt 0.00000 0.00000
vt 0.00000 0.00000
vt 0.00000 0.00000
vt 0.00000 0.00000
vt 0.00000 0.00000
vt 0.00000 0.00000
vt 0.00000 0.00000
vt 0.00000 0.00000
vt 0.00000 0.00000
vt 0.00000 0.00000
vt 0.00000 0.00000
vt 0.00000 0.00000
vt 0.00000 0.00000
vt 0.00000 0.00000
vt 0.00000 0.00000
vt 0.00000 0.00000
vt 0.00000 0.00000
vt 0.00000 0.00000
vt 0.00000 0.00000
vt 0.00000 0.00000
vt 0.00000 0.00000
vt 0.00000 0.00000
vt 0.00000 0.00000
vt 0.00000 0.00000
vt 0.00000 0.00000
vt 0.00000 0.00000
vt 0.00000 0.00000
vt 0.00000 0.00000
vt 0.00000 0.00000
vt 0.00000 0.00000
vt 0.00000 0.00000
vt 0.00000 0.00000
vt 0.00000 0.00000
vt 0.00000 0.00000
vt 0.00000 0.00000
vt 0.00000 0.00000
vt 0.00000 0.00000
vt 0.00000 0.00000
vt 0.00000 0.00000
vt 0.00000 0.00000
vt 0.00000 0.00000
vt 0.00000 0.00000
vt 0.00000 0.00000
vt 0.00000 0.00000
vt 0.00000 0.00000
vt 0.00000 0.00000
vt 0.00000 0.00000
vt 0.00000 0.00000
vt 0.00000 0.00000
vt 0.00000 0.00000
vt 0.00000 0.00000
vt 0.00000 0.00000
vt 0.00000 0.00000
vt 0.00000 0.00000
vt 0.00000 0.00000
vt 0.00000 0.00000
vt 0.00000 0.00000
vt 0.00000 0.00000
vt 0.00000 0.00000
vt 0.00000 0.00000
vt 0.00000 0.00000
vt 0.00000 0.00000
vt 0.00000 0.00000
vt 0.00000 0.00000
vt 0.00000 0.00000
vt 0.00000 0.00000
vt 0.00000 0.00000
vt 0.00000 0.00000
vt 0.00000 0.00000
vt 0.00000 0.00000
vt 0.00000 0.00000
vt 0.00000 0.00000
vt 0.00000 0.00000
vt 0.00000 0.00000
vt 0.00000 0.00000
vt 0.00000 0.00000
vt 0.00000 0.00000
vt 0.00000 0.00000
vt 0.00000 0.00000
vt 0.00000 0.00000
vt 0.00000 0.00000
vt 0.00000 0.00000
vt 0.00000 0.00000
vt 0.00000 0.00000
vt 0.00000 0.00000
vt 0.00000 0.00000
vt 0.00000 0.00000
vt 0.00000 0.00000
vt 0.00000 0.00000
vt 0.00000 0.00000
vt 0.00000 0.00000
vt 0.00000 0.00000
vt 0.00000 0.00000
vt 0.00000 0.00000
vt 0.00000 0.00000
vt 0.00000 0.00000
vt 0.00000 0.00000
vt 0.00000 0.00000
vt 0.00000 0.00000
vt 0.00000 0.00000
vt 0.00000 0.00000
vt 0.00000 0.00000
vt 0.00000 0.00000
vt 0.00000 0.00000
vt 0.00000 0.00000
vt 0.00000 0.00000
vt 0.00000 0.00000
vt 0.00000 0.00000
vt 0.00000 0.00000
vt 0.00000 0.00000
vt 0.00000 0.00000
vt 0.00000 0.00000
vt 0.00000 0.00000
vt 0.00000 0.00000
vt 0.00000 0.00000
vt 0.00000 0.00000
vt 0.00000 0.00000
vt 0.00000 0.00000
vt 0.00000 0.00000
vt 0.00000 0.00000
vt 0.00000 0.00000
vt 0.00000 0.00000
vt 0.00000 0.00000
vt 0.00000 0.00000
vt 0.00000 0.00000
vt 0.00000 0.00000
vt 0.00000 0.00000
vt 0.00000 0.00000
vt 0.00000 0.00000
vt 0.00000 0.00000
vt 0.00000 0.00000
vt 0.00000 0.00000
vt 0.00000 0.00000
vt 0.00000 0.00000
vt 0.00000 0.00000
vt 0.00000 0.00000
vt 0.00000 0.00000
vt 0.00000 0.00000
vt 0.00000 0.00000
vt 0.00000 0.00000
vt 0.00000 0.00000
vt 0.00000 0.00000
vt 0.00000 0.00000
vt 0.00000 0.00000
vt 0.00000 0.00000
vt 0.00000 0.00000
vt 0.00000 0.00000
vt 0.00000 0.00000
vt 0.00000 0.00000
vt 0.00000 0.00000
vt 0.00000 0.00000
vt 0.00000 0.00000
vt 0.00000 0.00000
vt 0.00000 0.00000
vt 0.00000 0.00000
vt 0.00000 0.00000
vt 0.00000 0.00000
vt 0.00000 0.00000
vt 0.00000 0.00000
vt 0.00000 0.00000
vt 0.00000 0.00000
vt 0.00000 0.00000
vt 0.00000 0.00000
vt 0.00000 0.00000
vt 0.00000 0.00000
vt 0.00000 0.00000
vt 0.00000 0.00000
vt 0.00000 0.00000
vt 0.00000 0.00000
vt 0.00000 0.00000
vt 0.00000 0.00000
vt 0.00000 0.00000
vt 0.00000 0.00000
vt 0.00000 0.00000
vt 0.00000 0.00000
vt 0.00000 0.00000
vt 0.00000 0.00000
vt 0.00000 0.00000
vt 0.00000 0.00000
vt 0.00000 0.00000
vt 0.00000 0.00000
vt 0.00000 0.00000
vt 0.00000 0.00000
f 1/1 2/2 9/9
f 1/1 9/9 13/13
f 2/2 764/764 765/765
f 2/2 765/765 9/9
f 3/3 308/308 309/309
f 3/3 309/309 8/8
f 6/6 7/7 205/205
f 6/6 205/205 14/14
f 9/9 765/765 766/766
f 9/9 766/766 10/10
f 9/9 10/10 11/11
f 9/9 11/11 13/13
f 8/8 309/309 310/310
f 8/8 310/310 12/12
f 784/784 16/16 75/75
f 784/784 75/75 783/783
f 16/16 15/15 19/19
f 16/16 19/19 75/75
f 22/22 21/21 20/20
f 22/22 20/20 23/23
f 266/266 267/267 21/21
f 266/266 21/21 22/22
f 24/24 25/25 27/27
f 24/24 27/27 28/28
f 770/770 27/27 25/25
f 770/770 25/25 769/769
f 33/33 34/34 106/106
f 33/33 106/106 37/37
f 32/32 313/313 314/314
f 32/32 314/314 36/36
f 36/36 314/314 315/315
f 36/36 315/315 103/103
f 31/31 773/773 774/774
f 31/31 774/774 23/23
f 312/312 26/26 29/29
f 312/312 29/29 311/311
f 30/30 31/31 23/23
f 30/30 23/23 20/20
f 721/721 722/722 398/398
f 721/721 398/398 399/399
f 40/40 42/42 41/41
f 40/40 41/41 39/39
f 725/725 726/726 396/396
f 725/725 396/396 397/397
f 717/717 718/718 400/400
f 717/717 400/400 401/401
f 716/716 717/717 401/401
f 716/716 401/401 402/402
f 46/46 48/48 47/47
f 46/46 47/47 44/44
f 50/50 46/46 44/44
f 50/50 44/44 45/45
f 738/738 716/716 402/402
f 738/738 402/402 403/403
f 253/253 50/50 45/45
f 253/253 45/45 252/252
f 46/46 50/50 51/51
f 46/46 51/51 52/52
f 48/48 46/46 52/52
f 48/48 52/52 53/53
f 54/54 53/53 52/52
f 54/54 52/52 56/56
f 56/56 52/52 51/51
f 56/56 51/51 55/55
f 51/51 50/50 253/253
f 51/51 253/253 254/254
f 51/51 254/254 255/255
f 51/51 255/255 55/55
f 734/734 735/735 404/404
f 734/734 404/404 405/405
f 731/731 732/732 392/392
f 731/731 392/392 393/393
f 730/730 731/731 393/393
f 730/730 393/393 394/394
f 68/68 61/61 59/59
f 68/68 59/59 60/60
f 318/318 319/319 64/64
f 318/318 64/64 65/65
f 319/319 320/320 66/66
f 319/319 66/66 64/64
f 62/62 61/61 68/68
f 62/62 68/68 67/67
f 318/318 65/65 69/69
f 318/318 69/69 317/317
f 733/733 734/734 405/405
f 733/733 405/405 406/406
f 65/65 57/57 49/49
f 65/65 49/49 69/69
f 65/65 64/64 58/58
f 65/65 58/58 57/57
f 70/70 58/58 64/64
f 70/70 64/64 66/66
f 71/71 70/70 66/66
f 71/71 66/66 72/72
f 168/168 71/71 72/72
f 168/168 72/72 74/74
f 72/72 66/66 320/320
f 72/72 320/320 321/321
f 74/74 72/72 321/321
f 74/74 321/321 322/322
f 76/76 306/306 307/307
f 76/76 307/307 5/5
f 78/78 77/77 91/91
f 78/78 91/91 90/90
f 79/79 78/78 90/90
f 79/79 90/90 87/87
f 80/80 79/79 87/87
f 80/80 87/87 81/81
f 325/325 326/326 165/165
f 325/325 165/165 164/164
f 80/80 81/81 82/82
f 80/80 82/82 83/83
f 80/80 83/83 178/178
f 80/80 178/178 86/86
f 83/83 84/84 177/177
f 83/83 177/177 178/178
f 84/84 83/83 82/82
f 84/84 82/82 175/175
f 79/79 80/80 86/86
f 79/79 86/86 85/85
f 326/326 327/327 88/88
f 326/326 88/88 165/165
f 95/95 88/88 327/327
f 95/95 327/327 328/328
f 78/78 79/79 85/85
f 78/78 85/85 89/89
f 77/77 78/78 89/89
f 77/77 89/89 4/4
f 328/328 329/329 93/93
f 328/328 93/93 95/95
f 330/330 331/331 94/94
f 330/330 94/94 304/304
f 92/92 305/305 306/306
f 92/92 306/306 76/76
f 97/97 96/96 95/95
f 97/97 95/95 93/93
f 98/98 782/782 783/783
f 98/98 783/783 75/75
f 780/780 781/781 332/332
f 780/780 332/332 99/99
f 780/780 99/99 100/100
f 780/780 100/100 779/779
f 102/102 100/100 99/99
f 102/102 99/99 17/17
f 303/303 304/304 94/94
f 303/303 94/94 101/101
f 17/17 99/99 332/332
f 17/17 332/332 333/333
f 18/18 98/98 75/75
f 18/18 75/75 19/19
f 22/22 23/23 774/774
f 22/22 774/774 775/775
f 103/103 315/315 316/316
f 103/103 316/316 265/265
f 104/104 105/105 263/263
f 104/104 263/263 264/264
f 104/104 37/37 106/106
f 104/104 106/106 105/105
f 107/107 105/105 106/106
f 107/107 106/106 108/108
f 110/110 107/107 108/108
f 110/110 108/108 109/109
f 105/105 107/107 262/262
f 105/105 262/262 263/263
f 107/107 110/110 261/261
f 107/107 261/261 262/262
f 108/108 106/106 34/34
f 108/108 34/34 35/35
f 109/109 108/108 35/35
f 109/109 35/35 111/111
f 111/111 112/112 113/113
f 111/111 113/113 109/109
f 260/260 261/261 110/110
f 260/260 110/110 161/161
f 266/266 22/22 775/775
f 266/266 775/775 776/776
f 116/116 118/118 121/121
f 116/116 121/121 119/119
f 116/116 119/119 120/120
f 116/116 120/120 117/117
f 179/179 124/124 126/126
f 179/179 126/126 127/127
f 124/124 122/122 121/121
f 124/124 121/121 126/126
f 119/119 121/121 122/122
f 119/119 122/122 123/123
f 120/120 119/119 123/123
f 120/120 123/123 125/125
f 126/126 121/121 118/118
f 126/126 118/118 128/128
f 127/127 126/126 128/128
f 127/127 128/128 134/134
f 117/117 120/120 129/129
f 117/117 129/129 43/43
f 726/726 727/727 395/395
f 726/726 395/395 396/396
f 120/120 125/125 130/130
f 120/120 130/130 129/129
f 131/131 133/133 139/139
f 131/131 139/139 140/140
f 134/134 135/135 136/136
f 134/134 136/136 127/127
f 137/137 136/136 135/135
f 137/137 135/135 138/138
f 133/133 42/42 40/40
f 133/133 40/40 139/139
f 144/144 142/142 143/143
f 144/144 143/143 153/153
f 142/142 54/54 56/56
f 142/142 56/56 143/143
f 146/146 68/68 60/60
f 146/146 60/60 145/145
f 67/67 68/68 146/146
f 67/67 146/146 147/147
f 149/149 67/67 147/147
f 149/149 147/147 148/148
f 150/150 149/149 148/148
f 150/150 148/148 151/151
f 62/62 67/67 149/149
f 62/62 149/149 63/63
f 152/152 55/55 255/255
f 152/152 255/255 256/256
f 160/160 152/152 256/256
f 160/160 256/256 257/257
f 152/152 160/160 153/153
f 152/152 153/153 143/143
f 56/56 55/55 152/152
f 56/56 152/152 143/143
f 144/144 153/153 154/154
f 144/144 154/154 156/156
f 154/154 155/155 157/157
f 154/154 157/157 156/156
f 157/157 155/155 113/113
f 157/157 113/113 112/112
f 113/113 155/155 158/158
f 113/113 158/158 161/161
f 159/159 158/158 155/155
f 159/159 155/155 154/154
f 159/159 154/154 153/153
f 159/159 153/153 160/160
f 159/159 160/160 257/257
f 159/159 257/257 258/258
f 158/158 159/159 258/258
f 158/158 258/258 259/259
f 260/260 161/161 158/158
f 260/260 158/158 259/259
f 113/113 161/161 110/110
f 113/113 110/110 109/109
f 114/114 163/163 164/164
f 114/114 164/164 165/165
f 162/162 167/167 164/164
f 162/162 164/164 163/163
f 166/166 167/167 162/162
f 166/166 162/162 169/169
f 74/74 166/166 169/169
f 74/74 169/169 168/168
f 167/167 166/166 323/323
f 167/167 323/323 324/324
f 166/166 74/74 322/322
f 166/166 322/322 323/323
f 150/150 151/151 170/170
f 150/150 170/170 171/171
f 150/150 171/171 172/172
f 150/150 172/172 73/73
f 173/173 172/172 171/171
f 173/173 171/171 174/174
f 175/175 173/173 174/174
f 175/175 174/174 84/84
f 63/63 149/149 150/150
f 63/63 150/150 73/73
f 171/171 170/170 176/176
f 171/171 176/176 174/174
f 176/176 177/177 84/84
f 176/176 84/84 174/174
f 180/180 179/179 127/127
f 180/180 127/127 136/136
f 182/182 181/181 137/137
f 182/182 137/137 183/183
f 180/180 136/136 137/137
f 180/180 137/137 181/181
f 183/183 137/137 138/138
f 183/183 138/138 185/185
f 184/184 183/183 185/185
f 184/184 185/185 200/200
f 186/186 182/182 183/183
f 186/186 183/183 184/184
f 324/324 325/325 164/164
f 324/324 164/164 167/167
f 187/187 188/188 189/189
f 187/187 189/189 190/190
f 141/141 187/187 190/190
f 141/141 190/190 132/132
f 141/141 132/132 131/131
f 141/141 131/131 140/140
f 196/196 189/189 188/188
f 196/196 188/188 191/191
f 191/191 192/192 194/194
f 191/191 194/194 196/196
f 192/192 193/193 195/195
f 192/192 195/195 194/194
f 195/195 193/193 197/197
f 195/195 197/197 198/198
f 202/202 198/198 197/197
f 202/202 197/197 201/201
f 201/201 38/38 203/203
f 201/201 203/203 202/202
f 115/115 114/114 165/165
f 115/115 165/165 88/88
f 95/95 96/96 115/115
f 95/95 115/115 88/88
f 204/204 184/184 200/200
f 204/204 200/200 199/199
f 205/205 204/204 199/199
f 205/205 199/199 207/207
f 205/205 7/7 206/206
f 205/205 206/206 204/204
f 186/186 184/184 204/204
f 186/186 204/204 206/206
f 14/14 205/205 207/207
f 14/14 207/207 208/208
f 746/746 747/747 211/211
f 746/746 211/211 209/209
f 747/747 748/748 210/210
f 747/747 210/210 211/211
f 739/739 740/740 334/334
f 739/739 334/334 213/213
f 741/741 742/742 215/215
f 741/741 215/215 214/214
f 756/756 757/757 217/217
f 756/756 217/217 216/216
f 757/757 758/758 268/268
f 757/757 268/268 217/217
f 751/751 752/752 219/219
f 751/751 219/219 218/218
f 755/755 756/756 216/216
f 755/755 216/216 220/220
f 742/742 743/743 212/212
f 742/742 212/212 215/215
f 761/761 739/739 213/213
f 761/761 213/213 221/221
f 209/209 211/211 297/297
f 209/209 297/297 298/298
f 211/211 210/210 296/296
f 211/211 296/296 297/297
f 213/213 334/334 335/335
f 213/213 335/335 302/302
f 214/214 215/215 300/300
f 214/214 300/300 301/301
f 216/216 217/217 291/291
f 216/216 291/291 292/292
f 217/217 268/268 290/290
f 217/217 290/290 291/291
f 218/218 219/219 294/294
f 218/218 294/294 295/295
f 220/220 216/216 292/292
f 220/220 292/292 293/293
f 215/215 212/212 299/299
f 215/215 299/299 300/300
f 221/221 213/213 302/302
f 221/221 302/302 289/289
f 222/222 223/223 288/288
f 222/222 288/288 275/275
f 223/223 224/224 287/287
f 223/223 287/287 288/288
f 226/226 336/336 337/337
f 226/226 337/337 279/279
f 227/227 228/228 277/277
f 227/227 277/277 278/278
f 229/229 230/230 282/282
f 229/229 282/282 283/283
f 230/230 269/269 281/281
f 230/230 281/281 282/282
f 233/233 232/232 285/285
f 233/233 285/285 286/286
f 234/234 229/229 283/283
f 234/234 283/283 284/284
f 228/228 225/225 276/276
f 228/228 276/276 277/277
f 231/231 226/226 279/279
f 231/231 279/279 280/280
f 239/239 271/271 251/251
f 239/239 251/251 244/244
f 236/236 237/237 249/249
f 236/236 249/249 274/274
f 272/272 273/273 248/248
f 272/272 248/248 250/250
f 271/271 272/272 250/250
f 271/271 250/250 251/251
f 240/240 271/271 239/239
f 240/240 239/239 338/338
f 241/241 272/272 271/271
f 241/241 271/271 240/240
f 238/238 273/273 272/272
f 238/238 272/272 241/241
f 236/236 274/274 235/235
f 277/277 276/276 238/238
f 277/277 238/238 241/241
f 278/278 277/277 241/241
f 278/278 241/241 240/240
f 279/279 337/337 338/338
f 279/279 338/338 239/239
f 280/280 279/279 239/239
f 280/280 239/239 244/244
f 282/282 281/281 270/270
f 282/282 270/270 243/243
f 283/283 282/282 243/243
f 283/283 243/243 242/242
f 284/284 283/283 242/242
f 284/284 242/242 247/247
f 286/286 285/285 245/245
f 286/286 245/245 246/246
f 288/288 287/287 237/237
f 288/288 237/237 236/236
f 275/275 288/288 236/236
f 275/275 236/236 235/235
f 291/291 290/290 269/269
f 291/291 269/269 230/230
f 292/292 291/291 230/230
f 292/292 230/230 229/229
f 293/293 292/292 229/229
f 293/293 229/229 234/234
f 295/295 294/294 232/232
f 295/295 232/232 233/233
f 297/297 296/296 224/224
f 297/297 224/224 223/223
f 298/298 297/297 223/223
f 298/298 223/223 222/222
f 300/300 299/299 225/225
f 300/300 225/225 228/228
f 301/301 300/300 228/228
f 301/301 228/228 227/227
f 302/302 335/335 336/336
f 302/302 336/336 226/226
f 289/289 302/302 226/226
f 289/289 226/226 231/231
f 97/97 93/93 304/304
f 97/97 304/304 303/303
f 329/329 330/330 304/304
f 329/329 304/304 93/93
f 306/306 305/305 91/91
f 306/306 91/91 77/77
f 307/307 306/306 77/77
f 307/307 77/77 4/4
f 309/309 308/308 6/6
f 309/309 6/6 14/14
f 310/310 309/309 14/14
f 310/310 14/14 208/208
f 38/38 312/312 311/311
f 38/38 311/311 203/203
f 314/314 313/313 33/33
f 314/314 33/33 37/37
f 315/315 314/314 37/37
f 315/315 37/37 104/104
f 316/316 315/315 104/104
f 316/316 104/104 264/264
f 732/732 733/733 406/406
f 732/732 406/406 392/392
f 59/59 61/61 318/318
f 59/59 318/318 317/317
f 61/61 62/62 319/319
f 61/61 319/319 318/318
f 62/62 63/63 320/320
f 62/62 320/320 319/319
f 321/321 320/320 63/63
f 321/321 63/63 73/73
f 322/322 321/321 73/73
f 322/322 73/73 172/172
f 323/323 322/322 172/172
f 323/323 172/172 173/173
f 324/324 323/323 173/173
f 324/324 173/173 175/175
f 175/175 82/82 325/325
f 175/175 325/325 324/324
f 82/82 81/81 326/326
f 82/82 326/326 325/325
f 81/81 87/87 327/327
f 81/81 327/327 326/326
f 328/328 327/327 87/87
f 328/328 87/87 90/90
f 90/90 91/91 329/329
f 90/90 329/329 328/328
f 91/91 305/305 330/330
f 91/91 330/330 329/329
f 305/305 92/92 331/331
f 305/305 331/331 330/330
f 332/332 781/781 782/782
f 332/332 782/782 98/98
f 333/333 332/332 98/98
f 333/333 98/98 18/18
f 334/334 740/740 741/741
f 334/334 741/741 214/214
f 335/335 334/334 214/214
f 335/335 214/214 301/301
f 336/336 335/335 301/301
f 336/336 301/301 227/227
f 337/337 336/336 227/227
f 337/337 227/227 278/278
f 338/338 337/337 278/278
f 338/338 278/278 240/240
f 675/675 676/676 355/355
f 675/675 355/355 354/354
f 680/680 681/681 357/357
f 680/680 357/357 356/356
f 679/679 680/680 356/356
f 679/679 356/356 358/358
f 671/671 672/672 359/359
f 671/671 359/359 360/360
f 670/670 671/671 360/360
f 670/670 360/360 361/361
f 692/692 670/670 361/361
f 692/692 361/361 363/363
f 688/688 689/689 362/362
f 688/688 362/362 364/364
f 686/686 687/687 366/366
f 686/686 366/366 365/365
f 685/685 686/686 365/365
f 685/685 365/365 367/367
f 684/684 685/685 367/367
f 684/684 367/367 368/368
f 687/687 688/688 364/364
f 687/687 364/364 366/366
f 354/354 355/355 370/370
f 354/354 370/370 369/369
f 356/356 357/357 372/372
f 356/356 372/372 371/371
f 358/358 356/356 371/371
f 358/358 371/371 373/373
f 360/360 359/359 374/374
f 360/360 374/374 375/375
f 361/361 360/360 375/375
f 361/361 375/375 376/376
f 363/363 361/361 376/376
f 363/363 376/376 378/378
f 364/364 362/362 377/377
f 364/364 377/377 379/379
f 365/365 366/366 381/381
f 365/365 381/381 380/380
f 367/367 365/365 380/380
f 367/367 380/380 382/382
f 368/368 367/367 382/382
f 368/368 382/382 383/383
f 366/366 364/364 379/379
f 366/366 379/379 381/381
f 372/372 388/388 371/371
f 379/379 391/391 380/380
f 379/379 380/380 381/381
f 382/382 386/386 387/387
f 382/382 387/387 383/383
f 377/377 390/390 391/391
f 377/377 391/391 379/379
f 387/387 386/386 385/385
f 387/387 385/385 384/384
f 371/371 388/388 389/389
f 371/371 389/389 373/373
f 391/391 390/390 385/385
f 391/391 385/385 386/386
f 380/380 391/391 386/386
f 380/380 386/386 382/382
f 705/705 706/706 350/350
f 705/705 350/350 352/352
f 704/704 705/705 352/352
f 704/704 352/352 353/353
f 700/700 701/701 342/342
f 700/700 342/342 341/341
f 699/699 700/700 341/341
f 699/699 341/341 343/343
f 695/695 696/696 340/340
f 695/695 340/340 339/339
f 714/714 715/715 344/344
f 714/714 344/344 345/345
f 713/713 714/714 345/345
f 713/713 345/345 346/346
f 712/712 713/713 346/346
f 712/712 346/346 348/348
f 708/708 709/709 347/347
f 708/708 347/347 349/349
f 707/707 708/708 349/349
f 707/707 349/349 351/351
f 706/706 707/707 351/351
f 706/706 351/351 350/350
f 59/59 408/408 407/407
f 59/59 407/407 60/60
f 409/409 408/408 59/59
f 409/409 59/59 317/317
f 410/410 409/409 317/317
f 410/410 317/317 69/69
f 49/49 411/411 410/410
f 49/49 410/410 69/69
f 413/413 412/412 252/252
f 413/413 252/252 45/45
f 44/44 414/414 413/413
f 44/44 413/413 45/45
f 415/415 414/414 44/44
f 415/415 44/44 47/47
f 417/417 416/416 39/39
f 417/417 39/39 41/41
f 419/419 418/418 43/43
f 419/419 43/43 129/129
f 420/420 419/419 129/129
f 420/420 129/129 130/130
f 60/60 407/407 421/421
f 60/60 421/421 145/145
f 762/762 763/763 426/426
f 762/762 426/426 427/427
f 423/423 422/422 424/424
f 423/423 424/424 425/425
f 425/425 424/424 428/428
f 425/425 428/428 429/429
f 427/427 426/426 433/433
f 427/427 433/433 432/432
f 429/429 428/428 431/431
f 429/429 431/431 430/430
f 430/430 431/431 484/484
f 430/430 484/484 485/485
f 744/744 745/745 492/492
f 744/744 492/492 493/493
f 434/434 435/435 771/771
f 434/434 771/771 772/772
f 435/435 434/434 437/437
f 435/435 437/437 436/436
f 753/753 754/754 496/496
f 753/753 496/496 497/497
f 438/438 439/439 441/441
f 438/438 441/441 440/440
f 439/439 438/438 442/442
f 439/439 442/442 443/443
f 440/440 441/441 488/488
f 440/440 488/488 489/489
f 443/443 442/442 445/445
f 443/443 445/445 444/444
f 444/444 445/445 446/446
f 444/444 446/446 447/447
f 516/516 517/517 719/719
f 516/516 719/719 720/720
f 449/449 448/448 536/536
f 449/449 536/536 537/537
f 450/450 451/451 470/470
f 450/450 470/470 471/471
f 451/451 450/450 453/453
f 451/451 453/453 452/452
f 452/452 453/453 473/473
f 452/452 473/473 472/472
f 454/454 455/455 471/471
f 454/454 471/471 470/470
f 455/455 454/454 457/457
f 455/455 457/457 456/456
f 728/728 729/729 518/518
f 728/728 518/518 519/519
f 458/458 459/459 537/537
f 458/458 537/537 536/536
f 459/459 458/458 461/461
f 459/459 461/461 460/460
f 460/460 461/461 463/463
f 460/460 463/463 462/462
f 462/462 463/463 465/465
f 462/462 465/465 464/464
f 464/464 465/465 467/467
f 464/464 467/467 466/466
f 466/466 467/467 469/469
f 466/466 469/469 468/468
f 468/468 469/469 490/490
f 468/468 490/490 491/491
f 472/472 473/473 476/476
f 472/472 476/476 477/477
f 474/474 475/475 479/479
f 474/474 479/479 478/478
f 475/475 474/474 477/477
f 475/475 477/477 476/476
f 478/478 479/479 480/480
f 478/478 480/480 481/481
f 481/481 480/480 482/482
f 481/481 482/482 483/483
f 483/483 482/482 485/485
f 483/483 485/485 484/484
f 486/486 487/487 489/489
f 486/486 489/489 488/488
f 487/487 486/486 491/491
f 487/487 491/491 490/490
f 493/493 492/492 494/494
f 493/493 494/494 495/495
f 495/495 494/494 500/500
f 495/495 500/500 501/501
f 497/497 496/496 498/498
f 497/497 498/498 499/499
f 499/499 498/498 504/504
f 499/499 504/504 505/505
f 501/501 500/500 502/502
f 501/501 502/502 503/503
f 503/503 502/502 514/514
f 503/503 514/514 515/515
f 505/505 504/504 506/506
f 505/505 506/506 507/507
f 507/507 506/506 508/508
f 507/507 508/508 509/509
f 510/510 511/511 512/512
f 510/510 512/512 513/513
f 513/513 512/512 515/515
f 513/513 515/515 514/514
f 693/693 694/694 520/520
f 693/693 520/520 521/521
f 702/702 703/703 524/524
f 702/702 524/524 525/525
f 673/673 674/674 523/523
f 673/673 523/523 522/522
f 522/522 523/523 529/529
f 522/522 529/529 528/528
f 682/682 683/683 527/527
f 682/682 527/527 526/526
f 526/526 527/527 531/531
f 526/526 531/531 530/530
f 530/530 531/531 532/532
f 530/530 532/532 533/533
f 533/533 532/532 534/534
f 533/533 534/534 535/535
f 3/3 423/423 425/425
f 3/3 425/425 308/308
f 422/422 5/5 307/307
f 422/422 307/307 424/424
f 784/784 762/762 427/427
f 784/784 427/427 16/16
f 426/426 763/763 764/764
f 426/426 764/764 2/2
f 429/429 430/430 7/7
f 429/429 7/7 6/6
f 431/431 428/428 4/4
f 431/431 4/4 89/89
f 426/426 2/2 1/1
f 426/426 1/1 433/433
f 427/427 432/432 15/15
f 427/427 15/15 16/16
f 435/435 436/436 28/28
f 435/435 28/28 27/27
f 31/31 30/30 437/437
f 31/31 437/437 434/434
f 773/773 31/31 434/434
f 773/773 434/434 772/772
f 313/313 32/32 446/446
f 313/313 446/446 445/445
f 34/34 33/33 442/442
f 34/34 442/442 438/438
f 35/35 34/34 438/438
f 35/35 438/438 440/440
f 444/444 447/447 26/26
f 444/444 26/26 312/312
f 439/439 443/443 38/38
f 439/439 38/38 201/201
f 771/771 435/435 27/27
f 771/771 27/27 770/770
f 516/516 720/720 721/721
f 516/516 721/721 399/399
f 400/400 718/718 719/719
f 400/400 719/719 517/517
f 48/48 458/458 536/536
f 48/48 536/536 47/47
f 111/111 35/35 440/440
f 111/111 440/440 489/489
f 123/123 122/122 453/453
f 123/123 453/453 450/450
f 453/453 122/122 124/124
f 453/453 124/124 473/473
f 124/124 179/179 476/476
f 124/124 476/476 473/473
f 395/395 727/727 728/728
f 395/395 728/728 519/519
f 140/140 139/139 460/460
f 140/140 460/460 462/462
f 139/139 40/40 459/459
f 139/139 459/459 460/460
f 459/459 40/40 39/39
f 459/459 39/39 537/537
f 463/463 461/461 53/53
f 463/463 53/53 54/54
f 458/458 48/48 53/53
f 458/458 53/53 461/461
f 465/465 463/463 54/54
f 465/465 54/54 142/142
f 467/467 465/465 142/142
f 467/467 142/142 144/144
f 464/464 466/466 187/187
f 464/464 187/187 141/141
f 462/462 464/464 141/141
f 462/462 141/141 140/140
f 466/466 468/468 188/188
f 466/466 188/188 187/187
f 469/469 467/467 144/144
f 469/469 144/144 156/156
f 518/518 729/729 730/730
f 518/518 730/730 394/394
f 147/147 146/146 470/470
f 147/147 470/470 451/451
f 148/148 147/147 451/451
f 148/148 451/451 452/452
f 470/470 146/146 145/145
f 470/470 145/145 454/454
f 469/469 156/156 157/157
f 469/469 157/157 490/490
f 123/123 450/450 471/471
f 123/123 471/471 125/125
f 125/125 471/471 455/455
f 125/125 455/455 130/130
f 452/452 472/472 151/151
f 452/452 151/151 148/148
f 170/170 151/151 472/472
f 170/170 472/472 477/477
f 177/177 176/176 474/474
f 177/177 474/474 478/478
f 178/178 177/177 478/478
f 178/178 478/478 481/481
f 176/176 170/170 477/477
f 176/176 477/477 474/474
f 479/479 475/475 180/180
f 479/479 180/180 181/181
f 179/179 180/180 475/475
f 179/179 475/475 476/476
f 479/479 181/181 182/182
f 479/479 182/182 480/480
f 182/182 186/186 482/482
f 182/182 482/482 480/480
f 483/483 484/484 85/85
f 483/483 85/85 86/86
f 431/431 89/89 85/85
f 431/431 85/85 484/484
f 430/430 485/485 206/206
f 430/430 206/206 7/7
f 485/485 482/482 186/186
f 485/485 186/186 206/206
f 178/178 481/481 483/483
f 178/178 483/483 86/86
f 193/193 192/192 486/486
f 193/193 486/486 488/488
f 491/491 486/486 192/192
f 491/491 192/192 191/191
f 188/188 468/468 491/491
f 188/188 491/491 191/191
f 193/193 488/488 441/441
f 193/193 441/441 197/197
f 201/201 197/197 441/441
f 201/201 441/441 439/439
f 487/487 490/490 157/157
f 487/487 157/157 112/112
f 111/111 489/489 487/487
f 111/111 487/487 112/112
f 492/492 745/745 746/746
f 492/492 746/746 209/209
f 212/212 743/743 744/744
f 212/212 744/744 493/493
f 219/219 752/752 753/753
f 219/219 753/753 497/497
f 496/496 754/754 755/755
f 496/496 755/755 220/220
f 492/492 209/209 298/298
f 492/492 298/298 494/494
f 212/212 493/493 495/495
f 212/212 495/495 299/299
f 219/219 497/497 499/499
f 219/219 499/499 294/294
f 496/496 220/220 293/293
f 496/496 293/293 498/498
f 500/500 222/222 275/275
f 500/500 275/275 502/502
f 225/225 501/501 503/503
f 225/225 503/503 276/276
f 232/232 505/505 507/507
f 232/232 507/507 285/285
f 504/504 234/234 284/284
f 504/504 284/284 506/506
f 513/513 274/274 249/249
f 513/513 249/249 510/510
f 273/273 512/512 511/511
f 273/273 511/511 248/248
f 515/515 512/512 273/273
f 515/515 273/273 238/238
f 235/235 274/274 513/513
f 235/235 513/513 514/514
f 502/502 275/275 235/235
f 502/502 235/235 514/514
f 276/276 503/503 515/515
f 276/276 515/515 238/238
f 506/506 284/284 247/247
f 506/506 247/247 508/508
f 285/285 507/507 509/509
f 285/285 509/509 245/245
f 498/498 293/293 234/234
f 498/498 234/234 504/504
f 294/294 499/499 505/505
f 294/294 505/505 232/232
f 494/494 298/298 222/222
f 494/494 222/222 500/500
f 299/299 495/495 501/501
f 299/299 501/501 225/225
f 424/424 307/307 4/4
f 424/424 4/4 428/428
f 308/308 425/425 429/429
f 308/308 429/429 6/6
f 443/443 444/444 312/312
f 443/443 312/312 38/38
f 33/33 313/313 445/445
f 33/33 445/445 442/442
f 674/674 675/675 354/354
f 674/674 354/354 523/523
f 672/672 673/673 522/522
f 672/672 522/522 359/359
f 681/681 682/682 526/526
f 681/681 526/526 357/357
f 683/683 684/684 368/368
f 683/683 368/368 527/527
f 523/523 354/354 369/369
f 523/523 369/369 529/529
f 359/359 522/522 528/528
f 359/359 528/528 374/374
f 357/357 526/526 530/530
f 357/357 530/530 372/372
f 527/527 368/368 383/383
f 527/527 383/383 531/531
f 383/383 387/387 532/532
f 383/383 532/532 531/531
f 532/532 387/387 384/384
f 532/532 384/384 534/534
f 530/530 533/533 388/388
f 530/530 388/388 372/372
f 389/389 388/388 533/533
f 389/389 533/533 535/535
f 703/703 704/704 353/353
f 703/703 353/353 524/524
f 701/701 702/702 525/525
f 701/701 525/525 342/342
f 694/694 695/695 339/339
f 694/694 339/339 520/520
f 715/715 693/693 521/521
f 715/715 521/521 344/344
f 448/448 415/415 47/47
f 448/448 47/47 536/536
f 39/39 416/416 449/449
f 39/39 449/449 537/537
f 455/455 456/456 420/420
f 455/455 420/420 130/130
f 145/145 421/421 457/457
f 145/145 457/457 454/454
f 538/538 539/539 541/541
f 538/538 541/541 540/540
f 759/759 760/760 610/610
f 759/759 610/610 611/611
f 540/540 541/541 777/777
f 540/540 777/777 778/778
f 542/542 543/543 608/608
f 542/542 608/608 609/609
f 767/767 768/768 544/544
f 767/767 544/544 545/545
f 545/545 544/544 547/547
f 545/545 547/547 546/546
f 749/749 750/750 614/614
f 749/749 614/614 615/615
f 638/638 639/639 723/723
f 638/638 723/723 724/724
f 549/549 548/548 550/550
f 549/549 550/550 551/551
f 551/551 550/550 553/553
f 551/551 553/553 552/552
f 552/552 553/553 579/579
f 552/552 579/579 578/578
f 554/554 555/555 557/557
f 554/554 557/557 556/556
f 555/555 554/554 559/559
f 555/555 559/559 558/558
f 736/736 737/737 640/640
f 736/736 640/640 641/641
f 558/558 559/559 561/561
f 558/558 561/561 560/560
f 560/560 561/561 563/563
f 560/560 563/563 562/562
f 562/562 563/563 592/592
f 562/562 592/592 593/593
f 564/564 565/565 577/577
f 564/564 577/577 576/576
f 566/566 567/567 576/576
f 566/566 576/576 577/577
f 567/567 566/566 569/569
f 567/567 569/569 568/568
f 568/568 569/569 571/571
f 568/568 571/571 570/570
f 570/570 571/571 573/573
f 570/570 573/573 572/572
f 572/572 573/573 574/574
f 572/572 574/574 575/575
f 575/575 574/574 594/594
f 575/575 594/594 595/595
f 578/578 579/579 581/581
f 578/578 581/581 580/580
f 580/580 581/581 583/583
f 580/580 583/583 582/582
f 582/582 583/583 585/585
f 582/582 585/585 584/584
f 584/584 585/585 587/587
f 584/584 587/587 586/586
f 586/586 587/587 605/605
f 586/586 605/605 604/604
f 588/588 589/589 595/595
f 588/588 595/595 594/594
f 589/589 588/588 591/591
f 589/589 591/591 590/590
f 590/590 591/591 593/593
f 590/590 593/593 592/592
f 596/596 597/597 599/599
f 596/596 599/599 598/598
f 597/597 596/596 601/601
f 597/597 601/601 600/600
f 598/598 599/599 604/604
f 598/598 604/604 605/605
f 600/600 601/601 603/603
f 600/600 603/603 602/602
f 602/602 603/603 607/607
f 602/602 607/607 606/606
f 606/606 607/607 609/609
f 606/606 609/609 608/608
f 611/611 610/610 612/612
f 611/611 612/612 613/613
f 613/613 612/612 618/618
f 613/613 618/618 619/619
f 615/615 614/614 616/616
f 615/615 616/616 617/617
f 617/617 616/616 622/622
f 617/617 622/622 623/623
f 619/619 618/618 620/620
f 619/619 620/620 621/621
f 621/621 620/620 626/626
f 621/621 626/626 627/627
f 623/623 622/622 624/624
f 623/623 624/624 625/625
f 625/625 624/624 630/630
f 625/625 630/630 631/631
f 627/627 626/626 628/628
f 627/627 628/628 629/629
f 629/629 628/628 636/636
f 629/629 636/636 637/637
f 631/631 630/630 633/633
f 631/631 633/633 632/632
f 632/632 633/633 662/662
f 632/632 662/662 663/663
f 634/634 635/635 664/664
f 634/634 664/664 665/665
f 635/635 634/634 637/637
f 635/635 637/637 636/636
f 697/697 698/698 642/642
f 697/697 642/642 643/643
f 710/710 711/711 646/646
f 710/710 646/646 647/647
f 677/677 678/678 645/645
f 677/677 645/645 644/644
f 644/644 645/645 651/651
f 644/644 651/651 650/650
f 690/690 691/691 649/649
f 690/690 649/649 648/648
f 648/648 649/649 653/653
f 648/648 653/653 652/652
f 650/650 651/651 655/655
f 650/650 655/655 654/654
f 652/652 653/653 660/660
f 652/652 660/660 661/661
f 654/654 655/655 668/668
f 654/654 668/668 669/669
f 656/656 657/657 666/666
f 656/656 666/666 667/667
f 657/657 656/656 659/659
f 657/657 659/659 658/658
f 658/658 659/659 661/661
f 658/658 661/661 660/660
f 663/663 662/662 665/665
f 663/663 665/665 664/664
f 667/667 666/666 669/669
f 667/667 669/669 668/668
f 538/538 540/540 100/100
f 538/538 100/100 102/102
f 25/25 24/24 547/547
f 25/25 547/547 544/544
f 769/769 25/25 544/544
f 769/769 544/544 768/768
f 545/545 546/546 11/11
f 545/545 11/11 10/10
f 545/545 10/10 766/766
f 545/545 766/766 767/767
f 638/638 724/724 725/725
f 638/638 725/725 397/397
f 552/552 117/117 43/43
f 552/552 43/43 551/551
f 42/42 553/553 550/550
f 42/42 550/550 41/41
f 398/398 722/722 723/723
f 398/398 723/723 639/639
f 404/404 735/735 736/736
f 404/404 736/736 641/641
f 561/561 559/559 57/57
f 561/561 57/57 58/58
f 563/563 561/561 58/58
f 563/563 58/58 70/70
f 57/57 559/559 554/554
f 57/57 554/554 49/49
f 70/70 71/71 592/592
f 70/70 592/592 563/563
f 71/71 168/168 590/590
f 71/71 590/590 592/592
f 779/779 100/100 540/540
f 779/779 540/540 778/778
f 568/568 570/570 115/115
f 568/568 115/115 96/96
f 570/570 572/572 114/114
f 570/570 114/114 115/115
f 572/572 575/575 163/163
f 572/572 163/163 114/114
f 567/567 568/568 96/96
f 567/567 96/96 97/97
f 101/101 564/564 576/576
f 101/101 576/576 303/303
f 579/579 553/553 42/42
f 579/579 42/42 133/133
f 581/581 579/579 133/133
f 581/581 133/133 131/131
f 578/578 580/580 118/118
f 578/578 118/118 116/116
f 578/578 116/116 117/117
f 578/578 117/117 552/552
f 128/128 118/118 580/580
f 128/128 580/580 582/582
f 583/583 581/581 131/131
f 583/583 131/131 132/132
f 134/134 128/128 582/582
f 134/134 582/582 584/584
f 584/584 586/586 135/135
f 584/584 135/135 134/134
f 587/587 585/585 190/190
f 587/587 190/190 189/189
f 585/585 583/583 132/132
f 585/585 132/132 190/190
f 575/575 595/595 162/162
f 575/575 162/162 163/163
f 169/169 162/162 595/595
f 169/169 595/595 589/589
f 168/168 169/169 589/589
f 168/168 589/589 590/590
f 587/587 189/189 196/196
f 587/587 196/196 605/605
f 196/196 194/194 598/598
f 196/196 598/598 605/605
f 195/195 198/198 601/601
f 195/195 601/601 596/596
f 194/194 195/195 596/596
f 194/194 596/596 598/598
f 597/597 600/600 199/199
f 597/597 199/199 200/200
f 207/207 199/199 600/600
f 207/207 600/600 602/602
f 603/603 601/601 198/198
f 603/603 198/198 202/202
f 599/599 597/597 200/200
f 599/599 200/200 185/185
f 604/604 599/599 185/185
f 604/604 185/185 138/138
f 135/135 586/586 604/604
f 135/135 604/604 138/138
f 208/208 207/207 602/602
f 208/208 602/602 606/606
f 12/12 310/310 608/608
f 12/12 608/608 543/543
f 29/29 542/542 609/609
f 29/29 609/609 311/311
f 607/607 603/603 202/202
f 607/607 202/202 203/203
f 610/610 760/760 761/761
f 610/610 761/761 221/221
f 614/614 750/750 751/751
f 614/614 751/751 218/218
f 210/210 748/748 749/749
f 210/210 749/749 615/615
f 610/610 221/221 289/289
f 610/610 289/289 612/612
f 614/614 218/218 295/295
f 614/614 295/295 616/616
f 210/210 615/615 617/617
f 210/210 617/617 296/296
f 618/618 231/231 280/280
f 618/618 280/280 620/620
f 622/622 233/233 286/286
f 622/622 286/286 624/624
f 224/224 623/623 625/625
f 224/224 625/625 287/287
f 245/245 633/633 630/630
f 245/245 630/630 246/246
f 627/627 629/629 243/243
f 627/627 243/243 270/270
f 244/244 251/251 628/628
f 244/244 628/628 626/626
f 632/632 249/249 237/237
f 632/632 237/237 631/631
f 636/636 250/250 248/248
f 636/636 248/248 635/635
f 242/242 637/637 634/634
f 242/242 634/634 247/247
f 628/628 251/251 250/250
f 628/628 250/250 636/636
f 243/243 629/629 637/637
f 243/243 637/637 242/242
f 640/640 737/737 738/738
f 640/640 738/738 403/403
f 558/558 253/253 252/252
f 558/558 252/252 555/555
f 254/254 253/253 558/558
f 254/254 558/558 560/560
f 255/255 254/254 560/560
f 255/255 560/560 562/562
f 256/256 255/255 562/562
f 256/256 562/562 593/593
f 257/257 256/256 593/593
f 257/257 593/593 591/591
f 258/258 257/257 591/591
f 258/258 591/591 588/588
f 259/259 258/258 588/588
f 259/259 588/588 594/594
f 574/574 260/260 259/259
f 574/574 259/259 594/594
f 574/574 573/573 261/261
f 574/574 261/261 260/260
f 262/262 261/261 573/573
f 262/262 573/573 571/571
f 263/263 262/262 571/571
f 263/263 571/571 569/569
f 264/264 263/263 569/569
f 264/264 569/569 566/566
f 265/265 316/316 577/577
f 265/265 577/577 565/565
f 541/541 266/266 776/776
f 541/541 776/776 777/777
f 541/541 539/539 267/267
f 541/541 267/267 266/266
f 268/268 758/758 759/759
f 268/268 759/759 611/611
f 290/290 268/268 611/611
f 290/290 611/611 613/613
f 281/281 269/269 619/619
f 281/281 619/619 621/621
f 620/620 280/280 244/244
f 620/620 244/244 626/626
f 270/270 281/281 621/621
f 270/270 621/621 627/627
f 624/624 286/286 246/246
f 624/624 246/246 630/630
f 287/287 625/625 631/631
f 287/287 631/631 237/237
f 612/612 289/289 231/231
f 612/612 231/231 618/618
f 269/269 290/290 613/613
f 269/269 613/613 619/619
f 616/616 295/295 233/233
f 616/616 233/233 622/622
f 296/296 617/617 623/623
f 296/296 623/623 224/224
f 303/303 576/576 567/567
f 303/303 567/567 97/97
f 608/608 310/310 208/208
f 608/608 208/208 606/606
f 311/311 609/609 607/607
f 311/311 607/607 203/203
f 577/577 316/316 264/264
f 577/577 264/264 566/566
f 676/676 677/677 644/644
f 676/676 644/644 355/355
f 678/678 679/679 358/358
f 678/678 358/358 645/645
f 689/689 690/690 648/648
f 689/689 648/648 362/362
f 691/691 692/692 363/363
f 691/691 363/363 649/649
f 355/355 644/644 650/650
f 355/355 650/650 370/370
f 645/645 358/358 373/373
f 645/645 373/373 651/651
f 362/362 648/648 652/652
f 362/362 652/652 377/377
f 649/649 363/363 378/378
f 649/649 378/378 653/653
f 370/370 650/650 654/654
f 370/370 654/654 369/369
f 376/376 660/660 653/653
f 376/376 653/653 378/378
f 374/374 657/657 658/658
f 374/374 658/658 375/375
f 389/389 655/655 651/651
f 389/389 651/651 373/373
f 659/659 656/656 384/384
f 659/659 384/384 385/385
f 652/652 661/661 390/390
f 652/652 390/390 377/377
f 375/375 658/658 660/660
f 375/375 660/660 376/376
f 390/390 661/661 659/659
f 390/390 659/659 385/385
f 698/698 699/699 343/343
f 698/698 343/343 642/642
f 696/696 697/697 643/643
f 696/696 643/643 340/340
f 711/711 712/712 348/348
f 711/711 348/348 646/646
f 709/709 710/710 647/647
f 709/709 647/647 347/347
f 556/556 411/411 49/49
f 556/556 49/49 554/554
f 412/412 557/557 555/555
f 412/412 555/555 252/252
f 550/550 548/548 417/417
f 550/550 417/417 41/41
f 43/43 418/418 549/549
f 43/43 549/549 551/551
f 509/509 508/508 665/665
f 509/509 665/665 662/662
f 663/663 664/664 511/511
f 663/663 511/511 510/510
f 528/528 529/529 669/669
f 528/528 669/669 666/666
f 535/535 534/534 667/667
f 535/535 667/667 668/668
f 509/509 662/662 633/633
f 509/509 633/633 245/245
f 663/663 510/510 249/249
f 663/663 249/249 632/632
f 634/634 665/665 508/508
f 634/634 508/508 247/247
f 248/248 511/511 664/664
f 248/248 664/664 635/635
f 528/528 666/666 657/657
f 528/528 657/657 374/374
f 656/656 667/667 534/534
f 656/656 534/534 384/384
f 668/668 655/655 389/389
f 668/668 389/389 535/535
f 369/369 654/654 669/669
f 369/369 669/669 529/529
f 346/346 345/345 671/671
f 346/346 671/671 670/670
f 345/345 344/344 672/672
f 345/345 672/672 671/671
f 344/344 521/521 673/673
f 344/344 673/673 672/672
f 521/521 520/520 674/674
f 521/521 674/674 673/673
f 520/520 339/339 675/675
f 520/520 675/675 674/674
f 339/339 340/340 676/676
f 339/339 676/676 675/675
f 340/340 643/643 677/677
f 340/340 677/677 676/676
f 643/643 642/642 678/678
f 643/643 678/678 677/677
f 642/642 343/343 679/679
f 642/642 679/679 678/678
f 343/343 341/341 680/680
f 343/343 680/680 679/679
f 341/341 342/342 681/681
f 341/341 681/681 680/680
f 342/342 525/525 682/682
f 342/342 682/682 681/681
f 525/525 524/524 683/683
f 525/525 683/683 682/682
f 524/524 353/353 684/684
f 524/524 684/684 683/683
f 353/353 352/352 685/685
f 353/353 685/685 684/684
f 352/352 350/350 686/686
f 352/352 686/686 685/685
f 350/350 351/351 687/687
f 350/350 687/687 686/686
f 351/351 349/349 688/688
f 351/351 688/688 687/687
f 349/349 347/347 689/689
f 349/349 689/689 688/688
f 347/347 647/647 690/690
f 347/347 690/690 689/689
f 647/647 646/646 691/691
f 647/647 691/691 690/690
f 646/646 348/348 692/692
f 646/646 692/692 691/691
f 348/348 346/346 670/670
f 348/348 670/670 692/692
f 517/517 516/516 694/694
f 517/517 694/694 693/693
f 516/516 399/399 695/695
f 516/516 695/695 694/694
f 399/399 398/398 696/696
f 399/399 696/696 695/695
f 398/398 639/639 697/697
f 398/398 697/697 696/696
f 639/639 638/638 698/698
f 639/639 698/698 697/697
f 638/638 397/397 699/699
f 638/638 699/699 698/698
f 397/397 396/396 700/700
f 397/397 700/700 699/699
f 396/396 395/395 701/701
f 396/396 701/701 700/700
f 395/395 519/519 702/702
f 395/395 702/702 701/701
f 519/519 518/518 703/703
f 519/519 703/703 702/702
f 518/518 394/394 704/704
f 518/518 704/704 703/703
f 394/394 393/393 705/705
f 394/394 705/705 704/704
f 393/393 392/392 706/706
f 393/393 706/706 705/705
f 392/392 406/406 707/707
f 392/392 707/707 706/706
f 406/406 405/405 708/708
f 406/406 708/708 707/707
f 405/405 404/404 709/709
f 405/405 709/709 708/708
f 404/404 641/641 710/710
f 404/404 710/710 709/709
f 641/641 640/640 711/711
f 641/641 711/711 710/710
f 640/640 403/403 712/712
f 640/640 712/712 711/711
f 403/403 402/402 713/713
f 403/403 713/713 712/712
f 402/402 401/401 714/714
f 402/402 714/714 713/713
f 401/401 400/400 715/715
f 401/401 715/715 714/714
f 400/400 517/517 693/693
f 400/400 693/693 715/715
f 413/413 414/414 717/717
f 413/413 717/717 716/716
f 414/414 415/415 718/718
f 414/414 718/718 717/717
f 719/719 718/718 415/415
f 719/719 415/415 448/448
f 720/720 719/719 448/448
f 720/720 448/448 449/449
f 721/721 720/720 449/449
f 721/721 449/449 416/416
f 416/416 417/417 722/722
f 416/416 722/722 721/721
f 723/723 722/722 417/417
f 723/723 417/417 548/548
f 724/724 723/723 548/548
f 724/724 548/548 549/549
f 725/725 724/724 549/549
f 725/725 549/549 418/418
f 418/418 419/419 726/726
f 418/418 726/726 725/725
f 419/419 420/420 727/727
f 419/419 727/727 726/726
f 728/728 727/727 420/420
f 728/728 420/420 456/456
f 456/456 457/457 729/729
f 456/456 729/729 728/728
f 730/730 729/729 457/457
f 730/730 457/457 421/421
f 421/421 407/407 731/731
f 421/421 731/731 730/730
f 407/407 408/408 732/732
f 407/407 732/732 731/731
f 408/408 409/409 733/733
f 408/408 733/733 732/732
f 409/409 410/410 734/734
f 409/409 734/734 733/733
f 410/410 411/411 735/735
f 410/410 735/735 734/734
f 736/736 735/735 411/411
f 736/736 411/411 556/556
f 556/556 557/557 737/737
f 556/556 737/737 736/736
f 738/738 737/737 557/557
f 738/738 557/557 412/412
f 412/412 413/413 716/716
f 412/412 716/716 738/738
f 17/17 333/333 740/740
f 17/17 740/740 739/739
f 741/741 740/740 333/333
f 741/741 333/333 18/18
f 18/18 19/19 742/742
f 18/18 742/742 741/741
f 19/19 15/15 743/743
f 19/19 743/743 742/742
f 744/744 743/743 15/15
f 744/744 15/15 432/432
f 432/432 433/433 745/745
f 432/432 745/745 744/744
f 746/746 745/745 433/433
f 746/746 433/433 1/1
f 1/1 13/13 747/747
f 1/1 747/747 746/746
f 13/13 11/11 748/748
f 13/13 748/748 747/747
f 749/749 748/748 11/11
f 749/749 11/11 546/546
f 546/546 547/547 750/750
f 546/546 750/750 749/749
f 751/751 750/750 547/547
f 751/751 547/547 24/24
f 24/24 28/28 752/752
f 24/24 752/752 751/751
f 753/753 752/752 28/28
f 753/753 28/28 436/436
f 436/436 437/437 754/754
f 436/436 754/754 753/753
f 755/755 754/754 437/437
f 755/755 437/437 30/30
f 30/30 20/20 756/756
f 30/30 756/756 755/755
f 20/20 21/21 757/757
f 20/20 757/757 756/756
f 21/21 267/267 758/758
f 21/21 758/758 757/757
f 759/759 758/758 267/267
f 759/759 267/267 539/539
f 539/539 538/538 760/760
f 539/539 760/760 759/759
f 761/761 760/760 538/538
f 761/761 538/538 102/102
f 102/102 17/17 739/739
f 102/102 739/739 761/761
f 422/422 423/423 763/763
f 422/422 763/763 762/762
f 764/764 763/763 423/423
f 764/764 423/423 3/3
f 765/765 764/764 3/3
f 765/765 3/3 8/8
f 766/766 765/765 8/8
f 766/766 8/8 12/12
f 767/767 766/766 12/12
f 767/767 12/12 543/543
f 543/543 542/542 768/768
f 543/543 768/768 767/767
f 29/29 769/769 768/768
f 29/29 768/768 542/542
f 26/26 770/770 769/769
f 26/26 769/769 29/29
f 447/447 771/771 770/770
f 447/447 770/770 26/26
f 772/772 771/771 447/447
f 772/772 447/447 446/446
f 32/32 773/773 772/772
f 32/32 772/772 446/446
f 774/774 773/773 32/32
f 774/774 32/32 36/36
f 775/775 774/774 36/36
f 775/775 36/36 103/103
f 776/776 775/775 103/103
f 776/776 103/103 265/265
f 777/777 776/776 265/265
f 777/777 265/265 565/565
f 778/778 777/777 565/565
f 778/778 565/565 564/564
f 101/101 779/779 778/778
f 101/101 778/778 564/564
f 94/94 780/780 779/779
f 94/94 779/779 101/101
f 94/94 331/331 781/781
f 94/94 781/781 780/780
f 782/782 781/781 331/331
f 782/782 331/331 92/92
f 783/783 782/782 92/92
f 783/783 92/92 76/76
f 5/5 784/784 783/783
f 5/5 783/783 76/76
f 5/5 422/422 762/762
f 5/5 762/762 784/784
f 785/785 786/786 806/806
f 785/785 806/806 805/805
f 786/786 787/787 807/807
f 786/786 807/807 806/806
f 787/787 788/788 808/808
f 787/787 808/808 807/807
f 788/788 789/789 809/809
f 788/788 809/809 808/808
f 789/789 790/790 810/810
f 789/789 810/810 809/809
f 790/790 791/791 811/811
f 790/790 811/811 810/810
f 791/791 792/792 812/812
f 791/791 812/812 811/811
f 792/792 793/793 813/813
f 792/792 813/813 812/812
f 793/793 794/794 814/814
f 793/793 814/814 813/813
f 794/794 795/795 815/815
f 794/794 815/815 814/814
f 795/795 796/796 816/816
f 795/795 816/816 815/815
f 796/796 797/797 817/817
f 796/796 817/817 816/816
f 797/797 798/798 818/818
f 797/797 818/818 817/817
f 798/798 799/799 819/819
f 798/798 819/819 818/818
f 799/799 800/800 820/820
f 799/799 820/820 819/819
f 800/800 801/801 821/821
f 800/800 821/821 820/820
f 801/801 802/802 822/822
f 801/801 822/822 821/821
f 802/802 803/803 823/823
f 802/802 823/823 822/822
f 803/803 804/804 824/824
f 803/803 824/824 823/823
f 804/804 785/785 805/805
f 804/804 805/805 824/824
f 805/805 806/806 826/826
f 805/805 826/826 825/825
f 806/806 807/807 827/827
f 806/806 827/827 826/826
f 807/807 808/808 828/828
f 807/807 828/828 827/827
f 808/808 809/809 829/829
f 808/808 829/829 828/828
f 809/809 810/810 830/830
f 809/809 830/830 829/829
f 810/810 811/811 831/831
f 810/810 831/831 830/830
f 811/811 812/812 832/832
f 811/811 832/832 831/831
f 812/812 813/813 833/833
f 812/812 833/833 832/832
f 813/813 814/814 834/834
f 813/813 834/834 833/833
f 814/814 815/815 835/835
f 814/814 835/835 834/834
f 815/815 816/816 836/836
f 815/815 836/836 835/835
f 816/816 817/817 837/837
f 816/816 837/837 836/836
f 817/817 818/818 838/838
f 817/817 838/838 837/837
f 818/818 819/819 839/839
f 818/818 839/839 838/838
f 819/819 820/820 840/840
f 819/819 840/840 839/839
f 820/820 821/821 841/841
f 820/820 841/841 840/840
f 821/821 822/822 842/842
f 821/821 842/842 841/841
f 822/822 823/823 843/843
f 822/822 843/843 842/842
f 823/823 824/824 844/844
f 823/823 844/844 843/843
f 824/824 805/805 825/825
f 824/824 825/825 844/844
f 825/825 826/826 846/846
f 825/825 846/846 845/845
f 826/826 827/827 847/847
f 826/826 847/847 846/846
f 827/827 828/828 848/848
f 827/827 848/848 847/847
f 828/828 829/829 849/849
f 828/828 849/849 848/848
f 829/829 830/830 850/850
f 829/829 850/850 849/849
f 830/830 831/831 851/851
f 830/830 851/851 850/850
f 831/831 832/832 852/852
f 831/831 852/852 851/851
f 832/832 833/833 853/853
f 832/832 853/853 852/852
f 833/833 834/834 854/854
f 833/833 854/854 853/853
f 834/834 835/835 855/855
f 834/834 855/855 854/854
f 835/835 836/836 856/856
f 835/835 856/856 855/855
f 836/836 837/837 857/857
f 836/836 857/857 856/856
f 837/837 838/838 858/858
f 837/837 858/858 857/857
f 838/838 839/839 859/859
f 838/838 859/859 858/858
f 839/839 840/840 860/860
f 839/839 860/860 859/859
f 840/840 841/841 861/861
f 840/840 861/861 860/860
f 841/841 842/842 862/862
f 841/841 862/862 861/861
f 842/842 843/843 863/863
f 842/842 863/863 862/862
f 843/843 844/844 864/864
f 843/843 864/864 863/863
f 844/844 825/825 845/845
f 844/844 845/845 864/864
f 845/845 846/846 866/866
f 845/845 866/866 865/865
f 846/846 847/847 867/867
f 846/846 867/867 866/866
f 847/847 848/848 868/868
f 847/847 868/868 867/867
f 848/848 849/849 869/869
f 848/848 869/869 868/868
f 849/849 850/850 870/870
f 849/849 870/870 869/869
f 850/850 851/851 871/871
f 850/850 871/871 870/870
f 851/851 852/852 872/872
f 851/851 872/872 871/871
f 852/852 853/853 873/873
f 852/852 873/873 872/872
f 853/853 854/854 874/874
f 853/853 874/874 873/873
f 854/854 855/855 875/875
f 854/854 875/875 874/874
f 855/855 856/856 876/876
f 855/855 876/876 875/875
f 856/856 857/857 877/877
f 856/856 877/877 876/876
f 857/857 858/858 878/878
f 857/857 878/878 877/877
f 858/858 859/859 879/879
f 858/858 879/879 878/878
f 859/859 860/860 880/880
f 859/859 880/880 879/879
f 860/860 861/861 881/881
f 860/860 881/881 880/880
f 861/861 862/862 882/882
f 861/861 882/882 881/881
f 862/862 863/863 883/883
f 862/862 883/883 882/882
f 863/863 864/864 884/884
f 863/863 884/884 883/883
f 864/864 845/845 865/865
f 864/864 865/865 884/884
f 865/865 866/866 886/886
f 865/865 886/886 885/885
f 866/866 867/867 887/887
f 866/866 887/887 886/886
f 867/867 868/868 888/888
f 867/867 888/888 887/887
f 868/868 869/869 889/889
f 868/868 889/889 888/888
f 869/869 870/870 890/890
f 869/869 890/890 889/889
f 870/870 871/871 891/891
f 870/870 891/891 890/890
f 871/871 872/872 892/892
f 871/871 892/892 891/891
f 872/872 873/873 893/893
f 872/872 893/893 892/892
f 873/873 874/874 894/894
f 873/873 894/894 893/893
f 874/874 875/875 895/895
f 874/874 895/895 894/894
f 875/875 876/876 896/896
f 875/875 896/896 895/895
f 876/876 877/877 897/897
f 876/876 897/897 896/896
f 877/877 878/878 898/898
f 877/877 898/898 897/897
f 878/878 879/879 899/899
f 878/878 899/899 898/898
f 879/879 880/880 900/900
f 879/879 900/900 899/899
f 880/880 881/881 901/901
f 880/880 901/901 900/900
f 881/881 882/882 902/902
f 881/881 902/902 901/901
f 882/882 883/883 903/903
f 882/882 903/903 902/902
f 883/883 884/884 904/904
f 883/883 904/904 903/903
f 884/884 865/865 885/885
f 884/884 885/885 904/904
f 885/885 886/886 906/906
f 885/885 906/906 905/905
f 886/886 887/887 907/907
f 886/886 907/907 906/906
f 887/887 888/888 908/908
f 887/887 908/908 907/907
f 888/888 889/889 909/909
f 888/888 909/909 908/908
f 889/889 890/890 910/910
f 889/889 910/910 909/909
f 890/890 891/891 911/911
f 890/890 911/911 910/910
f 891/891 892/892 912/912
f 891/891 912/912 911/911
f 892/892 893/893 913/913
f 892/892 913/913 912/912
f 893/893 894/894 914/914
f 893/893 914/914 913/913
f 894/894 895/895 915/915
f 894/894 915/915 914/914
f 895/895 896/896 916/916
f 895/895 916/916 915/915
f 896/896 897/897 917/917
f 896/896 917/917 916/916
f 897/897 898/898 918/918
f 897/897 918/918 917/917
f 898/898 899/899 919/919
f 898/898 919/919 918/918
f 899/899 900/900 920/920
f 899/899 920/920 919/919
f 900/900 901/901 921/921
f 900/900 921/921 920/920
f 901/901 902/902 922/922
f 901/901 922/922 921/921
f 902/902 903/903 923/923
f 902/902 923/923 922/922
f 903/903 904/904 924/924
f 903/903 924/924 923/923
f 904/904 885/885 905/905
f 904/904 905/905 924/924
f 905/905 906/906 926/926
f 905/905 926/926 925/925
f 906/906 907/907 927/927
f 906/906 927/927 926/926
f 907/907 908/908 928/928
f 907/907 928/928 927/927
f 908/908 909/909 929/929
f 908/908 929/929 928/928
f 909/909 910/910 930/930
f 909/909 930/930 929/929
f 910/910 911/911 931/931
f 910/910 931/931 930/930
f 911/911 912/912 932/932
f 911/911 932/932 931/931
f 912/912 913/913 933/933
f 912/912 933/933 932/932
f 913/913 914/914 934/934
f 913/913 934/934 933/933
f 914/914 915/915 935/935
f 914/914 935/935 934/934
f 915/915 916/916 936/936
f 915/915 936/936 935/935
f 916/916 917/917 937/937
f 916/916 937/937 936/936
f 917/917 918/918 938/938
f 917/917 938/938 937/937
f 918/918 919/919 939/939
f 918/918 939/939 938/938
f 919/919 920/920 940/940
f 919/919 940/940 939/939
f 920/920 921/921 941/941
f 920/920 941/941 940/940
f 921/921 922/922 942/942
f 921/921 942/942 941/941
f 922/922 923/923 943/943
f 922/922 943/943 942/942
f 923/923 924/924 944/944
f 923/923 944/944 943/943
f 924/924 905/905 925/925
f 924/924 925/925 944/944
f 925/925 926/926 946/946
f 925/925 946/946 945/945
f 926/926 927/927 947/947
f 926/926 947/947 946/946
f 927/927 928/928 948/948
f 927/927 948/948 947/947
f 928/928 929/929 949/949
f 928/928 949/949 948/948
f 929/929 930/930 950/950
f 929/929 950/950 949/949
f 930/930 931/931 951/951
f 930/930 951/951 950/950
f 931/931 932/932 952/952
f 931/931 952/952 951/951
f 932/932 933/933 953/953
f 932/932 953/953 952/952
f 933/933 934/934 954/954
f 933/933 954/954 953/953
f 934/934 935/935 955/955
f 934/934 955/955 954/954
f 935/935 936/936 956/956
f 935/935 956/956 955/955
f 936/936 937/937 957/957
f 936/936 957/957 956/956
f 937/937 938/938 958/958
f 937/937 958/958 957/957
f 938/938 939/939 959/959
f 938/938 959/959 958/958
f 939/939 940/940 960/960
f 939/939 960/960 959/959
f 940/940 941/941 961/961
f 940/940 961/961 960/960
f 941/941 942/942 962/962
f 941/941 962/962 961/961
f 942/942 943/943 963/963
f 942/942 963/963 962/962
f 943/943 944/944 964/964
f 943/943 964/964 963/963
f 944/944 925/925 945/945
f 944/944 945/945 964/964
f 945/945 946/946 966/966
f 945/945 966/966 965/965
f 946/946 947/947 967/967
f 946/946 967/967 966/966
f 947/947 948/948 968/968
f 947/947 968/968 967/967
f 948/948 949/949 969/969
f 948/948 969/969 968/968
f 949/949 950/950 970/970
f 949/949 970/970 969/969
f 950/950 951/951 971/971
f 950/950 971/971 970/970
f 951/951 952/952 972/972
f 951/951 972/972 971/971
f 952/952 953/953 973/973
f 952/952 973/973 972/972
f 953/953 954/954 974/974
f 953/953 974/974 973/973
f 954/954 955/955 975/975
f 954/954 975/975 974/974
f 955/955 956/956 976/976
f 955/955 976/976 975/975
f 956/956 957/957 977/977
f 956/956 977/977 976/976
f 957/957 958/958 978/978
f 957/957 978/978 977/977
f 958/958 959/959 979/979
f 958/958 979/979 978/978
f 959/959 960/960 980/980
f 959/959 980/980 979/979
f 960/960 961/961 981/981
f 960/960 981/981 980/980
f 961/961 962/962 982/982
f 961/961 982/982 981/981
f 962/962 963/963 983/983
f 962/962 983/983 982/982
f 963/963 964/964 984/984
f 963/963 984/984 983/983
f 964/964 945/945 965/965
f 964/964 965/965 984/984
f 965/965 966/966 986/986
f 965/965 986/986 985/985
f 966/966 967/967 987/987
f 966/966 987/987 986/986
f 967/967 968/968 988/988
f 967/967 988/988 987/987
f 968/968 969/969 989/989
f 968/968 989/989 988/988
f 969/969 970/970 990/990
f 969/969 990/990 989/989
f 970/970 971/971 991/991
f 970/970 991/991 990/990
f 971/971 972/972 992/992
f 971/971 992/992 991/991
f 972/972 973/973 993/993
f 972/972 993/993 992/992
f 973/973 974/974 994/994
f 973/973 994/994 993/993
f 974/974 975/975 995/995
f 974/974 995/995 994/994
f 975/975 976/976 996/996
f 975/975 996/996 995/995
f 976/976 977/977 997/997
f 976/976 997/997 996/996
f 977/977 978/978 998/998
f 977/977 998/998 997/997
f 978/978 979/979 999/999
f 978/978 999/999 998/998
f 979/979 980/980 1000/1000
f 979/979 1000/1000 999/999
f 980/980 981/981 1001/1001
f 980/980 1001/1001 1000/1000
f 981/981 982/982 1002/1002
f 981/981 1002/1002 1001/1001
f 982/982 983/983 1003/1003
f 982/982 1003/1003 1002/1002
f 983/983 984/984 1004/1004
f 983/983 1004/1004 1003/1003
f 984/984 965/965 985/985
f 984/984 985/985 1004/1004
f 985/985 986/986 1006/1006
f 985/985 1006/1006 1005/1005
f 986/986 987/987 1007/1007
f 986/986 1007/1007 1006/1006
f 987/987 988/988 1008/1008
f 987/987 1008/1008 1007/1007
f 988/988 989/989 1009/1009
f 988/988 1009/1009 1008/1008
f 989/989 990/990 1010/1010
f 989/989 1010/1010 1009/1009
f 990/990 991/991 1011/1011
f 990/990 1011/1011 1010/1010
f 991/991 992/992 1012/1012
f 991/991 1012/1012 1011/1011
f 992/992 993/993 1013/1013
f 992/992 1013/1013 1012/1012
f 993/993 994/994 1014/1014
f 993/993 1014/1014 1013/1013
f 994/994 995/995 1015/1015
f 994/994 1015/1015 1014/1014
f 995/995 996/996 1016/1016
f 995/995 1016/1016 1015/1015
f 996/996 997/997 1017/1017
f 996/996 1017/1017 1016/1016
f 997/997 998/998 1018/1018
f 997/997 1018/1018 1017/1017
f 998/998 999/999 1019/1019
f 998/998 1019/1019 1018/1018
f 999/999 1000/1000 1020/1020
f 999/999 1020/1020 1019/1019
f 1000/1000 1001/1001 1021/1021
f 1000/1000 1021/1021 1020/1020
f 1001/1001 1002/1002 1022/1022
f 1001/1001 1022/1022 1021/1021
f 1002/1002 1003/1003 1023/1023
f 1002/1002 1023/1023 1022/1022
f 1003/1003 1004/1004 1024/1024
f 1003/1003 1024/1024 1023/1023
f 1004/1004 985/985 1005/1005
f 1004/1004 1005/1005 1024/1024
f 1005/1005 1006/1006 1026/1026
f 1005/1005 1026/1026 1025/1025
f 1006/1006 1007/1007 1027/1027
f 1006/1006 1027/1027 1026/1026
f 1007/1007 1008/1008 1028/1028
f 1007/1007 1028/1028 1027/1027
f 1008/1008 1009/1009 1029/1029
f 1008/1008 1029/1029 1028/1028
f 1009/1009 1010/1010 1030/1030
f 1009/1009 1030/1030 1029/1029
f 1010/1010 1011/1011 1031/1031
f 1010/1010 1031/1031 1030/1030
f 1011/1011 1012/1012 1032/1032
f 1011/1011 1032/1032 1031/1031
f 1012/1012 1013/1013 1033/1033
f 1012/1012 1033/1033 1032/1032
f 1013/1013 1014/1014 1034/1034
f 1013/1013 1034/1034 1033/1033
f 1014/1014 1015/1015 1035/1035
f 1014/1014 1035/1035 1034/1034
f 1015/1015 1016/1016 1036/1036
f 1015/1015 1036/1036 1035/1035
f 1016/1016 1017/1017 1037/1037
f 1016/1016 1037/1037 1036/1036
f 1017/1017 1018/1018 1038/1038
f 1017/1017 1038/1038 1037/1037
f 1018/1018 1019/1019 1039/1039
f 1018/1018 1039/1039 1038/1038
f 1019/1019 1020/1020 1040/1040
f 1019/1019 1040/1040 1039/1039
f 1020/1020 1021/1021 1041/1041
f 1020/1020 1041/1041 1040/1040
f 1021/1021 1022/1022 1042/1042
f 1021/1021 1042/1042 1041/1041
f 1022/1022 1023/1023 1043/1043
f 1022/1022 1043/1043 1042/1042
f 1023/1023 1024/1024 1044/1044
f 1023/1023 1044/1044 1043/1043
f 1024/1024 1005/1005 1025/1025
f 1024/1024 1025/1025 1044/1044
f 1025/1025 1026/1026 1046/1046
f 1025/1025 1046/1046 1045/1045
f 1026/1026 1027/1027 1047/1047
f 1026/1026 1047/1047 1046/1046
f 1027/1027 1028/1028 1048/1048
f 1027/1027 1048/1048 1047/1047
f 1028/1028 1029/1029 1049/1049
f 1028/1028 1049/1049 1048/1048
f 1029/1029 1030/1030 1050/1050
f 1029/1029 1050/1050 1049/1049
f 1030/1030 1031/1031 1051/1051
f 1030/1030 1051/1051 1050/1050
f 1031/1031 1032/1032 1052/1052
f 1031/1031 1052/1052 1051/1051
f 1032/1032 1033/1033 1053/1053
f 1032/1032 1053/1053 1052/1052
f 1033/1033 1034/1034 1054/1054
f 1033/1033 1054/1054 1053/1053
f 1034/1034 1035/1035 1055/1055
f 1034/1034 1055/1055 1054/1054
f 1035/1035 1036/1036 1056/1056
f 1035/1035 1056/1056 1055/1055
f 1036/1036 1037/1037 1057/1057
f 1036/1036 1057/1057 1056/1056
f 1037/1037 1038/1038 1058/1058
f 1037/1037 1058/1058 1057/1057
f 1038/1038 1039/1039 1059/1059
f 1038/1038 1059/1059 1058/1058
f 1039/1039 1040/1040 1060/1060
f 1039/1039 1060/1060 1059/1059
f 1040/1040 1041/1041 1061/1061
f 1040/1040 1061/1061 1060/1060
f 1041/1041 1042/1042 1062/1062
f 1041/1041 1062/1062 1061/1061
f 1042/1042 1043/1043 1063/1063
f 1042/1042 1063/1063 1062/1062
f 1043/1043 1044/1044 1064/1064
f 1043/1043 1064/1064 1063/1063
f 1044/1044 1025/1025 1045/1045
f 1044/1044 1045/1045 1064/1064
f 1045/1045 1046/1046 1066/1066
f 1045/1045 1066/1066 1065/1065
f 1046/1046 1047/1047 1067/1067
f 1046/1046 1067/1067 1066/1066
f 1047/1047 1048/1048 1068/1068
f 1047/1047 1068/1068 1067/1067
f 1048/1048 1049/1049 1069/1069
f 1048/1048 1069/1069 1068/1068
f 1049/1049 1050/1050 1070/1070
f 1049/1049 1070/1070 1069/1069
f 1050/1050 1051/1051 1071/1071
f 1050/1050 1071/1071 1070/1070
f 1051/1051 1052/1052 1072/1072
f 1051/1051 1072/1072 1071/1071
f 1052/1052 1053/1053 1073/1073
f 1052/1052 1073/1073 1072/1072
f 1053/1053 1054/1054 1074/1074
f 1053/1053 1074/1074 1073/1073
f 1054/1054 1055/1055 1075/1075
f 1054/1054 1075/1075 1074/1074
f 1055/1055 1056/1056 1076/1076
f 1055/1055 1076/1076 1075/1075
f 1056/1056 1057/1057 1077/1077
f 1056/1056 1077/1077 1076/1076
f 1057/1057 1058/1058 1078/1078
f 1057/1057 1078/1078 1077/1077
f 1058/1058 1059/1059 1079/1079
f 1058/1058 1079/1079 1078/1078
f 1059/1059 1060/1060 1080/1080
f 1059/1059 1080/1080 1079/1079
f 1060/1060 1061/1061 1081/1081
f 1060/1060 1081/1081 1080/1080
f 1061/1061 1062/1062 1082/1082
f 1061/1061 1082/1082 1081/1081
f 1062/1062 1063/1063 1083/1083
f 1062/1062 1083/1083 1082/1082
f 1063/1063 1064/1064 1084/1084
f 1063/1063 1084/1084 1083/1083
f 1064/1064 1045/1045 1065/1065
f 1064/1064 1065/1065 1084/1084
f 1065/1065 1066/1066 1086/1086
f 1065/1065 1086/1086 1085/1085
f 1066/1066 1067/1067 1087/1087
f 1066/1066 1087/1087 1086/1086
f 1067/1067 1068/1068 1088/1088
f 1067/1067 1088/1088 1087/1087
f 1068/1068 1069/1069 1089/1089
f 1068/1068 1089/1089 1088/1088
f 1069/1069 1070/1070 1090/1090
f 1069/1069 1090/1090 1089/1089
f 1070/1070 1071/1071 1091/1091
f 1070/1070 1091/1091 1090/1090
f 1071/1071 1072/1072 1092/1092
f 1071/1071 1092/1092 1091/1091
f 1072/1072 1073/1073 1093/1093
f 1072/1072 1093/1093 1092/1092
f 1073/1073 1074/1074 1094/1094
f 1073/1073 1094/1094 1093/1093
f 1074/1074 1075/1075 1095/1095
f 1074/1074 1095/1095 1094/1094
f 1075/1075 1076/1076 1096/1096
f 1075/1075 1096/1096 1095/1095
f 1076/1076 1077/1077 1097/1097
f 1076/1076 1097/1097 1096/1096
f 1077/1077 1078/1078 1098/1098
f 1077/1077 1098/1098 1097/1097
f 1078/1078 1079/1079 1099/1099
f 1078/1078 1099/1099 1098/1098
f 1079/1079 1080/1080 1100/1100
f 1079/1079 1100/1100 1099/1099
f 1080/1080 1081/1081 1101/1101
f 1080/1080 1101/1101 1100/1100
f 1081/1081 1082/1082 1102/1102
f 1081/1081 1102/1102 1101/1101
f 1082/1082 1083/1083 1103/1103
f 1082/1082 1103/1103 1102/1102
f 1083/1083 1084/1084 1104/1104
f 1083/1083 1104/1104 1103/1103
f 1084/1084 1065/1065 1085/1085
f 1084/1084 1085/1085 1104/1104
f 1085/1085 1086/1086 1106/1106
f 1085/1085 1106/1106 1105/1105
f 1086/1086 1087/1087 1107/1107
f 1086/1086 1107/1107 1106/1106
f 1087/1087 1088/1088 1108/1108
f 1087/1087 1108/1108 1107/1107
f 1088/1088 1089/1089 1109/1109
f 1088/1088 1109/1109 1108/1108
f 1089/1089 1090/1090 1110/1110
f 1089/1089 1110/1110 1109/1109
f 1090/1090 1091/1091 1111/1111
f 1090/1090 1111/1111 1110/1110
f 1091/1091 1092/1092 1112/1112
f 1091/1091 1112/1112 1111/1111
f 1092/1092 1093/1093 1113/1113
f 1092/1092 1113/1113 1112/1112
f 1093/1093 1094/1094 1114/1114
f 1093/1093 1114/1114 1113/1113
f 1094/1094 1095/1095 1115/1115
f 1094/1094 1115/1115 1114/1114
f 1095/1095 1096/1096 1116/1116
f 1095/1095 1116/1116 1115/1115
f 1096/1096 1097/1097 1117/1117
f 1096/1096 1117/1117 1116/1116
f 1097/1097 1098/1098 1118/1118
f 1097/1097 1118/1118 1117/1117
f 1098/1098 1099/1099 1119/1119
f 1098/1098 1119/1119 1118/1118
f 1099/1099 1100/1100 1120/1120
f 1099/1099 1120/1120 1119/1119
f 1100/1100 1101/1101 1121/1121
f 1100/1100 1121/1121 1120/1120
f 1101/1101 1102/1102 1122/1122
f 1101/1101 1122/1122 1121/1121
f 1102/1102 1103/1103 1123/1123
f 1102/1102 1123/1123 1122/1122
f 1103/1103 1104/1104 1124/1124
f 1103/1103 1124/1124 1123/1123
f 1104/1104 1085/1085 1105/1105
f 1104/1104 1105/1105 1124/1124
f 1105/1105 1106/1106 1126/1126
f 1105/1105 1126/1126 1125/1125
f 1106/1106 1107/1107 1127/1127
f 1106/1106 1127/1127 1126/1126
f 1107/1107 1108/1108 1128/1128
f 1107/1107 1128/1128 1127/1127
f 1108/1108 1109/1109 1129/1129
f 1108/1108 1129/1129 1128/1128
f 1109/1109 1110/1110 1130/1130
f 1109/1109 1130/1130 1129/1129
f 1110/1110 1111/1111 1131/1131
f 1110/1110 1131/1131 1130/1130
f 1111/1111 1112/1112 1132/1132
f 1111/1111 1132/1132 1131/1131
f 1112/1112 1113/1113 1133/1133
f 1112/1112 1133/1133 1132/1132
f 1113/1113 1114/1114 1134/1134
f 1113/1113 1134/1134 1133/1133
f 1114/1114 1115/1115 1135/1135
f 1114/1114 1135/1135 1134/1134
f 1115/1115 1116/1116 1136/1136
f 1115/1115 1136/1136 1135/1135
f 1116/1116 1117/1117 1137/1137
f 1116/1116 1137/1137 1136/1136
f 1117/1117 1118/1118 1138/1138
f 1117/1117 1138/1138 1137/1137
f 1118/1118 1119/1119 1139/1139
f 1118/1118 1139/1139 1138/1138
f 1119/1119 1120/1120 1140/1140
f 1119/1119 1140/1140 1139/1139
f 1120/1120 1121/1121 1141/1141
f 1120/1120 1141/1141 1140/1140
f 1121/1121 1122/1122 1142/1142
f 1121/1121 1142/1142 1141/1141
f 1122/1122 1123/1123 1143/1143
f 1122/1122 1143/1143 1142/1142
f 1123/1123 1124/1124 1144/1144
f 1123/1123 1144/1144 1143/1143
f 1124/1124 1105/1105 1125/1125
f 1124/1124 1125/1125 1144/1144
f 1125/1125 1126/1126 1146/1146
f 1125/1125 1146/1146 1145/1145
f 1126/1126 1127/1127 1147/1147
f 1126/1126 1147/1147 1146/1146
f 1127/1127 1128/1128 1148/1148
f 1127/1127 1148/1148 1147/1147
f 1128/1128 1129/1129 1149/1149
f 1128/1128 1149/1149 1148/1148
f 1129/1129 1130/1130 1150/1150
f 1129/1129 1150/1150 1149/1149
f 1130/1130 1131/1131 1151/1151
f 1130/1130 1151/1151 1150/1150
f 1131/1131 1132/1132 1152/1152
f 1131/1131 1152/1152 1151/1151
f 1132/1132 1133/1133 1153/1153
f 1132/1132 1153/1153 1152/1152
f 1133/1133 1134/1134 1154/1154
f 1133/1133 1154/1154 1153/1153
f 1134/1134 1135/1135 1155/1155
f 1134/1134 1155/1155 1154/1154
f 1135/1135 1136/1136 1156/1156
f 1135/1135 1156/1156 1155/1155
f 1136/1136 1137/1137 1157/1157
f 1136/1136 1157/1157 1156/1156
f 1137/1137 1138/1138 1158/1158
f 1137/1137 1158/1158 1157/1157
f 1138/1138 1139/1139 1159/1159
f 1138/1138 1159/1159 1158/1158
f 1139/1139 1140/1140 1160/1160
f 1139/1139 1160/1160 1159/1159
f 1140/1140 1141/1141 1161/1161
f 1140/1140 1161/1161 1160/1160
f 1141/1141 1142/1142 1162/1162
f 1141/1141 1162/1162 1161/1161
f 1142/1142 1143/1143 1163/1163
f 1142/1142 1163/1163 1162/1162
f 1143/1143 1144/1144 1164/1164
f 1143/1143 1164/1164 1163/1163
f 1144/1144 1125/1125 1145/1145
f 1144/1144 1145/1145 1164/1164
f 786/786 785/785 1165/1165
f 787/787 786/786 1165/1165
f 788/788 787/787 1165/1165
f 789/789 788/788 1165/1165
f 790/790 789/789 1165/1165
f 791/791 790/790 1165/1165
f 792/792 791/791 1165/1165
f 793/793 792/792 1165/1165
f 794/794 793/793 1165/1165
f 795/795 794/794 1165/1165
f 796/796 795/795 1165/1165
f 797/797 796/796 1165/1165
f 798/798 797/797 1165/1165
f 799/799 798/798 1165/1165
f 800/800 799/799 1165/1165
f 801/801 800/800 1165/1165
f 802/802 801/801 1165/1165
f 803/803 802/802 1165/1165
f 804/804 803/803 1165/1165
f 785/785 804/804 1165/1165
f 1145/1145 1146/1146 1166/1166
f 1146/1146 1147/1147 1166/1166
f 1147/1147 1148/1148 1166/1166
f 1148/1148 1149/1149 1166/1166
f 1149/1149 1150/1150 1166/1166
f 1150/1150 1151/1151 1166/1166
f 1151/1151 1152/1152 1166/1166
f 1152/1152 1153/1153 1166/1166
f 1153/1153 1154/1154 1166/1166
f 1154/1154 1155/1155 1166/1166
f 1155/1155 1156/1156 1166/1166
f 1156/1156 1157/1157 1166/1166
f 1157/1157 1158/1158 1166/1166
f 1158/1158 1159/1159 1166/1166
f 1159/1159 1160/1160 1166/1166
f 1160/1160 1161/1161 1166/1166
f 1161/1161 1162/1162 1166/1166
f 1162/1162 1163/1163 1166/1166
f 1163/1163 1164/1164 1166/1166
f 1164/1164 1145/1145 1166/1166
