v -0.08036 -0.09058 -0.04056
v -0.07699 -0.10012 -0.02708
v -0.07758 -0.08843 -0.04058
v -0.07587 -0.09174 -0.03947
v -0.08018 -0.09354 -0.03958
v -0.08447 -0.09350 -0.03896
v -0.08318 -0.08971 -0.04011
v -0.08039 -0.08617 -0.04017
v -0.07797 -0.09970 -0.03063
v -0.07293 -0.09794 -0.02741
v -0.07393 -0.09792 -0.02361
v -0.07612 -0.09714 -0.02067
v -0.08110 -0.10059 -0.02553
v -0.08283 -0.10024 -0.02928
v -0.08385 -0.09895 -0.03299
v -0.07898 -0.09859 -0.03406
v -0.08444 -0.09676 -0.03635
v -0.07969 -0.09657 -0.03719
v -0.07477 -0.09454 -0.03720
v -0.07393 -0.09646 -0.03417
v -0.06976 -0.09079 -0.03655
v -0.06875 -0.09282 -0.03310
v -0.06886 -0.09461 -0.02602
v -0.05988 -0.08427 -0.02980
v -0.06106 -0.08602 -0.02197
v -0.06318 -0.08568 -0.01803
v -0.07044 -0.09463 -0.02190
v -0.06602 -0.08454 -0.01516
v -0.07298 -0.09375 -0.01876
v -0.05895 -0.07860 -0.01591
v -0.06147 -0.07756 -0.01324
v -0.05615 -0.07441 -0.01457
v -0.05878 -0.07299 -0.01182
v -0.04996 -0.06699 -0.01196
v -0.05267 -0.06475 -0.00906
v -0.04759 -0.06806 -0.01554
v -0.04581 -0.06616 -0.02333
v -0.04668 -0.06374 -0.02720
v -0.04851 -0.06112 -0.02973
v -0.05302 -0.07049 -0.02916
v -0.05559 -0.06720 -0.03172
v -0.05913 -0.07154 -0.03326
v -0.06252 -0.06856 -0.03453
v -0.05849 -0.06359 -0.03265
v -0.05194 -0.05689 -0.03137
v -0.05655 -0.07465 -0.03042
v -0.06103 -0.08193 -0.03386
v -0.06335 -0.07891 -0.03674
v -0.05202 -0.07315 -0.02532
v -0.05545 -0.07716 -0.02656
v -0.05390 -0.07493 -0.01811
v -0.05688 -0.07885 -0.01936
v -0.07149 -0.08799 -0.03902
v -0.07391 -0.08477 -0.04015
v -0.06661 -0.07581 -0.03800
v -0.07683 -0.08223 -0.03976
v -0.07012 -0.07321 -0.03748
v -0.06597 -0.06631 -0.03423
v -0.06272 -0.06203 -0.03245
v -0.05603 -0.05358 -0.03030
v -0.05826 -0.05170 -0.02818
v -0.06251 -0.05882 -0.01236
v -0.08599 -0.09820 -0.02350
v -0.08952 -0.09121 -0.03550
v -0.05919 -0.05358 -0.01058
v -0.06408 -0.05659 -0.01675
v -0.06823 -0.06251 -0.01884
v -0.06671 -0.06482 -0.01452
v -0.06459 -0.06751 -0.01180
v -0.06052 -0.06179 -0.00973
v -0.06072 -0.05116 -0.01510
v -0.08123 -0.09277 -0.02052
v -0.08297 -0.09012 -0.02327
v -0.08803 -0.09718 -0.02582
v -0.08776 -0.08828 -0.03567
v -0.08602 -0.08865 -0.03832
v -0.08788 -0.09232 -0.03734
v -0.09018 -0.09303 -0.03281
v -0.08824 -0.08939 -0.03221
v -0.08819 -0.09541 -0.03462
v -0.08762 -0.09769 -0.03116
v -0.08959 -0.09525 -0.02920
v -0.08758 -0.09154 -0.02816
v -0.08632 -0.09924 -0.02756
v -0.08421 -0.09969 -0.02404
v -0.07887 -0.09527 -0.01958
v -0.07601 -0.09174 -0.01786
v -0.07267 -0.08702 -0.01593
v -0.06924 -0.08893 -0.01656
v -0.06942 -0.08244 -0.01441
v -0.06471 -0.07530 -0.01224
v -0.06186 -0.07041 -0.01075
v -0.05515 -0.06099 -0.00742
v -0.06771 -0.07261 -0.01351
v -0.06994 -0.06989 -0.01638
v -0.07425 -0.07721 -0.01912
v -0.07229 -0.07997 -0.01602
v -0.07714 -0.08186 -0.02068
v -0.07536 -0.08458 -0.01756
v -0.08011 -0.08633 -0.02209
v -0.07844 -0.08908 -0.01914
v -0.07861 -0.07887 -0.02495
v -0.08148 -0.08349 -0.02634
v -0.08430 -0.08755 -0.02735
v -0.08205 -0.08137 -0.03087
v -0.08500 -0.08550 -0.03174
v -0.08137 -0.08056 -0.03457
v -0.08461 -0.08460 -0.03534
v -0.07956 -0.08080 -0.03771
v -0.08303 -0.08484 -0.03824
v -0.07613 -0.07619 -0.03658
v -0.07310 -0.07757 -0.03882
v -0.07316 -0.07168 -0.03509
v -0.06880 -0.06516 -0.03229
v -0.06569 -0.06102 -0.03062
v -0.06173 -0.05626 -0.02911
v -0.05920 -0.05759 -0.03106
v -0.06353 -0.05552 -0.02605
v -0.06009 -0.05038 -0.02484
v -0.06447 -0.05545 -0.02176
v -0.06108 -0.05001 -0.02026
v -0.06764 -0.06076 -0.02768
v -0.06863 -0.06109 -0.02370
v -0.07067 -0.06501 -0.02928
v -0.07169 -0.06560 -0.02543
v -0.07144 -0.06731 -0.02068
v -0.07601 -0.07211 -0.02787
v -0.07571 -0.07425 -0.02333
v -0.07905 -0.07670 -0.02950
v -0.07511 -0.07138 -0.03170
v -0.07818 -0.07594 -0.03327
v -0.05404 -0.05906 -0.03158
v -0.05176 -0.06379 -0.03050
v -0.04959 -0.06674 -0.02811
v -0.04859 -0.06931 -0.02435
v -0.05039 -0.07110 -0.01688
v -0.05272 -0.07019 -0.01321
v -0.05544 -0.06836 -0.01035
v -0.06979 -0.08004 -0.03928
v -0.06681 -0.08315 -0.03813
v -0.06466 -0.08611 -0.03539
v -0.06353 -0.08831 -0.03143
v -0.06433 -0.09011 -0.02373
v -0.06631 -0.08994 -0.01958
v -0.07334 -0.07055 -0.02191
v -0.07354 -0.06856 -0.02652
v -0.07261 -0.06787 -0.03036
v -0.07085 -0.06815 -0.03360
v -0.06808 -0.06960 -0.03584
v -0.06472 -0.07212 -0.03628
v -0.06138 -0.07519 -0.03495
v -0.05892 -0.07825 -0.03203
v -0.05778 -0.08072 -0.02808
v -0.05905 -0.08250 -0.02054
v -0.06103 -0.08227 -0.01693
v -0.06353 -0.08127 -0.01423
v -0.06677 -0.07902 -0.01325
v -0.06975 -0.07629 -0.01465
v -0.07190 -0.07342 -0.01766
v -0.05728 -0.05696 -0.00789
v -0.05820 -0.06528 -0.00901
v -0.08411 -0.09616 -0.02200
v -0.07655 -0.09970 -0.02433
v -0.07888 -0.09946 -0.02260
v -0.08165 -0.09807 -0.02148
v -0.08614 -0.09391 -0.02449
v -0.04622 -0.06772 -0.01930
v -0.04897 -0.07077 -0.02054
v -0.05248 -0.07454 -0.02163
v -0.05568 -0.07847 -0.02290
v -0.05791 -0.08208 -0.02427
v -0.05993 -0.08558 -0.02589
v -0.06343 -0.08957 -0.02762
v -0.06839 -0.09403 -0.02968
v -0.07315 -0.09750 -0.03096
v -0.05390 -0.05536 -0.03127
v -0.05642 -0.05885 -0.03175
v -0.05349 -0.06125 -0.03142
v -0.05022 -0.05886 -0.03089
v -0.04803 -0.06533 -0.01062
v -0.05038 -0.06253 -0.00761
v -0.05242 -0.05780 -0.00570
v -0.05449 -0.05299 -0.00608
v -0.05636 -0.04910 -0.00877
v -0.05787 -0.04624 -0.01331
v -0.05835 -0.04484 -0.01882
v -0.05730 -0.04528 -0.02408
v -0.05523 -0.04712 -0.02802
v -0.05293 -0.04957 -0.03040
v -0.05076 -0.05188 -0.03150
v -0.04860 -0.05409 -0.03165
v -0.04655 -0.05648 -0.03103
v -0.04476 -0.05898 -0.02956
v -0.04331 -0.06170 -0.02667
v -0.04298 -0.06433 -0.02232
v -0.04391 -0.06611 -0.01796
v -0.04558 -0.06654 -0.01415
v -0.01938 -0.16751 -0.03620
v -0.03194 -0.17007 -0.03291
v -0.02018 -0.16614 -0.03785
v -0.01904 -0.16022 -0.03560
v -0.01765 -0.16167 -0.03308
v -0.03372 -0.16394 -0.02969
v -0.03248 -0.16787 -0.03732
v -0.03525 -0.16058 -0.03516
v -0.03421 -0.15968 -0.02710
v -0.03561 -0.15590 -0.03324
v -0.03561 -0.15096 -0.03042
v -0.03563 -0.14424 -0.02581
v -0.03584 -0.13455 -0.02143
v -0.03568 -0.12807 -0.01813
v -0.01504 -0.12982 -0.01588
v -0.01679 -0.12849 -0.01892
v -0.01553 -0.13652 -0.01905
v -0.01711 -0.13499 -0.02198
v -0.01635 -0.14630 -0.02379
v -0.01779 -0.14470 -0.02637
v -0.01674 -0.15272 -0.02777
v -0.01814 -0.15124 -0.03035
v -0.01717 -0.15762 -0.03076
v -0.01852 -0.15619 -0.03326
v -0.01899 -0.15509 -0.02362
v -0.01948 -0.15975 -0.02679
v -0.01987 -0.16408 -0.02923
v -0.02051 -0.17013 -0.03238
v -0.02563 -0.16968 -0.03807
v -0.02296 -0.17141 -0.03236
v -0.02645 -0.17185 -0.03243
v -0.02928 -0.16936 -0.03803
v -0.02975 -0.17138 -0.03255
v -0.03070 -0.16527 -0.02787
v -0.02655 -0.16557 -0.02744
v -0.02647 -0.16125 -0.02453
v -0.03104 -0.16101 -0.02501
v -0.02276 -0.16507 -0.02801
v -0.02236 -0.16068 -0.02531
v -0.02193 -0.15608 -0.02200
v -0.02634 -0.15667 -0.02110
v -0.02149 -0.15020 -0.01743
v -0.01847 -0.14916 -0.01930
v -0.01742 -0.13911 -0.01391
v -0.01667 -0.13228 -0.01027
v -0.02442 -0.13336 -0.00687
v -0.01968 -0.13315 -0.00797
v -0.02514 -0.14021 -0.01076
v -0.02041 -0.13999 -0.01182
v -0.02612 -0.15058 -0.01632
v -0.03061 -0.13953 -0.01145
v -0.03128 -0.14996 -0.01679
v -0.03125 -0.15638 -0.02165
v -0.03466 -0.14834 -0.01914
v -0.03450 -0.15497 -0.02391
v -0.03432 -0.13809 -0.01416
v -0.03389 -0.13136 -0.01049
v -0.03001 -0.13271 -0.00762
v -0.02926 -0.16689 -0.03976
v -0.02237 -0.16676 -0.03903
v -0.03047 -0.15846 -0.03884
v -0.02640 -0.15849 -0.03894
v -0.02573 -0.16697 -0.03983
v -0.02229 -0.15922 -0.03774
v -0.02190 -0.15491 -0.03539
v -0.02126 -0.14346 -0.02835
v -0.02076 -0.13380 -0.02430
v -0.02048 -0.12753 -0.02123
v -0.03036 -0.12665 -0.02212
v -0.03046 -0.13290 -0.02526
v -0.03038 -0.14234 -0.02938
v -0.03072 -0.15367 -0.03679
v -0.02586 -0.14257 -0.02946
v -0.02638 -0.15385 -0.03672
v -0.02564 -0.13306 -0.02544
v -0.02544 -0.12686 -0.02235
v -0.02158 -0.14994 -0.03249
v -0.02614 -0.14897 -0.03383
v -0.03057 -0.14881 -0.03395
v -0.03184 -0.16647 -0.03890
v -0.03387 -0.12701 -0.02073
v -0.03396 -0.13337 -0.02394
v -0.03371 -0.14289 -0.02815
v -0.03383 -0.14952 -0.03281
v -0.03394 -0.15443 -0.03559
v -0.03367 -0.15920 -0.03747
v -0.02201 -0.16910 -0.03730
v -0.03571 -0.14132 -0.02440
v -0.03456 -0.14522 -0.01762
v -0.03109 -0.14681 -0.01517
v -0.02584 -0.14750 -0.01463
v -0.02118 -0.14720 -0.01571
v -0.01818 -0.14623 -0.01763
v -0.01613 -0.14344 -0.02231
v -0.01760 -0.14184 -0.02500
v -0.02114 -0.14060 -0.02708
v -0.02582 -0.13975 -0.02818
v -0.03043 -0.13953 -0.02804
v -0.03381 -0.14004 -0.02678
v -0.03564 -0.14650 -0.02747
v -0.03469 -0.15071 -0.02079
v -0.03136 -0.15228 -0.01846
v -0.02624 -0.15275 -0.01797
v -0.02166 -0.15224 -0.01903
v -0.01864 -0.15119 -0.02080
v -0.01647 -0.14845 -0.02514
v -0.01790 -0.14687 -0.02773
v -0.02138 -0.14557 -0.02977
v -0.02595 -0.14464 -0.03098
v -0.03044 -0.14446 -0.03101
v -0.03375 -0.14509 -0.02984
v -0.01514 -0.13113 -0.01297
v -0.01581 -0.13793 -0.01635
v -0.01651 -0.14495 -0.01983
v -0.01676 -0.14783 -0.02141
v -0.01691 -0.14992 -0.02282
v -0.01724 -0.15399 -0.02552
v -0.01771 -0.15878 -0.02859
v -0.01811 -0.16296 -0.03093
v -0.01955 -0.16915 -0.03397
v -0.02236 -0.17084 -0.03479
v -0.03247 -0.16935 -0.03482
v -0.02953 -0.17105 -0.03524
v -0.02606 -0.17147 -0.03529
v -0.03574 -0.12965 -0.01449
v -0.03600 -0.13625 -0.01795
v -0.03602 -0.14318 -0.02113
v -0.03602 -0.14620 -0.02256
v -0.03603 -0.14854 -0.02418
v -0.03588 -0.15294 -0.02718
v -0.03570 -0.15778 -0.03018
v -0.03522 -0.16224 -0.03240
v -0.02301 -0.16911 -0.03028
v -0.02651 -0.16949 -0.02999
v -0.03015 -0.16912 -0.03033
v -0.03283 -0.16784 -0.03169
v -0.03417 -0.16638 -0.03396
v -0.03424 -0.16489 -0.03647
v -0.03284 -0.16370 -0.03860
v -0.02981 -0.16319 -0.03997
v -0.02612 -0.16311 -0.04016
v -0.02255 -0.16336 -0.03920
v -0.01970 -0.16378 -0.03731
v -0.01831 -0.16512 -0.03493
v -0.01857 -0.16663 -0.03274
v -0.02015 -0.16803 -0.03111
v -0.03378 -0.12771 -0.00863
v -0.03569 -0.12609 -0.01272
v -0.02979 -0.12904 -0.00573
v -0.02408 -0.12969 -0.00502
v -0.01928 -0.12948 -0.00622
v -0.01627 -0.12869 -0.00868
v -0.01481 -0.12766 -0.01152
v -0.01484 -0.12649 -0.01456
v -0.01668 -0.12533 -0.01765
v -0.02041 -0.12450 -0.01990
v -0.02543 -0.12393 -0.02101
v -0.03041 -0.12367 -0.02073
v -0.03390 -0.12386 -0.01922
v -0.03567 -0.12469 -0.01649
v -0.02958 -0.10230 0.00100
v -0.02342 -0.10309 0.00179
v -0.01780 -0.10343 0.00008
v -0.01409 -0.10379 -0.00292
v -0.01132 -0.10413 -0.01064
v -0.01280 -0.10221 -0.01499
v -0.01919 -0.10083 -0.01827
v -0.02568 -0.10006 -0.01909
v -0.03374 -0.12400 -0.00759
v -0.03564 -0.12138 -0.01577
v -0.03588 -0.11529 -0.01506
v -0.02953 -0.11209 -0.00111
v -0.02352 -0.11298 -0.00039
v -0.01831 -0.11325 -0.00204
v -0.01523 -0.11301 -0.00495
v -0.01358 -0.11195 -0.01190
v -0.01525 -0.11090 -0.01552
v -0.01430 -0.11756 -0.01293
v -0.01609 -0.11665 -0.01635
v -0.01475 -0.12334 -0.01391
v -0.01661 -0.12230 -0.01712
v -0.01608 -0.12521 -0.00783
v -0.01570 -0.11900 -0.00642
v -0.01868 -0.11947 -0.00371
v -0.01902 -0.12587 -0.00530
v -0.02373 -0.11941 -0.00215
v -0.02391 -0.12601 -0.00393
v -0.02972 -0.12531 -0.00459
v -0.03384 -0.11733 -0.00616
v -0.02970 -0.11858 -0.00284
v -0.02036 -0.12155 -0.01941
v -0.01999 -0.11592 -0.01886
v -0.01939 -0.10989 -0.01835
v -0.02512 -0.10931 -0.01962
v -0.03068 -0.11514 -0.01975
v -0.03052 -0.12082 -0.02021
v -0.02548 -0.12108 -0.02053
v -0.02539 -0.11545 -0.02008
v -0.01197 -0.10443 -0.00681
v -0.03659 -0.10017 -0.01248
v -0.03624 -0.10924 -0.01406
v -0.03507 -0.09985 -0.01588
v -0.03456 -0.10897 -0.01730
v -0.03422 -0.11500 -0.01811
v -0.03395 -0.12082 -0.01862
v -0.03134 -0.09978 -0.01810
v -0.03075 -0.10904 -0.01912
v -0.03384 -0.11096 -0.00461
v -0.03388 -0.10139 -0.00271
v -0.01375 -0.11261 -0.00835
v -0.01431 -0.11834 -0.00957
v -0.01470 -0.12434 -0.01074
v -0.03617 -0.10070 -0.00791
v -0.03600 -0.10993 -0.00957
v -0.03579 -0.11611 -0.01081
v -0.03563 -0.12252 -0.01185
v -0.01897 -0.10451 -0.01796
v -0.01417 -0.10590 -0.01487
v -0.01258 -0.10713 -0.01112
v -0.01309 -0.10762 -0.00753
v -0.01483 -0.10777 -0.00400
v -0.01809 -0.10788 -0.00104
v -0.02343 -0.10752 0.00077
v -0.02945 -0.10656 0.00006
v -0.03382 -0.10548 -0.00349
v -0.03608 -0.10458 -0.00851
v -0.03645 -0.10393 -0.01307
v -0.03480 -0.10356 -0.01642
v -0.03087 -0.10353 -0.01845
v -0.02509 -0.10379 -0.01917
v 0.00587 -0.17338 -0.04078
v 0.01634 -0.17102 -0.04121
v 0.00514 -0.17503 -0.03952
v 0.00333 -0.17297 -0.03855
v 0.00481 -0.17140 -0.04028
v 0.00733 -0.17007 -0.04128
v 0.00796 -0.17320 -0.04144
v 0.00793 -0.17617 -0.04006
v 0.01739 -0.17264 -0.04023
v 0.01477 -0.17486 -0.04048
v 0.01403 -0.17188 -0.04173
v 0.01382 -0.16876 -0.04146
v 0.01672 -0.16880 -0.04071
v 0.01853 -0.16996 -0.03944
v 0.01492 -0.15470 -0.03324
v 0.01756 -0.15565 -0.03125
v 0.00122 -0.15717 -0.03292
v -0.00076 -0.15872 -0.03091
v 0.00435 -0.15597 -0.03407
v 0.01129 -0.15469 -0.03421
v 0.01929 -0.17365 -0.03529
v 0.00330 -0.17466 -0.03631
v 0.01820 -0.17606 -0.03471
v 0.01799 -0.17502 -0.03796
v 0.01926 -0.17211 -0.03746
v 0.00496 -0.17670 -0.03713
v 0.00467 -0.17680 -0.03480
v 0.00804 -0.17844 -0.03738
v 0.00795 -0.17871 -0.03409
v 0.00393 -0.16355 -0.02240
v 0.00873 -0.16372 -0.02105
v 0.01302 -0.16302 -0.02120
v 0.01597 -0.16173 -0.02257
v 0.00040 -0.16237 -0.02498
v -0.00096 -0.16061 -0.02797
v 0.00098 -0.16668 -0.03512
v 0.01833 -0.15770 -0.02817
v 0.01536 -0.17741 -0.03783
v 0.01185 -0.17876 -0.03755
v 0.01131 -0.17620 -0.04028
v 0.01204 -0.17923 -0.03387
v 0.01559 -0.17813 -0.03409
v 0.01774 -0.15991 -0.02500
v 0.01079 -0.17273 -0.04178
v 0.01041 -0.16922 -0.04171
v 0.00776 -0.15514 -0.03450
v 0.01868 -0.16323 -0.03586
v 0.01636 -0.16227 -0.03758
v 0.01295 -0.16211 -0.03847
v 0.00927 -0.16250 -0.03870
v 0.00574 -0.16347 -0.03828
v 0.00272 -0.16496 -0.03713
v 0.01882 -0.16694 -0.03797
v 0.01674 -0.16599 -0.03949
v 0.01358 -0.16580 -0.04034
v 0.00995 -0.16615 -0.04062
v 0.00653 -0.16713 -0.04017
v 0.00371 -0.16867 -0.03904
v 0.00210 -0.17036 -0.03709
v 0.01952 -0.16870 -0.03581
v 0.01917 -0.17079 -0.03343
v 0.01770 -0.17270 -0.03160
v 0.01490 -0.17437 -0.03046
v 0.01110 -0.17533 -0.03016
v 0.00692 -0.17495 -0.03084
v 0.00363 -0.17358 -0.03238
v 0.00216 -0.17193 -0.03457
v 0.00105 -0.16831 -0.03243
v 0.00251 -0.16971 -0.02996
v 0.00583 -0.17082 -0.02803
v 0.01010 -0.17114 -0.02712
v 0.01412 -0.17029 -0.02744
v 0.01705 -0.16877 -0.02872
v 0.01874 -0.16699 -0.03083
v 0.01934 -0.16500 -0.03341
v 0.01206 -0.15823 -0.03630
v 0.00847 -0.15867 -0.03653
v 0.00500 -0.15958 -0.03610
v 0.00191 -0.16091 -0.03495
v 0.00004 -0.16256 -0.03295
v -0.00000 -0.16437 -0.03015
v 0.00143 -0.16596 -0.02743
v 0.00485 -0.16712 -0.02518
v 0.00936 -0.16737 -0.02406
v 0.01358 -0.16660 -0.02430
v 0.01654 -0.16520 -0.02561
v 0.01827 -0.16337 -0.02787
v 0.01887 -0.16124 -0.03075
v 0.01814 -0.15929 -0.03353
v 0.01562 -0.15831 -0.03539
v 0.01462 -0.15218 -0.03150
v 0.01727 -0.15309 -0.02937
v 0.01093 -0.15215 -0.03260
v 0.00735 -0.15254 -0.03301
v 0.00390 -0.15329 -0.03262
v 0.00073 -0.15437 -0.03146
v -0.00134 -0.15580 -0.02940
v -0.00167 -0.15762 -0.02633
v -0.00035 -0.15938 -0.02316
v 0.00331 -0.16064 -0.02033
v 0.00827 -0.16091 -0.01876
v 0.01246 -0.16027 -0.01882
v 0.01541 -0.15898 -0.02028
v 0.01730 -0.15717 -0.02283
v 0.01799 -0.15506 -0.02612
v 0.01262 -0.11978 -0.01464
v 0.01502 -0.12062 -0.01148
v 0.01202 -0.11207 -0.01389
v 0.01459 -0.11308 -0.01035
v 0.01163 -0.10598 -0.01306
v 0.01435 -0.10766 -0.00917
v 0.00791 -0.11146 -0.01629
v 0.00718 -0.10460 -0.01592
v -0.00068 -0.11194 -0.01668
v -0.00236 -0.10540 -0.01581
v -0.00431 -0.11289 -0.01460
v -0.00571 -0.10681 -0.01350
v -0.00651 -0.11407 -0.01143
v -0.00755 -0.10803 -0.01027
v -0.00280 -0.12063 -0.01594
v -0.00516 -0.12176 -0.01310
v 0.00091 -0.11992 -0.01753
v 0.00884 -0.11947 -0.01680
v 0.01273 -0.10093 0.00383
v -0.00611 -0.10322 0.00313
v 0.01477 -0.10313 -0.00054
v 0.00651 -0.10166 0.00612
v 0.00062 -0.10877 0.00406
v 0.01154 -0.10759 0.00176
v 0.01403 -0.10774 -0.00143
v -0.00461 -0.10918 0.00172
v -0.00036 -0.10251 0.00605
v -0.00909 -0.10438 -0.00151
v -0.00752 -0.10936 -0.00215
v -0.00832 -0.10465 -0.01002
v 0.01403 -0.10297 -0.00862
v 0.00680 -0.09985 -0.01641
v 0.00132 -0.09990 -0.01725
v 0.00228 -0.10440 -0.01687
v 0.00753 -0.15782 -0.01666
v 0.01162 -0.15736 -0.01664
v 0.01081 -0.15241 -0.01300
v 0.01467 -0.15608 -0.01808
v 0.01391 -0.15111 -0.01443
v 0.01346 -0.14511 -0.01013
v 0.01027 -0.14642 -0.00867
v 0.01674 -0.15423 -0.02058
v 0.01604 -0.14919 -0.01687
v 0.01552 -0.14316 -0.01259
v 0.01700 -0.14697 -0.01998
v 0.01640 -0.14086 -0.01574
v 0.01601 -0.13871 -0.01906
v 0.01530 -0.12190 -0.00767
v 0.01493 -0.11407 -0.00635
v 0.01385 -0.11477 -0.00266
v 0.01421 -0.12303 -0.00407
v 0.01495 -0.10833 -0.00494
v 0.01140 -0.11542 0.00033
v 0.00688 -0.10814 0.00392
v 0.00730 -0.11600 0.00221
v 0.00808 -0.12464 0.00055
v 0.01186 -0.12396 -0.00117
v 0.00676 -0.15278 -0.01299
v 0.00136 -0.14604 -0.01040
v 0.00209 -0.15205 -0.01463
v 0.00269 -0.15727 -0.01832
v -0.00137 -0.15045 -0.01753
v -0.00091 -0.15581 -0.02122
v -0.00214 -0.15400 -0.02441
v -0.00170 -0.15222 -0.02750
v -0.00255 -0.14859 -0.02073
v -0.00214 -0.14677 -0.02378
v -0.00310 -0.14228 -0.01681
v -0.00275 -0.14026 -0.01996
v -0.00569 -0.12301 -0.00936
v -0.00688 -0.11525 -0.00755
v -0.00808 -0.10894 -0.00634
v -0.00603 -0.11604 -0.00359
v -0.00326 -0.11633 -0.00014
v -0.00197 -0.12459 -0.00201
v -0.00196 -0.14433 -0.01347
v -0.00483 -0.12391 -0.00552
v 0.01662 -0.14491 -0.02318
v 0.01760 -0.15212 -0.02382
v 0.01704 -0.15014 -0.02707
v -0.00693 -0.10341 -0.01330
v -0.00907 -0.10505 -0.00598
v -0.00383 -0.10141 -0.01579
v 0.00492 -0.11956 -0.01786
v 0.00358 -0.11141 -0.01733
v 0.01487 -0.10370 -0.00455
v -0.00057 -0.13874 -0.02220
v 0.00278 -0.13768 -0.02350
v 0.00638 -0.13705 -0.02379
v 0.01001 -0.13699 -0.02307
v 0.01361 -0.13746 -0.02152
v 0.00003 -0.14532 -0.02594
v 0.00331 -0.14422 -0.02721
v 0.00688 -0.14356 -0.02755
v 0.01050 -0.14343 -0.02692
v 0.01416 -0.14377 -0.02551
v 0.00045 -0.15085 -0.02958
v 0.00366 -0.14986 -0.03075
v 0.00716 -0.14922 -0.03109
v 0.01076 -0.14898 -0.03056
v 0.01445 -0.14915 -0.02930
v 0.00600 -0.14680 -0.00866
v 0.00279 -0.12490 0.00032
v 0.00160 -0.11633 0.00213
v 0.01154 -0.10089 -0.01293
v 0.01285 -0.13602 -0.00405
v 0.00930 -0.13716 -0.00242
v 0.00444 -0.13752 -0.00249
v -0.00043 -0.13687 -0.00457
v -0.00370 -0.13540 -0.00811
v -0.00466 -0.13365 -0.01195
v -0.00398 -0.13192 -0.01558
v -0.00151 -0.13081 -0.01795
v 0.00205 -0.13014 -0.01914
v 0.00580 -0.12971 -0.01936
v 0.00951 -0.12967 -0.01857
v 0.01313 -0.13001 -0.01689
v 0.01557 -0.13093 -0.01416
v 0.01601 -0.13261 -0.01039
v 0.01509 -0.13442 -0.00682
v 0.00597 -0.13222 -0.02085
v 0.00963 -0.13218 -0.02010
v 0.01322 -0.13258 -0.01848
v 0.01565 -0.13365 -0.01584
v 0.01612 -0.13557 -0.01219
v 0.01528 -0.13766 -0.00875
v 0.01315 -0.13946 -0.00607
v 0.00974 -0.14071 -0.00450
v 0.00508 -0.14109 -0.00454
v 0.00030 -0.14038 -0.00650
v -0.00297 -0.13874 -0.00988
v -0.00400 -0.13673 -0.01356
v -0.00349 -0.13475 -0.01701
v -0.00115 -0.13348 -0.01934
v 0.00231 -0.13271 -0.02059
v 0.00570 -0.12656 -0.01843
v 0.00942 -0.12649 -0.01753
v 0.01304 -0.12675 -0.01574
v 0.01541 -0.12758 -0.01293
v 0.01575 -0.12905 -0.00919
v 0.01472 -0.13056 -0.00563
v 0.01243 -0.13190 -0.00283
v 0.00883 -0.13287 -0.00118
v 0.00385 -0.13316 -0.00133
v -0.00097 -0.13260 -0.00354
v -0.00409 -0.13141 -0.00711
v -0.00498 -0.13004 -0.01098
v -0.00426 -0.12861 -0.01464
v -0.00175 -0.12759 -0.01707
v 0.00189 -0.12695 -0.01825
v 0.05140 -0.15990 -0.04501
v 0.04061 -0.16610 -0.04223
v 0.05088 -0.15831 -0.04705
v 0.05033 -0.15134 -0.04215
v 0.05041 -0.15372 -0.03981
v 0.04975 -0.16072 -0.04726
v 0.03827 -0.16484 -0.04372
v 0.03728 -0.16012 -0.03648
v 0.03434 -0.15865 -0.03908
v 0.03592 -0.15649 -0.03291
v 0.03307 -0.15487 -0.03567
v 0.03180 -0.15259 -0.03851
v 0.03314 -0.15643 -0.04185
v 0.03702 -0.16267 -0.04593
v 0.03899 -0.16371 -0.04691
v 0.04013 -0.16568 -0.04469
v 0.04364 -0.16232 -0.04866
v 0.04533 -0.16465 -0.04585
v 0.04620 -0.16553 -0.04259
v 0.05051 -0.16187 -0.04441
v 0.04901 -0.15605 -0.03789
v 0.04410 -0.15964 -0.03560
v 0.04828 -0.15212 -0.03404
v 0.04312 -0.15605 -0.03148
v 0.04221 -0.15163 -0.02572
v 0.04041 -0.14633 -0.01967
v 0.03081 -0.14160 -0.01839
v 0.03217 -0.14636 -0.02241
v 0.02821 -0.14011 -0.02144
v 0.02959 -0.14469 -0.02523
v 0.02698 -0.13809 -0.02476
v 0.02846 -0.14251 -0.02813
v 0.02691 -0.13554 -0.01769
v 0.02559 -0.13374 -0.02129
v 0.02486 -0.12891 -0.01203
v 0.02377 -0.12800 -0.01567
v 0.02297 -0.12152 -0.00920
v 0.02184 -0.12071 -0.01278
v 0.02097 -0.11438 -0.00677
v 0.01960 -0.11315 -0.01063
v 0.02361 -0.11469 -0.00319
v 0.02757 -0.11432 -0.00059
v 0.03224 -0.11309 0.00054
v 0.03872 -0.10984 -0.00377
v 0.04034 -0.10811 -0.00812
v 0.04026 -0.10677 -0.01283
v 0.03842 -0.10592 -0.01668
v 0.04182 -0.11394 -0.01506
v 0.04015 -0.11351 -0.01841
v 0.04380 -0.12189 -0.01756
v 0.04207 -0.12178 -0.02078
v 0.04514 -0.12789 -0.02140
v 0.04334 -0.12667 -0.02438
v 0.04630 -0.13259 -0.02451
v 0.04738 -0.13722 -0.02788
v 0.04579 -0.13561 -0.03031
v 0.04671 -0.14054 -0.03541
v 0.04938 -0.14739 -0.03842
v 0.04777 -0.14566 -0.04052
v 0.04870 -0.14953 -0.04414
v 0.04903 -0.15651 -0.04871
v 0.04801 -0.15887 -0.04926
v 0.04870 -0.14440 -0.03074
v 0.04960 -0.14967 -0.03612
v 0.04774 -0.13945 -0.02519
v 0.04646 -0.14211 -0.02253
v 0.03935 -0.14144 -0.01536
v 0.04445 -0.13224 -0.01476
v 0.03833 -0.13660 -0.01129
v 0.03649 -0.12933 -0.00561
v 0.02756 -0.12970 -0.00859
v 0.02959 -0.13686 -0.01448
v 0.02549 -0.12172 -0.00585
v 0.03402 -0.12017 -0.00201
v 0.04282 -0.12494 -0.00934
v 0.04038 -0.11702 -0.00612
v 0.04419 -0.12270 -0.01316
v 0.04199 -0.11520 -0.01052
v 0.04568 -0.12976 -0.01806
v 0.04674 -0.13463 -0.02151
v 0.03025 -0.14787 -0.03352
v 0.03158 -0.15012 -0.03062
v 0.03455 -0.15181 -0.02779
v 0.04751 -0.14717 -0.02843
v 0.04833 -0.14212 -0.03319
v 0.03860 -0.16193 -0.04805
v 0.04653 -0.15772 -0.05002
v 0.03739 -0.16050 -0.04763
v 0.04218 -0.15975 -0.04987
v 0.04123 -0.15725 -0.04973
v 0.04666 -0.15581 -0.04962
v 0.04572 -0.14895 -0.04542
v 0.04168 -0.13082 -0.02902
v 0.04462 -0.13113 -0.02725
v 0.03905 -0.12220 -0.02240
v 0.03706 -0.11393 -0.02016
v 0.03496 -0.10604 -0.01879
v 0.02680 -0.10824 -0.01858
v 0.02036 -0.11113 -0.01443
v 0.02287 -0.11918 -0.01616
v 0.02506 -0.12695 -0.01887
v 0.03131 -0.14576 -0.03550
v 0.03415 -0.15408 -0.04380
v 0.03914 -0.15045 -0.04576
v 0.03424 -0.13252 -0.02971
v 0.03096 -0.12251 -0.02235
v 0.02930 -0.11615 -0.02005
v 0.02669 -0.13183 -0.02395
v 0.03288 -0.12842 -0.02684
v 0.04035 -0.12652 -0.02624
v 0.02810 -0.13605 -0.02718
v 0.02960 -0.14038 -0.03024
v 0.03558 -0.13687 -0.03245
v 0.04289 -0.13524 -0.03186
v 0.03692 -0.14221 -0.03739
v 0.04381 -0.14025 -0.03686
v 0.03285 -0.15036 -0.04043
v 0.03812 -0.14680 -0.04228
v 0.04481 -0.14516 -0.04192
v 0.05123 -0.15775 -0.04305
v 0.05099 -0.15522 -0.04530
v 0.04924 -0.15332 -0.04706
v 0.04643 -0.15270 -0.04814
v 0.04026 -0.15416 -0.04843
v 0.03576 -0.15775 -0.04634
v 0.03495 -0.16010 -0.04438
v 0.03624 -0.16231 -0.04179
v 0.03929 -0.16380 -0.03962
v 0.04244 -0.16414 -0.03902
v 0.04552 -0.16338 -0.03938
v 0.04998 -0.15993 -0.04141
v 0.03470 -0.14210 -0.01626
v 0.04548 -0.13718 -0.01854
v 0.04169 -0.12137 -0.00782
v 0.03565 -0.12641 -0.00406
v 0.02645 -0.12583 -0.00726
v 0.02395 -0.12563 -0.01079
v 0.02293 -0.12491 -0.01460
v 0.02412 -0.12365 -0.01782
v 0.03013 -0.11946 -0.02079
v 0.03820 -0.11875 -0.02155
v 0.04123 -0.11823 -0.01994
v 0.04296 -0.11852 -0.01674
v 0.04330 -0.11965 -0.01230
v 0.04265 -0.12433 -0.02156
v 0.04438 -0.12471 -0.01833
v 0.04482 -0.12574 -0.01429
v 0.04353 -0.12793 -0.01139
v 0.03728 -0.13219 -0.00765
v 0.02852 -0.13272 -0.01084
v 0.02574 -0.13157 -0.01332
v 0.02466 -0.13080 -0.01715
v 0.02602 -0.12994 -0.02007
v 0.03180 -0.12514 -0.02411
v 0.03972 -0.12474 -0.02336
v 0.03083 -0.14827 -0.02896
v 0.03365 -0.15015 -0.02637
v 0.03744 -0.15085 -0.02467
v 0.04158 -0.15023 -0.02413
v 0.04720 -0.14576 -0.02671
v 0.04841 -0.14287 -0.02897
v 0.04801 -0.14042 -0.03129
v 0.04638 -0.13865 -0.03338
v 0.04347 -0.13826 -0.03472
v 0.03641 -0.14006 -0.03523
v 0.03068 -0.14368 -0.03338
v 0.02959 -0.14589 -0.03154
v 0.04701 -0.14232 -0.03725
v 0.04862 -0.14390 -0.03503
v 0.04896 -0.14613 -0.03260
v 0.04775 -0.14878 -0.03034
v 0.04261 -0.15315 -0.02762
v 0.03511 -0.15342 -0.02942
v 0.03214 -0.15177 -0.03231
v 0.03080 -0.14956 -0.03531
v 0.03186 -0.14745 -0.03730
v 0.03734 -0.14391 -0.03918
v 0.04410 -0.14200 -0.03871
v 0.03085 -0.10689 -0.01936
v 0.03320 -0.11484 -0.02077
v 0.03443 -0.11969 -0.02214
v 0.03480 -0.12134 -0.02275
v 0.03555 -0.12385 -0.02443
v 0.03665 -0.12719 -0.02705
v 0.03800 -0.13136 -0.02984
v 0.03926 -0.13575 -0.03257
v 0.03993 -0.13884 -0.03532
v 0.04033 -0.14092 -0.03749
v 0.04068 -0.14264 -0.03932
v 0.04139 -0.14563 -0.04247
v 0.04233 -0.14936 -0.04594
v 0.04324 -0.15309 -0.04861
v 0.04395 -0.15619 -0.04998
v 0.04468 -0.15854 -0.05022
v 0.04613 -0.16073 -0.04920
v 0.04786 -0.16287 -0.04667
v 0.04867 -0.16387 -0.04349
v 0.04800 -0.16185 -0.04022
v 0.04684 -0.15810 -0.03648
v 0.04605 -0.15439 -0.03240
v 0.04556 -0.15134 -0.02857
v 0.04526 -0.14980 -0.02662
v 0.04482 -0.14842 -0.02492
v 0.04391 -0.14461 -0.02049
v 0.04294 -0.13967 -0.01626
v 0.04195 -0.13476 -0.01229
v 0.04093 -0.13036 -0.00876
v 0.04010 -0.12722 -0.00654
v 0.03885 -0.12304 -0.00473
v 0.03768 -0.11871 -0.00310
v 0.03596 -0.11153 -0.00068
v 0.02935 -0.12128 -0.00319
v 0.03087 -0.12725 -0.00503
v 0.03165 -0.12994 -0.00628
v 0.03255 -0.13299 -0.00850
v 0.03358 -0.13730 -0.01222
v 0.03598 -0.14696 -0.02045
v 0.03828 -0.15233 -0.02609
v 0.03876 -0.15388 -0.02784
v 0.03941 -0.15685 -0.03155
v 0.04066 -0.16042 -0.03545
v 0.04328 -0.16630 -0.04205
v 0.04252 -0.16560 -0.04517
v 0.04111 -0.16342 -0.04778
v 0.03996 -0.16108 -0.04896
v 0.03895 -0.15876 -0.04887
v 0.03772 -0.15573 -0.04767
v 0.03636 -0.15202 -0.04506
v 0.03519 -0.14838 -0.04163
v 0.03430 -0.14552 -0.03854
v 0.03380 -0.14384 -0.03676
v 0.03321 -0.14169 -0.03461
v 0.03222 -0.13844 -0.03169
v 0.03079 -0.13412 -0.02883
v 0.02940 -0.12999 -0.02581
v 0.02831 -0.12665 -0.02291
v 0.02743 -0.12400 -0.02107
v 0.02694 -0.12224 -0.02028
v 0.02563 -0.11754 -0.01871
v 0.02302 -0.10950 -0.01715
v 0.01793 -0.10483 -0.00436
v 0.01677 -0.10376 -0.00871
v 0.02020 -0.10378 0.00035
v 0.02528 -0.10470 0.00269
v 0.03023 -0.10391 0.00369
v 0.03433 -0.10256 0.00226
v 0.03745 -0.10107 -0.00117
v 0.03897 -0.09946 -0.00545
v 0.03872 -0.09814 -0.01033
v 0.03643 -0.09695 -0.01482
v 0.03232 -0.09649 -0.01766
v 0.02766 -0.09705 -0.01862
v 0.02334 -0.09841 -0.01795
v 0.01957 -0.09989 -0.01621
v 0.01713 -0.10145 -0.01317
v 0.07531 -0.11774 -0.04851
v 0.07361 -0.11438 -0.04521
v 0.07357 -0.11617 -0.05043
v 0.07156 -0.11274 -0.04726
v 0.07497 -0.11951 -0.05236
v 0.07585 -0.11997 -0.04713
v 0.07519 -0.12205 -0.05277
v 0.07327 -0.12477 -0.04617
v 0.07245 -0.12606 -0.05246
v 0.06847 -0.12754 -0.04602
v 0.06848 -0.12840 -0.05155
v 0.06588 -0.12779 -0.04652
v 0.06623 -0.12831 -0.05044
v 0.06373 -0.12669 -0.04789
v 0.06154 -0.12431 -0.04413
v 0.05944 -0.12140 -0.03962
v 0.05834 -0.11889 -0.04182
v 0.05740 -0.11844 -0.03481
v 0.05655 -0.11599 -0.03700
v 0.05441 -0.11428 -0.03035
v 0.05370 -0.11182 -0.03273
v 0.05171 -0.11086 -0.02606
v 0.04557 -0.10088 -0.01757
v 0.04725 -0.10143 -0.01434
v 0.04990 -0.10054 -0.01209
v 0.05578 -0.09601 -0.01162
v 0.05934 -0.09026 -0.01693
v 0.05879 -0.08861 -0.02057
v 0.05692 -0.08821 -0.02388
v 0.06309 -0.09840 -0.03048
v 0.06525 -0.10227 -0.03447
v 0.07014 -0.10795 -0.03689
v 0.06789 -0.10633 -0.03893
v 0.06956 -0.10953 -0.04333
v 0.07182 -0.11124 -0.04129
v 0.07264 -0.11387 -0.03931
v 0.07429 -0.11682 -0.04353
v 0.06994 -0.11941 -0.03678
v 0.07159 -0.12214 -0.04191
v 0.06466 -0.12215 -0.03696
v 0.06664 -0.12509 -0.04195
v 0.06169 -0.12243 -0.03794
v 0.06385 -0.12542 -0.04266
v 0.05960 -0.11948 -0.03303
v 0.05658 -0.11536 -0.02823
v 0.06273 -0.11927 -0.03180
v 0.05977 -0.11512 -0.02665
v 0.05707 -0.11152 -0.02181
v 0.06845 -0.11650 -0.03146
v 0.06562 -0.11208 -0.02601
v 0.06322 -0.10797 -0.02100
v 0.06841 -0.10615 -0.02956
v 0.06622 -0.10192 -0.02500
v 0.06535 -0.09961 -0.02786
v 0.06750 -0.10367 -0.03211
v 0.07109 -0.11063 -0.03464
v 0.05383 -0.11193 -0.02363
v 0.07355 -0.12088 -0.05406
v 0.07011 -0.12402 -0.05413
v 0.06525 -0.11883 -0.05246
v 0.07090 -0.11577 -0.05205
v 0.06856 -0.11244 -0.04895
v 0.06021 -0.12169 -0.04622
v 0.06243 -0.12427 -0.04986
v 0.06728 -0.12711 -0.05269
v 0.06290 -0.11580 -0.04905
v 0.06001 -0.09860 -0.03221
v 0.05431 -0.10253 -0.03192
v 0.05112 -0.10835 -0.02870
v 0.05680 -0.10605 -0.03566
v 0.06225 -0.10233 -0.03600
v 0.05961 -0.10999 -0.03990
v 0.06490 -0.10629 -0.04023
v 0.06103 -0.11303 -0.04466
v 0.06644 -0.10935 -0.04481
v 0.05422 -0.08902 -0.02627
v 0.04800 -0.09359 -0.02622
v 0.04506 -0.09912 -0.02146
v 0.06527 -0.12637 -0.05208
v 0.06788 -0.12183 -0.05418
v 0.07274 -0.11881 -0.05378
v 0.06738 -0.12904 -0.04895
v 0.06954 -0.12907 -0.04929
v 0.07419 -0.12689 -0.04980
v 0.07663 -0.12269 -0.05032
v 0.07623 -0.12045 -0.05062
v 0.06327 -0.09538 -0.02368
v 0.06399 -0.09745 -0.02055
v 0.06073 -0.10343 -0.01605
v 0.05438 -0.10743 -0.01676
v 0.05122 -0.10812 -0.01870
v 0.04918 -0.10732 -0.02135
v 0.04869 -0.10496 -0.02439
v 0.05198 -0.09907 -0.02821
v 0.05804 -0.09491 -0.02844
v 0.06114 -0.09446 -0.02654
v 0.06175 -0.09573 -0.02772
v 0.06394 -0.09676 -0.02496
v 0.06474 -0.09892 -0.02191
v 0.06161 -0.10500 -0.01761
v 0.05527 -0.10890 -0.01842
v 0.05205 -0.10948 -0.02033
v 0.04998 -0.10853 -0.02288
v 0.04945 -0.10605 -0.02569
v 0.05274 -0.10017 -0.02927
v 0.05865 -0.09607 -0.02955
v 0.05981 -0.09260 -0.02557
v 0.06186 -0.09334 -0.02256
v 0.06250 -0.09528 -0.01928
v 0.05907 -0.10117 -0.01451
v 0.05288 -0.10539 -0.01512
v 0.04989 -0.10611 -0.01711
v 0.04794 -0.10540 -0.01996
v 0.04747 -0.10328 -0.02335
v 0.05064 -0.09749 -0.02750
v 0.05680 -0.09321 -0.02765
v 0.06707 -0.10508 -0.03747
v 0.06929 -0.10661 -0.03535
v 0.07022 -0.10921 -0.03303
v 0.06754 -0.11512 -0.02976
v 0.06181 -0.11796 -0.03018
v 0.05866 -0.11816 -0.03151
v 0.05647 -0.11710 -0.03340
v 0.05568 -0.11466 -0.03562
v 0.05878 -0.10874 -0.03850
v 0.06410 -0.10509 -0.03884
v 0.06842 -0.10746 -0.04053
v 0.07069 -0.10915 -0.03851
v 0.07163 -0.11185 -0.03632
v 0.06900 -0.11758 -0.03329
v 0.06342 -0.12027 -0.03359
v 0.06034 -0.12051 -0.03474
v 0.05812 -0.11949 -0.03650
v 0.05719 -0.11703 -0.03870
v 0.06006 -0.11113 -0.04156
v 0.06536 -0.10737 -0.04184
v 0.04584 -0.09653 -0.02448
v 0.04843 -0.10041 -0.02600
v 0.04973 -0.10198 -0.02679
v 0.05049 -0.10307 -0.02792
v 0.05210 -0.10539 -0.03071
v 0.05462 -0.10889 -0.03454
v 0.05658 -0.11167 -0.03738
v 0.05741 -0.11296 -0.03877
v 0.05796 -0.11405 -0.04047
v 0.05900 -0.11589 -0.04359
v 0.06079 -0.11861 -0.04798
v 0.06309 -0.12142 -0.05151
v 0.06595 -0.12412 -0.05335
v 0.06827 -0.12587 -0.05345
v 0.07040 -0.12749 -0.05209
v 0.07198 -0.12826 -0.04956
v 0.07101 -0.12647 -0.04600
v 0.06926 -0.12394 -0.04177
v 0.06747 -0.12112 -0.03660
v 0.06640 -0.11929 -0.03309
v 0.06578 -0.11827 -0.03125
v 0.06487 -0.11693 -0.02955
v 0.06289 -0.11400 -0.02586
v 0.06033 -0.11014 -0.02088
v 0.05861 -0.10733 -0.01746
v 0.05769 -0.10579 -0.01583
v 0.05605 -0.10364 -0.01422
v 0.05287 -0.09864 -0.01121
v 0.05128 -0.09083 -0.02685
v 0.05376 -0.09494 -0.02807
v 0.05500 -0.09656 -0.02879
v 0.05568 -0.09767 -0.02987
v 0.05715 -0.10011 -0.03249
v 0.05951 -0.10374 -0.03621
v 0.06141 -0.10648 -0.03902
v 0.06220 -0.10769 -0.04041
v 0.06264 -0.10879 -0.04205
v 0.06365 -0.11070 -0.04510
v 0.06569 -0.11359 -0.04943
v 0.06811 -0.11674 -0.05268
v 0.07040 -0.11970 -0.05438
v 0.07221 -0.12202 -0.05437
v 0.07425 -0.12410 -0.05268
v 0.07588 -0.12489 -0.05001
v 0.07507 -0.12246 -0.04646
v 0.07351 -0.11963 -0.04241
v 0.07192 -0.11685 -0.03768
v 0.07100 -0.11495 -0.03440
v 0.07047 -0.11378 -0.03263
v 0.06958 -0.11235 -0.03097
v 0.06772 -0.10924 -0.02731
v 0.06544 -0.10499 -0.02243
v 0.06391 -0.10194 -0.01916
v 0.06311 -0.10040 -0.01771
v 0.06154 -0.09814 -0.01630
v 0.05827 -0.09295 -0.01363
v 0.04866 -0.08614 -0.02565
v 0.04530 -0.08911 -0.02476
v 0.04313 -0.09200 -0.02280
v 0.04246 -0.09433 -0.01963
v 0.04308 -0.09600 -0.01555
v 0.04452 -0.09652 -0.01209
v 0.04699 -0.09551 -0.00947
v 0.04995 -0.09351 -0.00844
v 0.05288 -0.09085 -0.00883
v 0.05547 -0.08785 -0.01107
v 0.05653 -0.08529 -0.01487
v 0.05603 -0.08383 -0.01905
v 0.05423 -0.08353 -0.02259
v 0.05158 -0.08429 -0.02507
v 0.04007 -0.09205 -0.01430
v 0.03927 -0.09028 -0.01846
v 0.04146 -0.09276 -0.01033
v 0.04379 -0.09165 -0.00680
v 0.04695 -0.08904 -0.00569
v 0.05037 -0.08619 -0.00633
v 0.05323 -0.08329 -0.00892
v 0.05436 -0.08087 -0.01330
v 0.05390 -0.07951 -0.01814
v 0.05202 -0.07921 -0.02201
v 0.04900 -0.07991 -0.02465
v 0.04571 -0.08179 -0.02522
v 0.04223 -0.08487 -0.02397
v 0.03981 -0.08789 -0.02174
v -0.03435 -0.03462 0.00626
v 0.01972 -0.09838 0.00389
v -0.04564 -0.06486 -0.00945
v -0.04072 -0.05822 0.00197
v -0.04287 -0.05173 0.00126
v -0.04237 -0.06626 -0.00881
v 0.04998 -0.07543 -0.00588
v 0.03814 -0.08181 0.00330
v 0.04253 -0.07435 0.00146
v 0.03819 -0.07573 0.00429
v 0.04893 -0.06986 -0.00474
v -0.03892 -0.02845 -0.00003
v -0.04276 -0.03461 -0.00155
v -0.03980 -0.04022 0.00294
v -0.03183 -0.02634 0.00656
v -0.03601 -0.02235 0.00094
v -0.03790 -0.04807 0.00547
v -0.03262 -0.04563 0.00874
v -0.02683 -0.04523 0.01182
v -0.02744 -0.03651 0.01142
v -0.02662 -0.02935 0.01145
v -0.02532 -0.02337 0.01206
v -0.02990 -0.02029 0.00729
v -0.02081 -0.03787 0.01444
v -0.02040 -0.03150 0.01493
v -0.01961 -0.02614 0.01582
v -0.01863 -0.01529 0.01971
v -0.02362 -0.01240 0.01607
v -0.01279 -0.03315 0.01728
v -0.01241 -0.02781 0.01844
v -0.01243 -0.01783 0.02268
v -0.00487 -0.02870 0.01972
v -0.00526 -0.01937 0.02423
v 0.00182 -0.01970 0.02439
v 0.00815 -0.01899 0.02363
v 0.01352 -0.01747 0.02216
v 0.01778 -0.01555 0.02035
v 0.02416 -0.01131 0.01581
v 0.02669 -0.00897 0.01274
v 0.03051 -0.00369 0.00463
v 0.03137 -0.00105 -0.00085
v 0.03107 0.00069 -0.00640
v 0.02949 0.00165 -0.01226
v 0.03726 -0.01022 -0.01104
v 0.03552 -0.00897 -0.01714
v 0.04052 -0.01652 -0.01227
v 0.03894 -0.01552 -0.01849
v 0.04347 -0.02460 -0.01319
v 0.04203 -0.02407 -0.01936
v 0.04570 -0.03402 -0.01355
v 0.04433 -0.03367 -0.01952
v 0.04716 -0.04316 -0.01377
v 0.04562 -0.04275 -0.01984
v 0.04830 -0.05135 -0.01409
v 0.04665 -0.05050 -0.02025
v 0.04935 -0.05869 -0.01476
v 0.04756 -0.05746 -0.02083
v 0.05047 -0.06473 -0.01568
v 0.04946 -0.06948 -0.02190
v 0.05247 -0.07530 -0.01741
v 0.05050 -0.07484 -0.02196
v 0.05165 -0.07262 -0.01098
v 0.05053 -0.06713 -0.00981
v 0.04936 -0.06057 -0.00860
v 0.04790 -0.06249 -0.00361
v 0.04676 -0.05355 -0.00263
v 0.04087 -0.05534 0.00446
v 0.04209 -0.06537 0.00328
v 0.04824 -0.05247 -0.00770
v 0.04704 -0.04368 -0.00721
v 0.04548 -0.04434 -0.00185
v 0.04363 -0.03544 -0.00146
v 0.03752 -0.03779 0.00620
v 0.03928 -0.04617 0.00538
v 0.04536 -0.03462 -0.00702
v 0.04308 -0.02574 -0.00673
v 0.04127 -0.02710 -0.00107
v 0.03861 -0.02005 -0.00037
v 0.03296 -0.02366 0.00797
v 0.03540 -0.03013 0.00708
v 0.04031 -0.01819 -0.00597
v 0.03728 -0.01215 -0.00491
v 0.03573 -0.01433 0.00057
v 0.03043 -0.01828 0.00885
v 0.02744 -0.02016 0.01179
v 0.02972 -0.02546 0.01086
v 0.01912 -0.02437 0.01658
v 0.02071 -0.02955 0.01558
v 0.02230 -0.03568 0.01441
v 0.03192 -0.03175 0.00988
v 0.02351 -0.04278 0.01315
v 0.03379 -0.03909 0.00885
v 0.02437 -0.05073 0.01206
v 0.03529 -0.04720 0.00792
v 0.03663 -0.05624 0.00693
v 0.03770 -0.06630 0.00579
v 0.02419 -0.09810 0.00486
v 0.03732 -0.09487 0.00076
v 0.03900 -0.09400 -0.00371
v 0.01290 -0.07783 0.01096
v 0.01420 -0.08625 0.00929
v 0.00436 -0.07803 0.01176
v 0.00482 -0.08599 0.01075
v -0.00383 -0.07811 0.01099
v -0.00326 -0.08630 0.00983
v -0.01133 -0.07796 0.00948
v -0.01048 -0.08619 0.00752
v -0.01826 -0.07765 0.00842
v -0.01742 -0.08561 0.00645
v -0.02478 -0.07787 0.00780
v -0.02391 -0.08556 0.00647
v -0.03070 -0.07839 0.00645
v -0.03034 -0.08576 0.00535
v -0.03553 -0.07902 -0.01311
v -0.03727 -0.07360 -0.01063
v -0.03941 -0.06940 -0.00924
v -0.03852 -0.07195 0.00112
v -0.03917 -0.06479 0.00217
v -0.03534 -0.07137 0.00498
v -0.03575 -0.06385 0.00593
v -0.03667 -0.05628 0.00609
v -0.03084 -0.06309 0.00883
v -0.03148 -0.05496 0.00914
v -0.02508 -0.06257 0.01100
v -0.02580 -0.05428 0.01163
v -0.01843 -0.06252 0.01237
v -0.01921 -0.05422 0.01342
v -0.02030 -0.04558 0.01404
v -0.01158 -0.05516 0.01446
v -0.01247 -0.04685 0.01560
v -0.01295 -0.03943 0.01647
v -0.00428 -0.04734 0.01653
v -0.00476 -0.04010 0.01756
v -0.00492 -0.03386 0.01850
v 0.00259 -0.03999 0.01763
v 0.00220 -0.03380 0.01872
v 0.00203 -0.02873 0.01997
v 0.00873 -0.03293 0.01817
v 0.00826 -0.02788 0.01942
v 0.01495 -0.03146 0.01718
v 0.01397 -0.02635 0.01828
v 0.00941 -0.03908 0.01700
v 0.01606 -0.03760 0.01602
v 0.01015 -0.04608 0.01588
v 0.01701 -0.04463 0.01483
v 0.01084 -0.05369 0.01466
v 0.01783 -0.05239 0.01362
v 0.01153 -0.06151 0.01335
v 0.01224 -0.06949 0.01224
v 0.00410 -0.06244 0.01402
v 0.00428 -0.07003 0.01294
v -0.00356 -0.06307 0.01386
v -0.00378 -0.07037 0.01250
v -0.01121 -0.06319 0.01314
v -0.01139 -0.07037 0.01147
v -0.01834 -0.06995 0.01073
v -0.02493 -0.07014 0.00974
v -0.03069 -0.07070 0.00782
v -0.03537 -0.07899 0.00350
v -0.03833 -0.07942 -0.00097
v -0.00369 -0.05528 0.01521
v 0.00375 -0.05473 0.01530
v 0.00317 -0.04705 0.01654
v -0.02762 -0.00955 0.01153
v -0.02995 -0.00649 0.00586
v -0.03350 -0.01715 0.00208
v -0.03078 -0.00371 -0.00103
v -0.03591 -0.01451 -0.00390
v -0.03882 -0.01932 -0.00514
v -0.03664 -0.01227 -0.01109
v -0.03988 -0.01716 -0.01219
v -0.04334 -0.02285 -0.01328
v -0.04186 -0.02505 -0.00616
v -0.04699 -0.02882 -0.01439
v -0.04547 -0.03111 -0.00727
v -0.05093 -0.03436 -0.01569
v -0.04977 -0.03671 -0.00892
v -0.04755 -0.04031 -0.00373
v -0.05253 -0.04499 -0.00639
v -0.05055 -0.04960 -0.00372
v -0.04515 -0.04532 -0.00027
v -0.04238 -0.02172 -0.02075
v -0.04606 -0.02780 -0.02171
v -0.03875 -0.01582 -0.01972
v -0.03529 -0.01074 -0.01865
v -0.03016 -0.00147 -0.00892
v -0.02796 -0.00022 -0.01626
v -0.04124 -0.06598 -0.01342
v 0.02915 -0.08517 -0.02273
v 0.00951 -0.04432 -0.02087
v 0.00730 -0.09500 -0.01882
v -0.01099 -0.04861 -0.02217
v -0.00271 -0.00662 -0.03081
v 0.03572 -0.08843 -0.01812
v 0.03178 -0.09034 -0.01830
v -0.03100 -0.06380 -0.01634
v -0.02678 -0.06890 -0.01454
v -0.03237 -0.07358 -0.01344
v -0.03172 -0.06232 -0.01910
v 0.02085 -0.09286 -0.01946
v 0.01831 -0.08869 -0.02243
v 0.03124 -0.05340 -0.02538
v 0.03624 -0.07492 -0.02621
v 0.03888 -0.08065 -0.02475
v 0.00975 -0.03441 -0.02417
v 0.02623 -0.02898 -0.02728
v 0.02806 -0.03758 -0.02588
v -0.00230 -0.05140 -0.01766
v 0.00166 -0.04221 -0.02004
v 0.00246 -0.03531 -0.02290
v 0.01334 -0.09777 -0.01360
v -0.02337 -0.08397 -0.01960
v -0.01671 -0.08298 -0.02026
v -0.01397 -0.05092 -0.02229
v -0.01465 -0.04722 -0.02541
v -0.01038 -0.04496 -0.02428
v -0.00618 -0.04429 -0.02203
v -0.00911 -0.04944 -0.02031
v -0.00057 -0.01221 -0.02993
v -0.01209 -0.01486 -0.03297
v -0.01707 -0.01032 -0.03226
v 0.00528 -0.00621 -0.02968
v 0.00689 -0.01113 -0.02871
v 0.00842 -0.01655 -0.02806
v 0.00141 -0.01829 -0.02851
v 0.01908 -0.00310 -0.02602
v 0.02027 -0.00745 -0.02612
v 0.02142 -0.01226 -0.02695
v 0.02364 -0.01992 -0.02792
v 0.00960 -0.02504 -0.02683
v 0.02549 -0.00588 -0.02386
v 0.02684 -0.01020 -0.02524
v 0.02956 -0.01749 -0.02684
v 0.03277 -0.02649 -0.02681
v 0.03196 -0.00886 -0.02201
v 0.03530 -0.01582 -0.02362
v 0.03857 -0.02479 -0.02412
v 0.04090 -0.03413 -0.02365
v 0.03520 -0.03536 -0.02578
v 0.04308 -0.05066 -0.02394
v 0.04567 -0.07039 -0.02558
v 0.04110 -0.07237 -0.02681
v 0.03791 -0.05170 -0.02551
v 0.04692 -0.07569 -0.02516
v 0.04291 -0.07770 -0.02601
v 0.02996 -0.00498 -0.02050
v 0.03317 -0.00519 -0.01579
v 0.02836 -0.00154 -0.01916
v -0.03166 -0.01064 -0.02518
v -0.03525 -0.01594 -0.02618
v -0.03915 -0.02213 -0.02696
v -0.04320 -0.02832 -0.02750
v -0.04716 -0.03447 -0.02773
v -0.04980 -0.03356 -0.02252
v -0.05373 -0.03950 -0.02331
v -0.05489 -0.03967 -0.01724
v -0.04153 -0.05318 -0.03195
v -0.03976 -0.05641 -0.03022
v -0.03859 -0.05981 -0.02704
v -0.03860 -0.06303 -0.02227
v -0.03224 -0.05605 -0.02810
v -0.03181 -0.05985 -0.02344
v -0.02618 -0.05127 -0.02871
v -0.02531 -0.05548 -0.02463
v -0.02440 -0.05841 -0.02077
v -0.01951 -0.05103 -0.02543
v -0.01847 -0.05434 -0.02193
v -0.01706 -0.05638 -0.01919
v -0.02311 -0.06023 -0.01810
v -0.01967 -0.06591 -0.01573
v -0.01785 -0.07643 -0.01857
v -0.02464 -0.07761 -0.01735
v -0.03071 -0.07833 -0.01564
v -0.02048 -0.04649 -0.02891
v -0.01529 -0.04219 -0.02858
v -0.02196 -0.04159 -0.03166
v -0.01660 -0.03660 -0.03137
v -0.01147 -0.03262 -0.03040
v -0.01036 -0.03922 -0.02732
v -0.00646 -0.02974 -0.02875
v -0.00571 -0.03730 -0.02545
v 0.00250 -0.02688 -0.02596
v -0.00852 -0.02163 -0.03176
v -0.01362 -0.02545 -0.03303
v -0.01690 -0.01901 -0.03411
v -0.01878 -0.03059 -0.03358
v -0.02190 -0.02487 -0.03458
v -0.02584 -0.02043 -0.03379
v -0.02127 -0.01458 -0.03322
v -0.03042 -0.01742 -0.03103
v -0.02647 -0.01189 -0.03020
v -0.03112 -0.02715 -0.03390
v -0.03499 -0.02402 -0.03148
v -0.03645 -0.03360 -0.03361
v -0.03978 -0.03042 -0.03149
v -0.04136 -0.04025 -0.03313
v -0.04425 -0.03699 -0.03122
v -0.04623 -0.04692 -0.03240
v -0.04872 -0.04385 -0.03089
v -0.05134 -0.04105 -0.02793
v -0.04375 -0.05001 -0.03270
v -0.03839 -0.04396 -0.03373
v -0.03567 -0.04795 -0.03311
v -0.03307 -0.03766 -0.03427
v -0.02998 -0.04223 -0.03360
v -0.02764 -0.04681 -0.03172
v -0.03357 -0.05198 -0.03131
v -0.02749 -0.03139 -0.03453
v -0.02431 -0.03644 -0.03364
v 0.02425 -0.00203 -0.02312
v -0.05419 -0.04163 -0.01117
v -0.03733 -0.06744 -0.01220
v -0.03438 -0.07026 -0.01237
v -0.04747 -0.06185 -0.00626
v -0.04790 -0.05611 -0.00319
v -0.04326 -0.06067 -0.00224
v -0.04383 -0.06373 -0.00557
v -0.03869 -0.08577 -0.00815
v -0.03840 -0.07950 -0.00985
v -0.03931 -0.07957 -0.00570
v -0.03951 -0.07310 -0.00728
v -0.03983 -0.07244 -0.00315
v -0.04111 -0.06769 -0.00584
v -0.04081 -0.06599 -0.00194
v 0.02923 -0.09704 0.00550
v 0.03287 -0.07660 0.00694
v 0.03224 -0.06740 0.00811
v 0.03127 -0.05772 0.00912
v 0.03030 -0.04877 0.01009
v 0.02921 -0.04076 0.01111
v 0.02767 -0.03361 0.01232
v 0.02570 -0.02746 0.01342
v 0.02367 -0.02223 0.01438
v 0.02122 -0.01353 0.01829
v -0.01207 -0.10087 -0.00095
v -0.01044 -0.10324 -0.00607
v -0.00958 -0.10327 -0.01025
v -0.00889 -0.10180 -0.01386
v -0.00652 -0.09797 -0.01736
v 0.03851 -0.09335 -0.00888
v 0.05135 -0.07946 -0.00728
v 0.05279 -0.07693 -0.01205
v 0.03623 -0.09219 -0.01378
v 0.03488 -0.00635 -0.00984
v 0.04215 -0.04298 -0.02359
v 0.04385 -0.05777 -0.02445
v 0.01630 -0.09872 0.00370
v 0.01651 -0.10117 0.00022
v 0.01567 -0.10181 -0.00384
v 0.01468 -0.10088 -0.00822
v 0.03934 -0.09176 -0.00884
v 0.03761 -0.09081 -0.01400
v 0.02629 -0.07894 -0.02518
v 0.01611 -0.08321 -0.02404
v 0.01227 -0.06981 -0.02321
v 0.02122 -0.06614 -0.02467
v 0.03286 -0.06107 -0.02567
v 0.03891 -0.05917 -0.02580
v 0.01059 -0.06004 -0.02130
v -0.02433 0.00010 -0.02225
v -0.01200 -0.00636 -0.03128
v -0.00704 -0.01291 -0.03149
v -0.00376 -0.01971 -0.02995
v -0.00211 -0.02823 -0.02684
v -0.00181 -0.03605 -0.02369
v -0.00232 -0.04204 -0.02098
v -0.00460 -0.04797 -0.01909
v -0.01559 -0.05871 -0.01713
v -0.02144 -0.06243 -0.01618
v -0.02885 -0.06577 -0.01473
v -0.03968 -0.06506 -0.01755
v 0.00520 -0.05149 -0.01878
v -0.01857 -0.07054 -0.01680
v -0.02560 -0.07260 -0.01549
v 0.03495 -0.00822 -0.00385
v 0.04322 -0.08548 -0.00181
v 0.04281 -0.08023 0.00013
v 0.02119 -0.08088 -0.02496
v 0.02370 -0.08671 -0.02324
v 0.02577 -0.09124 -0.01995
v 0.03373 -0.09581 0.00415
v 0.01659 -0.09517 -0.01720
v 0.01311 -0.09143 -0.02051
v -0.03522 -0.08588 0.00190
v -0.02942 -0.08447 -0.01812
v -0.03431 -0.08504 -0.01563
v -0.03759 -0.08558 -0.01220
v 0.03490 -0.08406 -0.02235
v -0.03794 -0.08588 -0.00325
v 0.03309 -0.08312 0.00607
v 0.02527 -0.05937 0.01103
v 0.02638 -0.06840 0.01000
v 0.02719 -0.07718 0.00875
v 0.02776 -0.08407 0.00774
v 0.01878 -0.06056 0.01237
v 0.01996 -0.06900 0.01125
v 0.02086 -0.07756 0.00980
v 0.02181 -0.08485 0.00843
v -0.00144 -0.09716 0.00787
v -0.00228 -0.09258 0.00901
v -0.00889 -0.09748 0.00441
v -0.00939 -0.09246 0.00622
v 0.01917 -0.09475 0.00579
v 0.01797 -0.09086 0.00739
v 0.02357 -0.09406 0.00612
v 0.02284 -0.08998 0.00727
v 0.00523 -0.09185 0.00986
v 0.00578 -0.09636 0.00842
v -0.01665 -0.09138 0.00517
v -0.01726 -0.09907 0.00176
v -0.02332 -0.09087 0.00557
v -0.02341 -0.09856 0.00316
v -0.03002 -0.09061 0.00460
v -0.02984 -0.09795 0.00230
v -0.03423 -0.09733 -0.00161
v -0.03492 -0.09030 0.00086
v -0.01292 -0.09782 -0.01857
v -0.01524 -0.08856 -0.02102
v -0.02198 -0.08928 -0.02094
v -0.01993 -0.09741 -0.02004
v 0.02871 -0.09281 0.00645
v 0.02821 -0.08884 0.00711
v 0.03342 -0.09165 0.00501
v 0.03316 -0.08768 0.00553
v 0.01563 -0.09224 0.00744
v 0.01597 -0.09524 0.00610
v 0.01229 -0.09150 0.00861
v 0.01213 -0.09583 0.00701
v 0.03790 -0.08652 0.00252
v 0.03749 -0.09087 0.00174
v -0.03748 -0.09000 -0.00468
v -0.03657 -0.09694 -0.00703
v -0.02680 -0.09686 -0.01980
v -0.02846 -0.08936 -0.01965
v -0.03365 -0.08945 -0.01703
v -0.03229 -0.09659 -0.01816
v -0.03700 -0.08972 -0.01354
v -0.03570 -0.09661 -0.01542
v -0.03810 -0.08981 -0.00963
v -0.03705 -0.09671 -0.01180
v 0.04047 -0.09062 -0.00313
v 0.01267 -0.00461 -0.02819
v 0.01409 -0.00926 -0.02769
v 0.01549 -0.01440 -0.02784
v 0.01733 -0.02253 -0.02793
v 0.01864 -0.03190 -0.02638
v 0.01944 -0.04063 -0.02437
v 0.02411 -0.05605 -0.02446
v 0.02649 -0.06356 -0.02519
v 0.03139 -0.07721 -0.02522
v 0.05149 -0.07035 -0.01664
v 0.04846 -0.06347 -0.02144
v 0.04460 -0.06405 -0.02507
v 0.03981 -0.06574 -0.02630
v 0.03433 -0.06800 -0.02611
v 0.02877 -0.07043 -0.02567
v 0.02363 -0.07243 -0.02540
v 0.01422 -0.07684 -0.02401
v 0.01889 -0.07449 -0.02483
v -0.00747 -0.05163 -0.01827
v 0.03674 -0.04395 -0.02536
v 0.02965 -0.04568 -0.02532
v 0.02158 -0.04836 -0.02398
v 0.01491 -0.05284 -0.02204
v 0.02877 -0.00655 0.00918
v 0.03324 -0.01643 0.00518
v 0.03602 -0.02190 0.00431
v 0.03862 -0.02858 0.00350
v 0.04090 -0.03654 0.00281
v 0.04276 -0.04522 0.00213
v 0.04421 -0.05452 0.00126
v 0.04535 -0.06413 0.00020
v 0.04610 -0.07232 -0.00117
v 0.04687 -0.07803 -0.00246
v 0.04812 -0.08223 -0.00416
v -0.01369 -0.09338 -0.02053
v -0.02079 -0.09365 -0.02111
v -0.02773 -0.09336 -0.02016
v -0.03312 -0.09315 -0.01788
v -0.03640 -0.09325 -0.01464
v -0.03758 -0.09325 -0.01082
v -0.03703 -0.09341 -0.00587
v -0.03459 -0.09373 -0.00022
v -0.02991 -0.09418 0.00376
v -0.02329 -0.09471 0.00456
v -0.01654 -0.09536 0.00387
v -0.00771 -0.09229 -0.02025
v -0.00922 -0.08686 -0.02102
v -0.01050 -0.08095 -0.02045
v -0.01159 -0.07414 -0.01908
v -0.01255 -0.06765 -0.01733
v -0.01406 -0.06243 -0.01648
v 0.00013 -0.09592 -0.01901
v -0.00164 -0.09058 -0.02102
v -0.00323 -0.08478 -0.02138
v -0.00476 -0.07862 -0.02072
v -0.00644 -0.07137 -0.01939
v -0.00810 -0.06448 -0.01767
v -0.00974 -0.05894 -0.01694
v -0.01105 -0.05524 -0.01766
v -0.01249 -0.05294 -0.01970
v 0.00460 -0.08872 -0.02179
v 0.00289 -0.08241 -0.02215
v 0.00111 -0.07589 -0.02153
v -0.00101 -0.06816 -0.01985
v -0.00351 -0.06062 -0.01780
v -0.00581 -0.05522 -0.01723
v 0.01069 -0.08605 -0.02275
v 0.00896 -0.07967 -0.02314
v 0.00705 -0.07269 -0.02253
v 0.00465 -0.06419 -0.02039
v 0.00121 -0.05640 -0.01804
v -0.00248 -0.04559 -0.01930
v 0.00018 -0.04730 -0.01838
v 0.01691 -0.06830 -0.02406
v 0.01871 -0.05972 -0.02346
v 0.01556 -0.06281 -0.02299
v -0.01898 0.00006 -0.02690
v -0.01162 -0.00052 -0.02995
v -0.00374 -0.00122 -0.03105
v 0.00397 -0.00106 -0.03054
v 0.01109 0.00005 -0.02885
v 0.01735 0.00105 -0.02628
v 0.02254 0.00162 -0.02278
v 0.02664 0.00192 -0.01792
v -0.01584 -0.01057 0.01718
v -0.01975 -0.00835 0.01405
v -0.00480 -0.01405 0.02136
v -0.01083 -0.01259 0.01980
v 0.00132 -0.01453 0.02160
v 0.00676 -0.01410 0.02094
v 0.01132 -0.01289 0.01961
v 0.01488 -0.01126 0.01802
v 0.01758 -0.00960 0.01617
v 0.01974 -0.00788 0.01404
v 0.02176 -0.00604 0.01153
v 0.02506 -0.00171 0.00431
v 0.02582 0.00027 -0.00041
v 0.02549 0.00157 -0.00473
v 0.02406 0.00247 -0.00937
v -0.02285 -0.00601 0.01011
v -0.02470 -0.00367 0.00526
v -0.02451 0.00019 -0.00715
v -0.02231 0.00111 -0.01337
v -0.02530 -0.00150 -0.00055
v 0.02358 -0.00407 0.00850
v -0.01928 0.00144 -0.01820
v -0.01549 0.00154 -0.02164
v -0.00999 0.00135 -0.02437
v -0.00371 0.00093 -0.02591
v 0.00303 0.00092 -0.02584
v 0.00935 0.00141 -0.02423
v 0.01459 0.00200 -0.02158
v 0.01861 0.00243 -0.01829
v 0.02178 0.00275 -0.01409
v -0.03266 -0.00694 -0.01790
v -0.03028 -0.00335 -0.01719
v -0.03219 -0.00483 -0.00973
v -0.03425 -0.00852 -0.01037
v -0.03234 -0.00715 -0.00200
v -0.03391 -0.01082 -0.00293
v -0.03099 -0.00979 0.00447
v -0.03200 -0.01337 0.00315
v -0.02828 -0.01272 0.00987
v -0.02885 -0.01626 0.00830
v -0.02413 -0.01573 0.01456
v -0.02455 -0.01933 0.01302
v -0.01888 -0.01846 0.01827
v -0.01910 -0.02207 0.01683
v -0.01238 -0.02078 0.02116
v -0.01228 -0.02403 0.01960
v -0.00514 -0.02214 0.02267
v -0.00495 -0.02515 0.02099
v 0.00185 -0.02238 0.02291
v 0.00192 -0.02529 0.02125
v 0.00811 -0.02162 0.02223
v 0.00808 -0.02448 0.02066
v 0.01352 -0.02008 0.02081
v 0.01354 -0.02294 0.01936
v 0.01797 -0.01812 0.01895
v 0.01827 -0.02096 0.01755
v 0.02175 -0.01601 0.01679
v 0.02243 -0.01881 0.01534
v 0.02591 -0.01667 0.01275
v 0.02493 -0.01379 0.01423
v 0.02753 -0.01163 0.01119
v 0.02867 -0.01470 0.00976
v 0.02975 -0.00949 0.00758
v 0.03117 -0.01276 0.00613
v 0.03348 -0.01049 0.00158
v 0.03181 -0.00697 0.00303
v 0.03306 -0.00457 -0.00244
v 0.03292 -0.00281 -0.00825
v 0.03130 -0.00180 -0.01414
v -0.02075 -0.00390 -0.02838
v -0.02655 -0.00316 -0.02346
v -0.02337 -0.00783 -0.02935
v -0.02895 -0.00678 -0.02434
v -0.01308 -0.01329 0.01065
v -0.01633 -0.01185 0.00825
v -0.00439 -0.01555 0.01392
v -0.00913 -0.01458 0.01268
v 0.00065 -0.01598 0.01434
v 0.00510 -0.01578 0.01411
v 0.00883 -0.01506 0.01328
v 0.01187 -0.01412 0.01220
v 0.01414 -0.01321 0.01098
v 0.01592 -0.01230 0.00959
v 0.01746 -0.01118 0.00768
v 0.02033 -0.00833 0.00156
v 0.02117 -0.00687 -0.00242
v 0.02119 -0.00563 -0.00606
v 0.02051 -0.00456 -0.00966
v -0.01897 -0.01027 0.00529
v -0.02067 -0.00869 0.00165
v -0.02089 -0.00633 -0.00768
v -0.01946 -0.00569 -0.01227
v -0.02135 -0.00734 -0.00278
v 0.01896 -0.00988 0.00515
v -0.01745 -0.00519 -0.01574
v -0.01428 -0.00462 -0.01821
v -0.00959 -0.00401 -0.02049
v -0.00384 -0.00387 -0.02221
v 0.00271 -0.00398 -0.02265
v 0.00932 -0.00397 -0.02121
v 0.01471 -0.00391 -0.01846
v 0.01797 -0.00378 -0.01575
v 0.01947 -0.00393 -0.01290
v -0.00913 -0.01626 0.00692
v -0.01120 -0.01527 0.00463
v -0.00420 -0.01743 0.00881
v -0.00746 -0.01664 0.00903
v -0.00029 -0.01772 0.00876
v 0.00333 -0.01762 0.00850
v 0.00650 -0.01716 0.00798
v 0.00924 -0.01652 0.00739
v 0.01154 -0.01588 0.00687
v 0.01349 -0.01500 0.00678
v 0.01361 -0.01479 0.00481
v 0.01484 -0.01289 -0.00039
v 0.01530 -0.01178 -0.00352
v 0.01538 -0.01066 -0.00657
v 0.01518 -0.00957 -0.00959
v -0.01305 -0.01415 0.00204
v -0.01437 -0.01297 -0.00094
v -0.01513 -0.01081 -0.00807
v -0.01483 -0.00989 -0.01162
v -0.01506 -0.01184 -0.00437
v 0.01418 -0.01394 0.00249
v -0.01474 -0.00875 -0.01424
v -0.01168 -0.00903 -0.01513
v -0.00755 -0.00880 -0.01637
v -0.00278 -0.00873 -0.01743
v 0.00242 -0.00872 -0.01776
v 0.00763 -0.00861 -0.01700
v 0.01216 -0.00839 -0.01559
v 0.01527 -0.00764 -0.01457
v 0.01503 -0.00867 -0.01239
v 0.00617 -0.01481 -0.00372
v 0.00280 -0.01541 -0.00361
v -0.00051 -0.01561 -0.00336
v -0.00413 -0.01538 -0.00293
v -0.00852 -0.01472 -0.00226
v -0.00755 -0.01569 0.00038
v -0.00338 -0.01624 -0.00045
v 0.00007 -0.01641 -0.00095
v 0.00321 -0.01620 -0.00122
v 0.00637 -0.01562 -0.00130
v -0.00634 -0.01656 0.00289
v -0.00247 -0.01697 0.00206
v 0.00082 -0.01706 0.00155
v 0.00381 -0.01682 0.00125
v 0.00676 -0.01628 0.00114
v -0.00506 -0.01733 0.00546
v -0.00142 -0.01763 0.00487
v 0.00185 -0.01762 0.00446
v 0.00480 -0.01731 0.00409
v 0.00756 -0.01677 0.00383
v 0.00605 -0.01381 -0.00628
v 0.00251 -0.01440 -0.00615
v -0.00097 -0.01459 -0.00594
v -0.00473 -0.01434 -0.00560
v -0.00919 -0.01365 -0.00515
v -0.00966 -0.01248 -0.00829
v -0.00529 -0.01307 -0.00860
v -0.00140 -0.01329 -0.00893
v 0.00232 -0.01312 -0.00911
v 0.00607 -0.01258 -0.00916
v 0.00643 -0.01108 -0.01264
v 0.00227 -0.01145 -0.01284
v -0.00191 -0.01157 -0.01264
v -0.00605 -0.01147 -0.01213
v -0.01022 -0.01117 -0.01164
v 0.01056 -0.01043 -0.01232
v 0.01015 -0.01167 -0.00927
v 0.01011 -0.01281 -0.00643
v 0.01009 -0.01383 -0.00375
v 0.01002 -0.01474 -0.00115
v 0.01002 -0.01551 0.00137
v 0.01033 -0.01611 0.00385
v 0.01031 -0.01286 0.01737
v 0.00611 -0.01386 0.01851
v 0.00108 -0.01417 0.01899
v -0.00462 -0.01368 0.01870
v -0.01016 -0.01237 0.01721
v -0.01480 -0.01064 0.01483
v -0.01842 -0.00875 0.01200
v -0.02127 -0.00670 0.00844
v -0.02300 -0.00468 0.00405
v -0.02360 -0.00291 -0.00123
v -0.02288 -0.00160 -0.00714
v -0.02090 -0.00093 -0.01270
v -0.01825 -0.00062 -0.01692
v -0.01488 -0.00030 -0.01994
v -0.00985 -0.00007 -0.02256
v -0.00384 -0.00019 -0.02425
v 0.00284 -0.00024 -0.02441
v 0.00930 0.00001 -0.02281
v 0.01453 0.00035 -0.02000
v 0.01812 0.00066 -0.01684
v 0.02065 0.00085 -0.01320
v 0.02249 0.00047 -0.00912
v 0.02368 -0.00045 -0.00497
v 0.02388 -0.00167 -0.00101
v 0.02306 -0.00339 0.00340
v 0.02160 -0.00543 0.00736
v 0.01985 -0.00714 0.01014
v 0.01801 -0.00870 0.01238
v 0.01608 -0.01009 0.01427
v 0.01362 -0.01148 0.01593
v -0.00512 -0.01665 0.02381
v 0.00164 -0.01706 0.02398
v 0.00766 -0.01646 0.02324
v 0.01273 -0.01505 0.02180
v 0.01671 -0.01323 0.02006
v 0.01983 -0.01133 0.01808
v 0.02244 -0.00928 0.01572
v 0.02478 -0.00708 0.01283
v 0.02675 -0.00477 0.00945
v 0.02833 -0.00201 0.00498
v 0.02906 0.00045 -0.00028
v 0.02870 0.00203 -0.00536
v 0.02717 0.00297 -0.01080
v 0.02452 0.00324 -0.01626
v 0.02072 0.00295 -0.02105
v 0.01596 0.00249 -0.02455
v 0.01015 0.00173 -0.02720
v 0.00344 0.00096 -0.02891
v -0.00380 0.00087 -0.02917
v -0.01088 0.00144 -0.02769
v -0.01740 0.00174 -0.02469
v -0.02211 0.00164 -0.02053
v -0.02553 0.00128 -0.01497
v -0.02782 0.00015 -0.00800
v -0.02858 -0.00192 -0.00051
v -0.02790 -0.00454 0.00612
v -0.02579 -0.00732 0.01152
v -0.02214 -0.01002 0.01587
v -0.01760 -0.01270 0.01933
v -0.01188 -0.01509 0.02222
v 0.02393 -0.00325 -0.00220
v 0.02405 -0.00292 -0.00107
v 0.02414 -0.00225 -0.00009
v 0.02420 -0.00132 0.00064
v 0.02423 -0.00020 0.00104
v 0.02420 0.00098 0.00109
v 0.02414 0.00212 0.00076
v 0.02405 0.00311 0.00010
v 0.02393 0.00384 -0.00082
v 0.02380 0.00424 -0.00193
v 0.02366 0.00428 -0.00311
v 0.02354 0.00395 -0.00424
v 0.02345 0.00329 -0.00522
v 0.02339 0.00235 -0.00595
v 0.02337 0.00124 -0.00636
v 0.02339 0.00005 -0.00640
v 0.02345 -0.00109 -0.00607
v 0.02354 -0.00207 -0.00542
v 0.02366 -0.00280 -0.00449
v 0.02380 -0.00321 -0.00338
v 0.02318 -0.00694 -0.00166
v 0.02341 -0.00629 0.00058
v 0.02360 -0.00497 0.00251
v 0.02372 -0.00313 0.00395
v 0.02376 -0.00092 0.00475
v 0.02372 0.00142 0.00484
v 0.02360 0.00367 0.00420
v 0.02341 0.00561 0.00290
v 0.02318 0.00706 0.00106
v 0.02291 0.00785 -0.00113
v 0.02265 0.00793 -0.00346
v 0.02242 0.00729 -0.00570
v 0.02223 0.00597 -0.00763
v 0.02211 0.00412 -0.00907
v 0.02207 0.00192 -0.00987
v 0.02211 -0.00042 -0.00995
v 0.02223 -0.00267 -0.00931
v 0.02242 -0.00462 -0.00801
v 0.02265 -0.00606 -0.00618
v 0.02291 -0.00686 -0.00399
v 0.02185 -0.01046 -0.00108
v 0.02220 -0.00950 0.00221
v 0.02247 -0.00757 0.00505
v 0.02265 -0.00486 0.00717
v 0.02271 -0.00162 0.00834
v 0.02265 0.00182 0.00846
v 0.02247 0.00513 0.00753
v 0.02220 0.00798 0.00562
v 0.02185 0.01010 0.00292
v 0.02147 0.01127 -0.00029
v 0.02108 0.01139 -0.00371
v 0.02074 0.01044 -0.00701
v 0.02046 0.00851 -0.00985
v 0.02028 0.00579 -0.01196
v 0.02022 0.00256 -0.01313
v 0.02028 -0.00089 -0.01326
v 0.02046 -0.00419 -0.01232
v 0.02074 -0.00705 -0.01041
v 0.02108 -0.00916 -0.00771
v 0.02147 -0.01034 -0.00450
v 0.01999 -0.01372 -0.00047
v 0.02044 -0.01248 0.00379
v 0.02080 -0.00999 0.00747
v 0.02102 -0.00647 0.01020
v 0.02110 -0.00228 0.01173
v 0.02102 0.00218 0.01189
v 0.02079 0.00646 0.01067
v 0.02044 0.01015 0.00820
v 0.01999 0.01289 0.00471
v 0.01949 0.01442 0.00055
v 0.01899 0.01457 -0.00388
v 0.01854 0.01333 -0.00814
v 0.01819 0.01084 -0.01182
v 0.01796 0.00732 -0.01456
v 0.01788 0.00313 -0.01608
v 0.01796 -0.00133 -0.01624
v 0.01819 -0.00561 -0.01502
v 0.01855 -0.00931 -0.01255
v 0.01900 -0.01205 -0.00906
v 0.01949 -0.01357 -0.00490
v 0.01764 -0.01664 0.00015
v 0.01818 -0.01516 0.00528
v 0.01860 -0.01215 0.00970
v 0.01888 -0.00792 0.01299
v 0.01897 -0.00288 0.01482
v 0.01888 0.00248 0.01501
v 0.01860 0.00763 0.01355
v 0.01817 0.01208 0.01058
v 0.01763 0.01537 0.00638
v 0.01704 0.01720 0.00137
v 0.01644 0.01738 -0.00396
v 0.01590 0.01590 -0.00908
v 0.01547 0.01290 -0.01351
v 0.01519 0.00867 -0.01679
v 0.01510 0.00362 -0.01862
v 0.01519 -0.00174 -0.01882
v 0.01547 -0.00689 -0.01736
v 0.01590 -0.01133 -0.01438
v 0.01644 -0.01463 -0.01018
v 0.01704 -0.01646 -0.00518
v 0.01485 -0.01916 0.00077
v 0.01547 -0.01746 0.00664
v 0.01596 -0.01402 0.01170
v 0.01627 -0.00918 0.01546
v 0.01638 -0.00341 0.01755
v 0.01627 0.00272 0.01777
v 0.01595 0.00862 0.01610
v 0.01546 0.01370 0.01270
v 0.01485 0.01747 0.00789
v 0.01416 0.01957 0.00216
v 0.01348 0.01977 -0.00393
v 0.01286 0.01807 -0.00980
v 0.01237 0.01464 -0.01486
v 0.01205 0.00980 -0.01862
v 0.01195 0.00403 -0.02071
v 0.01205 -0.00210 -0.02093
v 0.01237 -0.00800 -0.01926
v 0.01286 -0.01308 -0.01586
v 0.01348 -0.01686 -0.01106
v 0.01416 -0.01895 -0.00533
v 0.01169 -0.02120 0.00137
v 0.01237 -0.01933 0.00783
v 0.01291 -0.01554 0.01340
v 0.01326 -0.01021 0.01755
v 0.01338 -0.00386 0.01985
v 0.01326 0.00289 0.02009
v 0.01291 0.00939 0.01825
v 0.01237 0.01499 0.01450
v 0.01169 0.01914 0.00921
v 0.01094 0.02145 0.00290
v 0.01018 0.02167 -0.00381
v 0.00950 0.01981 -0.01027
v 0.00896 0.01602 -0.01584
v 0.00862 0.01069 -0.01999
v 0.00850 0.00434 -0.02229
v 0.00862 -0.00242 -0.02254
v 0.00896 -0.00891 -0.02069
v 0.00950 -0.01451 -0.01694
v 0.01019 -0.01867 -0.01166
v 0.01094 -0.02097 -0.00535
v 0.00825 -0.02272 0.00193
v 0.00898 -0.02072 0.00883
v 0.00955 -0.01668 0.01478
v 0.00992 -0.01099 0.01920
v 0.01005 -0.00421 0.02166
v 0.00992 0.00300 0.02192
v 0.00955 0.00993 0.01995
v 0.00898 0.01590 0.01595
v 0.00825 0.02034 0.01031
v 0.00744 0.02280 0.00357
v 0.00664 0.02304 -0.00359
v 0.00591 0.02105 -0.01049
v 0.00534 0.01701 -0.01644
v 0.00497 0.01132 -0.02086
v 0.00484 0.00454 -0.02332
v 0.00497 -0.00267 -0.02358
v 0.00534 -0.00960 -0.02162
v 0.00591 -0.01558 -0.01761
v 0.00664 -0.02002 -0.01197
v 0.00745 -0.02248 -0.00523
v 0.00461 -0.02368 0.00245
v 0.00536 -0.02161 0.00961
v 0.00596 -0.01741 0.01579
v 0.00634 -0.01150 0.02038
v 0.00648 -0.00446 0.02294
v 0.00634 0.00303 0.02321
v 0.00596 0.01023 0.02116
v 0.00536 0.01643 0.01701
v 0.00460 0.02104 0.01115
v 0.00377 0.02359 0.00415
v 0.00293 0.02384 -0.00329
v 0.00218 0.02177 -0.01045
v 0.00158 0.01758 -0.01663
v 0.00119 0.01167 -0.02122
v 0.00106 0.00463 -0.02378
v 0.00120 -0.00286 -0.02405
v 0.00158 -0.01006 -0.02201
v 0.00218 -0.01627 -0.01785
v 0.00293 -0.02087 -0.01199
v 0.00377 -0.02343 -0.00499
v 0.00085 -0.02406 0.00291
v 0.00161 -0.02196 0.01016
v 0.00222 -0.01771 0.01641
v 0.00261 -0.01173 0.02106
v 0.00274 -0.00460 0.02365
v 0.00261 0.00298 0.02392
v 0.00222 0.01027 0.02185
v 0.00161 0.01655 0.01765
v 0.00085 0.02122 0.01171
v -0.00000 0.02380 0.00463
v -0.00085 0.02406 -0.00291
v -0.00161 0.02196 -0.01016
v -0.00222 0.01771 -0.01641
v -0.00261 0.01173 -0.02106
v -0.00274 0.00460 -0.02365
v -0.00261 -0.00298 -0.02392
v -0.00222 -0.01027 -0.02185
v -0.00161 -0.01655 -0.01765
v -0.00085 -0.02122 -0.01171
v 0.00000 -0.02380 -0.00463
v -0.00293 -0.02384 0.00329
v -0.00218 -0.02177 0.01045
v -0.00158 -0.01758 0.01663
v -0.00119 -0.01167 0.02122
v -0.00106 -0.00463 0.02378
v -0.00120 0.00286 0.02405
v -0.00158 0.01006 0.02201
v -0.00218 0.01627 0.01785
v -0.00293 0.02087 0.01199
v -0.00377 0.02343 0.00499
v -0.00461 0.02368 -0.00245
v -0.00536 0.02161 -0.00961
v -0.00596 0.01741 -0.01579
v -0.00634 0.01150 -0.02038
v -0.00648 0.00446 -0.02294
v -0.00634 -0.00303 -0.02321
v -0.00596 -0.01022 -0.02116
v -0.00536 -0.01643 -0.01701
v -0.00460 -0.02104 -0.01115
v -0.00377 -0.02359 -0.00415
v -0.00664 -0.02304 0.00359
v -0.00591 -0.02105 0.01049
v -0.00534 -0.01701 0.01644
v -0.00497 -0.01132 0.02086
v -0.00484 -0.00454 0.02332
v -0.00497 0.00267 0.02358
v -0.00534 0.00960 0.02162
v -0.00591 0.01558 0.01761
v -0.00664 0.02002 0.01197
v -0.00745 0.02248 0.00523
v -0.00825 0.02272 -0.00193
v -0.00898 0.02072 -0.00883
v -0.00955 0.01668 -0.01478
v -0.00992 0.01099 -0.01920
v -0.01005 0.00421 -0.02166
v -0.00992 -0.00300 -0.02192
v -0.00955 -0.00993 -0.01995
v -0.00898 -0.01590 -0.01595
v -0.00825 -0.02034 -0.01031
v -0.00744 -0.02280 -0.00357
v -0.01018 -0.02167 0.00381
v -0.00950 -0.01981 0.01027
v -0.00896 -0.01602 0.01584
v -0.00862 -0.01069 0.01999
v -0.00850 -0.00434 0.02229
v -0.00862 0.00242 0.02254
v -0.00896 0.00891 0.02069
v -0.00950 0.01451 0.01694
v -0.01019 0.01867 0.01166
v -0.01094 0.02097 0.00535
v -0.01169 0.02120 -0.00137
v -0.01237 0.01933 -0.00783
v -0.01291 0.01554 -0.01340
v -0.01326 0.01021 -0.01755
v -0.01338 0.00386 -0.01985
v -0.01326 -0.00289 -0.02009
v -0.01291 -0.00939 -0.01825
v -0.01237 -0.01499 -0.01450
v -0.01169 -0.01914 -0.00921
v -0.01094 -0.02145 -0.00290
v -0.01348 -0.01977 0.00393
v -0.01286 -0.01807 0.00980
v -0.01237 -0.01464 0.01486
v -0.01205 -0.00980 0.01862
v -0.01195 -0.00403 0.02071
v -0.01205 0.00210 0.02093
v -0.01237 0.00800 0.01926
v -0.01286 0.01308 0.01586
v -0.01348 0.01686 0.01106
v -0.01416 0.01895 0.00533
v -0.01485 0.01916 -0.00077
v -0.01547 0.01746 -0.00664
v -0.01596 0.01402 -0.01170
v -0.01627 0.00918 -0.01546
v -0.01638 0.00341 -0.01755
v -0.01627 -0.00272 -0.01777
v -0.01595 -0.00862 -0.01610
v -0.01546 -0.01370 -0.01270
v -0.01485 -0.01747 -0.00789
v -0.01416 -0.01957 -0.00216
v -0.01644 -0.01738 0.00396
v -0.01590 -0.01590 0.00908
v -0.01547 -0.01290 0.01351
v -0.01519 -0.00867 0.01679
v -0.01510 -0.00362 0.01862
v -0.01519 0.00174 0.01882
v -0.01547 0.00689 0.01736
v -0.01590 0.01133 0.01438
v -0.01644 0.01463 0.01018
v -0.01704 0.01646 0.00518
v -0.01764 0.01664 -0.00015
v -0.01818 0.01516 -0.00528
v -0.01860 0.01215 -0.00970
v -0.01888 0.00792 -0.01299
v -0.01897 0.00288 -0.01482
v -0.01888 -0.00248 -0.01501
v -0.01860 -0.00763 -0.01355
v -0.01817 -0.01208 -0.01058
v -0.01763 -0.01537 -0.00638
v -0.01704 -0.01720 -0.00137
v -0.01899 -0.01457 0.00388
v -0.01854 -0.01333 0.00814
v -0.01819 -0.01084 0.01182
v -0.01796 -0.00732 0.01456
v -0.01788 -0.00313 0.01608
v -0.01796 0.00133 0.01624
v -0.01819 0.00561 0.01502
v -0.01855 0.00931 0.01255
v -0.01900 0.01205 0.00906
v -0.01949 0.01357 0.00490
v -0.01999 0.01372 0.00047
v -0.02044 0.01248 -0.00379
v -0.02080 0.00999 -0.00747
v -0.02102 0.00647 -0.01020
v -0.02110 0.00228 -0.01173
v -0.02102 -0.00218 -0.01189
v -0.02079 -0.00646 -0.01067
v -0.02044 -0.01015 -0.00820
v -0.01999 -0.01289 -0.00471
v -0.01949 -0.01442 -0.00055
v -0.02108 -0.01139 0.00371
v -0.02074 -0.01044 0.00701
v -0.02046 -0.00851 0.00985
v -0.02028 -0.00579 0.01196
v -0.02022 -0.00256 0.01313
v -0.02028 0.00089 0.01326
v -0.02046 0.00419 0.01232
v -0.02074 0.00705 0.01041
v -0.02108 0.00916 0.00771
v -0.02147 0.01034 0.00450
v -0.02185 0.01046 0.00108
v -0.02220 0.00950 -0.00221
v -0.02247 0.00757 -0.00505
v -0.02265 0.00486 -0.00717
v -0.02271 0.00162 -0.00834
v -0.02265 -0.00182 -0.00846
v -0.02247 -0.00513 -0.00753
v -0.02220 -0.00798 -0.00562
v -0.02185 -0.01010 -0.00292
v -0.02147 -0.01127 0.00029
v -0.02265 -0.00793 0.00346
v -0.02242 -0.00729 0.00570
v -0.02223 -0.00597 0.00763
v -0.02211 -0.00412 0.00907
v -0.02207 -0.00192 0.00987
v -0.02211 0.00042 0.00995
v -0.02223 0.00267 0.00931
v -0.02242 0.00462 0.00801
v -0.02265 0.00606 0.00618
v -0.02291 0.00686 0.00399
v -0.02318 0.00694 0.00166
v -0.02341 0.00629 -0.00058
v -0.02360 0.00497 -0.00251
v -0.02372 0.00313 -0.00395
v -0.02376 0.00092 -0.00475
v -0.02372 -0.00142 -0.00484
v -0.02360 -0.00367 -0.00420
v -0.02341 -0.00561 -0.00290
v -0.02318 -0.00706 -0.00106
v -0.02291 -0.00785 0.00113
v -0.02366 -0.00428 0.00311
v -0.02354 -0.00395 0.00424
v -0.02345 -0.00329 0.00522
v -0.02339 -0.00235 0.00595
v -0.02337 -0.00124 0.00636
v -0.02339 -0.00005 0.00640
v -0.02345 0.00109 0.00607
v -0.02354 0.00207 0.00542
v -0.02366 0.00280 0.00449
v -0.02380 0.00321 0.00338
v -0.02393 0.00325 0.00220
v -0.02405 0.00292 0.00107
v -0.02414 0.00225 0.00009
v -0.02420 0.00132 -0.00064
v -0.02423 0.00020 -0.00104
v -0.02420 -0.00098 -0.00109
v -0.02414 -0.00212 -0.00076
v -0.02405 -0.00311 -0.00010
v -0.02393 -0.00384 0.00082
v -0.02380 -0.00424 0.00193
v 0.02409 0.00052 -0.00269
v -0.02409 -0.00052 0.00269
vt 0.00000 0.00000
vt 0.00000 0.00000
vt 0.00000 0.00000
vt 0.00000 0.00000
vt 0.00000 0.00000
vt 0.00000 0.00000
vt 0.00000 0.00000
vt 0.00000 0.00000
vt 0.00000 0.00000
vt 0.00000 0.00000
vt 0.00000 0.00000
vt 0.00000 0.00000
vt 0.00000 0.00000
vt 0.00000 0.00000
vt 0.00000 0.00000
vt 0.00000 0.00000
vt 0.00000 0.00000
vt 0.00000 0.00000
vt 0.00000 0.00000
vt 0.00000 0.00000
vt 0.00000 0.00000
vt 0.00000 0.00000
vt 0.00000 0.00000
vt 0.00000 0.00000
vt 0.00000 0.00000
vt 0.00000 0.00000
vt 0.00000 0.00000
vt 0.00000 0.00000
vt 0.00000 0.00000
vt 0.00000 0.00000
vt 0.00000 0.00000
vt 0.00000 0.00000
vt 0.00000 0.00000
vt 0.00000 0.00000
vt 0.00000 0.00000
vt 0.00000 0.00000
vt 0.00000 0.00000
vt 0.00000 0.00000
vt 0.00000 0.00000
vt 0.00000 0.00000
vt 0.00000 0.00000
vt 0.00000 0.00000
vt 0.00000 0.00000
vt 0.00000 0.00000
vt 0.00000 0.00000
vt 0.00000 0.00000
vt 0.00000 0.00000
vt 0.00000 0.00000
vt 0.00000 0.00000
vt 0.00000 0.00000
vt 0.00000 0.00000
vt 0.00000 0.00000
vt 0.00000 0.00000
vt 0.00000 0.00000
vt 0.00000 0.00000
vt 0.00000 0.00000
vt 0.00000 0.00000
vt 0.00000 0.00000
vt 0.00000 0.00000
vt 0.00000 0.00000
vt 0.00000 0.00000
vt 0.00000 0.00000
vt 0.00000 0.00000
vt 0.00000 0.00000
vt 0.00000 0.00000
vt 0.00000 0.00000
vt 0.00000 0.00000
vt 0.00000 0.00000
vt 0.00000 0.00000
vt 0.00000 0.00000
vt 0.00000 0.00000
vt 0.00000 0.00000
vt 0.00000 0.00000
vt 0.00000 0.00000
vt 0.00000 0.00000
vt 0.00000 0.00000
vt 0.00000 0.00000
vt 0.00000 0.00000
vt 0.00000 0.00000
vt 0.00000 0.00000
vt 0.00000 0.00000
vt 0.00000 0.00000
vt 0.00000 0.00000
vt 0.00000 0.00000
vt 0.00000 0.00000
vt 0.00000 0.00000
vt 0.00000 0.00000
vt 0.00000 0.00000
vt 0.00000 0.00000
vt 0.00000 0.00000
vt 0.00000 0.00000
vt 0.00000 0.00000
vt 0.00000 0.00000
vt 0.00000 0.00000
vt 0.00000 0.00000
vt 0.00000 0.00000
vt 0.00000 0.00000
vt 0.00000 0.00000
vt 0.00000 0.00000
vt 0.00000 0.00000
vt 0.00000 0.00000
vt 0.00000 0.00000
vt 0.00000 0.00000
vt 0.00000 0.00000
vt 0.00000 0.00000
vt 0.00000 0.00000
vt 0.00000 0.00000
vt 0.00000 0.00000
vt 0.00000 0.00000
vt 0.00000 0.00000
vt 0.00000 0.00000
vt 0.00000 0.00000
vt 0.00000 0.00000
vt 0.00000 0.00000
vt 0.00000 0.00000
vt 0.00000 0.00000
vt 0.00000 0.00000
vt 0.00000 0.00000
vt 0.00000 0.00000
vt 0.00000 0.00000
vt 0.00000 0.00000
vt 0.00000 0.00000
vt 0.00000 0.00000
vt 0.00000 0.00000
vt 0.00000 0.00000
vt 0.00000 0.00000
vt 0.00000 0.00000
vt 0.00000 0.00000
vt 0.00000 0.00000
vt 0.00000 0.00000
vt 0.00000 0.00000
vt 0.00000 0.00000
vt 0.00000 0.00000
vt 0.00000 0.00000
vt 0.00000 0.00000
vt 0.00000 0.00000
vt 0.00000 0.00000
vt 0.00000 0.00000
vt 0.00000 0.00000
vt 0.00000 0.00000
vt 0.00000 0.00000
vt 0.00000 0.00000
vt 0.00000 0.00000
vt 0.00000 0.00000
vt 0.00000 0.00000
vt 0.00000 0.00000
vt 0.00000 0.00000
vt 0.00000 0.00000
vt 0.00000 0.00000
vt 0.00000 0.00000
vt 0.00000 0.00000
vt 0.00000 0.00000
vt 0.00000 0.00000
vt 0.00000 0.00000
vt 0.00000 0.00000
vt 0.00000 0.00000
vt 0.00000 0.00000
vt 0.00000 0.00000
vt 0.00000 0.00000
vt 0.00000 0.00000
vt 0.00000 0.00000
vt 0.00000 0.00000
vt 0.00000 0.00000
vt 0.00000 0.00000
vt 0.00000 0.00000
vt 0.00000 0.00000
vt 0.00000 0.00000
vt 0.00000 0.00000
vt 0.00000 0.00000
vt 0.00000 0.00000
vt 0.00000 0.00000
vt 0.00000 0.00000
vt 0.00000 0.00000
vt 0.00000 0.00000
vt 0.00000 0.00000
vt 0.00000 0.00000
vt 0.00000 0.00000
vt 0.00000 0.00000
vt 0.00000 0.00000
vt 0.00000 0.00000
vt 0.00000 0.00000
vt 0.00000 0.00000
vt 0.00000 0.00000
vt 0.00000 0.00000
vt 0.00000 0.00000
vt 0.00000 0.00000
vt 0.00000 0.00000
vt 0.00000 0.00000
vt 0.00000 0.00000
vt 0.00000 0.00000
vt 0.00000 0.00000
vt 0.00000 0.00000
vt 0.00000 0.00000
vt 0.00000 0.00000
vt 0.00000 0.00000
vt 0.00000 0.00000
vt 0.00000 0.00000
vt 0.00000 0.00000
vt 0.00000 0.00000
vt 0.00000 0.00000
vt 0.00000 0.00000
vt 0.00000 0.00000
vt 0.00000 0.00000
vt 0.00000 0.00000
vt 0.00000 0.00000
vt 0.00000 0.00000
vt 0.00000 0.00000
vt 0.00000 0.00000
vt 0.00000 0.00000
vt 0.00000 0.00000
vt 0.00000 0.00000
vt 0.00000 0.00000
vt 0.00000 0.00000
vt 0.00000 0.00000
vt 0.00000 0.00000
vt 0.00000 0.00000
vt 0.00000 0.00000
vt 0.00000 0.00000
vt 0.00000 0.00000
vt 0.00000 0.00000
vt 0.00000 0.00000
vt 0.00000 0.00000
vt 0.00000 0.00000
vt 0.00000 0.00000
vt 0.00000 0.00000
vt 0.00000 0.00000
vt 0.00000 0.00000
vt 0.00000 0.00000
vt 0.00000 0.00000
vt 0.00000 0.00000
vt 0.00000 0.00000
vt 0.00000 0.00000
vt 0.00000 0.00000
vt 0.00000 0.00000
vt 0.00000 0.00000
vt 0.00000 0.00000
vt 0.00000 0.00000
vt 0.00000 0.00000
vt 0.00000 0.00000
vt 0.00000 0.00000
vt 0.00000 0.00000
vt 0.00000 0.00000
vt 0.00000 0.00000
vt 0.00000 0.00000
vt 0.00000 0.00000
vt 0.00000 0.00000
vt 0.00000 0.00000
vt 0.00000 0.00000
vt 0.00000 0.00000
vt 0.00000 0.00000
vt 0.00000 0.00000
vt 0.00000 0.00000
vt 0.00000 0.00000
vt 0.00000 0.00000
vt 0.00000 0.00000
vt 0.00000 0.00000
vt 0.00000 0.00000
vt 0.00000 0.00000
vt 0.00000 0.00000
vt 0.00000 0.00000
vt 0.00000 0.00000
vt 0.00000 0.00000
vt 0.00000 0.00000
vt 0.00000 0.00000
vt 0.00000 0.00000
vt 0.00000 0.00000
vt 0.00000 0.00000
vt 0.00000 0.00000
vt 0.00000 0.00000
vt 0.00000 0.00000
vt 0.00000 0.00000
vt 0.00000 0.00000
vt 0.00000 0.00000
vt 0.00000 0.00000
vt 0.00000 0.00000
vt 0.00000 0.00000
vt 0.00000 0.00000
vt 0.00000 0.00000
vt 0.00000 0.00000
vt 0.00000 0.00000
vt 0.00000 0.00000
vt 0.00000 0.00000
vt 0.00000 0.00000
vt 0.00000 0.00000
vt 0.00000 0.00000
vt 0.00000 0.00000
vt 0.00000 0.00000
vt 0.00000 0.00000
vt 0.00000 0.00000
vt 0.00000 0.00000
vt 0.00000 0.00000
vt 0.00000 0.00000
vt 0.00000 0.00000
vt 0.00000 0.00000
vt 0.00000 0.00000
vt 0.00000 0.00000
vt 0.00000 0.00000
vt 0.00000 0.00000
vt 0.00000 0.00000
vt 0.00000 0.00000
vt 0.00000 0.00000
vt 0.00000 0.00000
vt 0.00000 0.00000
vt 0.00000 0.00000
vt 0.00000 0.00000
vt 0.00000 0.00000
vt 0.00000 0.00000
vt 0.00000 0.00000
vt 0.00000 0.00000
vt 0.00000 0.00000
vt 0.00000 0.00000
vt 0.00000 0.00000
vt 0.00000 0.00000
vt 0.00000 0.00000
vt 0.00000 0.00000
vt 0.00000 0.00000
vt 0.00000 0.00000
vt 0.00000 0.00000
vt 0.00000 0.00000
vt 0.00000 0.00000
vt 0.00000 0.00000
vt 0.00000 0.00000
vt 0.00000 0.00000
vt 0.00000 0.00000
vt 0.00000 0.00000
vt 0.00000 0.00000
vt 0.00000 0.00000
vt 0.00000 0.00000
vt 0.00000 0.00000
vt 0.00000 0.00000
vt 0.00000 0.00000
vt 0.00000 0.00000
vt 0.00000 0.00000
vt 0.00000 0.00000
vt 0.00000 0.00000
vt 0.00000 0.00000
vt 0.00000 0.00000
vt 0.00000 0.00000
vt 0.00000 0.00000
vt 0.00000 0.00000
vt 0.00000 0.00000
vt 0.00000 0.00000
vt 0.00000 0.00000
vt 0.00000 0.00000
vt 0.00000 0.00000
vt 0.00000 0.00000
vt 0.00000 0.00000
vt 0.00000 0.00000
vt 0.00000 0.00000
vt 0.00000 0.00000
vt 0.00000 0.00000
vt 0.00000 0.00000
vt 0.00000 0.00000
vt 0.00000 0.00000
vt 0.00000 0.00000
vt 0.00000 0.00000
vt 0.00000 0.00000
vt 0.00000 0.00000
vt 0.00000 0.00000
vt 0.00000 0.00000
vt 0.00000 0.00000
vt 0.00000 0.00000
vt 0.00000 0.00000
vt 0.00000 0.00000
vt 0.00000 0.00000
vt 0.00000 0.00000
vt 0.00000 0.00000
vt 0.00000 0.00000
vt 0.00000 0.00000
vt 0.00000 0.00000
vt 0.00000 0.00000
vt 0.00000 0.00000
vt 0.00000 0.00000
vt 0.00000 0.00000
vt 0.00000 0.00000
vt 0.00000 0.00000
vt 0.00000 0.00000
vt 0.00000 0.00000
vt 0.00000 0.00000
vt 0.00000 0.00000
vt 0.00000 0.00000
vt 0.00000 0.00000
vt 0.00000 0.00000
vt 0.00000 0.00000
vt 0.00000 0.00000
vt 0.00000 0.00000
vt 0.00000 0.00000
vt 0.00000 0.00000
vt 0.00000 0.00000
vt 0.00000 0.00000
vt 0.00000 0.00000
vt 0.00000 0.00000
vt 0.00000 0.00000
vt 0.00000 0.00000
vt 0.00000 0.00000
vt 0.00000 0.00000
vt 0.00000 0.00000
vt 0.00000 0.00000
vt 0.00000 0.00000
vt 0.00000 0.00000
vt 0.00000 0.00000
vt 0.00000 0.00000
vt 0.00000 0.00000
vt 0.00000 0.00000
vt 0.00000 0.00000
vt 0.00000 0.00000
vt 0.00000 0.00000
vt 0.00000 0.00000
vt 0.00000 0.00000
vt 0.00000 0.00000
vt 0.00000 0.00000
vt 0.00000 0.00000
vt 0.00000 0.00000
vt 0.00000 0.00000
vt 0.00000 0.00000
vt 0.00000 0.00000
vt 0.00000 0.00000
vt 0.00000 0.00000
vt 0.00000 0.00000
vt 0.00000 0.00000
vt 0.00000 0.00000
vt 0.00000 0.00000
vt 0.00000 0.00000
vt 0.00000 0.00000
vt 0.00000 0.00000
vt 0.00000 0.00000
vt 0.00000 0.00000
vt 0.00000 0.00000
vt 0.00000 0.00000
vt 0.00000 0.00000
vt 0.00000 0.00000
vt 0.00000 0.00000
vt 0.00000 0.00000
vt 0.00000 0.00000
vt 0.00000 0.00000
vt 0.00000 0.00000
vt 0.00000 0.00000
vt 0.00000 0.00000
vt 0.00000 0.00000
vt 0.00000 0.00000
vt 0.00000 0.00000
vt 0.00000 0.00000
vt 0.00000 0.00000
vt 0.00000 0.00000
vt 0.00000 0.00000
vt 0.00000 0.00000
vt 0.00000 0.00000
vt 0.00000 0.00000
vt 0.00000 0.00000
vt 0.00000 0.00000
vt 0.00000 0.00000
vt 0.00000 0.00000
vt 0.00000 0.00000
vt 0.00000 0.00000
vt 0.00000 0.00000
vt 0.00000 0.00000
vt 0.00000 0.00000
vt 0.00000 0.00000
vt 0.00000 0.00000
vt 0.00000 0.00000
vt 0.00000 0.00000
vt 0.00000 0.00000
vt 0.00000 0.00000
vt 0.00000 0.00000
vt 0.00000 0.00000
vt 0.00000 0.00000
vt 0.00000 0.00000
vt 0.00000 0.00000
vt 0.00000 0.00000
vt 0.00000 0.00000
vt 0.00000 0.00000
vt 0.00000 0.00000
vt 0.00000 0.00000
vt 0.00000 0.00000
vt 0.00000 0.00000
vt 0.00000 0.00000
vt 0.00000 0.00000
vt 0.00000 0.00000
vt 0.00000 0.00000
vt 0.00000 0.00000
vt 0.00000 0.00000
vt 0.00000 0.00000
vt 0.00000 0.00000
vt 0.00000 0.00000
vt 0.00000 0.00000
vt 0.00000 0.00000
vt 0.00000 0.00000
vt 0.00000 0.00000
vt 0.00000 0.00000
vt 0.00000 0.00000
vt 0.00000 0.00000
vt 0.00000 0.00000
vt 0.00000 0.00000
vt 0.00000 0.00000
vt 0.00000 0.00000
vt 0.00000 0.00000
vt 0.00000 0.00000
vt 0.00000 0.00000
vt 0.00000 0.00000
vt 0.00000 0.00000
vt 0.00000 0.00000
vt 0.00000 0.00000
vt 0.00000 0.00000
vt 0.00000 0.00000
vt 0.00000 0.00000
vt 0.00000 0.00000
vt 0.00000 0.00000
vt 0.00000 0.00000
vt 0.00000 0.00000
vt 0.00000 0.00000
vt 0.00000 0.00000
vt 0.00000 0.00000
vt 0.00000 0.00000
vt 0.00000 0.00000
vt 0.00000 0.00000
vt 0.00000 0.00000
vt 0.00000 0.00000
vt 0.00000 0.00000
vt 0.00000 0.00000
vt 0.00000 0.00000
vt 0.00000 0.00000
vt 0.00000 0.00000
vt 0.00000 0.00000
vt 0.00000 0.00000
vt 0.00000 0.00000
vt 0.00000 0.00000
vt 0.00000 0.00000
vt 0.00000 0.00000
vt 0.00000 0.00000
vt 0.00000 0.00000
vt 0.00000 0.00000
vt 0.00000 0.00000
vt 0.00000 0.00000
vt 0.00000 0.00000
vt 0.00000 0.00000
vt 0.00000 0.00000
vt 0.00000 0.00000
vt 0.00000 0.00000
vt 0.00000 0.00000
vt 0.00000 0.00000
vt 0.00000 0.00000
vt 0.00000 0.00000
vt 0.00000 0.00000
vt 0.00000 0.00000
vt 0.00000 0.00000
vt 0.00000 0.00000
vt 0.00000 0.00000
vt 0.00000 0.00000
vt 0.00000 0.00000
vt 0.00000 0.00000
vt 0.00000 0.00000
vt 0.00000 0.00000
vt 0.00000 0.00000
vt 0.00000 0.00000
vt 0.00000 0.00000
vt 0.00000 0.00000
vt 0.00000 0.00000
vt 0.00000 0.00000
vt 0.00000 0.00000
vt 0.00000 0.00000
vt 0.00000 0.00000
vt 0.00000 0.00000
vt 0.00000 0.00000
vt 0.00000 0.00000
vt 0.00000 0.00000
vt 0.00000 0.00000
vt 0.00000 0.00000
vt 0.00000 0.00000
vt 0.00000 0.00000
vt 0.00000 0.00000
vt 0.00000 0.00000
vt 0.00000 0.00000
vt 0.00000 0.00000
vt 0.00000 0.00000
vt 0.00000 0.00000
vt 0.00000 0.00000
vt 0.00000 0.00000
vt 0.00000 0.00000
vt 0.00000 0.00000
vt 0.00000 0.00000
vt 0.00000 0.00000
vt 0.00000 0.00000
vt 0.00000 0.00000
vt 0.00000 0.00000
vt 0.00000 0.00000
vt 0.00000 0.00000
vt 0.00000 0.00000
vt 0.00000 0.00000
vt 0.00000 0.00000
vt 0.00000 0.00000
vt 0.00000 0.00000
vt 0.00000 0.00000
vt 0.00000 0.00000
vt 0.00000 0.00000
vt 0.00000 0.00000
vt 0.00000 0.00000
vt 0.00000 0.00000
vt 0.00000 0.00000
vt 0.00000 0.00000
vt 0.00000 0.00000
vt 0.00000 0.00000
vt 0.00000 0.00000
vt 0.00000 0.00000
vt 0.00000 0.00000
vt 0.00000 0.00000
vt 0.00000 0.00000
vt 0.00000 0.00000
vt 0.00000 0.00000
vt 0.00000 0.00000
vt 0.00000 0.00000
vt 0.00000 0.00000
vt 0.00000 0.00000
vt 0.00000 0.00000
vt 0.00000 0.00000
vt 0.00000 0.00000
vt 0.00000 0.00000
vt 0.00000 0.00000
vt 0.00000 0.00000
vt 0.00000 0.00000
vt 0.00000 0.00000
vt 0.00000 0.00000
vt 0.00000 0.00000
vt 0.00000 0.00000
vt 0.00000 0.00000
vt 0.00000 0.00000
vt 0.00000 0.00000
vt 0.00000 0.00000
vt 0.00000 0.00000
vt 0.00000 0.00000
vt 0.00000 0.00000
vt 0.00000 0.00000
vt 0.00000 0.00000
vt 0.00000 0.00000
vt 0.00000 0.00000
vt 0.00000 0.00000
vt 0.00000 0.00000
vt 0.00000 0.00000
vt 0.00000 0.00000
vt 0.00000 0.00000
vt 0.00000 0.00000
vt 0.00000 0.00000
vt 0.00000 0.00000
vt 0.00000 0.00000
vt 0.00000 0.00000
vt 0.00000 0.00000
vt 0.00000 0.00000
vt 0.00000 0.00000
vt 0.00000 0.00000
vt 0.00000 0.00000
vt 0.00000 0.00000
vt 0.00000 0.00000
vt 0.00000 0.00000
vt 0.00000 0.00000
vt 0.00000 0.00000
vt 0.00000 0.00000
vt 0.00000 0.00000
vt 0.00000 0.00000
vt 0.00000 0.00000
vt 0.00000 0.00000
vt 0.00000 0.00000
vt 0.00000 0.00000
vt 0.00000 0.00000
vt 0.00000 0.00000
vt 0.00000 0.00000
vt 0.00000 0.00000
vt 0.00000 0.00000
vt 0.00000 0.00000
vt 0.00000 0.00000
vt 0.00000 0.00000
vt 0.00000 0.00000
vt 0.00000 0.00000
vt 0.00000 0.00000
vt 0.00000 0.00000
vt 0.00000 0.00000
vt 0.00000 0.00000
vt 0.00000 0.00000
vt 0.00000 0.00000
vt 0.00000 0.00000
vt 0.00000 0.00000
vt 0.00000 0.00000
vt 0.00000 0.00000
vt 0.00000 0.00000
vt 0.00000 0.00000
vt 0.00000 0.00000
vt 0.00000 0.00000
vt 0.00000 0.00000
vt 0.00000 0.00000
vt 0.00000 0.00000
vt 0.00000 0.00000
vt 0.00000 0.00000
vt 0.00000 0.00000
vt 0.00000 0.00000
vt 0.00000 0.00000
vt 0.00000 0.00000
vt 0.00000 0.00000
vt 0.00000 0.00000
vt 0.00000 0.00000
vt 0.00000 0.00000
vt 0.00000 0.00000
vt 0.00000 0.00000
vt 0.00000 0.00000
vt 0.00000 0.00000
vt 0.00000 0.00000
vt 0.00000 0.00000
vt 0.00000 0.00000
vt 0.00000 0.00000
vt 0.00000 0.00000
vt 0.00000 0.00000
vt 0.00000 0.00000
vt 0.00000 0.00000
vt 0.00000 0.00000
vt 0.00000 0.00000
vt 0.00000 0.00000
vt 0.00000 0.00000
vt 0.00000 0.00000
vt 0.00000 0.00000
vt 0.00000 0.00000
vt 0.00000 0.00000
vt 0.00000 0.00000
vt 0.00000 0.00000
vt 0.00000 0.00000
vt 0.00000 0.00000
vt 0.00000 0.00000
vt 0.00000 0.00000
vt 0.00000 0.00000
vt 0.00000 0.00000
vt 0.00000 0.00000
vt 0.00000 0.00000
vt 0.00000 0.00000
vt 0.00000 0.00000
vt 0.00000 0.00000
vt 0.00000 0.00000
vt 0.00000 0.00000
vt 0.00000 0.00000
vt 0.00000 0.00000
vt 0.00000 0.00000
vt 0.00000 0.00000
vt 0.00000 0.00000
vt 0.00000 0.00000
vt 0.00000 0.00000
vt 0.00000 0.00000
vt 0.00000 0.00000
vt 0.00000 0.00000
vt 0.00000 0.00000
vt 0.00000 0.00000
vt 0.00000 0.00000
vt 0.00000 0.00000
vt 0.00000 0.00000
vt 0.00000 0.00000
vt 0.00000 0.00000
vt 0.00000 0.00000
vt 0.00000 0.00000
vt 0.00000 0.00000
vt 0.00000 0.00000
vt 0.00000 0.00000
vt 0.00000 0.00000
vt 0.00000 0.00000
vt 0.00000 0.00000
vt 0.00000 0.00000
vt 0.00000 0.00000
vt 0.00000 0.00000
vt 0.00000 0.00000
vt 0.00000 0.00000
vt 0.00000 0.00000
vt 0.00000 0.00000
vt 0.00000 0.00000
vt 0.00000 0.00000
vt 0.00000 0.00000
vt 0.00000 0.00000
vt 0.00000 0.00000
vt 0.00000 0.00000
vt 0.00000 0.00000
vt 0.00000 0.00000
vt 0.00000 0.00000
vt 0.00000 0.00000
vt 0.00000 0.00000
vt 0.00000 0.00000
vt 0.00000 0.00000
vt 0.00000 0.00000
vt 0.00000 0.00000
vt 0.00000 0.00000
vt 0.00000 0.00000
vt 0.00000 0.00000
vt 0.00000 0.00000
vt 0.00000 0.00000
vt 0.00000 0.00000
vt 0.00000 0.00000
vt 0.00000 0.00000
vt 0.00000 0.00000
vt 0.00000 0.00000
vt 0.00000 0.00000
vt 0.00000 0.00000
vt 0.00000 0.00000
vt 0.00000 0.00000
vt 0.00000 0.00000
vt 0.00000 0.00000
vt 0.00000 0.00000
vt 0.00000 0.00000
vt 0.00000 0.00000
vt 0.00000 0.00000
vt 0.00000 0.00000
vt 0.00000 0.00000
vt 0.00000 0.00000
vt 0.00000 0.00000
vt 0.00000 0.00000
vt 0.00000 0.00000
vt 0.00000 0.00000
vt 0.00000 0.00000
vt 0.00000 0.00000
vt 0.00000 0.00000
vt 0.00000 0.00000
vt 0.00000 0.00000
vt 0.00000 0.00000
vt 0.00000 0.00000
vt 0.00000 0.00000
vt 0.00000 0.00000
vt 0.00000 0.00000
vt 0.00000 0.00000
vt 0.00000 0.00000
vt 0.00000 0.00000
vt 0.00000 0.00000
vt 0.00000 0.00000
vt 0.00000 0.00000
vt 0.00000 0.00000
vt 0.00000 0.00000
vt 0.00000 0.00000
vt 0.00000 0.00000
vt 0.00000 0.00000
vt 0.00000 0.00000
vt 0.00000 0.00000
vt 0.00000 0.00000
vt 0.00000 0.00000
vt 0.00000 0.00000
vt 0.00000 0.00000
vt 0.00000 0.00000
vt 0.00000 0.00000
vt 0.00000 0.00000
vt 0.00000 0.00000
vt 0.00000 0.00000
vt 0.00000 0.00000
vt 0.00000 0.00000
vt 0.00000 0.00000
vt 0.00000 0.00000
vt 0.00000 0.00000
vt 0.00000 0.00000
vt 0.00000 0.00000
vt 0.00000 0.00000
vt 0.00000 0.00000
vt 0.00000 0.00000
vt 0.00000 0.00000
vt 0.00000 0.00000
vt 0.00000 0.00000
vt 0.00000 0.00000
vt 0.00000 0.00000
vt 0.00000 0.00000
vt 0.00000 0.00000
vt 0.00000 0.00000
vt 0.00000 0.00000
vt 0.00000 0.00000
vt 0.00000 0.00000
vt 0.00000 0.00000
vt 0.00000 0.00000
vt 0.00000 0.00000
vt 0.00000 0.00000
vt 0.00000 0.00000
vt 0.00000 0.00000
vt 0.00000 0.00000
vt 0.00000 0.00000
vt 0.00000 0.00000
vt 0.00000 0.00000
vt 0.00000 0.00000
vt 0.00000 0.00000
vt 0.00000 0.00000
vt 0.00000 0.00000
vt 0.00000 0.00000
vt 0.00000 0.00000
vt 0.00000 0.00000
vt 0.00000 0.00000
vt 0.00000 0.00000
vt 0.00000 0.00000
vt 0.00000 0.00000
vt 0.00000 0.00000
vt 0.00000 0.00000
vt 0.00000 0.00000
vt 0.00000 0.00000
vt 0.00000 0.00000
vt 0.00000 0.00000
vt 0.00000 0.00000
vt 0.00000 0.00000
vt 0.00000 0.00000
vt 0.00000 0.00000
vt 0.00000 0.00000
vt 0.00000 0.00000
vt 0.00000 0.00000
vt 0.00000 0.00000
vt 0.00000 0.00000
vt 0.00000 0.00000
vt 0.00000 0.00000
vt 0.00000 0.00000
vt 0.00000 0.00000
vt 0.00000 0.00000
vt 0.00000 0.00000
vt 0.00000 0.00000
vt 0.00000 0.00000
vt 0.00000 0.00000
vt 0.00000 0.00000
vt 0.00000 0.00000
vt 0.00000 0.00000
vt 0.00000 0.00000
vt 0.00000 0.00000
vt 0.00000 0.00000
vt 0.00000 0.00000
vt 0.00000 0.00000
vt 0.00000 0.00000
vt 0.00000 0.00000
vt 0.00000 0.00000
vt 0.00000 0.00000
vt 0.00000 0.00000
vt 0.00000 0.00000
vt 0.00000 0.00000
vt 0.00000 0.00000
vt 0.00000 0.00000
vt 0.00000 0.00000
vt 0.00000 0.00000
vt 0.00000 0.00000
vt 0.00000 0.00000
vt 0.00000 0.00000
vt 0.00000 0.00000
vt 0.00000 0.00000
vt 0.00000 0.00000
vt 0.00000 0.00000
vt 0.00000 0.00000
vt 0.00000 0.00000
vt 0.00000 0.00000
vt 0.00000 0.00000
vt 0.00000 0.00000
vt 0.00000 0.00000
vt 0.00000 0.00000
vt 0.00000 0.00000
vt 0.00000 0.00000
vt 0.00000 0.00000
vt 0.00000 0.00000
vt 0.00000 0.00000
vt 0.00000 0.00000
vt 0.00000 0.00000
vt 0.00000 0.00000
vt 0.00000 0.00000
vt 0.00000 0.00000
vt 0.00000 0.00000
vt 0.00000 0.00000
vt 0.00000 0.00000
vt 0.00000 0.00000
vt 0.00000 0.00000
vt 0.00000 0.00000
vt 0.00000 0.00000
vt 0.00000 0.00000
vt 0.00000 0.00000
vt 0.00000 0.00000
vt 0.00000 0.00000
vt 0.00000 0.00000
vt 0.00000 0.00000
vt 0.00000 0.00000
vt 0.00000 0.00000
vt 0.00000 0.00000
vt 0.00000 0.00000
vt 0.00000 0.00000
vt 0.00000 0.00000
vt 0.00000 0.00000
vt 0.00000 0.00000
vt 0.00000 0.00000
vt 0.00000 0.00000
vt 0.00000 0.00000
vt 0.00000 0.00000
vt 0.00000 0.00000
vt 0.00000 0.00000
vt 0.00000 0.00000
vt 0.00000 0.00000
vt 0.00000 0.00000
vt 0.00000 0.00000
vt 0.00000 0.00000
vt 0.00000 0.00000
vt 0.00000 0.00000
vt 0.00000 0.00000
vt 0.00000 0.00000
vt 0.00000 0.00000
vt 0.00000 0.00000
vt 0.00000 0.00000
vt 0.00000 0.00000
vt 0.00000 0.00000
vt 0.00000 0.00000
vt 0.00000 0.00000
vt 0.00000 0.00000
vt 0.00000 0.00000
vt 0.00000 0.00000
vt 0.00000 0.00000
vt 0.00000 0.00000
vt 0.00000 0.00000
vt 0.00000 0.00000
vt 0.00000 0.00000
vt 0.00000 0.00000
vt 0.00000 0.00000
vt 0.00000 0.00000
vt 0.00000 0.00000
vt 0.00000 0.00000
vt 0.00000 0.00000
vt 0.00000 0.00000
vt 0.00000 0.00000
vt 0.00000 0.00000
vt 0.00000 0.00000
vt 0.00000 0.00000
vt 0.00000 0.00000
vt 0.00000 0.00000
vt 0.00000 0.00000
vt 0.00000 0.00000
vt 0.00000 0.00000
vt 0.00000 0.00000
vt 0.00000 0.00000
vt 0.00000 0.00000
vt 0.00000 0.00000
vt 0.00000 0.00000
vt 0.00000 0.00000
vt 0.00000 0.00000
vt 0.00000 0.00000
vt 0.00000 0.00000
vt 0.00000 0.00000
vt 0.00000 0.00000
vt 0.00000 0.00000
vt 0.00000 0.00000
vt 0.00000 0.00000
vt 0.00000 0.00000
vt 0.00000 0.00000
vt 0.00000 0.00000
vt 0.00000 0.00000
vt 0.00000 0.00000
vt 0.00000 0.00000
vt 0.00000 0.00000
vt 0.00000 0.00000
vt 0.00000 0.00000
vt 0.00000 0.00000
vt 0.00000 0.00000
vt 0.00000 0.00000
vt 0.00000 0.00000
vt 0.00000 0.00000
vt 0.00000 0.00000
vt 0.00000 0.00000
vt 0.00000 0.00000
vt 0.00000 0.00000
vt 0.00000 0.00000
vt 0.00000 0.00000
vt 0.00000 0.00000
vt 0.00000 0.00000
vt 0.00000 0.00000
vt 0.00000 0.00000
vt 0.00000 0.00000
vt 0.00000 0.00000
vt 0.00000 0.00000
vt 0.00000 0.00000
vt 0.00000 0.00000
vt 0.00000 0.00000
vt 0.00000 0.00000
vt 0.00000 0.00000
vt 0.00000 0.00000
vt 0.00000 0.00000
vt 0.00000 0.00000
vt 0.00000 0.00000
vt 0.00000 0.00000
vt 0.00000 0.00000
vt 0.00000 0.00000
vt 0.00000 0.00000
vt 0.00000 0.00000
vt 0.00000 0.00000
vt 0.00000 0.00000
vt 0.00000 0.00000
vt 0.00000 0.00000
vt 0.00000 0.00000
vt 0.00000 0.00000
vt 0.00000 0.00000
vt 0.00000 0.00000
vt 0.00000 0.00000
vt 0.00000 0.00000
vt 0.00000 0.00000
vt 0.00000 0.00000
vt 0.00000 0.00000
vt 0.00000 0.00000
vt 0.00000 0.00000
vt 0.00000 0.00000
vt 0.00000 0.00000
vt 0.00000 0.00000
vt 0.00000 0.00000
vt 0.00000 0.00000
vt 0.00000 0.00000
vt 0.00000 0.00000
vt 0.00000 0.00000
vt 0.00000 0.00000
vt 0.00000 0.00000
vt 0.00000 0.00000
vt 0.00000 0.00000
vt 0.00000 0.00000
vt 0.00000 0.00000
vt 0.00000 0.00000
vt 0.00000 0.00000
vt 0.00000 0.00000
vt 0.00000 0.00000
vt 0.00000 0.00000
vt 0.00000 0.00000
vt 0.00000 0.00000
vt 0.00000 0.00000
vt 0.00000 0.00000
vt 0.00000 0.00000
vt 0.00000 0.00000
vt 0.00000 0.00000
vt 0.00000 0.00000
vt 0.00000 0.00000
vt 0.00000 0.00000
vt 0.00000 0.00000
vt 0.00000 0.00000
vt 0.00000 0.00000
vt 0.00000 0.00000
vt 0.00000 0.00000
vt 0.00000 0.00000
vt 0.00000 0.00000
vt 0.00000 0.00000
vt 0.00000 0.00000
vt 0.00000 0.00000
vt 0.00000 0.00000
vt 0.00000 0.00000
vt 0.00000 0.00000
vt 0.00000 0.00000
vt 0.00000 0.00000
vt 0.00000 0.00000
vt 0.00000 0.00000
vt 0.00000 0.00000
vt 0.00000 0.00000
vt 0.00000 0.00000
vt 0.00000 0.00000
vt 0.00000 0.00000
vt 0.00000 0.00000
vt 0.00000 0.00000
vt 0.00000 0.00000
vt 0.00000 0.00000
vt 0.00000 0.00000
vt 0.00000 0.00000
vt 0.00000 0.00000
vt 0.00000 0.00000
vt 0.00000 0.00000
vt 0.00000 0.00000
vt 0.00000 0.00000
vt 0.00000 0.00000
vt 0.00000 0.00000
vt 0.00000 0.00000
vt 0.00000 0.00000
vt 0.00000 0.00000
vt 0.00000 0.00000
vt 0.00000 0.00000
vt 0.00000 0.00000
vt 0.00000 0.00000
vt 0.00000 0.00000
vt 0.00000 0.00000
vt 0.00000 0.00000
vt 0.00000 0.00000
vt 0.00000 0.00000
vt 0.00000 0.00000
vt 0.00000 0.00000
vt 0.00000 0.00000
vt 0.00000 0.00000
vt 0.00000 0.00000
vt 0.00000 0.00000
vt 0.00000 0.00000
vt 0.00000 0.00000
vt 0.00000 0.00000
vt 0.00000 0.00000
vt 0.00000 0.00000
vt 0.00000 0.00000
vt 0.00000 0.00000
vt 0.00000 0.00000
vt 0.00000 0.00000
vt 0.00000 0.00000
vt 0.00000 0.00000
vt 0.00000 0.00000
vt 0.00000 0.00000
vt 0.00000 0.00000
vt 0.00000 0.00000
vt 0.00000 0.00000
vt 0.00000 0.00000
vt 0.00000 0.00000
vt 0.00000 0.00000
vt 0.00000 0.00000
vt 0.00000 0.00000
vt 0.00000 0.00000
vt 0.00000 0.00000
vt 0.00000 0.00000
vt 0.00000 0.00000
vt 0.00000 0.00000
vt 0.00000 0.00000
vt 0.00000 0.00000
vt 0.00000 0.00000
vt 0.00000 0.00000
vt 0.00000 0.00000
vt 0.00000 0.00000
vt 0.00000 0.00000
vt 0.00000 0.00000
vt 0.00000 0.00000
vt 0.00000 0.00000
vt 0.00000 0.00000
vt 0.00000 0.00000
vt 0.00000 0.00000
vt 0.00000 0.00000
vt 0.00000 0.00000
vt 0.00000 0.00000
vt 0.00000 0.00000
vt 0.00000 0.00000
vt 0.00000 0.00000
vt 0.00000 0.00000
vt 0.00000 0.00000
vt 0.00000 0.00000
vt 0.00000 0.00000
vt 0.00000 0.00000
vt 0.00000 0.00000
vt 0.00000 0.00000
vt 0.00000 0.00000
vt 0.00000 0.00000
vt 0.00000 0.00000
vt 0.00000 0.00000
vt 0.00000 0.00000
vt 0.00000 0.00000
vt 0.00000 0.00000
vt 0.00000 0.00000
vt 0.00000 0.00000
vt 0.00000 0.00000
vt 0.00000 0.00000
vt 0.00000 0.00000
vt 0.00000 0.00000
vt 0.00000 0.00000
vt 0.00000 0.00000
vt 0.00000 0.00000
vt 0.00000 0.00000
vt 0.00000 0.00000
vt 0.00000 0.00000
vt 0.00000 0.00000
vt 0.00000 0.00000
vt 0.00000 0.00000
vt 0.00000 0.00000
vt 0.00000 0.00000
vt 0.00000 0.00000
vt 0.00000 0.00000
vt 0.00000 0.00000
vt 0.00000 0.00000
vt 0.00000 0.00000
vt 0.00000 0.00000
vt 0.00000 0.00000
vt 0.00000 0.00000
vt 0.00000 0.00000
vt 0.00000 0.00000
vt 0.00000 0.00000
vt 0.00000 0.00000
vt 0.00000 0.00000
vt 0.00000 0.00000
vt 0.00000 0.00000
vt 0.00000 0.00000
vt 0.00000 0.00000
vt 0.00000 0.00000
vt 0.00000 0.00000
vt 0.00000 0.00000
vt 0.00000 0.00000
vt 0.00000 0.00000
vt 0.00000 0.00000
vt 0.00000 0.00000
vt 0.00000 0.00000
vt 0.00000 0.00000
vt 0.00000 0.00000
vt 0.00000 0.00000
vt 0.00000 0.00000
vt 0.00000 0.00000
vt 0.00000 0.00000
vt 0.00000 0.00000
vt 0.00000 0.00000
vt 0.00000 0.00000
vt 0.00000 0.00000
vt 0.00000 0.00000
vt 0.00000 0.00000
vt 0.00000 0.00000
vt 0.00000 0.00000
vt 0.00000 0.00000
vt 0.00000 0.00000
vt 0.00000 0.00000
vt 0.00000 0.00000
vt 0.00000 0.00000
vt 0.00000 0.00000
vt 0.00000 0.00000
vt 0.00000 0.00000
vt 0.00000 0.00000
vt 0.00000 0.00000
vt 0.00000 0.00000
vt 0.00000 0.00000
vt 0.00000 0.00000
vt 0.00000 0.00000
vt 0.00000 0.00000
vt 0.00000 0.00000
vt 0.00000 0.00000
vt 0.00000 0.00000
vt 0.00000 0.00000
vt 0.00000 0.00000
vt 0.00000 0.00000
vt 0.00000 0.00000
vt 0.00000 0.00000
vt 0.00000 0.00000
vt 0.00000 0.00000
vt 0.00000 0.00000
vt 0.00000 0.00000
vt 0.00000 0.00000
vt 0.00000 0.00000
vt 0.00000 0.00000
vt 0.00000 0.00000
vt 0.00000 0.00000
vt 0.00000 0.00000
vt 0.00000 0.00000
vt 0.00000 0.00000
vt 0.00000 0.00000
vt 0.00000 0.00000
vt 0.00000 0.00000
vt 0.00000 0.00000
vt 0.00000 0.00000
vt 0.00000 0.00000
vt 0.00000 0.00000
vt 0.00000 0.00000
vt 0.00000 0.00000
vt 0.00000 0.00000
vt 0.00000 0.00000
vt 0.00000 0.00000
vt 0.00000 0.00000
vt 0.00000 0.00000
vt 0.00000 0.00000
vt 0.00000 0.00000
vt 0.00000 0.00000
vt 0.00000 0.00000
vt 0.00000 0.00000
vt 0.00000 0.00000
vt 0.00000 0.00000
vt 0.00000 0.00000
vt 0.00000 0.00000
vt 0.00000 0.00000
vt 0.00000 0.00000
vt 0.00000 0.00000
vt 0.00000 0.00000
vt 0.00000 0.00000
vt 0.00000 0.00000
vt 0.00000 0.00000
vt 0.00000 0.00000
vt 0.00000 0.00000
vt 0.00000 0.00000
vt 0.00000 0.00000
vt 0.00000 0.00000
vt 0.00000 0.00000
vt 0.00000 0.00000
vt 0.00000 0.00000
vt 0.00000 0.00000
vt 0.00000 0.00000
vt 0.00000 0.00000
vt 0.00000 0.00000
vt 0.00000 0.00000
vt 0.00000 0.00000
vt 0.00000 0.00000
vt 0.00000 0.00000
vt 0.00000 0.00000
vt 0.00000 0.00000
vt 0.00000 0.00000
vt 0.00000 0.00000
vt 0.00000 0.00000
vt 0.00000 0.00000
vt 0.00000 0.00000
vt 0.00000 0.00000
vt 0.00000 0.00000
vt 0.00000 0.00000
vt 0.00000 0.00000
vt 0.00000 0.00000
vt 0.00000 0.00000
vt 0.00000 0.00000
vt 0.00000 0.00000
vt 0.00000 0.00000
vt 0.00000 0.00000
vt 0.00000 0.00000
vt 0.00000 0.00000
vt 0.00000 0.00000
vt 0.00000 0.00000
vt 0.00000 0.00000
vt 0.00000 0.00000
vt 0.00000 0.00000
vt 0.00000 0.00000
vt 0.00000 0.00000
vt 0.00000 0.00000
vt 0.00000 0.00000
vt 0.00000 0.00000
vt 0.00000 0.00000
vt 0.00000 0.00000
vt 0.00000 0.00000
vt 0.00000 0.00000
vt 0.00000 0.00000
vt 0.00000 0.00000
vt 0.00000 0.00000
vt 0.00000 0.00000
vt 0.00000 0.00000
vt 0.00000 0.00000
vt 0.00000 0.00000
vt 0.00000 0.00000
vt 0.00000 0.00000
vt 0.00000 0.00000
vt 0.00000 0.00000
vt 0.00000 0.00000
vt 0.00000 0.00000
vt 0.00000 0.00000
vt 0.00000 0.00000
vt 0.00000 0.00000
vt 0.00000 0.00000
vt 0.00000 0.00000
vt 0.00000 0.00000
vt 0.00000 0.00000
vt 0.00000 0.00000
vt 0.00000 0.00000
vt 0.00000 0.00000
vt 0.00000 0.00000
vt 0.00000 0.00000
vt 0.00000 0.00000
vt 0.00000 0.00000
vt 0.00000 0.00000
vt 0.00000 0.00000
vt 0.00000 0.00000
vt 0.00000 0.00000
vt 0.00000 0.00000
vt 0.00000 0.00000
vt 0.00000 0.00000
vt 0.00000 0.00000
vt 0.00000 0.00000
vt 0.00000 0.00000
vt 0.00000 0.00000
vt 0.00000 0.00000
vt 0.00000 0.00000
vt 0.00000 0.00000
vt 0.00000 0.00000
vt 0.00000 0.00000
vt 0.00000 0.00000
vt 0.00000 0.00000
vt 0.00000 0.00000
vt 0.00000 0.00000
vt 0.00000 0.00000
vt 0.00000 0.00000
vt 0.00000 0.00000
vt 0.00000 0.00000
vt 0.00000 0.00000
vt 0.00000 0.00000
vt 0.00000 0.00000
vt 0.00000 0.00000
vt 0.00000 0.00000
vt 0.00000 0.00000
vt 0.00000 0.00000
vt 0.00000 0.00000
vt 0.00000 0.00000
vt 0.00000 0.00000
vt 0.00000 0.00000
vt 0.00000 0.00000
vt 0.00000 0.00000
vt 0.00000 0.00000
vt 0.00000 0.00000
vt 0.00000 0.00000
vt 0.00000 0.00000
vt 0.00000 0.00000
vt 0.00000 0.00000
vt 0.00000 0.00000
vt 0.00000 0.00000
vt 0.00000 0.00000
vt 0.00000 0.00000
vt 0.00000 0.00000
vt 0.00000 0.00000
vt 0.00000 0.00000
vt 0.00000 0.00000
vt 0.00000 0.00000
vt 0.00000 0.00000
vt 0.00000 0.00000
vt 0.00000 0.00000
vt 0.00000 0.00000
vt 0.00000 0.00000
vt 0.00000 0.00000
vt 0.00000 0.00000
vt 0.00000 0.00000
vt 0.00000 0.00000
vt 0.00000 0.00000
vt 0.00000 0.00000
vt 0.00000 0.00000
vt 0.00000 0.00000
vt 0.00000 0.00000
vt 0.00000 0.00000
vt 0.00000 0.00000
vt 0.00000 0.00000
vt 0.00000 0.00000
vt 0.00000 0.00000
vt 0.00000 0.00000
vt 0.00000 0.00000
vt 0.00000 0.00000
vt 0.00000 0.00000
vt 0.00000 0.00000
vt 0.00000 0.00000
vt 0.00000 0.00000
vt 0.00000 0.00000
vt 0.00000 0.00000
vt 0.00000 0.00000
vt 0.00000 0.00000
vt 0.00000 0.00000
vt 0.00000 0.00000
vt 0.00000 0.00000
vt 0.00000 0.00000
vt 0.00000 0.00000
vt 0.00000 0.00000
vt 0.00000 0.00000
vt 0.00000 0.00000
vt 0.00000 0.00000
vt 0.00000 0.00000
vt 0.00000 0.00000
vt 0.00000 0.00000
vt 0.00000 0.00000
vt 0.00000 0.00000
vt 0.00000 0.00000
vt 0.00000 0.00000
vt 0.00000 0.00000
vt 0.00000 0.00000
vt 0.00000 0.00000
vt 0.00000 0.00000
vt 0.00000 0.00000
vt 0.00000 0.00000
vt 0.00000 0.00000
vt 0.00000 0.00000
vt 0.00000 0.00000
vt 0.00000 0.00000
vt 0.00000 0.00000
vt 0.00000 0.00000
vt 0.00000 0.00000
vt 0.00000 0.00000
vt 0.00000 0.00000
vt 0.00000 0.00000
vt 0.00000 0.00000
vt 0.00000 0.00000
vt 0.00000 0.00000
vt 0.00000 0.00000
vt 0.00000 0.00000
vt 0.00000 0.00000
vt 0.00000 0.00000
vt 0.00000 0.00000
vt 0.00000 0.00000
vt 0.00000 0.00000
vt 0.00000 0.00000
vt 0.00000 0.00000
vt 0.00000 0.00000
vt 0.00000 0.00000
vt 0.00000 0.00000
vt 0.00000 0.00000
vt 0.00000 0.00000
vt 0.00000 0.00000
vt 0.00000 0.00000
vt 0.00000 0.00000
vt 0.00000 0.00000
vt 0.00000 0.00000
vt 0.00000 0.00000
vt 0.00000 0.00000
vt 0.00000 0.00000
vt 0.00000 0.00000
vt 0.00000 0.00000
vt 0.00000 0.00000
vt 0.00000 0.00000
vt 0.00000 0.00000
vt 0.00000 0.00000
vt 0.00000 0.00000
vt 0.00000 0.00000
vt 0.00000 0.00000
vt 0.00000 0.00000
vt 0.00000 0.00000
vt 0.00000 0.00000
vt 0.00000 0.00000
vt 0.00000 0.00000
vt 0.00000 0.00000
vt 0.00000 0.00000
vt 0.00000 0.00000
vt 0.00000 0.00000
vt 0.00000 0.00000
vt 0.00000 0.00000
vt 0.00000 0.00000
vt 0.00000 0.00000
vt 0.00000 0.00000
vt 0.00000 0.00000
vt 0.00000 0.00000
vt 0.00000 0.00000
vt 0.00000 0.00000
vt 0.00000 0.00000
vt 0.00000 0.00000
vt 0.00000 0.00000
vt 0.00000 0.00000
vt 0.00000 0.00000
vt 0.00000 0.00000
vt 0.00000 0.00000
vt 0.00000 0.00000
vt 0.00000 0.00000
vt 0.00000 0.00000
vt 0.00000 0.00000
vt 0.00000 0.00000
vt 0.00000 0.00000
vt 0.00000 0.00000
vt 0.00000 0.00000
vt 0.00000 0.00000
vt 0.00000 0.00000
vt 0.00000 0.00000
vt 0.00000 0.00000
vt 0.00000 0.00000
vt 0.00000 0.00000
vt 0.00000 0.00000
vt 0.00000 0.00000
vt 0.00000 0.00000
vt 0.00000 0.00000
vt 0.00000 0.00000
vt 0.00000 0.00000
vt 0.00000 0.00000
vt 0.00000 0.00000
vt 0.00000 0.00000
vt 0.00000 0.00000
vt 0.00000 0.00000
vt 0.00000 0.00000
vt 0.00000 0.00000
vt 0.00000 0.00000
vt 0.00000 0.00000
vt 0.00000 0.00000
vt 0.00000 0.00000
vt 0.00000 0.00000
vt 0.00000 0.00000
vt 0.00000 0.00000
vt 0.00000 0.00000
vt 0.00000 0.00000
vt 0.00000 0.00000
vt 0.00000 0.00000
vt 0.00000 0.00000
vt 0.00000 0.00000
vt 0.00000 0.00000
vt 0.00000 0.00000
vt 0.00000 0.00000
vt 0.00000 0.00000
vt 0.00000 0.00000
vt 0.00000 0.00000
vt 0.00000 0.00000
vt 0.00000 0.00000
vt 0.00000 0.00000
vt 0.00000 0.00000
vt 0.00000 0.00000
vt 0.00000 0.00000
vt 0.00000 0.00000
vt 0.00000 0.00000
vt 0.00000 0.00000
vt 0.00000 0.00000
vt 0.00000 0.00000
vt 0.00000 0.00000
vt 0.00000 0.00000
vt 0.00000 0.00000
vt 0.00000 0.00000
vt 0.00000 0.00000
vt 0.00000 0.00000
vt 0.00000 0.00000
vt 0.00000 0.00000
vt 0.00000 0.00000
vt 0.00000 0.00000
vt 0.00000 0.00000
vt 0.00000 0.00000
vt 0.00000 0.00000
vt 0.00000 0.00000
vt 0.00000 0.00000
vt 0.00000 0.00000
vt 0.00000 0.00000
vt 0.00000 0.00000
vt 0.00000 0.00000
vt 0.00000 0.00000
vt 0.00000 0.00000
vt 0.00000 0.00000
vt 0.00000 0.00000
vt 0.00000 0.00000
vt 0.00000 0.00000
vt 0.00000 0.00000
vt 0.00000 0.00000
vt 0.00000 0.00000
vt 0.00000 0.00000
vt 0.00000 0.00000
vt 0.00000 0.00000
vt 0.00000 0.00000
vt 0.00000 0.00000
vt 0.00000 0.00000
vt 0.00000 0.00000
vt 0.00000 0.00000
vt 0.00000 0.00000
vt 0.00000 0.00000
vt 0.00000 0.00000
vt 0.00000 0.00000
vt 0.00000 0.00000
vt 0.00000 0.00000
vt 0.00000 0.00000
vt 0.00000 0.00000
vt 0.00000 0.00000
vt 0.00000 0.00000
vt 0.00000 0.00000
vt 0.00000 0.00000
vt 0.00000 0.00000
vt 0.00000 0.00000
vt 0.00000 0.00000
vt 0.00000 0.00000
vt 0.00000 0.00000
vt 0.00000 0.00000
vt 0.00000 0.00000
vt 0.00000 0.00000
vt 0.00000 0.00000
vt 0.00000 0.00000
vt 0.00000 0.00000
vt 0.00000 0.00000
vt 0.00000 0.00000
vt 0.00000 0.00000
vt 0.00000 0.00000
vt 0.00000 0.00000
vt 0.00000 0.00000
vt 0.00000 0.00000
vt 0.00000 0.00000
vt 0.00000 0.00000
vt 0.00000 0.00000
vt 0.00000 0.00000
vt 0.00000 0.00000
vt 0.00000 0.00000
vt 0.00000 0.00000
vt 0.00000 0.00000
vt 0.00000 0.00000
vt 0.00000 0.00000
vt 0.00000 0.00000
vt 0.00000 0.00000
vt 0.00000 0.00000
vt 0.00000 0.00000
vt 0.00000 0.00000
vt 0.00000 0.00000
vt 0.00000 0.00000
vt 0.00000 0.00000
vt 0.00000 0.00000
vt 0.00000 0.00000
vt 0.00000 0.00000
vt 0.00000 0.00000
vt 0.00000 0.00000
vt 0.00000 0.00000
vt 0.00000 0.00000
vt 0.00000 0.00000
vt 0.00000 0.00000
vt 0.00000 0.00000
vt 0.00000 0.00000
vt 0.00000 0.00000
vt 0.00000 0.00000
vt 0.00000 0.00000
vt 0.00000 0.00000
vt 0.00000 0.00000
vt 0.00000 0.00000
vt 0.00000 0.00000
vt 0.00000 0.00000
vt 0.00000 0.00000
vt 0.00000 0.00000
vt 0.00000 0.00000
vt 0.00000 0.00000
vt 0.00000 0.00000
vt 0.00000 0.00000
vt 0.00000 0.00000
vt 0.00000 0.00000
vt 0.00000 0.00000
vt 0.00000 0.00000
vt 0.00000 0.00000
vt 0.00000 0.00000
vt 0.00000 0.00000
vt 0.00000 0.00000
vt 0.00000 0.00000
vt 0.00000 0.00000
vt 0.00000 0.00000
vt 0.00000 0.00000
vt 0.00000 0.00000
vt 0.00000 0.00000
vt 0.00000 0.00000
vt 0.00000 0.00000
vt 0.00000 0.00000
vt 0.00000 0.00000
vt 0.00000 0.00000
vt 0.00000 0.00000
vt 0.00000 0.00000
vt 0.00000 0.00000
vt 0.00000 0.00000
vt 0.00000 0.00000
vt 0.00000 0.00000
vt 0.00000 0.00000
vt 0.00000 0.00000
vt 0.00000 0.00000
vt 0.00000 0.00000
vt 0.00000 0.00000
vt 0.00000 0.00000
vt 0.00000 0.00000
vt 0.00000 0.00000
vt 0.00000 0.00000
vt 0.00000 0.00000
vt 0.00000 0.00000
vt 0.00000 0.00000
vt 0.00000 0.00000
vt 0.00000 0.00000
vt 0.00000 0.00000
vt 0.00000 0.00000
vt 0.00000 0.00000
vt 0.00000 0.00000
vt 0.00000 0.00000
vt 0.00000 0.00000
vt 0.00000 0.00000
vt 0.00000 0.00000
vt 0.00000 0.00000
vt 0.00000 0.00000
vt 0.00000 0.00000
vt 0.00000 0.00000
vt 0.00000 0.00000
vt 0.00000 0.00000
vt 0.00000 0.00000
vt 0.00000 0.00000
vt 0.00000 0.00000
vt 0.00000 0.00000
vt 0.00000 0.00000
vt 0.00000 0.00000
vt 0.00000 0.00000
vt 0.00000 0.00000
vt 0.00000 0.00000
vt 0.00000 0.00000
vt 0.00000 0.00000
vt 0.00000 0.00000
vt 0.00000 0.00000
vt 0.00000 0.00000
vt 0.00000 0.00000
vt 0.00000 0.00000
vt 0.00000 0.00000
vt 0.00000 0.00000
vt 0.00000 0.00000
vt 0.00000 0.00000
vt 0.00000 0.00000
vt 0.00000 0.00000
vt 0.00000 0.00000
vt 0.00000 0.00000
vt 0.00000 0.00000
vt 0.00000 0.00000
vt 0.00000 0.00000
vt 0.00000 0.00000
vt 0.00000 0.00000
vt 0.00000 0.00000
vt 0.00000 0.00000
vt 0.00000 0.00000
vt 0.00000 0.00000
vt 0.00000 0.00000
vt 0.00000 0.00000
vt 0.00000 0.00000
vt 0.00000 0.00000
vt 0.00000 0.00000
vt 0.00000 0.00000
vt 0.00000 0.00000
vt 0.00000 0.00000
vt 0.00000 0.00000
vt 0.00000 0.00000
vt 0.00000 0.00000
vt 0.00000 0.00000
vt 0.00000 0.00000
vt 0.00000 0.00000
vt 0.00000 0.00000
vt 0.00000 0.00000
vt 0.00000 0.00000
vt 0.00000 0.00000
vt 0.00000 0.00000
vt 0.00000 0.00000
vt 0.00000 0.00000
vt 0.00000 0.00000
vt 0.00000 0.00000
vt 0.00000 0.00000
vt 0.00000 0.00000
vt 0.00000 0.00000
vt 0.00000 0.00000
vt 0.00000 0.00000
vt 0.00000 0.00000
vt 0.00000 0.00000
vt 0.00000 0.00000
vt 0.00000 0.00000
vt 0.00000 0.00000
vt 0.00000 0.00000
vt 0.00000 0.00000
vt 0.00000 0.00000
vt 0.00000 0.00000
vt 0.00000 0.00000
vt 0.00000 0.00000
vt 0.00000 0.00000
vt 0.00000 0.00000
vt 0.00000 0.00000
vt 0.00000 0.00000
vt 0.00000 0.00000
vt 0.00000 0.00000
vt 0.00000 0.00000
vt 0.00000 0.00000
vt 0.00000 0.00000
vt 0.00000 0.00000
vt 0.00000 0.00000
vt 0.00000 0.00000
vt 0.00000 0.00000
vt 0.00000 0.00000
vt 0.00000 0.00000
vt 0.00000 0.00000
vt 0.00000 0.00000
vt 0.00000 0.00000
vt 0.00000 0.00000
vt 0.00000 0.00000
vt 0.00000 0.00000
vt 0.00000 0.00000
vt 0.00000 0.00000
vt 0.00000 0.00000
vt 0.00000 0.00000
vt 0.00000 0.00000
vt 0.00000 0.00000
vt 0.00000 0.00000
vt 0.00000 0.00000
vt 0.00000 0.00000
vt 0.00000 0.00000
vt 0.00000 0.00000
vt 0.00000 0.00000
vt 0.00000 0.00000
vt 0.00000 0.00000
vt 0.00000 0.00000
vt 0.00000 0.00000
vt 0.00000 0.00000
vt 0.00000 0.00000
vt 0.00000 0.00000
vt 0.00000 0.00000
vt 0.00000 0.00000
vt 0.00000 0.00000
vt 0.00000 0.00000
vt 0.00000 0.00000
vt 0.00000 0.00000
vt 0.00000 0.00000
vt 0.00000 0.00000
vt 0.00000 0.00000
vt 0.00000 0.00000
vt 0.00000 0.00000
vt 0.00000 0.00000
vt 0.00000 0.00000
vt 0.00000 0.00000
vt 0.00000 0.00000
vt 0.00000 0.00000
vt 0.00000 0.00000
vt 0.00000 0.00000
vt 0.00000 0.00000
vt 0.00000 0.00000
vt 0.00000 0.00000
vt 0.00000 0.00000
vt 0.00000 0.00000
vt 0.00000 0.00000
vt 0.00000 0.00000
vt 0.00000 0.00000
vt 0.00000 0.00000
vt 0.00000 0.00000
vt 0.00000 0.00000
vt 0.00000 0.00000
vt 0.00000 0.00000
vt 0.00000 0.00000
vt 0.00000 0.00000
vt 0.00000 0.00000
vt 0.00000 0.00000
vt 0.00000 0.00000
vt 0.00000 0.00000
vt 0.00000 0.00000
vt 0.00000 0.00000
vt 0.00000 0.00000
vt 0.00000 0.00000
vt 0.00000 0.00000
vt 0.00000 0.00000
vt 0.00000 0.00000
vt 0.00000 0.00000
vt 0.00000 0.00000
vt 0.00000 0.00000
vt 0.00000 0.00000
vt 0.00000 0.00000
vt 0.00000 0.00000
vt 0.00000 0.00000
vt 0.00000 0.00000
vt 0.00000 0.00000
vt 0.00000 0.00000
vt 0.00000 0.00000
vt 0.00000 0.00000
vt 0.00000 0.00000
vt 0.00000 0.00000
vt 0.00000 0.00000
vt 0.00000 0.00000
vt 0.00000 0.00000
vt 0.00000 0.00000
vt 0.00000 0.00000
vt 0.00000 0.00000
vt 0.00000 0.00000
vt 0.00000 0.00000
vt 0.00000 0.00000
vt 0.00000 0.00000
vt 0.00000 0.00000
vt 0.00000 0.00000
vt 0.00000 0.00000
vt 0.00000 0.00000
vt 0.00000 0.00000
vt 0.00000 0.00000
vt 0.00000 0.00000
vt 0.00000 0.00000
vt 0.00000 0.00000
vt 0.00000 0.00000
vt 0.00000 0.00000
vt 0.00000 0.00000
vt 0.00000 0.00000
vt 0.00000 0.00000
vt 0.00000 0.00000
vt 0.00000 0.00000
vt 0.00000 0.00000
vt 0.00000 0.00000
vt 0.00000 0.00000
vt 0.00000 0.00000
vt 0.00000 0.00000
vt 0.00000 0.00000
vt 0.00000 0.00000
vt 0.00000 0.00000
vt 0.00000 0.00000
vt 0.00000 0.00000
vt 0.00000 0.00000
vt 0.00000 0.00000
vt 0.00000 0.00000
vt 0.00000 0.00000
vt 0.00000 0.00000
vt 0.00000 0.00000
vt 0.00000 0.00000
vt 0.00000 0.00000
vt 0.00000 0.00000
vt 0.00000 0.00000
vt 0.00000 0.00000
vt 0.00000 0.00000
vt 0.00000 0.00000
vt 0.00000 0.00000
vt 0.00000 0.00000
vt 0.00000 0.00000
vt 0.00000 0.00000
vt 0.00000 0.00000
vt 0.00000 0.00000
vt 0.00000 0.00000
vt 0.00000 0.00000
vt 0.00000 0.00000
vt 0.00000 0.00000
vt 0.00000 0.00000
vt 0.00000 0.00000
vt 0.00000 0.00000
vt 0.00000 0.00000
vt 0.00000 0.00000
vt 0.00000 0.00000
vt 0.00000 0.00000
vt 0.00000 0.00000
vt 0.00000 0.00000
vt 0.00000 0.00000
vt 0.00000 0.00000
vt 0.00000 0.00000
vt 0.00000 0.00000
vt 0.00000 0.00000
vt 0.00000 0.00000
vt 0.00000 0.00000
vt 0.00000 0.00000
vt 0.00000 0.00000
vt 0.00000 0.00000
vt 0.00000 0.00000
vt 0.00000 0.00000
vt 0.00000 0.00000
vt 0.00000 0.00000
vt 0.00000 0.00000
vt 0.00000 0.00000
vt 0.00000 0.00000
vt 0.00000 0.00000
vt 0.00000 0.00000
vt 0.00000 0.00000
vt 0.00000 0.00000
vt 0.00000 0.00000
vt 0.00000 0.00000
vt 0.00000 0.00000
vt 0.00000 0.00000
vt 0.00000 0.00000
vt 0.00000 0.00000
vt 0.00000 0.00000
vt 0.00000 0.00000
vt 0.00000 0.00000
vt 0.00000 0.00000
vt 0.00000 0.00000
vt 0.00000 0.00000
vt 0.00000 0.00000
vt 0.00000 0.00000
vt 0.00000 0.00000
vt 0.00000 0.00000
vt 0.00000 0.00000
vt 0.00000 0.00000
vt 0.00000 0.00000
vt 0.00000 0.00000
vt 0.00000 0.00000
vt 0.00000 0.00000
vt 0.00000 0.00000
vt 0.00000 0.00000
vt 0.00000 0.00000
vt 0.00000 0.00000
vt 0.00000 0.00000
vt 0.00000 0.00000
vt 0.00000 0.00000
vt 0.00000 0.00000
vt 0.00000 0.00000
vt 0.00000 0.00000
vt 0.00000 0.00000
vt 0.00000 0.00000
vt 0.00000 0.00000
vt 0.00000 0.00000
vt 0.00000 0.00000
vt 0.00000 0.00000
vt 0.00000 0.00000
vt 0.00000 0.00000
vt 0.00000 0.00000
vt 0.00000 0.00000
vt 0.00000 0.00000
vt 0.00000 0.00000
vt 0.00000 0.00000
vt 0.00000 0.00000
vt 0.00000 0.00000
vt 0.00000 0.00000
vt 0.00000 0.00000
vt 0.00000 0.00000
vt 0.00000 0.00000
vt 0.00000 0.00000
vt 0.00000 0.00000
vt 0.00000 0.00000
vt 0.00000 0.00000
vt 0.00000 0.00000
vt 0.00000 0.00000
vt 0.00000 0.00000
vt 0.00000 0.00000
vt 0.00000 0.00000
vt 0.00000 0.00000
vt 0.00000 0.00000
vt 0.00000 0.00000
vt 0.00000 0.00000
vt 0.00000 0.00000
vt 0.00000 0.00000
vt 0.00000 0.00000
vt 0.00000 0.00000
vt 0.00000 0.00000
vt 0.00000 0.00000
vt 0.00000 0.00000
vt 0.00000 0.00000
vt 0.00000 0.00000
vt 0.00000 0.00000
vt 0.00000 0.00000
vt 0.00000 0.00000
vt 0.00000 0.00000
vt 0.00000 0.00000
vt 0.00000 0.00000
vt 0.00000 0.00000
vt 0.00000 0.00000
vt 0.00000 0.00000
vt 0.00000 0.00000
vt 0.00000 0.00000
vt 0.00000 0.00000
vt 0.00000 0.00000
vt 0.00000 0.00000
vt 0.00000 0.00000
vt 0.00000 0.00000
vt 0.00000 0.00000
vt 0.00000 0.00000
vt 0.00000 0.00000
vt 0.00000 0.00000
vt 0.00000 0.00000
vt 0.00000 0.00000
vt 0.00000 0.00000
vt 0.00000 0.00000
vt 0.00000 0.00000
vt 0.00000 0.00000
vt 0.00000 0.00000
vt 0.00000 0.00000
vt 0.00000 0.00000
vt 0.00000 0.00000
vt 0.00000 0.00000
vt 0.00000 0.00000
vt 0.00000 0.00000
vt 0.00000 0.00000
vt 0.00000 0.00000
vt 0.00000 0.00000
vt 0.00000 0.00000
vt 0.00000 0.00000
vt 0.00000 0.00000
vt 0.00000 0.00000
vt 0.00000 0.00000
vt 0.00000 0.00000
vt 0.00000 0.00000
vt 0.00000 0.00000
vt 0.00000 0.00000
vt 0.00000 0.00000
vt 0.00000 0.00000
vt 0.00000 0.00000
vt 0.00000 0.00000
vt 0.00000 0.00000
vt 0.00000 0.00000
vt 0.00000 0.00000
vt 0.00000 0.00000
vt 0.00000 0.00000
vt 0.00000 0.00000
vt 0.00000 0.00000
vt 0.00000 0.00000
vt 0.00000 0.00000
vt 0.00000 0.00000
vt 0.00000 0.00000
vt 0.00000 0.00000
vt 0.00000 0.00000
vt 0.00000 0.00000
vt 0.00000 0.00000
vt 0.00000 0.00000
vt 0.00000 0.00000
vt 0.00000 0.00000
vt 0.00000 0.00000
vt 0.00000 0.00000
vt 0.00000 0.00000
vt 0.00000 0.00000
vt 0.00000 0.00000
vt 0.00000 0.00000
vt 0.00000 0.00000
vt 0.00000 0.00000
vt 0.00000 0.00000
vt 0.00000 0.00000
vt 0.00000 0.00000
vt 0.00000 0.00000
vt 0.00000 0.00000
vt 0.00000 0.00000
vt 0.00000 0.00000
vt 0.00000 0.00000
vt 0.00000 0.00000
vt 0.00000 0.00000
vt 0.00000 0.00000
vt 0.00000 0.00000
vt 0.00000 0.00000
vt 0.00000 0.00000
vt 0.00000 0.00000
vt 0.00000 0.00000
vt 0.00000 0.00000
vt 0.00000 0.00000
vt 0.00000 0.00000
vt 0.00000 0.00000
vt 0.00000 0.00000
vt 0.00000 0.00000
vt 0.00000 0.00000
vt 0.00000 0.00000
vt 0.00000 0.00000
vt 0.00000 0.00000
vt 0.00000 0.00000
vt 0.00000 0.00000
vt 0.00000 0.00000
vt 0.00000 0.00000
vt 0.00000 0.00000
vt 0.00000 0.00000
vt 0.00000 0.00000
vt 0.00000 0.00000
vt 0.00000 0.00000
vt 0.00000 0.00000
vt 0.00000 0.00000
vt 0.00000 0.00000
vt 0.00000 0.00000
vt 0.00000 0.00000
vt 0.00000 0.00000
vt 0.00000 0.00000
vt 0.00000 0.00000
vt 0.00000 0.00000
vt 0.00000 0.00000
vt 0.00000 0.00000
vt 0.00000 0.00000
vt 0.00000 0.00000
vt 0.00000 0.00000
vt 0.00000 0.00000
vt 0.00000 0.00000
vt 0.00000 0.00000
vt 0.00000 0.00000
vt 0.00000 0.00000
vt 0.00000 0.00000
vt 0.00000 0.00000
vt 0.00000 0.00000
vt 0.00000 0.00000
vt 0.00000 0.00000
vt 0.00000 0.00000
vt 0.00000 0.00000
vt 0.00000 0.00000
vt 0.00000 0.00000
vt 0.00000 0.00000
vt 0.00000 0.00000
vt 0.00000 0.00000
vt 0.00000 0.00000
vt 0.00000 0.00000
vt 0.00000 0.00000
vt 0.00000 0.00000
vt 0.00000 0.00000
vt 0.00000 0.00000
vt 0.00000 0.00000
vt 0.00000 0.00000
vt 0.00000 0.00000
vt 0.00000 0.00000
vt 0.00000 0.00000
f 5/5 1/1 3/3
f 5/5 3/3 4/4
f 6/6 7/7 1/1
f 6/6 1/1 5/5
f 7/7 8/8 3/3
f 7/7 3/3 1/1
f 10/10 2/2 9/9
f 10/10 9/9 175/175
f 164/164 13/13 2/2
f 164/164 2/2 163/163
f 13/13 14/14 9/9
f 13/13 9/9 2/2
f 14/14 15/15 16/16
f 14/14 16/16 9/9
f 15/15 17/17 18/18
f 15/15 18/18 16/16
f 16/16 18/18 19/19
f 16/16 19/19 20/20
f 175/175 9/9 16/16
f 175/175 16/16 20/20
f 20/20 19/19 21/21
f 20/20 21/21 22/22
f 174/174 175/175 20/20
f 174/174 20/20 22/22
f 173/173 174/174 22/22
f 173/173 22/22 142/142
f 23/23 143/143 144/144
f 23/23 144/144 27/27
f 23/23 27/27 11/11
f 23/23 11/11 10/10
f 89/89 29/29 27/27
f 89/89 27/27 144/144
f 29/29 12/12 11/11
f 29/29 11/11 27/27
f 156/156 28/28 26/26
f 156/156 26/26 155/155
f 33/33 31/31 30/30
f 33/33 30/30 32/32
f 138/138 33/33 32/32
f 138/138 32/32 137/137
f 181/181 35/35 34/34
f 181/181 34/34 180/180
f 180/180 34/34 36/36
f 180/180 36/36 197/197
f 196/196 167/167 37/37
f 196/196 37/37 195/195
f 195/195 37/37 38/38
f 195/195 38/38 194/194
f 133/133 134/134 40/40
f 133/133 40/40 41/41
f 41/41 42/42 43/43
f 41/41 43/43 44/44
f 41/41 44/44 178/178
f 41/41 178/178 133/133
f 41/41 40/40 46/46
f 41/41 46/46 42/42
f 152/152 47/47 48/48
f 152/152 48/48 151/151
f 46/46 40/40 49/49
f 46/46 49/49 50/50
f 152/152 153/153 24/24
f 152/152 24/24 47/47
f 169/169 170/170 50/50
f 169/169 50/50 49/49
f 171/171 172/172 24/24
f 171/171 24/24 153/153
f 52/52 51/51 32/32
f 52/52 32/32 30/30
f 154/154 155/155 26/26
f 154/154 26/26 25/25
f 168/168 169/169 49/49
f 168/168 49/49 135/135
f 51/51 136/136 137/137
f 51/51 137/137 32/32
f 49/49 40/40 134/134
f 49/49 134/134 135/135
f 140/140 53/53 54/54
f 140/140 54/54 139/139
f 48/48 55/55 150/150
f 48/48 150/150 151/151
f 140/140 141/141 21/21
f 140/140 21/21 53/53
f 56/56 112/112 139/139
f 56/56 139/139 54/54
f 57/57 149/149 150/150
f 57/57 150/150 55/55
f 58/58 59/59 44/44
f 58/58 44/44 43/43
f 59/59 117/117 177/177
f 59/59 177/177 44/44
f 8/8 56/56 54/54
f 8/8 54/54 3/3
f 54/54 53/53 4/4
f 54/54 4/4 3/3
f 53/53 21/21 19/19
f 53/53 19/19 4/4
f 141/141 142/142 22/22
f 141/141 22/22 21/21
f 18/18 5/5 4/4
f 18/18 4/4 19/19
f 17/17 6/6 5/5
f 17/17 5/5 18/18
f 68/68 62/62 66/66
f 68/68 66/66 67/67
f 68/68 69/69 70/70
f 68/68 70/70 62/62
f 62/62 65/65 71/71
f 62/62 71/71 66/66
f 74/74 63/63 162/162
f 74/74 162/162 166/166
f 64/64 75/75 76/76
f 64/64 76/76 77/77
f 64/64 78/78 79/79
f 64/64 79/79 75/75
f 64/64 77/77 80/80
f 64/64 80/80 78/78
f 80/80 77/77 6/6
f 80/80 6/6 17/17
f 80/80 17/17 15/15
f 80/80 15/15 81/81
f 80/80 81/81 82/82
f 80/80 82/82 78/78
f 82/82 83/83 79/79
f 82/82 79/79 78/78
f 84/84 74/74 82/82
f 84/84 82/82 81/81
f 74/74 166/166 83/83
f 74/74 83/83 82/82
f 14/14 84/84 81/81
f 14/14 81/81 15/15
f 84/84 14/14 13/13
f 84/84 13/13 85/85
f 84/84 85/85 63/63
f 84/84 63/63 74/74
f 85/85 165/165 162/162
f 85/85 162/162 63/63
f 85/85 13/13 164/164
f 85/85 164/164 165/165
f 12/12 29/29 87/87
f 12/12 87/87 86/86
f 87/87 88/88 99/99
f 87/87 99/99 101/101
f 87/87 101/101 72/72
f 87/87 72/72 86/86
f 87/87 29/29 89/89
f 87/87 89/89 88/88
f 89/89 28/28 90/90
f 89/89 90/90 88/88
f 90/90 157/157 158/158
f 90/90 158/158 97/97
f 90/90 97/97 99/99
f 90/90 99/99 88/88
f 90/90 28/28 156/156
f 90/90 156/156 157/157
f 31/31 33/33 92/92
f 31/31 92/92 91/91
f 69/69 92/92 161/161
f 69/69 161/161 70/70
f 92/92 69/69 94/94
f 92/92 94/94 91/91
f 92/92 33/33 138/138
f 92/92 138/138 161/161
f 65/65 62/62 70/70
f 65/65 70/70 160/160
f 94/94 69/69 68/68
f 94/94 68/68 95/95
f 158/158 159/159 96/96
f 158/158 96/96 97/97
f 97/97 96/96 98/98
f 97/97 98/98 99/99
f 99/99 98/98 100/100
f 99/99 100/100 101/101
f 101/101 100/100 73/73
f 101/101 73/73 72/72
f 100/100 98/98 102/102
f 100/100 102/102 103/103
f 73/73 100/100 103/103
f 73/73 103/103 104/104
f 104/104 103/103 105/105
f 104/104 105/105 106/106
f 79/79 83/83 104/104
f 79/79 104/104 106/106
f 106/106 105/105 107/107
f 106/106 107/107 108/108
f 75/75 79/79 106/106
f 75/75 106/106 108/108
f 108/108 107/107 109/109
f 108/108 109/109 110/110
f 76/76 75/75 108/108
f 76/76 108/108 110/110
f 110/110 109/109 56/56
f 110/110 56/56 8/8
f 7/7 76/76 110/110
f 7/7 110/110 8/8
f 7/7 6/6 77/77
f 7/7 77/77 76/76
f 56/56 109/109 111/111
f 56/56 111/111 112/112
f 112/112 111/111 113/113
f 112/112 113/113 57/57
f 57/57 113/113 148/148
f 57/57 148/148 149/149
f 58/58 114/114 115/115
f 58/58 115/115 59/59
f 117/117 59/59 115/115
f 117/117 115/115 116/116
f 117/117 116/116 61/61
f 117/117 61/61 60/60
f 61/61 116/116 118/118
f 61/61 118/118 119/119
f 119/119 118/118 120/120
f 119/119 120/120 121/121
f 121/121 120/120 66/66
f 121/121 66/66 71/71
f 121/121 71/71 185/185
f 121/121 185/185 186/186
f 122/122 123/123 120/120
f 122/122 120/120 118/118
f 123/123 67/67 66/66
f 123/123 66/66 120/120
f 123/123 122/122 124/124
f 123/123 124/124 125/125
f 123/123 125/125 126/126
f 123/123 126/126 67/67
f 145/145 146/146 127/127
f 145/145 127/127 128/128
f 96/96 159/159 145/145
f 96/96 145/145 128/128
f 95/95 68/68 67/67
f 95/95 67/67 126/126
f 128/128 127/127 129/129
f 128/128 129/129 102/102
f 98/98 96/96 128/128
f 98/98 128/128 102/102
f 129/129 127/127 130/130
f 129/129 130/130 131/131
f 129/129 131/131 107/107
f 129/129 107/107 105/105
f 129/129 105/105 103/103
f 129/129 103/103 102/102
f 131/131 130/130 113/113
f 131/131 113/113 111/111
f 131/131 111/111 109/109
f 131/131 109/109 107/107
f 130/130 147/147 148/148
f 130/130 148/148 113/113
f 130/130 127/127 146/146
f 130/130 146/146 147/147
f 124/124 122/122 115/115
f 124/124 115/115 114/114
f 115/115 122/122 118/118
f 115/115 118/118 116/116
f 65/65 184/184 185/185
f 65/65 185/185 71/71
f 93/93 35/35 181/181
f 93/93 181/181 182/182
f 117/117 60/60 176/176
f 117/117 176/176 177/177
f 133/133 178/178 179/179
f 133/133 179/179 39/39
f 39/39 38/38 134/134
f 39/39 134/134 133/133
f 135/135 134/134 38/38
f 135/135 38/38 37/37
f 167/167 168/168 135/135
f 167/167 135/135 37/37
f 137/137 136/136 36/36
f 137/137 36/36 34/34
f 35/35 138/138 137/137
f 35/35 137/137 34/34
f 112/112 57/57 55/55
f 112/112 55/55 139/139
f 48/48 140/140 139/139
f 48/48 139/139 55/55
f 48/48 47/47 141/141
f 48/48 141/141 140/140
f 47/47 24/24 142/142
f 47/47 142/142 141/141
f 172/172 173/173 142/142
f 172/172 142/142 24/24
f 144/144 143/143 25/25
f 144/144 25/25 26/26
f 28/28 89/89 144/144
f 28/28 144/144 26/26
f 126/126 125/125 146/146
f 126/126 146/146 145/145
f 147/147 146/146 125/125
f 147/147 125/125 124/124
f 148/148 147/147 124/124
f 148/148 124/124 114/114
f 149/149 148/148 114/114
f 149/149 114/114 58/58
f 149/149 58/58 43/43
f 149/149 43/43 150/150
f 151/151 150/150 43/43
f 151/151 43/43 42/42
f 46/46 152/152 151/151
f 46/46 151/151 42/42
f 46/46 50/50 153/153
f 46/46 153/153 152/152
f 170/170 171/171 153/153
f 170/170 153/153 50/50
f 52/52 30/30 155/155
f 52/52 155/155 154/154
f 31/31 156/156 155/155
f 31/31 155/155 30/30
f 157/157 156/156 31/31
f 157/157 31/31 91/91
f 158/158 157/157 91/91
f 158/158 91/91 94/94
f 94/94 95/95 159/159
f 94/94 159/159 158/158
f 159/159 95/95 126/126
f 159/159 126/126 145/145
f 160/160 93/93 182/182
f 160/160 182/182 183/183
f 65/65 160/160 183/183
f 65/65 183/183 184/184
f 161/161 138/138 35/35
f 161/161 35/35 93/93
f 70/70 161/161 93/93
f 70/70 93/93 160/160
f 194/194 38/38 39/39
f 194/194 39/39 193/193
f 39/39 179/179 192/192
f 39/39 192/192 193/193
f 60/60 189/189 190/190
f 60/60 190/190 176/176
f 61/61 188/188 189/189
f 61/61 189/189 60/60
f 187/187 119/119 121/121
f 187/187 121/121 186/186
f 187/187 188/188 61/61
f 187/187 61/61 119/119
f 12/12 164/164 163/163
f 12/12 163/163 11/11
f 165/165 164/164 12/12
f 165/165 12/12 86/86
f 162/162 165/165 86/86
f 162/162 86/86 72/72
f 166/166 162/162 72/72
f 166/166 72/72 73/73
f 166/166 73/73 104/104
f 166/166 104/104 83/83
f 197/197 36/36 167/167
f 197/197 167/167 196/196
f 136/136 168/168 167/167
f 136/136 167/167 36/36
f 51/51 169/169 168/168
f 51/51 168/168 136/136
f 170/170 169/169 51/51
f 170/170 51/51 52/52
f 171/171 170/170 52/52
f 171/171 52/52 154/154
f 172/172 171/171 154/154
f 172/172 154/154 25/25
f 143/143 173/173 172/172
f 143/143 172/172 25/25
f 23/23 174/174 173/173
f 23/23 173/173 143/143
f 175/175 174/174 23/23
f 175/175 23/23 10/10
f 163/163 2/2 10/10
f 163/163 10/10 11/11
f 176/176 190/190 191/191
f 176/176 191/191 45/45
f 177/177 176/176 45/45
f 177/177 45/45 132/132
f 132/132 178/178 44/44
f 132/132 44/44 177/177
f 179/179 178/178 132/132
f 179/179 132/132 45/45
f 192/192 179/179 45/45
f 192/192 45/45 191/191
f 200/200 198/198 284/284
f 200/200 284/284 257/257
f 198/198 200/200 340/340
f 198/198 340/340 341/341
f 198/198 341/341 342/342
f 198/198 342/342 317/317
f 199/199 333/333 334/334
f 199/199 334/334 319/319
f 329/329 203/203 206/206
f 329/329 206/206 328/328
f 328/328 206/206 252/252
f 328/328 252/252 327/327
f 326/326 298/298 251/251
f 326/326 251/251 325/325
f 324/324 286/286 253/253
f 324/324 253/253 323/323
f 323/323 253/253 254/254
f 323/323 254/254 322/322
f 322/322 254/254 344/344
f 322/322 344/344 345/345
f 352/352 351/351 212/212
f 352/352 212/212 213/213
f 213/213 212/212 214/214
f 213/213 214/214 215/215
f 215/215 214/214 291/291
f 215/215 291/291 292/292
f 217/217 216/216 303/303
f 217/217 303/303 304/304
f 219/219 218/218 220/220
f 219/219 220/220 221/221
f 221/221 220/220 202/202
f 221/221 202/202 201/201
f 220/220 218/218 314/314
f 220/220 314/314 315/315
f 202/202 220/220 315/315
f 202/202 315/315 316/316
f 224/224 223/223 236/236
f 224/224 236/236 235/235
f 225/225 343/343 330/330
f 225/225 330/330 227/227
f 257/257 284/284 226/226
f 257/257 226/226 260/260
f 230/230 332/332 333/333
f 230/230 333/333 199/199
f 230/230 228/228 331/331
f 230/230 331/331 332/332
f 232/232 233/233 234/234
f 232/232 234/234 231/231
f 331/331 228/228 227/227
f 331/331 227/227 330/330
f 232/232 235/235 236/236
f 232/232 236/236 233/233
f 236/236 237/237 238/238
f 236/236 238/238 233/233
f 237/237 236/236 223/223
f 237/237 223/223 222/222
f 239/239 301/301 302/302
f 239/239 302/302 240/240
f 289/289 290/290 241/241
f 289/289 241/241 246/246
f 303/303 216/216 312/312
f 303/303 312/312 313/313
f 291/291 214/214 310/310
f 291/291 310/310 311/311
f 214/214 212/212 309/309
f 214/214 309/309 310/310
f 242/242 349/349 348/348
f 242/242 348/348 244/244
f 241/241 242/242 244/244
f 241/241 244/244 246/246
f 212/212 351/351 350/350
f 212/212 350/350 309/309
f 348/348 347/347 243/243
f 348/348 243/243 244/244
f 244/244 243/243 245/245
f 244/244 245/245 246/246
f 246/246 245/245 288/288
f 246/246 288/288 289/289
f 288/288 245/245 248/248
f 288/288 248/248 287/287
f 247/247 249/249 299/299
f 247/247 299/299 300/300
f 247/247 300/300 301/301
f 247/247 301/301 239/239
f 299/299 249/249 251/251
f 299/299 251/251 298/298
f 250/250 252/252 206/206
f 250/250 206/206 234/234
f 250/250 234/234 233/233
f 250/250 233/233 238/238
f 206/206 203/203 231/231
f 206/206 231/231 234/234
f 286/286 287/287 248/248
f 286/286 248/248 253/253
f 253/253 248/248 255/255
f 253/253 255/255 254/254
f 255/255 346/346 344/344
f 255/255 344/344 254/254
f 255/255 248/248 245/245
f 255/255 245/245 243/243
f 255/255 243/243 347/347
f 255/255 347/347 346/346
f 256/256 337/337 338/338
f 256/256 338/338 260/260
f 336/336 277/277 204/204
f 336/336 204/204 335/335
f 256/256 260/260 226/226
f 256/256 226/226 229/229
f 257/257 339/339 340/340
f 257/257 340/340 200/200
f 339/339 257/257 260/260
f 339/339 260/260 338/338
f 201/201 261/261 262/262
f 201/201 262/262 221/221
f 304/304 305/305 263/263
f 304/304 263/263 217/217
f 292/292 293/293 264/264
f 292/292 264/264 215/215
f 215/215 264/264 265/265
f 215/215 265/265 213/213
f 213/213 265/265 353/353
f 213/213 353/353 352/352
f 357/357 356/356 278/278
f 357/357 278/278 211/211
f 211/211 278/278 279/279
f 211/211 279/279 210/210
f 210/210 279/279 296/296
f 210/210 296/296 285/285
f 209/209 280/280 308/308
f 209/209 308/308 297/297
f 207/207 282/282 283/283
f 207/207 283/283 205/205
f 307/307 268/268 270/270
f 307/307 270/270 306/306
f 269/269 271/271 259/259
f 269/269 259/259 258/258
f 263/263 305/305 306/306
f 263/263 306/306 270/270
f 262/262 261/261 259/259
f 262/262 259/259 271/271
f 294/294 295/295 267/267
f 294/294 267/267 272/272
f 264/264 293/293 294/294
f 264/264 294/294 272/272
f 272/272 267/267 266/266
f 272/272 266/266 273/273
f 265/265 264/264 272/272
f 265/265 272/272 273/273
f 273/273 266/266 355/355
f 273/273 355/355 354/354
f 353/353 265/265 273/273
f 353/353 273/273 354/354
f 221/221 262/262 274/274
f 221/221 274/274 219/219
f 274/274 262/262 271/271
f 274/274 271/271 275/275
f 269/269 276/276 275/275
f 269/269 275/275 271/271
f 208/208 281/281 282/282
f 208/208 282/282 207/207
f 204/204 277/277 256/256
f 204/204 256/256 229/229
f 278/278 356/356 355/355
f 278/278 355/355 266/266
f 279/279 278/278 266/266
f 279/279 266/266 267/267
f 296/296 279/279 267/267
f 296/296 267/267 295/295
f 308/308 280/280 268/268
f 308/308 268/268 307/307
f 282/282 281/281 276/276
f 282/282 276/276 269/269
f 283/283 282/282 269/269
f 283/283 269/269 258/258
f 256/256 277/277 336/336
f 256/256 336/336 337/337
f 284/284 318/318 321/321
f 284/284 321/321 226/226
f 317/317 318/318 284/284
f 317/317 284/284 198/198
f 320/320 321/321 228/228
f 320/320 228/228 230/230
f 320/320 230/230 199/199
f 320/320 199/199 319/319
f 325/325 251/251 286/286
f 325/325 286/286 324/324
f 251/251 249/249 287/287
f 251/251 287/287 286/286
f 247/247 288/288 287/287
f 247/247 287/287 249/249
f 289/289 288/288 247/247
f 289/289 247/247 239/239
f 239/239 240/240 290/290
f 239/239 290/290 289/289
f 216/216 291/291 311/311
f 216/216 311/311 312/312
f 292/292 291/291 216/216
f 292/292 216/216 217/217
f 217/217 263/263 293/293
f 217/217 293/293 292/292
f 293/293 263/263 270/270
f 293/293 270/270 294/294
f 270/270 268/268 295/295
f 270/270 295/295 294/294
f 280/280 296/296 295/295
f 280/280 295/295 268/268
f 285/285 296/296 280/280
f 285/285 280/280 209/209
f 327/327 252/252 298/298
f 327/327 298/298 326/326
f 250/250 299/299 298/298
f 250/250 298/298 252/252
f 300/300 299/299 250/250
f 300/300 250/250 238/238
f 301/301 300/300 238/238
f 301/301 238/238 237/237
f 302/302 301/301 237/237
f 302/302 237/237 222/222
f 218/218 303/303 313/313
f 218/218 313/313 314/314
f 304/304 303/303 218/218
f 304/304 218/218 219/219
f 219/219 274/274 305/305
f 219/219 305/305 304/304
f 305/305 274/274 275/275
f 305/305 275/275 306/306
f 276/276 307/307 306/306
f 276/276 306/306 275/275
f 281/281 308/308 307/307
f 281/281 307/307 276/276
f 297/297 308/308 281/281
f 297/297 281/281 208/208
f 309/309 350/350 349/349
f 309/309 349/349 242/242
f 310/310 309/309 242/242
f 310/310 242/242 241/241
f 311/311 310/310 241/241
f 311/311 241/241 290/290
f 312/312 311/311 290/290
f 312/312 290/290 240/240
f 313/313 312/312 240/240
f 313/313 240/240 302/302
f 314/314 313/313 302/302
f 314/314 302/302 222/222
f 315/315 314/314 222/222
f 315/315 222/222 223/223
f 316/316 315/315 223/223
f 316/316 223/223 224/224
f 317/317 342/342 343/343
f 317/317 343/343 225/225
f 225/225 227/227 318/318
f 225/225 318/318 317/317
f 229/229 320/320 319/319
f 229/229 319/319 204/204
f 229/229 226/226 321/321
f 229/229 321/321 320/320
f 211/211 322/322 345/345
f 211/211 345/345 357/357
f 210/210 323/323 322/322
f 210/210 322/322 211/211
f 285/285 324/324 323/323
f 285/285 323/323 210/210
f 209/209 325/325 324/324
f 209/209 324/324 285/285
f 297/297 326/326 325/325
f 297/297 325/325 209/209
f 208/208 327/327 326/326
f 208/208 326/326 297/297
f 207/207 328/328 327/327
f 207/207 327/327 208/208
f 205/205 329/329 328/328
f 205/205 328/328 207/207
f 319/319 334/334 335/335
f 319/319 335/335 204/204
f 321/321 318/318 227/227
f 321/321 227/227 228/228
f 232/232 331/331 330/330
f 232/232 330/330 235/235
f 332/332 331/331 232/232
f 332/332 232/232 231/231
f 333/333 332/332 231/231
f 333/333 231/231 203/203
f 334/334 333/333 203/203
f 334/334 203/203 329/329
f 335/335 334/334 329/329
f 335/335 329/329 205/205
f 283/283 336/336 335/335
f 283/283 335/335 205/205
f 337/337 336/336 283/283
f 337/337 283/283 258/258
f 338/338 337/337 258/258
f 338/338 258/258 259/259
f 261/261 339/339 338/338
f 261/261 338/338 259/259
f 340/340 339/339 261/261
f 340/340 261/261 201/201
f 341/341 340/340 201/201
f 341/341 201/201 202/202
f 342/342 341/341 202/202
f 342/342 202/202 316/316
f 343/343 342/342 316/316
f 343/343 316/316 224/224
f 330/330 343/343 224/224
f 330/330 224/224 235/235
f 413/413 366/366 386/386
f 413/413 386/386 412/412
f 411/411 412/412 386/386
f 411/411 386/386 405/405
f 422/422 405/405 369/369
f 422/422 369/369 421/421
f 421/421 369/369 370/370
f 421/421 370/370 420/420
f 420/420 370/370 371/371
f 420/420 371/371 419/419
f 418/418 419/419 371/371
f 418/418 371/371 372/372
f 407/407 417/417 418/418
f 407/407 418/418 372/372
f 416/416 373/373 374/374
f 416/416 374/374 415/415
f 374/374 373/373 375/375
f 374/374 375/375 376/376
f 376/376 375/375 377/377
f 376/376 377/377 378/378
f 377/377 375/375 408/408
f 377/377 408/408 409/409
f 380/380 372/372 371/371
f 380/380 371/371 381/381
f 379/379 380/380 381/381
f 379/379 381/381 382/382
f 375/375 373/373 407/407
f 375/375 407/407 408/408
f 382/382 381/381 383/383
f 382/382 383/383 384/384
f 366/366 385/385 387/387
f 366/366 387/387 386/386
f 387/387 369/369 405/405
f 387/387 405/405 386/386
f 387/387 385/385 384/384
f 387/387 384/384 383/383
f 387/387 383/383 370/370
f 387/387 370/370 369/369
f 383/383 381/381 371/371
f 383/383 371/371 370/370
f 378/378 388/388 389/389
f 378/378 389/389 376/376
f 376/376 389/389 390/390
f 376/376 390/390 374/374
f 374/374 390/390 414/414
f 374/374 414/414 415/415
f 427/427 414/414 390/390
f 427/427 390/390 391/391
f 425/425 426/426 404/404
f 425/425 404/404 400/400
f 368/368 401/401 402/402
f 368/368 402/402 367/367
f 394/394 393/393 392/392
f 394/394 392/392 395/395
f 389/389 388/388 394/394
f 389/389 394/394 395/395
f 390/390 389/389 395/395
f 390/390 395/395 391/391
f 398/398 400/400 401/401
f 398/398 401/401 368/368
f 423/423 411/411 405/405
f 423/423 405/405 422/422
f 425/425 400/400 398/398
f 425/425 398/398 424/424
f 392/392 401/401 400/400
f 392/392 400/400 404/404
f 402/402 401/401 392/392
f 402/402 392/392 393/393
f 427/427 391/391 404/404
f 427/427 404/404 426/426
f 395/395 392/392 404/404
f 395/395 404/404 391/391
f 345/345 344/344 366/366
f 345/345 366/366 413/413
f 367/367 402/402 356/356
f 367/367 356/356 357/357
f 355/355 356/356 402/402
f 355/355 402/402 393/393
f 354/354 355/355 393/393
f 354/354 393/393 394/394
f 388/388 353/353 354/354
f 388/388 354/354 394/394
f 352/352 353/353 388/388
f 352/352 388/388 378/378
f 378/378 377/377 351/351
f 378/378 351/351 352/352
f 350/350 351/351 377/377
f 350/350 377/377 409/409
f 348/348 349/349 379/379
f 348/348 379/379 382/382
f 382/382 384/384 347/347
f 382/382 347/347 348/348
f 346/346 347/347 384/384
f 346/346 384/384 385/385
f 344/344 346/346 385/385
f 344/344 385/385 366/366
f 408/408 407/407 372/372
f 408/408 372/372 380/380
f 409/409 408/408 380/380
f 409/409 380/380 379/379
f 349/349 350/350 409/409
f 349/349 409/409 379/379
f 424/424 398/398 411/411
f 424/424 411/411 423/423
f 398/398 368/368 412/412
f 398/398 412/412 411/411
f 367/367 413/413 412/412
f 367/367 412/412 368/368
f 357/357 345/345 413/413
f 357/357 413/413 367/367
f 373/373 416/416 417/417
f 373/373 417/417 407/407
f 415/415 414/414 364/364
f 415/415 364/364 363/363
f 362/362 416/416 415/415
f 362/362 415/415 363/363
f 417/417 416/416 362/362
f 417/417 362/362 396/396
f 418/418 417/417 396/396
f 418/418 396/396 361/361
f 361/361 360/360 419/419
f 361/361 419/419 418/418
f 359/359 420/420 419/419
f 359/359 419/419 360/360
f 358/358 421/421 420/420
f 358/358 420/420 359/359
f 406/406 422/422 421/421
f 406/406 421/421 358/358
f 410/410 423/423 422/422
f 410/410 422/422 406/406
f 397/397 424/424 423/423
f 397/397 423/423 410/410
f 399/399 425/425 424/424
f 399/399 424/424 397/397
f 399/399 403/403 426/426
f 399/399 426/426 425/425
f 365/365 427/427 426/426
f 365/365 426/426 403/403
f 364/364 414/414 427/427
f 364/364 427/427 365/365
f 428/428 430/430 431/431
f 428/428 431/431 432/432
f 428/428 432/432 433/433
f 428/428 433/433 434/434
f 428/428 434/434 435/435
f 428/428 435/435 430/430
f 429/429 436/436 437/437
f 429/429 437/437 438/438
f 440/440 429/429 438/438
f 440/440 438/438 439/439
f 429/429 440/440 441/441
f 429/429 441/441 436/436
f 474/474 480/480 481/481
f 474/474 481/481 475/475
f 442/442 443/443 516/516
f 442/442 516/516 517/517
f 443/443 442/442 518/518
f 443/443 518/518 519/519
f 524/524 523/523 444/444
f 524/524 444/444 445/445
f 507/507 445/445 444/444
f 507/507 444/444 506/506
f 444/444 446/446 505/505
f 444/444 505/505 506/506
f 473/473 447/447 503/503
f 473/473 503/503 504/504
f 517/517 503/503 447/447
f 517/517 447/447 442/442
f 447/447 473/473 521/521
f 447/447 521/521 520/520
f 518/518 442/442 447/447
f 518/518 447/447 520/520
f 522/522 446/446 444/444
f 522/522 444/444 523/523
f 439/439 438/438 471/471
f 439/439 471/471 472/472
f 438/438 437/437 467/467
f 438/438 467/467 471/471
f 448/448 450/450 451/451
f 448/448 451/451 452/452
f 448/448 488/488 489/489
f 448/448 489/489 450/450
f 448/448 452/452 487/487
f 448/448 487/487 488/488
f 486/486 431/431 449/449
f 486/486 449/449 494/494
f 449/449 431/431 430/430
f 449/449 430/430 453/453
f 449/449 453/453 454/454
f 454/454 493/493 494/494
f 454/454 494/494 449/449
f 454/454 453/453 455/455
f 454/454 455/455 456/456
f 454/454 456/456 492/492
f 454/454 492/492 493/493
f 509/509 510/510 457/457
f 509/509 457/457 461/461
f 492/492 456/456 468/468
f 492/492 468/468 491/491
f 457/457 510/510 511/511
f 457/457 511/511 458/458
f 459/459 458/458 511/511
f 459/459 511/511 512/512
f 458/458 459/459 529/529
f 458/458 529/529 528/528
f 460/460 530/530 529/529
f 460/460 529/529 459/459
f 527/527 526/526 461/461
f 527/527 461/461 457/457
f 527/527 457/457 458/458
f 527/527 458/458 528/528
f 461/461 526/526 525/525
f 461/461 525/525 462/462
f 509/509 461/461 462/462
f 509/509 462/462 508/508
f 462/462 445/445 507/507
f 462/462 507/507 508/508
f 445/445 462/462 525/525
f 445/445 525/525 524/524
f 519/519 532/532 464/464
f 519/519 464/464 443/443
f 443/443 464/464 515/515
f 443/443 515/515 516/516
f 480/480 487/487 452/452
f 480/480 452/452 441/441
f 441/441 452/452 451/451
f 441/441 451/451 436/436
f 436/436 451/451 465/465
f 436/436 465/465 437/437
f 437/437 465/465 466/466
f 437/437 466/466 467/467
f 467/467 466/466 455/455
f 467/467 455/455 435/435
f 435/435 455/455 453/453
f 435/435 453/453 430/430
f 466/466 468/468 456/456
f 466/466 456/456 455/455
f 468/468 466/466 465/465
f 468/468 465/465 469/469
f 468/468 469/469 490/490
f 468/468 490/490 491/491
f 450/450 489/489 490/490
f 450/450 490/490 469/469
f 459/459 512/512 513/513
f 459/459 513/513 460/460
f 513/513 514/514 470/470
f 513/513 470/470 460/460
f 470/470 531/531 530/530
f 470/470 530/530 460/460
f 515/515 464/464 470/470
f 515/515 470/470 514/514
f 470/470 464/464 532/532
f 470/470 532/532 531/531
f 451/451 450/450 469/469
f 451/451 469/469 465/465
f 471/471 467/467 435/435
f 471/471 435/435 434/434
f 472/472 471/471 434/434
f 472/472 434/434 433/433
f 446/446 473/473 504/504
f 446/446 504/504 505/505
f 521/521 473/473 446/446
f 521/521 446/446 522/522
f 475/475 481/481 482/482
f 475/475 482/482 476/476
f 477/477 476/476 482/482
f 477/477 482/482 483/483
f 484/484 478/478 477/477
f 484/484 477/477 483/483
f 485/485 479/479 478/478
f 485/485 478/478 484/484
f 486/486 463/463 479/479
f 486/486 479/479 485/485
f 441/441 440/440 481/481
f 441/441 481/481 480/480
f 481/481 440/440 439/439
f 481/481 439/439 482/482
f 483/483 482/482 439/439
f 483/483 439/439 472/472
f 484/484 483/483 472/472
f 484/484 472/472 433/433
f 485/485 484/484 433/433
f 485/485 433/433 432/432
f 486/486 485/485 432/432
f 486/486 432/432 431/431
f 501/501 488/488 487/487
f 501/501 487/487 502/502
f 489/489 488/488 501/501
f 489/489 501/501 500/500
f 489/489 500/500 499/499
f 489/489 499/499 490/490
f 498/498 491/491 490/490
f 498/498 490/490 499/499
f 497/497 492/492 491/491
f 497/497 491/491 498/498
f 493/493 492/492 497/497
f 493/493 497/497 496/496
f 494/494 493/493 496/496
f 494/494 496/496 495/495
f 494/494 495/495 463/463
f 494/494 463/463 486/486
f 480/480 474/474 502/502
f 480/480 502/502 487/487
f 504/504 503/503 476/476
f 504/504 476/476 477/477
f 505/505 504/504 477/477
f 505/505 477/477 478/478
f 506/506 505/505 478/478
f 506/506 478/478 479/479
f 463/463 507/507 506/506
f 463/463 506/506 479/479
f 508/508 507/507 463/463
f 508/508 463/463 495/495
f 496/496 509/509 508/508
f 496/496 508/508 495/495
f 496/496 497/497 510/510
f 496/496 510/510 509/509
f 511/511 510/510 497/497
f 511/511 497/497 498/498
f 512/512 511/511 498/498
f 512/512 498/498 499/499
f 513/513 512/512 499/499
f 513/513 499/499 500/500
f 500/500 501/501 514/514
f 500/500 514/514 513/513
f 502/502 515/515 514/514
f 502/502 514/514 501/501
f 516/516 515/515 502/502
f 516/516 502/502 474/474
f 517/517 516/516 474/474
f 517/517 474/474 475/475
f 476/476 503/503 517/517
f 476/476 517/517 475/475
f 534/534 533/533 535/535
f 534/534 535/535 536/536
f 536/536 535/535 537/537
f 536/536 537/537 538/538
f 537/537 535/535 539/539
f 537/537 539/539 540/540
f 540/540 539/539 617/617
f 540/540 617/617 566/566
f 542/542 541/541 543/543
f 542/542 543/543 544/544
f 544/544 543/543 545/545
f 544/544 545/545 546/546
f 545/545 543/543 547/547
f 545/545 547/547 548/548
f 644/644 645/645 666/666
f 644/644 666/666 665/665
f 599/599 601/601 619/619
f 599/599 619/619 624/624
f 597/597 599/599 624/624
f 597/597 624/624 629/629
f 550/550 616/616 617/617
f 550/550 617/617 539/539
f 535/535 533/533 550/550
f 535/535 550/550 539/539
f 549/549 547/547 543/543
f 549/549 543/543 541/541
f 666/666 645/645 646/646
f 666/666 646/646 667/667
f 624/624 619/619 620/620
f 624/624 620/620 625/625
f 629/629 624/624 625/625
f 629/629 625/625 630/630
f 554/554 559/559 555/555
f 554/554 555/555 586/586
f 553/553 551/551 556/556
f 553/553 556/556 557/557
f 559/559 552/552 558/558
f 559/559 558/558 555/555
f 552/552 560/560 561/561
f 552/552 561/561 558/558
f 614/614 562/562 546/546
f 614/614 546/546 604/604
f 538/538 563/563 618/618
f 538/538 618/618 584/584
f 613/613 615/615 542/542
f 613/613 542/542 544/544
f 562/562 613/613 544/544
f 562/562 544/544 546/546
f 565/565 564/564 540/540
f 565/565 540/540 566/566
f 615/615 565/565 566/566
f 615/615 566/566 542/542
f 637/637 537/537 540/540
f 637/637 540/540 564/564
f 568/568 569/569 590/590
f 568/568 590/590 567/567
f 570/570 571/571 569/569
f 570/570 569/569 568/568
f 571/571 572/572 573/573
f 571/571 573/573 569/569
f 571/571 570/570 574/574
f 571/571 574/574 575/575
f 571/571 575/575 576/576
f 571/571 576/576 572/572
f 576/576 658/658 659/659
f 576/576 659/659 572/572
f 576/576 575/575 577/577
f 576/576 577/577 578/578
f 576/576 578/578 657/657
f 576/576 657/657 658/658
f 657/657 578/578 579/579
f 657/657 579/579 656/656
f 580/580 581/581 582/582
f 580/580 582/582 583/583
f 580/580 534/534 536/536
f 580/580 536/536 581/581
f 536/536 538/538 584/584
f 536/536 584/584 581/581
f 584/584 557/557 582/582
f 584/584 582/582 581/581
f 557/557 556/556 585/585
f 557/557 585/585 582/582
f 585/585 556/556 586/586
f 585/585 586/586 587/587
f 589/589 585/585 587/587
f 589/589 587/587 588/588
f 585/585 589/589 583/583
f 585/585 583/583 582/582
f 659/659 638/638 639/639
f 659/659 639/639 660/660
f 634/634 661/661 662/662
f 634/634 662/662 591/591
f 572/572 659/659 660/660
f 572/572 660/660 573/573
f 590/590 634/634 591/591
f 590/590 591/591 592/592
f 590/590 592/592 593/593
f 590/590 593/593 567/567
f 593/593 592/592 594/594
f 593/593 594/594 595/595
f 597/597 596/596 598/598
f 597/597 598/598 599/599
f 599/599 598/598 600/600
f 599/599 600/600 601/601
f 601/601 600/600 664/664
f 601/601 664/664 665/665
f 548/548 602/602 603/603
f 548/548 603/603 545/545
f 545/545 603/603 604/604
f 545/545 604/604 546/546
f 604/604 603/603 605/605
f 604/604 605/605 561/561
f 561/561 605/605 606/606
f 561/561 606/606 558/558
f 555/555 558/558 606/606
f 555/555 606/606 636/636
f 635/635 636/636 606/606
f 635/635 606/606 607/607
f 640/640 641/641 662/662
f 640/640 662/662 661/661
f 641/641 642/642 663/663
f 641/641 663/663 662/662
f 662/662 663/663 608/608
f 662/662 608/608 591/591
f 608/608 663/663 664/664
f 608/608 664/664 600/600
f 608/608 600/600 598/598
f 608/608 598/598 594/594
f 608/608 594/594 592/592
f 608/608 592/592 591/591
f 609/609 605/605 603/603
f 609/609 603/603 602/602
f 609/609 607/607 606/606
f 609/609 606/606 605/605
f 598/598 596/596 595/595
f 598/598 595/595 594/594
f 579/579 578/578 577/577
f 579/579 577/577 610/610
f 610/610 577/577 611/611
f 610/610 611/611 612/612
f 611/611 577/577 575/575
f 611/611 575/575 574/574
f 556/556 551/551 554/554
f 556/556 554/554 586/586
f 560/560 614/614 604/604
f 560/560 604/604 561/561
f 617/617 616/616 549/549
f 617/617 549/549 541/541
f 566/566 617/617 541/541
f 566/566 541/541 542/542
f 618/618 553/553 557/557
f 618/618 557/557 584/584
f 665/665 666/666 619/619
f 665/665 619/619 601/601
f 667/667 620/620 619/619
f 667/667 619/619 666/666
f 667/667 653/653 621/621
f 667/667 621/621 620/620
f 622/622 621/621 653/653
f 622/622 653/653 654/654
f 655/655 623/623 622/622
f 655/655 622/622 654/654
f 579/579 623/623 655/655
f 579/579 655/655 656/656
f 621/621 626/626 625/625
f 621/621 625/625 620/620
f 627/627 626/626 621/621
f 627/627 621/621 622/622
f 623/623 628/628 627/627
f 623/623 627/627 622/622
f 579/579 610/610 628/628
f 579/579 628/628 623/623
f 626/626 631/631 630/630
f 626/626 630/630 625/625
f 632/632 631/631 626/626
f 632/632 626/626 627/627
f 628/628 633/633 632/632
f 628/628 632/632 627/627
f 610/610 612/612 633/633
f 610/610 633/633 628/628
f 634/634 590/590 569/569
f 634/634 569/569 573/573
f 660/660 661/661 634/634
f 660/660 634/634 573/573
f 639/639 640/640 661/661
f 639/639 661/661 660/660
f 636/636 635/635 588/588
f 636/636 588/588 587/587
f 555/555 636/636 587/587
f 555/555 587/587 586/586
f 563/563 538/538 537/537
f 563/563 537/537 637/637
f 639/639 638/638 674/674
f 639/639 674/674 675/675
f 640/640 639/639 675/675
f 640/640 675/675 676/676
f 641/641 640/640 676/676
f 641/641 676/676 677/677
f 642/642 641/641 677/677
f 642/642 677/677 678/678
f 643/643 642/642 678/678
f 643/643 678/678 679/679
f 644/644 643/643 679/679
f 644/644 679/679 680/680
f 645/645 644/644 680/680
f 645/645 680/680 681/681
f 646/646 645/645 681/681
f 646/646 681/681 682/682
f 647/647 646/646 682/682
f 647/647 682/682 668/668
f 648/648 647/647 668/668
f 648/648 668/668 669/669
f 649/649 648/648 669/669
f 649/649 669/669 670/670
f 650/650 649/649 670/670
f 650/650 670/670 671/671
f 672/672 651/651 650/650
f 672/672 650/650 671/671
f 652/652 651/651 672/672
f 652/652 672/672 673/673
f 638/638 652/652 673/673
f 638/638 673/673 674/674
f 531/531 574/574 570/570
f 531/531 570/570 530/530
f 529/529 530/530 570/570
f 529/529 570/570 568/568
f 528/528 529/529 568/568
f 528/528 568/568 567/567
f 593/593 527/527 528/528
f 593/593 528/528 567/567
f 593/593 595/595 526/526
f 593/593 526/526 527/527
f 525/525 526/526 595/595
f 525/525 595/595 596/596
f 524/524 525/525 596/596
f 524/524 596/596 597/597
f 597/597 629/629 523/523
f 597/597 523/523 524/524
f 630/630 522/522 523/523
f 630/630 523/523 629/629
f 631/631 521/521 522/522
f 631/631 522/522 630/630
f 520/520 521/521 631/631
f 520/520 631/631 632/632
f 633/633 518/518 520/520
f 633/633 520/520 632/632
f 519/519 518/518 633/633
f 519/519 633/633 612/612
f 612/612 611/611 532/532
f 612/612 532/532 519/519
f 531/531 532/532 611/611
f 531/531 611/611 574/574
f 654/654 653/653 647/647
f 654/654 647/647 648/648
f 649/649 655/655 654/654
f 649/649 654/654 648/648
f 650/650 656/656 655/655
f 650/650 655/655 649/649
f 651/651 657/657 656/656
f 651/651 656/656 650/650
f 652/652 658/658 657/657
f 652/652 657/657 651/651
f 659/659 658/658 652/652
f 659/659 652/652 638/638
f 643/643 664/664 663/663
f 643/643 663/663 642/642
f 644/644 665/665 664/664
f 644/644 664/664 643/643
f 647/647 653/653 667/667
f 647/647 667/667 646/646
f 550/550 669/669 668/668
f 550/550 668/668 616/616
f 533/533 670/670 669/669
f 533/533 669/669 550/550
f 671/671 670/670 533/533
f 671/671 533/533 534/534
f 580/580 672/672 671/671
f 580/580 671/671 534/534
f 673/673 672/672 580/580
f 673/673 580/580 583/583
f 674/674 673/673 583/583
f 674/674 583/583 589/589
f 589/589 588/588 675/675
f 589/589 675/675 674/674
f 635/635 676/676 675/675
f 635/635 675/675 588/588
f 607/607 677/677 676/676
f 607/607 676/676 635/635
f 678/678 677/677 607/607
f 678/678 607/607 609/609
f 602/602 679/679 678/678
f 602/602 678/678 609/609
f 548/548 680/680 679/679
f 548/548 679/679 602/602
f 548/548 547/547 681/681
f 548/548 681/681 680/680
f 682/682 681/681 547/547
f 682/682 547/547 549/549
f 616/616 668/668 682/682
f 616/616 682/682 549/549
f 802/802 803/803 686/686
f 802/802 686/686 687/687
f 813/813 802/802 687/687
f 813/813 687/687 703/703
f 683/683 702/702 688/688
f 683/683 688/688 685/685
f 810/810 690/690 691/691
f 810/810 691/691 809/809
f 810/810 811/811 903/903
f 810/810 903/903 690/690
f 903/903 902/902 692/692
f 903/903 692/692 690/690
f 692/692 902/902 901/901
f 692/692 901/901 855/855
f 692/692 855/855 856/856
f 692/692 856/856 693/693
f 692/692 693/693 691/691
f 692/692 691/691 690/690
f 693/693 856/856 857/857
f 693/693 857/857 694/694
f 693/693 694/694 695/695
f 693/693 695/695 691/691
f 695/695 808/808 809/809
f 695/695 809/809 691/691
f 696/696 697/697 698/698
f 696/696 698/698 689/689
f 905/905 906/906 699/699
f 905/905 699/699 700/700
f 905/905 700/700 701/701
f 905/905 701/701 904/904
f 701/701 700/700 878/878
f 701/701 878/878 879/879
f 812/812 880/880 881/881
f 812/812 881/881 704/704
f 812/812 704/704 903/903
f 812/812 903/903 811/811
f 704/704 881/881 882/882
f 704/704 882/882 706/706
f 704/704 706/706 902/902
f 704/704 902/902 903/903
f 706/706 882/882 883/883
f 706/706 883/883 854/854
f 706/706 854/854 901/901
f 706/706 901/901 902/902
f 840/840 841/841 708/708
f 840/840 708/708 899/899
f 899/899 710/710 839/839
f 899/899 839/839 840/840
f 710/710 712/712 838/838
f 710/710 838/838 839/839
f 712/712 714/714 849/849
f 712/712 849/849 838/838
f 715/715 716/716 713/713
f 715/715 713/713 711/711
f 717/717 718/718 834/834
f 717/717 834/834 833/833
f 718/718 717/717 819/819
f 718/718 819/819 820/820
f 720/720 719/719 721/721
f 720/720 721/721 722/722
f 722/722 721/721 923/923
f 722/722 923/923 924/924
f 923/923 721/721 723/723
f 923/923 723/723 925/925
f 926/926 925/925 723/723
f 926/926 723/723 724/724
f 926/926 724/724 725/725
f 926/926 725/725 927/927
f 927/927 725/725 893/893
f 927/927 893/893 928/928
f 929/929 726/726 727/727
f 929/929 727/727 930/930
f 930/930 727/727 728/728
f 930/930 728/728 931/931
f 931/931 728/728 729/729
f 931/931 729/729 932/932
f 729/729 728/728 730/730
f 729/729 730/730 731/731
f 824/824 825/825 732/732
f 824/824 732/732 733/733
f 733/733 732/732 828/828
f 733/733 828/828 827/827
f 735/735 734/734 736/736
f 735/735 736/736 776/776
f 738/738 737/737 844/844
f 738/738 844/844 845/845
f 850/850 851/851 740/740
f 850/850 740/740 741/741
f 741/741 740/740 686/686
f 741/741 686/686 742/742
f 742/742 686/686 803/803
f 742/742 803/803 804/804
f 743/743 685/685 688/688
f 743/743 688/688 744/744
f 877/877 878/878 700/700
f 877/877 700/700 699/699
f 740/740 851/851 852/852
f 740/740 852/852 746/746
f 740/740 746/746 687/687
f 740/740 687/687 686/686
f 746/746 852/852 853/853
f 746/746 853/853 705/705
f 746/746 705/705 703/703
f 746/746 703/703 687/687
f 842/842 843/843 747/747
f 842/842 747/747 748/748
f 886/886 708/708 841/841
f 886/886 841/841 885/885
f 888/888 751/751 749/749
f 888/888 749/749 887/887
f 751/751 898/898 814/814
f 751/751 814/814 749/749
f 752/752 896/896 897/897
f 752/752 897/897 831/831
f 896/896 753/753 832/832
f 896/896 832/832 897/897
f 898/898 754/754 709/709
f 898/898 709/709 814/814
f 753/753 717/717 833/833
f 753/753 833/833 832/832
f 754/754 715/715 711/711
f 754/754 711/711 709/709
f 753/753 896/896 895/895
f 753/753 895/895 818/818
f 753/753 818/818 819/819
f 753/753 819/819 717/717
f 755/755 894/894 724/724
f 755/755 724/724 723/723
f 755/755 723/723 721/721
f 755/755 721/721 719/719
f 895/895 896/896 752/752
f 895/895 752/752 817/817
f 894/894 756/756 725/725
f 894/894 725/725 724/724
f 817/817 752/752 890/890
f 817/817 890/890 891/891
f 756/756 892/892 893/893
f 756/756 893/893 725/725
f 826/826 816/816 757/757
f 826/826 757/757 759/759
f 758/758 760/760 727/727
f 758/758 727/727 726/726
f 826/826 759/759 732/732
f 826/826 732/732 825/825
f 760/760 730/730 728/728
f 760/760 728/728 727/727
f 732/732 759/759 829/829
f 732/732 829/829 828/828
f 759/759 757/757 830/830
f 759/759 830/830 829/829
f 761/761 750/750 815/815
f 761/761 815/815 762/762
f 734/734 761/761 762/762
f 734/734 762/762 736/736
f 889/889 890/890 752/752
f 889/889 752/752 831/831
f 747/747 843/843 844/844
f 747/747 844/844 737/737
f 768/768 697/697 696/696
f 768/768 696/696 770/770
f 907/907 908/908 772/772
f 907/907 772/772 771/771
f 907/907 771/771 699/699
f 907/907 699/699 906/906
f 876/876 877/877 699/699
f 876/876 699/699 771/771
f 876/876 771/771 772/772
f 876/876 772/772 875/875
f 769/769 773/773 743/743
f 769/769 743/743 744/744
f 804/804 805/805 774/774
f 804/804 774/774 742/742
f 742/742 774/774 801/801
f 742/742 801/801 741/741
f 845/845 846/846 796/796
f 845/845 796/796 738/738
f 733/733 777/777 823/823
f 733/733 823/823 824/824
f 731/731 778/778 779/779
f 731/731 779/779 729/729
f 934/934 861/861 780/780
f 934/934 780/780 935/935
f 935/935 780/780 922/922
f 935/935 922/922 936/936
f 937/937 781/781 722/722
f 937/937 722/722 924/924
f 722/722 781/781 782/782
f 722/722 782/782 720/720
f 820/820 821/821 783/783
f 820/820 783/783 718/718
f 713/713 716/716 790/790
f 713/713 790/790 793/793
f 714/714 794/794 848/848
f 714/714 848/848 849/849
f 694/694 857/857 858/858
f 694/694 858/858 799/799
f 694/694 799/799 785/785
f 694/694 785/785 695/695
f 695/695 785/785 807/807
f 695/695 807/807 808/808
f 910/910 911/911 800/800
f 910/910 800/800 786/786
f 910/910 786/786 806/806
f 910/910 806/806 909/909
f 786/786 800/800 872/872
f 786/786 872/872 873/873
f 786/786 873/873 874/874
f 786/786 874/874 806/806
f 847/847 795/795 868/868
f 847/847 868/868 869/869
f 788/788 822/822 863/863
f 788/788 863/863 864/864
f 789/789 780/780 861/861
f 789/789 861/861 862/862
f 822/822 788/788 919/919
f 822/822 919/919 920/920
f 789/789 921/921 922/922
f 789/789 922/922 780/780
f 916/916 917/917 791/791
f 916/916 791/791 787/787
f 795/795 847/847 914/914
f 795/795 914/914 915/915
f 718/718 783/783 835/835
f 718/718 835/835 834/834
f 919/919 788/788 836/836
f 919/919 836/836 918/918
f 788/788 864/864 865/865
f 788/788 865/865 836/836
f 777/777 733/733 827/827
f 777/777 827/827 837/837
f 866/866 867/867 787/787
f 866/866 787/787 791/791
f 735/735 776/776 775/775
f 735/735 775/775 792/792
f 713/713 793/793 794/794
f 713/713 794/794 714/714
f 787/787 795/795 915/915
f 787/787 915/915 916/916
f 868/868 795/795 787/787
f 868/868 787/787 867/867
f 738/738 796/796 775/775
f 738/738 775/775 776/776
f 800/800 911/911 912/912
f 800/800 912/912 859/859
f 871/871 872/872 800/800
f 871/871 800/800 859/859
f 860/860 850/850 741/741
f 860/860 741/741 801/801
f 683/683 685/685 803/803
f 683/683 803/803 802/802
f 804/804 803/803 685/685
f 804/804 685/685 743/743
f 743/743 773/773 805/805
f 743/743 805/805 804/804
f 806/806 874/874 875/875
f 806/806 875/875 772/772
f 909/909 806/806 772/772
f 909/909 772/772 908/908
f 808/808 807/807 770/770
f 808/808 770/770 696/696
f 809/809 808/808 696/696
f 809/809 696/696 689/689
f 684/684 810/810 809/809
f 684/684 809/809 689/689
f 811/811 810/810 684/684
f 811/811 684/684 904/904
f 701/701 812/812 811/811
f 701/701 811/811 904/904
f 701/701 879/879 880/880
f 701/701 880/880 812/812
f 683/683 802/802 813/813
f 683/683 813/813 702/702
f 712/712 711/711 713/713
f 712/712 713/713 714/714
f 710/710 709/709 711/711
f 710/710 711/711 712/712
f 899/899 814/814 709/709
f 899/899 709/709 710/710
f 749/749 814/814 899/899
f 749/749 899/899 708/708
f 886/886 887/887 749/749
f 886/886 749/749 708/708
f 762/762 815/815 748/748
f 762/762 748/748 747/747
f 736/736 762/762 747/747
f 736/736 747/747 737/737
f 776/776 736/736 737/737
f 776/776 737/737 738/738
f 932/932 729/729 779/779
f 932/932 779/779 933/933
f 829/829 830/830 750/750
f 829/829 750/750 761/761
f 828/828 829/829 761/761
f 828/828 761/761 734/734
f 827/827 828/828 734/734
f 827/827 734/734 735/735
f 735/735 792/792 837/837
f 735/735 837/837 827/827
f 866/866 791/791 836/836
f 866/866 836/836 865/865
f 918/918 836/836 791/791
f 918/918 791/791 917/917
f 834/834 835/835 790/790
f 834/834 790/790 716/716
f 716/716 715/715 833/833
f 716/716 833/833 834/834
f 754/754 832/832 833/833
f 754/754 833/833 715/715
f 898/898 897/897 832/832
f 898/898 832/832 754/754
f 898/898 751/751 831/831
f 898/898 831/831 897/897
f 889/889 831/831 751/751
f 889/889 751/751 888/888
f 756/756 817/817 891/891
f 756/756 891/891 892/892
f 894/894 895/895 817/817
f 894/894 817/817 756/756
f 818/818 895/895 894/894
f 818/818 894/894 755/755
f 819/819 818/818 755/755
f 819/819 755/755 719/719
f 820/820 819/819 719/719
f 820/820 719/719 720/720
f 720/720 782/782 821/821
f 720/720 821/821 820/820
f 789/789 822/822 920/920
f 789/789 920/920 921/921
f 863/863 822/822 789/789
f 863/863 789/789 862/862
f 824/824 823/823 778/778
f 824/824 778/778 731/731
f 731/731 730/730 825/825
f 731/731 825/825 824/824
f 760/760 826/826 825/825
f 760/760 825/825 730/730
f 758/758 816/816 826/826
f 758/758 826/826 760/760
f 839/839 838/838 764/764
f 839/839 764/764 765/765
f 840/840 839/839 765/765
f 840/840 765/765 900/900
f 900/900 707/707 841/841
f 900/900 841/841 840/840
f 885/885 841/841 707/707
f 885/885 707/707 884/884
f 766/766 745/745 843/843
f 766/766 843/843 842/842
f 844/844 843/843 745/745
f 844/844 745/745 767/767
f 845/845 844/844 767/767
f 845/845 767/767 739/739
f 739/739 798/798 846/846
f 739/739 846/846 845/845
f 797/797 847/847 869/869
f 797/797 869/869 870/870
f 914/914 847/847 797/797
f 914/914 797/797 913/913
f 849/849 848/848 784/784
f 849/849 784/784 763/763
f 838/838 849/849 763/763
f 838/838 763/763 764/764
f 739/739 767/767 851/851
f 739/739 851/851 850/850
f 852/852 851/851 767/767
f 852/852 767/767 745/745
f 853/853 852/852 745/745
f 853/853 745/745 766/766
f 854/854 883/883 884/884
f 854/854 884/884 707/707
f 901/901 854/854 707/707
f 901/901 707/707 900/900
f 855/855 901/901 900/900
f 855/855 900/900 765/765
f 856/856 855/855 765/765
f 856/856 765/765 764/764
f 857/857 856/856 764/764
f 857/857 764/764 763/763
f 858/858 857/857 763/763
f 858/858 763/763 784/784
f 859/859 912/912 913/913
f 859/859 913/913 797/797
f 870/870 871/871 859/859
f 870/870 859/859 797/797
f 739/739 850/850 860/860
f 739/739 860/860 798/798
f 933/933 779/779 861/861
f 933/933 861/861 934/934
f 862/862 861/861 779/779
f 862/862 779/779 778/778
f 823/823 863/863 862/862
f 823/823 862/862 778/778
f 864/864 863/863 823/823
f 864/864 823/823 777/777
f 865/865 864/864 777/777
f 865/865 777/777 837/837
f 792/792 866/866 865/865
f 792/792 865/865 837/837
f 792/792 775/775 867/867
f 792/792 867/867 866/866
f 796/796 868/868 867/867
f 796/796 867/867 775/775
f 869/869 868/868 796/796
f 869/869 796/796 846/846
f 870/870 869/869 846/846
f 870/870 846/846 798/798
f 798/798 860/860 871/871
f 798/798 871/871 870/870
f 860/860 801/801 872/872
f 860/860 872/872 871/871
f 873/873 872/872 801/801
f 873/873 801/801 774/774
f 874/874 873/873 774/774
f 874/874 774/774 805/805
f 875/875 874/874 805/805
f 875/875 805/805 773/773
f 769/769 876/876 875/875
f 769/769 875/875 773/773
f 769/769 744/744 877/877
f 769/769 877/877 876/876
f 744/744 688/688 878/878
f 744/744 878/878 877/877
f 879/879 878/878 688/688
f 879/879 688/688 702/702
f 880/880 879/879 702/702
f 880/880 702/702 813/813
f 881/881 880/880 813/813
f 881/881 813/813 703/703
f 882/882 881/881 703/703
f 882/882 703/703 705/705
f 883/883 882/882 705/705
f 883/883 705/705 853/853
f 884/884 883/883 853/853
f 884/884 853/853 766/766
f 842/842 885/885 884/884
f 842/842 884/884 766/766
f 748/748 886/886 885/885
f 748/748 885/885 842/842
f 748/748 815/815 887/887
f 748/748 887/887 886/886
f 750/750 888/888 887/887
f 750/750 887/887 815/815
f 830/830 889/889 888/888
f 830/830 888/888 750/750
f 830/830 757/757 890/890
f 830/830 890/890 889/889
f 891/891 890/890 757/757
f 891/891 757/757 816/816
f 892/892 891/891 816/816
f 892/892 816/816 758/758
f 893/893 892/892 758/758
f 893/893 758/758 726/726
f 928/928 893/893 726/726
f 928/928 726/726 929/929
f 698/698 684/684 689/689
f 698/698 697/697 906/906
f 698/698 906/906 905/905
f 768/768 907/907 906/906
f 768/768 906/906 697/697
f 768/768 770/770 908/908
f 768/768 908/908 907/907
f 807/807 909/909 908/908
f 807/807 908/908 770/770
f 785/785 910/910 909/909
f 785/785 909/909 807/807
f 785/785 799/799 911/911
f 785/785 911/911 910/910
f 912/912 911/911 799/799
f 912/912 799/799 858/858
f 913/913 912/912 858/858
f 913/913 858/858 784/784
f 848/848 914/914 913/913
f 848/848 913/913 784/784
f 915/915 914/914 848/848
f 915/915 848/848 794/794
f 916/916 915/915 794/794
f 916/916 794/794 793/793
f 793/793 790/790 917/917
f 793/793 917/917 916/916
f 835/835 918/918 917/917
f 835/835 917/917 790/790
f 783/783 919/919 918/918
f 783/783 918/918 835/835
f 920/920 919/919 783/783
f 920/920 783/783 821/821
f 921/921 920/920 821/821
f 921/921 821/821 782/782
f 922/922 921/921 782/782
f 922/922 782/782 781/781
f 936/936 922/922 781/781
f 936/936 781/781 937/937
f 698/698 905/905 904/904
f 698/698 904/904 684/684
f 939/939 938/938 940/940
f 939/939 940/940 941/941
f 938/938 1023/1023 942/942
f 938/938 942/942 940/940
f 938/938 943/943 1022/1022
f 938/938 1022/1022 1023/1023
f 1118/1118 945/945 1021/1021
f 1118/1118 1021/1021 1117/1117
f 1090/1090 947/947 1020/1020
f 1090/1090 1020/1020 1089/1089
f 947/947 949/949 1019/1019
f 947/947 1019/1019 1020/1020
f 1001/1001 951/951 952/952
f 1001/1001 952/952 1000/1000
f 1000/1000 952/952 953/953
f 1000/1000 953/953 954/954
f 954/954 953/953 1070/1070
f 954/954 1070/1070 1071/1071
f 956/956 955/955 1060/1060
f 956/956 1060/1060 1061/1061
f 958/958 957/957 959/959
f 958/958 959/959 1006/1006
f 1006/1006 959/959 1040/1040
f 1006/1006 1040/1040 1041/1041
f 1133/1133 1134/1134 1144/1144
f 1133/1133 1144/1144 1145/1145
f 1144/1144 1134/1134 1135/1135
f 1144/1144 1135/1135 1146/1146
f 1146/1146 1135/1135 1136/1136
f 1146/1146 1136/1136 1147/1147
f 1147/1147 1136/1136 1137/1137
f 1147/1147 1137/1137 1148/1148
f 1149/1149 1138/1138 1139/1139
f 1149/1149 1139/1139 1150/1150
f 1151/1151 1140/1140 1141/1141
f 1151/1151 1141/1141 1152/1152
f 1153/1153 1152/1152 1141/1141
f 1153/1153 1141/1141 1142/1142
f 1045/1045 1024/1024 1033/1033
f 1045/1045 1033/1033 1044/1044
f 1034/1034 1035/1035 991/991
f 1034/1034 991/991 967/967
f 991/991 992/992 968/968
f 991/991 968/968 967/967
f 1055/1055 969/969 970/970
f 1055/1055 970/970 1054/1054
f 1065/1065 972/972 971/971
f 1065/1065 971/971 1064/1064
f 972/972 939/939 941/941
f 972/972 941/941 971/971
f 972/972 1065/1065 1066/1066
f 972/972 1066/1066 973/973
f 972/972 973/973 974/974
f 972/972 974/974 939/939
f 974/974 943/943 938/938
f 974/974 938/938 939/939
f 1119/1119 1120/1120 975/975
f 1119/1119 975/975 976/976
f 1119/1119 976/976 945/945
f 1119/1119 945/945 1118/1118
f 1091/1091 1092/1092 977/977
f 1091/1091 977/977 978/978
f 1091/1091 978/978 947/947
f 1091/1091 947/947 1090/1090
f 978/978 977/977 979/979
f 978/978 979/979 980/980
f 978/978 980/980 949/949
f 978/978 949/949 947/947
f 980/980 979/979 953/953
f 980/980 953/953 952/952
f 980/980 952/952 951/951
f 980/980 951/951 949/949
f 979/979 1069/1069 1070/1070
f 979/979 1070/1070 953/953
f 979/979 977/977 1068/1068
f 979/979 1068/1068 1069/1069
f 983/983 1058/1058 1059/1059
f 983/983 1059/1059 981/981
f 1058/1058 983/983 1094/1094
f 1058/1058 1094/1094 1095/1095
f 984/984 1096/1096 1097/1097
f 984/984 1097/1097 985/985
f 1097/1097 1098/1098 1038/1038
f 1097/1097 1038/1038 985/985
f 988/988 987/987 1124/1124
f 988/988 1124/1124 1125/1125
f 988/988 1125/1125 1126/1126
f 988/988 1126/1126 1037/1037
f 1036/1036 990/990 991/991
f 1036/1036 991/991 1035/1035
f 991/991 990/990 989/989
f 991/991 989/989 992/992
f 1055/1055 1056/1056 993/993
f 1055/1055 993/993 969/969
f 1122/1122 1123/1123 1057/1057
f 1122/1122 1057/1057 986/986
f 1121/1121 1067/1067 975/975
f 1121/1121 975/975 1120/1120
f 1028/1028 1027/1027 1048/1048
f 1028/1028 1048/1048 1049/1049
f 1038/1038 1039/1039 994/994
f 1038/1038 994/994 985/985
f 994/994 1039/1039 1040/1040
f 994/994 1040/1040 959/959
f 994/994 959/959 957/957
f 994/994 957/957 982/982
f 994/994 982/982 984/984
f 994/994 984/984 985/985
f 1093/1093 1068/1068 977/977
f 1093/1093 977/977 1092/1092
f 1059/1059 1060/1060 955/955
f 1059/1059 955/955 981/981
f 1115/1115 1116/1116 946/946
f 1115/1115 946/946 996/996
f 1115/1115 996/996 1017/1017
f 1115/1115 1017/1017 1114/1114
f 995/995 1018/1018 942/942
f 995/995 942/942 944/944
f 940/940 998/998 999/999
f 940/940 999/999 941/941
f 941/941 999/999 1012/1012
f 941/941 1012/1012 971/971
f 1043/1043 1034/1034 967/967
f 1043/1043 967/967 1004/1004
f 1033/1033 1032/1032 1053/1053
f 1033/1033 1053/1053 1044/1044
f 1153/1153 1142/1142 1143/1143
f 1153/1153 1143/1143 1154/1154
f 1156/1156 1155/1155 1130/1130
f 1156/1156 1130/1130 1131/1131
f 1145/1145 1157/1157 1132/1132
f 1145/1145 1132/1132 1133/1133
f 948/948 1002/1002 1087/1087
f 948/948 1087/1087 1088/1088
f 1002/1002 1016/1016 1086/1086
f 1002/1002 1086/1086 1087/1087
f 1001/1001 1000/1000 1084/1084
f 1001/1001 1084/1084 1085/1085
f 1084/1084 1000/1000 954/954
f 1084/1084 954/954 1083/1083
f 1003/1003 1011/1011 1111/1111
f 1003/1003 1111/1111 1112/1112
f 1003/1003 1112/1112 1113/1113
f 1003/1003 1113/1113 997/997
f 1078/1078 1006/1006 1041/1041
f 1078/1078 1041/1041 1077/1077
f 1105/1105 1106/1106 1005/1005
f 1105/1105 1005/1005 1042/1042
f 1076/1076 1030/1030 1051/1051
f 1076/1076 1051/1051 1075/1075
f 1104/1104 1031/1031 1052/1052
f 1104/1104 1052/1052 1103/1103
f 1079/1079 958/958 1006/1006
f 1079/1079 1006/1006 1078/1078
f 1106/1106 1107/1107 1007/1007
f 1106/1106 1007/1007 1005/1005
f 967/967 968/968 1008/1008
f 967/967 1008/1008 1004/1004
f 1081/1081 956/956 1061/1061
f 1081/1081 1061/1061 1080/1080
f 1108/1108 1109/1109 1009/1009
f 1108/1108 1009/1009 1062/1062
f 1063/1063 1054/1054 970/970
f 1063/1063 970/970 1010/1010
f 1083/1083 954/954 1071/1071
f 1083/1083 1071/1071 1082/1082
f 1110/1110 1111/1111 1011/1011
f 1110/1110 1011/1011 1072/1072
f 1073/1073 1064/1064 971/971
f 1073/1073 971/971 1012/1012
f 1016/1016 1001/1001 1085/1085
f 1016/1016 1085/1085 1086/1086
f 1114/1114 1017/1017 997/997
f 1114/1114 997/997 1113/1113
f 942/942 1018/1018 998/998
f 942/942 998/998 940/940
f 951/951 950/950 1019/1019
f 951/951 1019/1019 949/949
f 948/948 950/950 1016/1016
f 948/948 1016/1016 1002/1002
f 1016/1016 950/950 951/951
f 1016/1016 951/951 1001/1001
f 1020/1020 1019/1019 950/950
f 1020/1020 950/950 948/948
f 1089/1089 1020/1020 948/948
f 1089/1089 948/948 1088/1088
f 1117/1117 1021/1021 946/946
f 1117/1117 946/946 1116/1116
f 1023/1023 1022/1022 944/944
f 1023/1023 944/944 942/942
f 1025/1025 1024/1024 1045/1045
f 1025/1025 1045/1045 1046/1046
f 1026/1026 1127/1127 1128/1128
f 1026/1026 1128/1128 1047/1047
f 1027/1027 1099/1099 1100/1100
f 1027/1027 1100/1100 1048/1048
f 1029/1029 1028/1028 1049/1049
f 1029/1029 1049/1049 1050/1050
f 1030/1030 1029/1029 1050/1050
f 1030/1030 1050/1050 1051/1051
f 1033/1033 1024/1024 1035/1035
f 1033/1033 1035/1035 1034/1034
f 1025/1025 1036/1036 1035/1035
f 1025/1025 1035/1035 1024/1024
f 1037/1037 1126/1126 1127/1127
f 1037/1037 1127/1127 1026/1026
f 1038/1038 1098/1098 1099/1099
f 1038/1038 1099/1099 1027/1027
f 1027/1027 1028/1028 1039/1039
f 1027/1027 1039/1039 1038/1038
f 1040/1040 1039/1039 1028/1028
f 1040/1040 1028/1028 1029/1029
f 1041/1041 1040/1040 1029/1029
f 1041/1041 1029/1029 1030/1030
f 1077/1077 1041/1041 1030/1030
f 1077/1077 1030/1030 1076/1076
f 1104/1104 1105/1105 1042/1042
f 1104/1104 1042/1042 1031/1031
f 1033/1033 1034/1034 1043/1043
f 1033/1033 1043/1043 1032/1032
f 966/966 965/965 1045/1045
f 966/966 1045/1045 1044/1044
f 964/964 1046/1046 1045/1045
f 964/964 1045/1045 965/965
f 963/963 1047/1047 1128/1128
f 963/963 1128/1128 1129/1129
f 1048/1048 1100/1100 1101/1101
f 1048/1048 1101/1101 962/962
f 1049/1049 1048/1048 962/962
f 1049/1049 962/962 961/961
f 960/960 1050/1050 1049/1049
f 960/960 1049/1049 961/961
f 1051/1051 1050/1050 960/960
f 1051/1051 960/960 1015/1015
f 1075/1075 1051/1051 1015/1015
f 1075/1075 1015/1015 1074/1074
f 1103/1103 1052/1052 1014/1014
f 1103/1103 1014/1014 1102/1102
f 1013/1013 966/966 1044/1044
f 1013/1013 1044/1044 1053/1053
f 992/992 1055/1055 1054/1054
f 992/992 1054/1054 968/968
f 992/992 989/989 1056/1056
f 992/992 1056/1056 1055/1055
f 1057/1057 1123/1123 1124/1124
f 1057/1057 1124/1124 987/987
f 984/984 1058/1058 1095/1095
f 984/984 1095/1095 1096/1096
f 1059/1059 1058/1058 984/984
f 1059/1059 984/984 982/982
f 982/982 957/957 1060/1060
f 982/982 1060/1060 1059/1059
f 1061/1061 1060/1060 957/957
f 1061/1061 957/957 958/958
f 1080/1080 1061/1061 958/958
f 1080/1080 958/958 1079/1079
f 1107/1107 1108/1108 1062/1062
f 1107/1107 1062/1062 1007/1007
f 968/968 1054/1054 1063/1063
f 968/968 1063/1063 1008/1008
f 969/969 1065/1065 1064/1064
f 969/969 1064/1064 970/970
f 1066/1066 1065/1065 969/969
f 1066/1066 969/969 993/993
f 1122/1122 986/986 1067/1067
f 1122/1122 1067/1067 1121/1121
f 1094/1094 983/983 1068/1068
f 1094/1094 1068/1068 1093/1093
f 1069/1069 1068/1068 983/983
f 1069/1069 983/983 981/981
f 1070/1070 1069/1069 981/981
f 1070/1070 981/981 955/955
f 1071/1071 1070/1070 955/955
f 1071/1071 955/955 956/956
f 1082/1082 1071/1071 956/956
f 1082/1082 956/956 1081/1081
f 1109/1109 1110/1110 1072/1072
f 1109/1109 1072/1072 1009/1009
f 970/970 1064/1064 1073/1073
f 970/970 1073/1073 1010/1010
f 1132/1132 1157/1157 1156/1156
f 1132/1132 1156/1156 1131/1131
f 1052/1052 1075/1075 1074/1074
f 1052/1052 1074/1074 1014/1014
f 1031/1031 1076/1076 1075/1075
f 1031/1031 1075/1075 1052/1052
f 1042/1042 1077/1077 1076/1076
f 1042/1042 1076/1076 1031/1031
f 1005/1005 1078/1078 1077/1077
f 1005/1005 1077/1077 1042/1042
f 1007/1007 1079/1079 1078/1078
f 1007/1007 1078/1078 1005/1005
f 1062/1062 1080/1080 1079/1079
f 1062/1062 1079/1079 1007/1007
f 1009/1009 1081/1081 1080/1080
f 1009/1009 1080/1080 1062/1062
f 1072/1072 1082/1082 1081/1081
f 1072/1072 1081/1081 1009/1009
f 1011/1011 1083/1083 1082/1082
f 1011/1011 1082/1082 1072/1072
f 1003/1003 1084/1084 1083/1083
f 1003/1003 1083/1083 1011/1011
f 1085/1085 1084/1084 1003/1003
f 1085/1085 1003/1003 997/997
f 1086/1086 1085/1085 997/997
f 1086/1086 997/997 1017/1017
f 1087/1087 1086/1086 1017/1017
f 1087/1087 1017/1017 996/996
f 1088/1088 1087/1087 996/996
f 1088/1088 996/996 946/946
f 1021/1021 1089/1089 1088/1088
f 1021/1021 1088/1088 946/946
f 945/945 1090/1090 1089/1089
f 945/945 1089/1089 1021/1021
f 976/976 1091/1091 1090/1090
f 976/976 1090/1090 945/945
f 976/976 975/975 1092/1092
f 976/976 1092/1092 1091/1091
f 1067/1067 1093/1093 1092/1092
f 1067/1067 1092/1092 975/975
f 986/986 1094/1094 1093/1093
f 986/986 1093/1093 1067/1067
f 1095/1095 1094/1094 986/986
f 1095/1095 986/986 1057/1057
f 1096/1096 1095/1095 1057/1057
f 1096/1096 1057/1057 987/987
f 1097/1097 1096/1096 987/987
f 1097/1097 987/987 988/988
f 988/988 1037/1037 1098/1098
f 988/988 1098/1098 1097/1097
f 1099/1099 1098/1098 1037/1037
f 1099/1099 1037/1037 1026/1026
f 1100/1100 1099/1099 1026/1026
f 1100/1100 1026/1026 1047/1047
f 1101/1101 1100/1100 1047/1047
f 1101/1101 1047/1047 963/963
f 1148/1148 1137/1137 1138/1138
f 1148/1148 1138/1138 1149/1149
f 1155/1155 1154/1154 1143/1143
f 1155/1155 1143/1143 1130/1130
f 1053/1053 1103/1103 1102/1102
f 1053/1053 1102/1102 1013/1013
f 1032/1032 1104/1104 1103/1103
f 1032/1032 1103/1103 1053/1053
f 1032/1032 1043/1043 1105/1105
f 1032/1032 1105/1105 1104/1104
f 1043/1043 1004/1004 1106/1106
f 1043/1043 1106/1106 1105/1105
f 1004/1004 1008/1008 1107/1107
f 1004/1004 1107/1107 1106/1106
f 1008/1008 1063/1063 1108/1108
f 1008/1008 1108/1108 1107/1107
f 1063/1063 1010/1010 1109/1109
f 1063/1063 1109/1109 1108/1108
f 1010/1010 1073/1073 1110/1110
f 1010/1010 1110/1110 1109/1109
f 1073/1073 1012/1012 1111/1111
f 1073/1073 1111/1111 1110/1110
f 1112/1112 1111/1111 1012/1012
f 1112/1112 1012/1012 999/999
f 1113/1113 1112/1112 999/999
f 1113/1113 999/999 998/998
f 1018/1018 1114/1114 1113/1113
f 1018/1018 1113/1113 998/998
f 995/995 1115/1115 1114/1114
f 995/995 1114/1114 1018/1018
f 995/995 944/944 1116/1116
f 995/995 1116/1116 1115/1115
f 1022/1022 1117/1117 1116/1116
f 1022/1022 1116/1116 944/944
f 943/943 1118/1118 1117/1117
f 943/943 1117/1117 1022/1022
f 974/974 1119/1119 1118/1118
f 974/974 1118/1118 943/943
f 974/974 973/973 1120/1120
f 974/974 1120/1120 1119/1119
f 1066/1066 1121/1121 1120/1120
f 1066/1066 1120/1120 973/973
f 993/993 1122/1122 1121/1121
f 993/993 1121/1121 1066/1066
f 993/993 1056/1056 1123/1123
f 993/993 1123/1123 1122/1122
f 1124/1124 1123/1123 1056/1056
f 1124/1124 1056/1056 989/989
f 1125/1125 1124/1124 989/989
f 1125/1125 989/989 990/990
f 1126/1126 1125/1125 990/990
f 1126/1126 990/990 1036/1036
f 1127/1127 1126/1126 1036/1036
f 1127/1127 1036/1036 1025/1025
f 1128/1128 1127/1127 1025/1025
f 1128/1128 1025/1025 1046/1046
f 1129/1129 1128/1128 1046/1046
f 1129/1129 1046/1046 964/964
f 1150/1150 1139/1139 1140/1140
f 1150/1150 1140/1140 1151/1151
f 1131/1131 1130/1130 1102/1102
f 1131/1131 1102/1102 1014/1014
f 1074/1074 1132/1132 1131/1131
f 1074/1074 1131/1131 1014/1014
f 1133/1133 1132/1132 1074/1074
f 1133/1133 1074/1074 1015/1015
f 1015/1015 960/960 1134/1134
f 1015/1015 1134/1134 1133/1133
f 1135/1135 1134/1134 960/960
f 1135/1135 960/960 961/961
f 1136/1136 1135/1135 961/961
f 1136/1136 961/961 962/962
f 1137/1137 1136/1136 962/962
f 1137/1137 962/962 1101/1101
f 1138/1138 1137/1137 1101/1101
f 1138/1138 1101/1101 963/963
f 1139/1139 1138/1138 963/963
f 1139/1139 963/963 1129/1129
f 1140/1140 1139/1139 1129/1129
f 1140/1140 1129/1129 964/964
f 1141/1141 1140/1140 964/964
f 1141/1141 964/964 965/965
f 1142/1142 1141/1141 965/965
f 1142/1142 965/965 966/966
f 1143/1143 1142/1142 966/966
f 1143/1143 966/966 1013/1013
f 1130/1130 1143/1143 1013/1013
f 1130/1130 1013/1013 1102/1102
f 1504/1504 1505/1505 925/925
f 1504/1504 925/925 1159/1159
f 1158/1158 1169/1169 1170/1170
f 1158/1158 1170/1170 1171/1171
f 1158/1158 1172/1172 1173/1173
f 1158/1158 1173/1173 1169/1169
f 1158/1158 1171/1171 1174/1174
f 1158/1158 1174/1174 1175/1175
f 1158/1158 1175/1175 1176/1176
f 1158/1158 1176/1176 1177/1177
f 1158/1158 1177/1177 1178/1178
f 1158/1158 1178/1178 1172/1172
f 1178/1178 1179/1179 1180/1180
f 1178/1178 1180/1180 1172/1172
f 1178/1178 1177/1177 1181/1181
f 1178/1178 1181/1181 1182/1182
f 1178/1178 1182/1182 1183/1183
f 1178/1178 1183/1183 1179/1179
f 1186/1186 1187/1187 1183/1183
f 1186/1186 1183/1183 1182/1182
f 1750/1750 1751/1751 1200/1200
f 1750/1750 1200/1200 1199/1199
f 1202/1202 1201/1201 1203/1203
f 1202/1202 1203/1203 1204/1204
f 1204/1204 1203/1203 1205/1205
f 1204/1204 1205/1205 1206/1206
f 1206/1206 1205/1205 1207/1207
f 1206/1206 1207/1207 1208/1208
f 1208/1208 1207/1207 1209/1209
f 1208/1208 1209/1209 1210/1210
f 1210/1210 1209/1209 1211/1211
f 1210/1210 1211/1211 1212/1212
f 1212/1212 1211/1211 1213/1213
f 1212/1212 1213/1213 1214/1214
f 1215/1215 1609/1609 1214/1214
f 1215/1215 1214/1214 1213/1213
f 1216/1216 1608/1608 1217/1217
f 1216/1216 1217/1217 1218/1218
f 1152/1152 1153/1153 1218/1218
f 1152/1152 1218/1218 1217/1217
f 1608/1608 1219/1219 1499/1499
f 1608/1608 1499/1499 1217/1217
f 1219/1219 1164/1164 1498/1498
f 1219/1219 1498/1498 1499/1499
f 1220/1220 1168/1168 1164/1164
f 1220/1220 1164/1164 1219/1219
f 1220/1220 1221/1221 1222/1222
f 1220/1220 1222/1222 1168/1168
f 1220/1220 1215/1215 1213/1213
f 1220/1220 1213/1213 1221/1221
f 1628/1628 1629/1629 1222/1222
f 1628/1628 1222/1222 1223/1223
f 1629/1629 1630/1630 1168/1168
f 1629/1629 1168/1168 1222/1222
f 1222/1222 1221/1221 1226/1226
f 1222/1222 1226/1226 1223/1223
f 1226/1226 1227/1227 1228/1228
f 1226/1226 1228/1228 1223/1223
f 1226/1226 1221/1221 1213/1213
f 1226/1226 1213/1213 1211/1211
f 1226/1226 1211/1211 1209/1209
f 1226/1226 1209/1209 1227/1227
f 1626/1626 1627/1627 1228/1228
f 1626/1626 1228/1228 1229/1229
f 1627/1627 1628/1628 1223/1223
f 1627/1627 1223/1223 1228/1228
f 1228/1228 1227/1227 1232/1232
f 1228/1228 1232/1232 1229/1229
f 1232/1232 1233/1233 1234/1234
f 1232/1232 1234/1234 1229/1229
f 1232/1232 1227/1227 1209/1209
f 1232/1232 1209/1209 1207/1207
f 1232/1232 1207/1207 1205/1205
f 1232/1232 1205/1205 1233/1233
f 1624/1624 1625/1625 1234/1234
f 1624/1624 1234/1234 1235/1235
f 1625/1625 1626/1626 1229/1229
f 1625/1625 1229/1229 1234/1234
f 1234/1234 1233/1233 1238/1238
f 1234/1234 1238/1238 1235/1235
f 1238/1238 1239/1239 1240/1240
f 1238/1238 1240/1240 1235/1235
f 1238/1238 1233/1233 1205/1205
f 1238/1238 1205/1205 1203/1203
f 1238/1238 1203/1203 1201/1201
f 1238/1238 1201/1201 1239/1239
f 1623/1623 1624/1624 1235/1235
f 1623/1623 1235/1235 1240/1240
f 1198/1198 1197/1197 1748/1748
f 1198/1198 1748/1748 1749/1749
f 1241/1241 1242/1242 1243/1243
f 1241/1241 1243/1243 1236/1236
f 1489/1489 1490/1490 1244/1244
f 1489/1489 1244/1244 1245/1245
f 1488/1488 1489/1489 1245/1245
f 1488/1488 1245/1245 1246/1246
f 1243/1243 1247/1247 1237/1237
f 1243/1243 1237/1237 1236/1236
f 1487/1487 1488/1488 1246/1246
f 1487/1487 1246/1246 1248/1248
f 1247/1247 1249/1249 1230/1230
f 1247/1247 1230/1230 1237/1237
f 1486/1486 1487/1487 1248/1248
f 1486/1486 1248/1248 1250/1250
f 1249/1249 1251/1251 1231/1231
f 1249/1249 1231/1231 1230/1230
f 1485/1485 1486/1486 1250/1250
f 1485/1485 1250/1250 1548/1548
f 1251/1251 1252/1252 1224/1224
f 1251/1251 1224/1224 1231/1231
f 1484/1484 1485/1485 1548/1548
f 1484/1484 1548/1548 1549/1549
f 1252/1252 1253/1253 1225/1225
f 1252/1252 1225/1225 1224/1224
f 1483/1483 1484/1484 1549/1549
f 1483/1483 1549/1549 1550/1550
f 1253/1253 1167/1167 1166/1166
f 1253/1253 1166/1166 1225/1225
f 1550/1550 1554/1554 1555/1555
f 1550/1550 1555/1555 1551/1551
f 1483/1483 1550/1550 1551/1551
f 1483/1483 1551/1551 1547/1547
f 1482/1482 1254/1254 926/926
f 1482/1482 926/926 927/927
f 1255/1255 929/929 930/930
f 1255/1255 930/930 1256/1256
f 1256/1256 1497/1497 1508/1508
f 1256/1256 1508/1508 1598/1598
f 926/926 1254/1254 1159/1159
f 926/926 1159/1159 925/925
f 1258/1258 1257/1257 1259/1259
f 1258/1258 1259/1259 1260/1260
f 1259/1259 1261/1261 1262/1262
f 1259/1259 1262/1262 1260/1260
f 1261/1261 1263/1263 1264/1264
f 1261/1261 1264/1264 1262/1262
f 1264/1264 1263/1263 1265/1265
f 1264/1264 1265/1265 1266/1266
f 1265/1265 1267/1267 1268/1268
f 1265/1265 1268/1268 1266/1266
f 1267/1267 1269/1269 1270/1270
f 1267/1267 1270/1270 1268/1268
f 1275/1275 1274/1274 1276/1276
f 1275/1275 1276/1276 1277/1277
f 1275/1275 1277/1277 1278/1278
f 1275/1275 1278/1278 1161/1161
f 1278/1278 1174/1174 1162/1162
f 1278/1278 1162/1162 1161/1161
f 1278/1278 1277/1277 1279/1279
f 1278/1278 1279/1279 1280/1280
f 1278/1278 1280/1280 1175/1175
f 1278/1278 1175/1175 1174/1174
f 1280/1280 1279/1279 1281/1281
f 1280/1280 1281/1281 1282/1282
f 1280/1280 1282/1282 1176/1176
f 1280/1280 1176/1176 1175/1175
f 1282/1282 1281/1281 1283/1283
f 1282/1282 1283/1283 1284/1284
f 1282/1282 1284/1284 1285/1285
f 1282/1282 1285/1285 1176/1176
f 1285/1285 1181/1181 1177/1177
f 1285/1285 1177/1177 1176/1176
f 1286/1286 1287/1287 1285/1285
f 1286/1286 1285/1285 1284/1284
f 1287/1287 1288/1288 1181/1181
f 1287/1287 1181/1181 1285/1285
f 1288/1288 1186/1186 1182/1182
f 1288/1288 1182/1182 1181/1181
f 1288/1288 1287/1287 1289/1289
f 1288/1288 1289/1289 1290/1290
f 1288/1288 1290/1290 1291/1291
f 1288/1288 1291/1291 1186/1186
f 1291/1291 1189/1189 1187/1187
f 1291/1291 1187/1187 1186/1186
f 1291/1291 1290/1290 1292/1292
f 1291/1291 1292/1292 1293/1293
f 1291/1291 1293/1293 1294/1294
f 1291/1291 1294/1294 1189/1189
f 1295/1295 1296/1296 1294/1294
f 1295/1295 1294/1294 1293/1293
f 1297/1297 1298/1298 1296/1296
f 1297/1297 1296/1296 1295/1295
f 1298/1298 1297/1297 1245/1245
f 1298/1298 1245/1245 1244/1244
f 1300/1300 1297/1297 1295/1295
f 1300/1300 1295/1295 1299/1299
f 1297/1297 1300/1300 1246/1246
f 1297/1297 1246/1246 1245/1245
f 1302/1302 1300/1300 1299/1299
f 1302/1302 1299/1299 1301/1301
f 1300/1300 1302/1302 1248/1248
f 1300/1300 1248/1248 1246/1246
f 1304/1304 1302/1302 1301/1301
f 1304/1304 1301/1301 1303/1303
f 1302/1302 1304/1304 1250/1250
f 1302/1302 1250/1250 1248/1248
f 1304/1304 1303/1303 1305/1305
f 1304/1304 1305/1305 1552/1552
f 1552/1552 1305/1305 1306/1306
f 1552/1552 1306/1306 1553/1553
f 1306/1306 1305/1305 1307/1307
f 1306/1306 1307/1307 1308/1308
f 1257/1257 1306/1306 1308/1308
f 1257/1257 1308/1308 1259/1259
f 1308/1308 1307/1307 1309/1309
f 1308/1308 1309/1309 1310/1310
f 1308/1308 1310/1310 1261/1261
f 1308/1308 1261/1261 1259/1259
f 1310/1310 1309/1309 1311/1311
f 1310/1310 1311/1311 1312/1312
f 1310/1310 1312/1312 1263/1263
f 1310/1310 1263/1263 1261/1261
f 1312/1312 1311/1311 1283/1283
f 1312/1312 1283/1283 1313/1313
f 1263/1263 1312/1312 1313/1313
f 1263/1263 1313/1313 1265/1265
f 1313/1313 1283/1283 1281/1281
f 1313/1313 1281/1281 1314/1314
f 1313/1313 1314/1314 1267/1267
f 1313/1313 1267/1267 1265/1265
f 1314/1314 1281/1281 1279/1279
f 1314/1314 1279/1279 1315/1315
f 1314/1314 1315/1315 1269/1269
f 1314/1314 1269/1269 1267/1267
f 1315/1315 1279/1279 1277/1277
f 1315/1315 1277/1277 1276/1276
f 1315/1315 1276/1276 1316/1316
f 1315/1315 1316/1316 1269/1269
f 1316/1316 1276/1276 1274/1274
f 1316/1316 1274/1274 1317/1317
f 1311/1311 1286/1286 1284/1284
f 1311/1311 1284/1284 1283/1283
f 1311/1311 1309/1309 1318/1318
f 1311/1311 1318/1318 1286/1286
f 1318/1318 1289/1289 1287/1287
f 1318/1318 1287/1287 1286/1286
f 1318/1318 1309/1309 1307/1307
f 1318/1318 1307/1307 1319/1319
f 1318/1318 1319/1319 1320/1320
f 1318/1318 1320/1320 1289/1289
f 1320/1320 1292/1292 1290/1290
f 1320/1320 1290/1290 1289/1289
f 1303/1303 1301/1301 1320/1320
f 1303/1303 1320/1320 1319/1319
f 1301/1301 1299/1299 1292/1292
f 1301/1301 1292/1292 1320/1320
f 1305/1305 1303/1303 1319/1319
f 1305/1305 1319/1319 1307/1307
f 1299/1299 1295/1295 1293/1293
f 1299/1299 1293/1293 1292/1292
f 1501/1501 1532/1532 1239/1239
f 1501/1501 1239/1239 1201/1201
f 1173/1173 1323/1323 1325/1325
f 1173/1173 1325/1325 1326/1326
f 1323/1323 1173/1173 1172/1172
f 1323/1323 1172/1172 1180/1180
f 1326/1326 1325/1325 1327/1327
f 1326/1326 1327/1327 1328/1328
f 1326/1326 1328/1328 1329/1329
f 1326/1326 1329/1329 1330/1330
f 1169/1169 1173/1173 1326/1326
f 1169/1169 1326/1326 1330/1330
f 1330/1330 1329/1329 1331/1331
f 1330/1330 1331/1331 1332/1332
f 1170/1170 1169/1169 1330/1330
f 1170/1170 1330/1330 1332/1332
f 1332/1332 1331/1331 1333/1333
f 1332/1332 1333/1333 1334/1334
f 1335/1335 1170/1170 1332/1332
f 1335/1335 1332/1332 1334/1334
f 1335/1335 1334/1334 1468/1468
f 1335/1335 1468/1468 1336/1336
f 1338/1338 1335/1335 1336/1336
f 1338/1338 1336/1336 1337/1337
f 1335/1335 1338/1338 1171/1171
f 1335/1335 1171/1171 1170/1170
f 1338/1338 1162/1162 1174/1174
f 1338/1338 1174/1174 1171/1171
f 1334/1334 1333/1333 1413/1413
f 1334/1334 1413/1413 1468/1468
f 1331/1331 1329/1329 1339/1339
f 1331/1331 1339/1339 1340/1340
f 1339/1339 1329/1329 1328/1328
f 1339/1339 1328/1328 1341/1341
f 1341/1341 1328/1328 1327/1327
f 1341/1341 1327/1327 1342/1342
f 562/562 614/614 1493/1493
f 562/562 1493/1493 1494/1494
f 1507/1507 924/924 923/923
f 1507/1507 923/923 1506/1506
f 1351/1351 1145/1145 1144/1144
f 1351/1351 1144/1144 1509/1509
f 1500/1500 932/932 933/933
f 1500/1500 933/933 1352/1352
f 1495/1495 1496/1496 615/615
f 1495/1495 615/615 613/613
f 1353/1353 1527/1527 1469/1469
f 1353/1353 1469/1469 1345/1345
f 1355/1355 1272/1272 1273/1273
f 1355/1355 1273/1273 1470/1470
f 1419/1419 1356/1356 1528/1528
f 1419/1419 1528/1528 1417/1417
f 1537/1537 1357/1357 1358/1358
f 1537/1537 1358/1358 1536/1536
f 1616/1616 1672/1672 1513/1513
f 1616/1616 1513/1513 1614/1614
f 1510/1510 1607/1607 1545/1545
f 1510/1510 1545/1545 1346/1346
f 1347/1347 1362/1362 1603/1603
f 1347/1347 1603/1603 1604/1604
f 1671/1671 1529/1529 1669/1669
f 1671/1671 1669/1669 1365/1365
f 1347/1347 1366/1366 1367/1367
f 1347/1347 1367/1367 1362/1362
f 1357/1357 1539/1539 1540/1540
f 1357/1357 1540/1540 1358/1358
f 1666/1666 1667/1667 1512/1512
f 1666/1666 1512/1512 1615/1615
f 1368/1368 637/637 564/564
f 1368/1368 564/564 1348/1348
f 564/564 565/565 1650/1650
f 564/564 1650/1650 1348/1348
f 1373/1373 1349/1349 1371/1371
f 1373/1373 1371/1371 1372/1372
f 1349/1349 1373/1373 1374/1374
f 1349/1349 1374/1374 1375/1375
f 1371/1371 1349/1349 1375/1375
f 1371/1371 1375/1375 1658/1658
f 1518/1518 1519/1519 1377/1377
f 1518/1518 1377/1377 1378/1378
f 1518/1518 1752/1752 1675/1675
f 1518/1518 1675/1675 1676/1676
f 1350/1350 1677/1677 1678/1678
f 1350/1350 1678/1678 1379/1379
f 1350/1350 1379/1379 1380/1380
f 1350/1350 1380/1380 1376/1376
f 1380/1380 1381/1381 1382/1382
f 1380/1380 1382/1382 1376/1376
f 1380/1380 1379/1379 1599/1599
f 1380/1380 1599/1599 1600/1600
f 1380/1380 1600/1600 1601/1601
f 1380/1380 1601/1601 1381/1381
f 1601/1601 1602/1602 1387/1387
f 1601/1601 1387/1387 1381/1381
f 1385/1385 1384/1384 1388/1388
f 1385/1385 1388/1388 1389/1389
f 1385/1385 1389/1389 1390/1390
f 1385/1385 1390/1390 1386/1386
f 1390/1390 1391/1391 1363/1363
f 1390/1390 1363/1363 1386/1386
f 1390/1390 1389/1389 1392/1392
f 1390/1390 1392/1392 1393/1393
f 1390/1390 1393/1393 1394/1394
f 1390/1390 1394/1394 1391/1391
f 1394/1394 1395/1395 1396/1396
f 1394/1394 1396/1396 1391/1391
f 1394/1394 1393/1393 1204/1204
f 1394/1394 1204/1204 1206/1206
f 1394/1394 1206/1206 1208/1208
f 1394/1394 1208/1208 1395/1395
f 1208/1208 1210/1210 1502/1502
f 1208/1208 1502/1502 1395/1395
f 1515/1515 1503/1503 1610/1610
f 1515/1515 1610/1610 1611/1611
f 1396/1396 1395/1395 1502/1502
f 1396/1396 1502/1502 1618/1618
f 1397/1397 1212/1212 1214/1214
f 1397/1397 1214/1214 1503/1503
f 1154/1154 1155/1155 1402/1402
f 1154/1154 1402/1402 1401/1401
f 1399/1399 1398/1398 1401/1401
f 1399/1399 1401/1401 1402/1402
f 1153/1153 1154/1154 1401/1401
f 1153/1153 1401/1401 1218/1218
f 1155/1155 1156/1156 1361/1361
f 1155/1155 1361/1361 1402/1402
f 1360/1360 1399/1399 1402/1402
f 1360/1360 1402/1402 1361/1361
f 1157/1157 1545/1545 1361/1361
f 1157/1157 1361/1361 1156/1156
f 1514/1514 1515/1515 1611/1611
f 1514/1514 1611/1611 1612/1612
f 1364/1364 1396/1396 1618/1618
f 1364/1364 1618/1618 1619/1619
f 1204/1204 1393/1393 1392/1392
f 1204/1204 1392/1392 1202/1202
f 1202/1202 1392/1392 1403/1403
f 1202/1202 1403/1403 1404/1404
f 1200/1200 1751/1751 1405/1405
f 1200/1200 1405/1405 1682/1682
f 1755/1755 1713/1713 1714/1714
f 1755/1755 1714/1714 1753/1753
f 1342/1342 1406/1406 1407/1407
f 1342/1342 1407/1407 1341/1341
f 1341/1341 1407/1407 1408/1408
f 1341/1341 1408/1408 1339/1339
f 1339/1339 1408/1408 1409/1409
f 1339/1339 1409/1409 1340/1340
f 1340/1340 1409/1409 1410/1410
f 1340/1340 1410/1410 1411/1411
f 1340/1340 1411/1411 1333/1333
f 1340/1340 1333/1333 1331/1331
f 1333/1333 1411/1411 1412/1412
f 1333/1333 1412/1412 1413/1413
f 1413/1413 1412/1412 187/187
f 1413/1413 187/187 186/186
f 193/193 192/192 1414/1414
f 193/193 1414/1414 1415/1415
f 194/194 193/193 1415/1415
f 194/194 1415/1415 1416/1416
f 195/195 194/194 1416/1416
f 195/195 1416/1416 1417/1417
f 1418/1418 1419/1419 1417/1417
f 1418/1418 1417/1417 1416/1416
f 1419/1419 1418/1418 1420/1420
f 1419/1419 1420/1420 1421/1421
f 1422/1422 1356/1356 1419/1419
f 1422/1422 1419/1419 1421/1421
f 1424/1424 1422/1422 1421/1421
f 1424/1424 1421/1421 1423/1423
f 1422/1422 1424/1424 1425/1425
f 1422/1422 1425/1425 1426/1426
f 1356/1356 1422/1422 1426/1426
f 1356/1356 1426/1426 1353/1353
f 1525/1525 1526/1526 1426/1426
f 1525/1525 1426/1426 1425/1425
f 1526/1526 1527/1527 1353/1353
f 1526/1526 1353/1353 1426/1426
f 1648/1648 1649/1649 1656/1656
f 1648/1648 1656/1656 1655/1655
f 1427/1427 1530/1530 1531/1531
f 1427/1427 1531/1531 1354/1354
f 1429/1429 1428/1428 1370/1370
f 1429/1429 1370/1370 1369/1369
f 1429/1429 1369/1369 1542/1542
f 1429/1429 1542/1542 1430/1430
f 1271/1271 1272/1272 1355/1355
f 1271/1271 1355/1355 1430/1430
f 1653/1653 1646/1646 1647/1647
f 1653/1653 1647/1647 1654/1654
f 1655/1655 1656/1656 1664/1664
f 1655/1655 1664/1664 1663/1663
f 1661/1661 1653/1653 1654/1654
f 1661/1661 1654/1654 1662/1662
f 1663/1663 1664/1664 1365/1365
f 1663/1663 1365/1365 1669/1669
f 1657/1657 1658/1658 1375/1375
f 1657/1657 1375/1375 1617/1617
f 1371/1371 1424/1424 1423/1423
f 1371/1371 1423/1423 1372/1372
f 1423/1423 1421/1421 1420/1420
f 1423/1423 1420/1420 1431/1431
f 1423/1423 1431/1431 1432/1432
f 1423/1423 1432/1432 1372/1372
f 1432/1432 1431/1431 1433/1433
f 1432/1432 1433/1433 1434/1434
f 1434/1434 1435/1435 1436/1436
f 1434/1434 1436/1436 1432/1432
f 1436/1436 1373/1373 1372/1372
f 1436/1436 1372/1372 1432/1432
f 1436/1436 1435/1435 1437/1437
f 1436/1436 1437/1437 1438/1438
f 1373/1373 1436/1436 1438/1438
f 1373/1373 1438/1438 1374/1374
f 1521/1521 1522/1522 1438/1438
f 1521/1521 1438/1438 1437/1437
f 1522/1522 1523/1523 1374/1374
f 1522/1522 1374/1374 1438/1438
f 1520/1520 1521/1521 1437/1437
f 1520/1520 1437/1437 1440/1440
f 1439/1439 1382/1382 1381/1381
f 1439/1439 1381/1381 1387/1387
f 1439/1439 1387/1387 1362/1362
f 1439/1439 1362/1362 1367/1367
f 1435/1435 1441/1441 1440/1440
f 1435/1435 1440/1440 1437/1437
f 1441/1441 1442/1442 1377/1377
f 1441/1441 1377/1377 1440/1440
f 1519/1519 1520/1520 1440/1440
f 1519/1519 1440/1440 1377/1377
f 1442/1442 1441/1441 1443/1443
f 1442/1442 1443/1443 1444/1444
f 1442/1442 1444/1444 1445/1445
f 1442/1442 1445/1445 1446/1446
f 1442/1442 1446/1446 1378/1378
f 1442/1442 1378/1378 1377/1377
f 1446/1446 1445/1445 1447/1447
f 1446/1446 1447/1447 1448/1448
f 1448/1448 1447/1447 1407/1407
f 1448/1448 1407/1407 1406/1406
f 1752/1752 1754/1754 1755/1755
f 1752/1752 1755/1755 1753/1753
f 1447/1447 1445/1445 1449/1449
f 1447/1447 1449/1449 1450/1450
f 1447/1447 1450/1450 1408/1408
f 1447/1447 1408/1408 1407/1407
f 1450/1450 1449/1449 1451/1451
f 1450/1450 1451/1451 1452/1452
f 1450/1450 1452/1452 1409/1409
f 1450/1450 1409/1409 1408/1408
f 1452/1452 1451/1451 1453/1453
f 1452/1452 1453/1453 1454/1454
f 1452/1452 1454/1454 1410/1410
f 1452/1452 1410/1410 1409/1409
f 1454/1454 1453/1453 1455/1455
f 1454/1454 1455/1455 1456/1456
f 1410/1410 1454/1454 1456/1456
f 1410/1410 1456/1456 1457/1457
f 1457/1457 1456/1456 189/189
f 1457/1457 189/189 188/188
f 1457/1457 188/188 187/187
f 1457/1457 187/187 1412/1412
f 1411/1411 1410/1410 1457/1457
f 1411/1411 1457/1457 1412/1412
f 1456/1456 1455/1455 190/190
f 1456/1456 190/190 189/189
f 1455/1455 1458/1458 191/191
f 1455/1455 191/191 190/190
f 1453/1453 1459/1459 1458/1458
f 1453/1453 1458/1458 1455/1455
f 1459/1459 1460/1460 1414/1414
f 1459/1459 1414/1414 1458/1458
f 1459/1459 1453/1453 1451/1451
f 1459/1459 1451/1451 1461/1461
f 1459/1459 1461/1461 1462/1462
f 1459/1459 1462/1462 1460/1460
f 1462/1462 1463/1463 1464/1464
f 1462/1462 1464/1464 1460/1460
f 1462/1462 1461/1461 1465/1465
f 1462/1462 1465/1465 1466/1466
f 1462/1462 1466/1466 1433/1433
f 1462/1462 1433/1433 1463/1463
f 1466/1466 1465/1465 1444/1444
f 1466/1466 1444/1444 1443/1443
f 1466/1466 1443/1443 1434/1434
f 1466/1466 1434/1434 1433/1433
f 1465/1465 1461/1461 1451/1451
f 1465/1465 1451/1451 1449/1449
f 1465/1465 1449/1449 1445/1445
f 1465/1465 1445/1445 1444/1444
f 1464/1464 1418/1418 1416/1416
f 1464/1464 1416/1416 1415/1415
f 1460/1460 1464/1464 1415/1415
f 1460/1460 1415/1415 1414/1414
f 1464/1464 1463/1463 1420/1420
f 1464/1464 1420/1420 1418/1418
f 1463/1463 1433/1433 1431/1431
f 1463/1463 1431/1431 1420/1420
f 1458/1458 1414/1414 192/192
f 1458/1458 192/192 191/191
f 1443/1443 1441/1441 1435/1435
f 1443/1443 1435/1435 1434/1434
f 1675/1675 1752/1752 1753/1753
f 1675/1675 1753/1753 1517/1517
f 1678/1678 1679/1679 1599/1599
f 1678/1678 1599/1599 1379/1379
f 1680/1680 1681/1681 1467/1467
f 1680/1680 1467/1467 1383/1383
f 1467/1467 1388/1388 1384/1384
f 1467/1467 1384/1384 1383/1383
f 1467/1467 1681/1681 1682/1682
f 1467/1467 1682/1682 1405/1405
f 1467/1467 1405/1405 1403/1403
f 1467/1467 1403/1403 1388/1388
f 1403/1403 1392/1392 1389/1389
f 1403/1403 1389/1389 1388/1388
f 1396/1396 1364/1364 1363/1363
f 1396/1396 1363/1363 1391/1391
f 1387/1387 1602/1602 1603/1603
f 1387/1387 1603/1603 1362/1362
f 1507/1507 1368/1368 937/937
f 1507/1507 937/937 924/924
f 935/935 1357/1357 1537/1537
f 935/935 1537/1537 934/934
f 186/186 185/185 1468/1468
f 186/186 1468/1468 1413/1413
f 1469/1469 1163/1163 1160/1160
f 1469/1469 1160/1160 1345/1345
f 1470/1470 1273/1273 1163/1163
f 1470/1470 1163/1163 1469/1469
f 1495/1495 613/613 562/562
f 1495/1495 562/562 1494/1494
f 1493/1493 614/614 560/560
f 1493/1493 560/560 1492/1492
f 1472/1472 1471/1471 1474/1474
f 1472/1472 1474/1474 1473/1473
f 1473/1473 1474/1474 1480/1480
f 1473/1473 1480/1480 1481/1481
f 1475/1475 1477/1477 1476/1476
f 1475/1475 1476/1476 1544/1544
f 1476/1476 1477/1477 1479/1479
f 1476/1476 1479/1479 1478/1478
f 1478/1478 1479/1479 1481/1481
f 1478/1478 1481/1481 1480/1480
f 1161/1161 1162/1162 1472/1472
f 1161/1161 1472/1472 1473/1473
f 1474/1474 1471/1471 1160/1160
f 1474/1474 1160/1160 1163/1163
f 1543/1543 1544/1544 1476/1476
f 1543/1543 1476/1476 1271/1271
f 1476/1476 1478/1478 1272/1272
f 1476/1476 1272/1272 1271/1271
f 1478/1478 1480/1480 1273/1273
f 1478/1478 1273/1273 1272/1272
f 1480/1480 1474/1474 1163/1163
f 1480/1480 1163/1163 1273/1273
f 1274/1274 1275/1275 1481/1481
f 1274/1274 1481/1481 1479/1479
f 1275/1275 1161/1161 1473/1473
f 1275/1275 1473/1473 1481/1481
f 1317/1317 1477/1477 1475/1475
f 1317/1317 1475/1475 1546/1546
f 1477/1477 1317/1317 1274/1274
f 1477/1477 1274/1274 1479/1479
f 1162/1162 1338/1338 1337/1337
f 1162/1162 1337/1337 1472/1472
f 1538/1538 1482/1482 927/927
f 1538/1538 927/927 928/928
f 1483/1483 1547/1547 1165/1165
f 1483/1483 1165/1165 1167/1167
f 1484/1484 1483/1483 1167/1167
f 1484/1484 1167/1167 1253/1253
f 1485/1485 1484/1484 1253/1253
f 1485/1485 1253/1253 1252/1252
f 1486/1486 1485/1485 1252/1252
f 1486/1486 1252/1252 1251/1251
f 1487/1487 1486/1486 1251/1251
f 1487/1487 1251/1251 1249/1249
f 1488/1488 1487/1487 1249/1249
f 1488/1488 1249/1249 1247/1247
f 1489/1489 1488/1488 1247/1247
f 1489/1489 1247/1247 1243/1243
f 1490/1490 1489/1489 1243/1243
f 1490/1490 1243/1243 1242/1242
f 1506/1506 923/923 925/925
f 1506/1506 925/925 1505/1505
f 396/396 1493/1493 1492/1492
f 396/396 1492/1492 361/361
f 1494/1494 1493/1493 396/396
f 1494/1494 396/396 362/362
f 363/363 1495/1495 1494/1494
f 363/363 1494/1494 362/362
f 363/363 1574/1574 1496/1496
f 363/363 1496/1496 1495/1495
f 1528/1528 196/196 195/195
f 1528/1528 195/195 1417/1417
f 1345/1345 1160/1160 180/180
f 1345/1345 180/180 197/197
f 1471/1471 181/181 180/180
f 1471/1471 180/180 1160/1160
f 1471/1471 1472/1472 182/182
f 1471/1471 182/182 181/181
f 1337/1337 183/183 182/182
f 1337/1337 182/182 1472/1472
f 1337/1337 1336/1336 184/184
f 1337/1337 184/184 183/183
f 931/931 1497/1497 1256/1256
f 931/931 1256/1256 930/930
f 1498/1498 1150/1150 1151/1151
f 1498/1498 1151/1151 1499/1499
f 1151/1151 1152/1152 1217/1217
f 1151/1151 1217/1217 1499/1499
f 1508/1508 1509/1509 1144/1144
f 1508/1508 1144/1144 1146/1146
f 935/935 936/936 1539/1539
f 935/935 1539/1539 1357/1357
f 932/932 1500/1500 1497/1497
f 932/932 1497/1497 931/931
f 1508/1508 1146/1146 1147/1147
f 1508/1508 1147/1147 1598/1598
f 1202/1202 1404/1404 1501/1501
f 1202/1202 1501/1501 1201/1201
f 1210/1210 1212/1212 1397/1397
f 1210/1210 1397/1397 1502/1502
f 1503/1503 1214/1214 1609/1609
f 1503/1503 1609/1609 1610/1610
f 1398/1398 1216/1216 1218/1218
f 1398/1398 1218/1218 1401/1401
f 551/551 553/553 1505/1505
f 551/551 1505/1505 1504/1504
f 618/618 1506/1506 1505/1505
f 618/618 1505/1505 553/553
f 563/563 1507/1507 1506/1506
f 563/563 1506/1506 618/618
f 1497/1497 1500/1500 1509/1509
f 1497/1497 1509/1509 1508/1508
f 1500/1500 1352/1352 1351/1351
f 1500/1500 1351/1351 1509/1509
f 563/563 637/637 1368/1368
f 563/563 1368/1368 1507/1507
f 1534/1534 1166/1166 1167/1167
f 1534/1534 1167/1167 1165/1165
f 1511/1511 1535/1535 1536/1536
f 1511/1511 1536/1536 1358/1358
f 1540/1540 1665/1665 1511/1511
f 1540/1540 1511/1511 1358/1358
f 1613/1613 1614/1614 1513/1513
f 1613/1613 1513/1513 1606/1606
f 1667/1667 1661/1661 1662/1662
f 1667/1667 1662/1662 1668/1668
f 1605/1605 1673/1673 1621/1621
f 1605/1605 1621/1621 1620/1620
f 1359/1359 1400/1400 1515/1515
f 1359/1359 1515/1515 1514/1514
f 1400/1400 1397/1397 1503/1503
f 1400/1400 1503/1503 1515/1515
f 1347/1347 1604/1604 1620/1620
f 1347/1347 1620/1620 1621/1621
f 1350/1350 1376/1376 1519/1519
f 1350/1350 1519/1519 1518/1518
f 1376/1376 1382/1382 1520/1520
f 1376/1376 1520/1520 1519/1519
f 1382/1382 1439/1439 1521/1521
f 1382/1382 1521/1521 1520/1520
f 1439/1439 1367/1367 1522/1522
f 1439/1439 1522/1522 1521/1521
f 1367/1367 1366/1366 1523/1523
f 1367/1367 1523/1523 1522/1522
f 1365/1365 1524/1524 1670/1670
f 1365/1365 1670/1670 1671/1671
f 1365/1365 1664/1664 1617/1617
f 1365/1365 1617/1617 1524/1524
f 1664/1664 1656/1656 1657/1657
f 1664/1664 1657/1657 1617/1617
f 1656/1656 1649/1649 1525/1525
f 1656/1656 1525/1525 1657/1657
f 1427/1427 1354/1354 1527/1527
f 1427/1427 1527/1527 1526/1526
f 1527/1527 1354/1354 1470/1470
f 1527/1527 1470/1470 1469/1469
f 184/184 1336/1336 1468/1468
f 184/184 1468/1468 185/185
f 1354/1354 1531/1531 1355/1355
f 1354/1354 1355/1355 1470/1470
f 1356/1356 1353/1353 1345/1345
f 1356/1356 1345/1345 1528/1528
f 196/196 1528/1528 1345/1345
f 196/196 1345/1345 197/197
f 1668/1668 1662/1662 1663/1663
f 1668/1668 1663/1663 1669/1669
f 1662/1662 1654/1654 1655/1655
f 1662/1662 1655/1655 1663/1663
f 1647/1647 1648/1648 1655/1655
f 1647/1647 1655/1655 1654/1654
f 1531/1531 1530/1530 1428/1428
f 1531/1531 1428/1428 1429/1429
f 1531/1531 1429/1429 1430/1430
f 1531/1531 1430/1430 1355/1355
f 1532/1532 1747/1747 1240/1240
f 1532/1532 1240/1240 1239/1239
f 1749/1749 1750/1750 1199/1199
f 1749/1749 1199/1199 1198/1198
f 1714/1714 1344/1344 1517/1517
f 1714/1714 1517/1517 1753/1753
f 1149/1149 1632/1632 1533/1533
f 1149/1149 1533/1533 1148/1148
f 1164/1164 1631/1631 1632/1632
f 1164/1164 1632/1632 1498/1498
f 1630/1630 1631/1631 1164/1164
f 1630/1630 1164/1164 1168/1168
f 1535/1535 1510/1510 1346/1346
f 1535/1535 1346/1346 1536/1536
f 1352/1352 1537/1537 1536/1536
f 1352/1352 1536/1536 1346/1346
f 934/934 1537/1537 1352/1352
f 934/934 1352/1352 933/933
f 1255/1255 1538/1538 928/928
f 1255/1255 928/928 929/929
f 1539/1539 936/936 937/937
f 1539/1539 937/937 1368/1368
f 1540/1540 1539/1539 1368/1368
f 1540/1540 1368/1368 1348/1348
f 1316/1316 1541/1541 1270/1270
f 1316/1316 1270/1270 1269/1269
f 1430/1430 1542/1542 1543/1543
f 1430/1430 1543/1543 1271/1271
f 1157/1157 1145/1145 1351/1351
f 1157/1157 1351/1351 1545/1545
f 1351/1351 1352/1352 1346/1346
f 1351/1351 1346/1346 1545/1545
f 1317/1317 1546/1546 1541/1541
f 1317/1317 1541/1541 1316/1316
f 1548/1548 1250/1250 1304/1304
f 1548/1548 1304/1304 1552/1552
f 1549/1549 1548/1548 1552/1552
f 1549/1549 1552/1552 1553/1553
f 1550/1550 1549/1549 1553/1553
f 1550/1550 1553/1553 1554/1554
f 1554/1554 1553/1553 1306/1306
f 1554/1554 1306/1306 1257/1257
f 1258/1258 1555/1555 1554/1554
f 1258/1258 1554/1554 1257/1257
f 1556/1556 1557/1557 1559/1559
f 1556/1556 1559/1559 1558/1558
f 1557/1557 1556/1556 1565/1565
f 1557/1557 1565/1565 1564/1564
f 1558/1558 1559/1559 1566/1566
f 1558/1558 1566/1566 1643/1643
f 1560/1560 1561/1561 1582/1582
f 1560/1560 1582/1582 1583/1583
f 1561/1561 1560/1560 1562/1562
f 1561/1561 1562/1562 1563/1563
f 1563/1563 1562/1562 1578/1578
f 1563/1563 1578/1578 1579/1579
f 1564/1564 1565/1565 1585/1585
f 1564/1564 1585/1585 1584/1584
f 1643/1643 1566/1566 1568/1568
f 1643/1643 1568/1568 1642/1642
f 1642/1642 1568/1568 1570/1570
f 1642/1642 1570/1570 1641/1641
f 1641/1641 1570/1570 1573/1573
f 1641/1641 1573/1573 1640/1640
f 1640/1640 1573/1573 1588/1588
f 1640/1640 1588/1588 1639/1639
f 1575/1575 1633/1633 1634/1634
f 1575/1575 1634/1634 1576/1576
f 1576/1576 1634/1634 1635/1635
f 1576/1576 1635/1635 1591/1591
f 1579/1579 1578/1578 1580/1580
f 1579/1579 1580/1580 1581/1581
f 1581/1581 1580/1580 1587/1587
f 1581/1581 1587/1587 1586/1586
f 1584/1584 1585/1585 1583/1583
f 1584/1584 1583/1583 1582/1582
f 1533/1533 1598/1598 1147/1147
f 1533/1533 1147/1147 1148/1148
f 1639/1639 1588/1588 1596/1596
f 1639/1639 1596/1596 1638/1638
f 1591/1591 1635/1635 1636/1636
f 1591/1591 1636/1636 1592/1592
f 1592/1592 1636/1636 1637/1637
f 1592/1592 1637/1637 1594/1594
f 1594/1594 1637/1637 1638/1638
f 1594/1594 1638/1638 1596/1596
f 1504/1504 1583/1583 1585/1585
f 1504/1504 1585/1585 551/551
f 551/551 1585/1585 1565/1565
f 551/551 1565/1565 554/554
f 552/552 559/559 1556/1556
f 552/552 1556/1556 1558/1558
f 1492/1492 1567/1567 360/360
f 1492/1492 360/360 361/361
f 1534/1534 1165/1165 1586/1586
f 1534/1534 1586/1586 1533/1533
f 1551/1551 1555/1555 1563/1563
f 1551/1551 1563/1563 1579/1579
f 1547/1547 1551/1551 1579/1579
f 1547/1547 1579/1579 1581/1581
f 1562/1562 1560/1560 1159/1159
f 1562/1562 1159/1159 1254/1254
f 1562/1562 1254/1254 1482/1482
f 1562/1562 1482/1482 1578/1578
f 1584/1584 1258/1258 1260/1260
f 1584/1584 1260/1260 1564/1564
f 1260/1260 1262/1262 1557/1557
f 1260/1260 1557/1557 1564/1564
f 1262/1262 1264/1264 1559/1559
f 1262/1262 1559/1559 1557/1557
f 1559/1559 1264/1264 1266/1266
f 1559/1559 1266/1266 1566/1566
f 1266/1266 1268/1268 1568/1568
f 1266/1266 1568/1568 1566/1566
f 1268/1268 1270/1270 1570/1570
f 1268/1268 1570/1570 1568/1568
f 1573/1573 1570/1570 1270/1270
f 1573/1573 1270/1270 1541/1541
f 358/358 1571/1571 1572/1572
f 358/358 1572/1572 406/406
f 1556/1556 559/559 554/554
f 1556/1556 554/554 1565/1565
f 1369/1369 1370/1370 1575/1575
f 1369/1369 1575/1575 1576/1576
f 1577/1577 1574/1574 363/363
f 1577/1577 363/363 364/364
f 1369/1369 1576/1576 1591/1591
f 1369/1369 1591/1591 1542/1542
f 1594/1594 1596/1596 1475/1475
f 1594/1594 1475/1475 1544/1544
f 397/397 1597/1597 1595/1595
f 397/397 1595/1595 399/399
f 399/399 1595/1595 1593/1593
f 399/399 1593/1593 403/403
f 1592/1592 1594/1594 1544/1544
f 1592/1592 1544/1544 1543/1543
f 1578/1578 1482/1482 1538/1538
f 1578/1578 1538/1538 1580/1580
f 1165/1165 1547/1547 1581/1581
f 1165/1165 1581/1581 1586/1586
f 1580/1580 1538/1538 1255/1255
f 1580/1580 1255/1255 1587/1587
f 403/403 1593/1593 1590/1590
f 403/403 1590/1590 365/365
f 1577/1577 364/364 365/365
f 1577/1577 365/365 1590/1590
f 1569/1569 359/359 360/360
f 1569/1569 360/360 1567/1567
f 1571/1571 358/358 359/359
f 1571/1571 359/359 1569/1569
f 1543/1543 1542/1542 1591/1591
f 1543/1543 1591/1591 1592/1592
f 1589/1589 410/410 406/406
f 1589/1589 406/406 1572/1572
f 1546/1546 1588/1588 1573/1573
f 1546/1546 1573/1573 1541/1541
f 1475/1475 1596/1596 1588/1588
f 1475/1475 1588/1588 1546/1546
f 1597/1597 397/397 410/410
f 1597/1597 410/410 1589/1589
f 1258/1258 1584/1584 1582/1582
f 1258/1258 1582/1582 1561/1561
f 1504/1504 1159/1159 1560/1560
f 1504/1504 1560/1560 1583/1583
f 1555/1555 1258/1258 1561/1561
f 1555/1555 1561/1561 1563/1563
f 1256/1256 1598/1598 1587/1587
f 1256/1256 1587/1587 1255/1255
f 1679/1679 1680/1680 1383/1383
f 1679/1679 1383/1383 1599/1599
f 1600/1600 1599/1599 1383/1383
f 1600/1600 1383/1383 1384/1384
f 1601/1601 1600/1600 1384/1384
f 1601/1601 1384/1384 1385/1385
f 1385/1385 1386/1386 1602/1602
f 1385/1385 1602/1602 1601/1601
f 1603/1603 1602/1602 1386/1386
f 1603/1603 1386/1386 1363/1363
f 1604/1604 1603/1603 1363/1363
f 1604/1604 1363/1363 1364/1364
f 1619/1619 1620/1620 1604/1604
f 1619/1619 1604/1604 1364/1364
f 1359/1359 1514/1514 1606/1606
f 1359/1359 1606/1606 1605/1605
f 1612/1612 1613/1613 1606/1606
f 1612/1612 1606/1606 1514/1514
f 1607/1607 1360/1360 1361/1361
f 1607/1607 1361/1361 1545/1545
f 1219/1219 1608/1608 1215/1215
f 1219/1219 1215/1215 1220/1220
f 1216/1216 1609/1609 1215/1215
f 1216/1216 1215/1215 1608/1608
f 1610/1610 1609/1609 1216/1216
f 1610/1610 1216/1216 1398/1398
f 1611/1611 1610/1610 1398/1398
f 1611/1611 1398/1398 1399/1399
f 1612/1612 1611/1611 1399/1399
f 1612/1612 1399/1399 1360/1360
f 1360/1360 1607/1607 1613/1613
f 1360/1360 1613/1613 1612/1612
f 1607/1607 1510/1510 1614/1614
f 1607/1607 1614/1614 1613/1613
f 1535/1535 1616/1616 1614/1614
f 1535/1535 1614/1614 1510/1510
f 1615/1615 1616/1616 1535/1535
f 1615/1615 1535/1535 1511/1511
f 1665/1665 1666/1666 1615/1615
f 1665/1665 1615/1615 1511/1511
f 1524/1524 1617/1617 1375/1375
f 1524/1524 1375/1375 1374/1374
f 1374/1374 1523/1523 1670/1670
f 1374/1374 1670/1670 1524/1524
f 1529/1529 1516/1516 1668/1668
f 1529/1529 1668/1668 1669/1669
f 1516/1516 1512/1512 1667/1667
f 1516/1516 1667/1667 1668/1668
f 1618/1618 1502/1502 1397/1397
f 1618/1618 1397/1397 1400/1400
f 1619/1619 1618/1618 1400/1400
f 1619/1619 1400/1400 1359/1359
f 1605/1605 1620/1620 1619/1619
f 1605/1605 1619/1619 1359/1359
f 1587/1587 1598/1598 1533/1533
f 1587/1587 1533/1533 1586/1586
f 1241/1241 1236/1236 1624/1624
f 1241/1241 1624/1624 1623/1623
f 1236/1236 1237/1237 1625/1625
f 1236/1236 1625/1625 1624/1624
f 1237/1237 1230/1230 1626/1626
f 1237/1237 1626/1626 1625/1625
f 1230/1230 1231/1231 1627/1627
f 1230/1230 1627/1627 1626/1626
f 1231/1231 1224/1224 1628/1628
f 1231/1231 1628/1628 1627/1627
f 1224/1224 1225/1225 1629/1629
f 1224/1224 1629/1629 1628/1628
f 1225/1225 1166/1166 1630/1630
f 1225/1225 1630/1630 1629/1629
f 1166/1166 1534/1534 1631/1631
f 1166/1166 1631/1631 1630/1630
f 1631/1631 1534/1534 1533/1533
f 1631/1631 1533/1533 1632/1632
f 1498/1498 1632/1632 1149/1149
f 1498/1498 1149/1149 1150/1150
f 1558/1558 1492/1492 560/560
f 1558/1558 560/560 552/552
f 1634/1634 1633/1633 1574/1574
f 1634/1634 1574/1574 1577/1577
f 1635/1635 1634/1634 1577/1577
f 1635/1635 1577/1577 1590/1590
f 1636/1636 1635/1635 1590/1590
f 1636/1636 1590/1590 1593/1593
f 1637/1637 1636/1636 1593/1593
f 1637/1637 1593/1593 1595/1595
f 1638/1638 1637/1637 1595/1595
f 1638/1638 1595/1595 1597/1597
f 1589/1589 1639/1639 1638/1638
f 1589/1589 1638/1638 1597/1597
f 1572/1572 1640/1640 1639/1639
f 1572/1572 1639/1639 1589/1589
f 1571/1571 1641/1641 1640/1640
f 1571/1571 1640/1640 1572/1572
f 1569/1569 1642/1642 1641/1641
f 1569/1569 1641/1641 1571/1571
f 1567/1567 1643/1643 1642/1642
f 1567/1567 1642/1642 1569/1569
f 1558/1558 1643/1643 1567/1567
f 1558/1558 1567/1567 1492/1492
f 1633/1633 1644/1644 1496/1496
f 1633/1633 1496/1496 1574/1574
f 1575/1575 1645/1645 1644/1644
f 1575/1575 1644/1644 1633/1633
f 1370/1370 1646/1646 1645/1645
f 1370/1370 1645/1645 1575/1575
f 1428/1428 1647/1647 1646/1646
f 1428/1428 1646/1646 1370/1370
f 1530/1530 1648/1648 1647/1647
f 1530/1530 1647/1647 1428/1428
f 1427/1427 1649/1649 1648/1648
f 1427/1427 1648/1648 1530/1530
f 1525/1525 1649/1649 1427/1427
f 1525/1525 1427/1427 1526/1526
f 1496/1496 1650/1650 565/565
f 1496/1496 565/565 615/615
f 1644/1644 1651/1651 1650/1650
f 1644/1644 1650/1650 1496/1496
f 1644/1644 1645/1645 1652/1652
f 1644/1644 1652/1652 1651/1651
f 1653/1653 1652/1652 1645/1645
f 1653/1653 1645/1645 1646/1646
f 1658/1658 1657/1657 1525/1525
f 1658/1658 1525/1525 1425/1425
f 1424/1424 1371/1371 1658/1658
f 1424/1424 1658/1658 1425/1425
f 1651/1651 1659/1659 1348/1348
f 1651/1651 1348/1348 1650/1650
f 1660/1660 1659/1659 1651/1651
f 1660/1660 1651/1651 1652/1652
f 1661/1661 1660/1660 1652/1652
f 1661/1661 1652/1652 1653/1653
f 1659/1659 1665/1665 1540/1540
f 1659/1659 1540/1540 1348/1348
f 1666/1666 1665/1665 1659/1659
f 1666/1666 1659/1659 1660/1660
f 1667/1667 1666/1666 1660/1660
f 1667/1667 1660/1660 1661/1661
f 1518/1518 1676/1676 1677/1677
f 1518/1518 1677/1677 1350/1350
f 1673/1673 1674/1674 1516/1516
f 1673/1673 1516/1516 1621/1621
f 1671/1671 1670/1670 1523/1523
f 1671/1671 1523/1523 1366/1366
f 1347/1347 1529/1529 1671/1671
f 1347/1347 1671/1671 1366/1366
f 1529/1529 1347/1347 1621/1621
f 1529/1529 1621/1621 1516/1516
f 1616/1616 1615/1615 1512/1512
f 1616/1616 1512/1512 1672/1672
f 1605/1605 1606/1606 1513/1513
f 1605/1605 1513/1513 1673/1673
f 1513/1513 1672/1672 1674/1674
f 1513/1513 1674/1674 1673/1673
f 1674/1674 1672/1672 1512/1512
f 1674/1674 1512/1512 1516/1516
f 1915/1915 1916/1916 1683/1683
f 1915/1915 1683/1683 1684/1684
f 1917/1917 1888/1888 1685/1685
f 1917/1917 1685/1685 1686/1686
f 1888/1888 1889/1889 1687/1687
f 1888/1888 1687/1687 1685/1685
f 1890/1890 1891/1891 1689/1689
f 1890/1890 1689/1689 1688/1688
f 1891/1891 1892/1892 1690/1690
f 1891/1891 1690/1690 1689/1689
f 1892/1892 1893/1893 1691/1691
f 1892/1892 1691/1691 1690/1690
f 1894/1894 1895/1895 1693/1693
f 1894/1894 1693/1693 1692/1692
f 1897/1897 1898/1898 1695/1695
f 1897/1897 1695/1695 1694/1694
f 1898/1898 1899/1899 1696/1696
f 1898/1898 1696/1696 1695/1695
f 1899/1899 1900/1900 1697/1697
f 1899/1899 1697/1697 1696/1696
f 1914/1914 1915/1915 1684/1684
f 1914/1914 1684/1684 1698/1698
f 1913/1913 1914/1914 1698/1698
f 1913/1913 1698/1698 1699/1699
f 1910/1910 1911/1911 1700/1700
f 1910/1910 1700/1700 1701/1701
f 1911/1911 1912/1912 1702/1702
f 1911/1911 1702/1702 1700/1700
f 1889/1889 1890/1890 1688/1688
f 1889/1889 1688/1688 1687/1687
f 1895/1895 1896/1896 1703/1703
f 1895/1895 1703/1703 1693/1693
f 1912/1912 1913/1913 1699/1699
f 1912/1912 1699/1699 1702/1702
f 1893/1893 1894/1894 1692/1692
f 1893/1893 1692/1692 1691/1691
f 1909/1909 1910/1910 1701/1701
f 1909/1909 1701/1701 1704/1704
f 1896/1896 1897/1897 1694/1694
f 1896/1896 1694/1694 1703/1703
f 1916/1916 1917/1917 1686/1686
f 1916/1916 1686/1686 1683/1683
f 1908/1908 1909/1909 1704/1704
f 1908/1908 1704/1704 1705/1705
f 1907/1907 1908/1908 1705/1705
f 1907/1907 1705/1705 1706/1706
f 1906/1906 1907/1907 1706/1706
f 1906/1906 1706/1706 1707/1707
f 1905/1905 1906/1906 1707/1707
f 1905/1905 1707/1707 1708/1708
f 1904/1904 1905/1905 1708/1708
f 1904/1904 1708/1708 1709/1709
f 1903/1903 1904/1904 1709/1709
f 1903/1903 1709/1709 1710/1710
f 1902/1902 1903/1903 1710/1710
f 1902/1902 1710/1710 1711/1711
f 1901/1901 1902/1902 1711/1711
f 1901/1901 1711/1711 1712/1712
f 1900/1900 1901/1901 1712/1712
f 1900/1900 1712/1712 1697/1697
f 1714/1714 1713/1713 1716/1716
f 1714/1714 1716/1716 1715/1715
f 1715/1715 1716/1716 1718/1718
f 1715/1715 1718/1718 1717/1717
f 1717/1717 1718/1718 1720/1720
f 1717/1717 1720/1720 1719/1719
f 1719/1719 1720/1720 1722/1722
f 1719/1719 1722/1722 1721/1721
f 1721/1721 1722/1722 1724/1724
f 1721/1721 1724/1724 1723/1723
f 1723/1723 1724/1724 1726/1726
f 1723/1723 1726/1726 1725/1725
f 1725/1725 1726/1726 1728/1728
f 1725/1725 1728/1728 1727/1727
f 1727/1727 1728/1728 1730/1730
f 1727/1727 1730/1730 1729/1729
f 1729/1729 1730/1730 1732/1732
f 1729/1729 1732/1732 1731/1731
f 1731/1731 1732/1732 1734/1734
f 1731/1731 1734/1734 1733/1733
f 1733/1733 1734/1734 1736/1736
f 1733/1733 1736/1736 1735/1735
f 1735/1735 1736/1736 1738/1738
f 1735/1735 1738/1738 1737/1737
f 1737/1737 1738/1738 1740/1740
f 1737/1737 1740/1740 1739/1739
f 1739/1739 1740/1740 1741/1741
f 1739/1739 1741/1741 1742/1742
f 1742/1742 1741/1741 1744/1744
f 1742/1742 1744/1744 1743/1743
f 1743/1743 1744/1744 1746/1746
f 1743/1743 1746/1746 1745/1745
f 1745/1745 1746/1746 1747/1747
f 1745/1745 1747/1747 1748/1748
f 1184/1184 1185/1185 1723/1723
f 1184/1184 1723/1723 1725/1725
f 1727/1727 1188/1188 1184/1184
f 1727/1727 1184/1184 1725/1725
f 1190/1190 1188/1188 1727/1727
f 1190/1190 1727/1727 1729/1729
f 1622/1622 1745/1745 1748/1748
f 1622/1622 1748/1748 1197/1197
f 1196/1196 1195/1195 1742/1742
f 1196/1196 1742/1742 1743/1743
f 1191/1191 1190/1190 1729/1729
f 1191/1191 1729/1729 1731/1731
f 1733/1733 1192/1192 1191/1191
f 1733/1733 1191/1191 1731/1731
f 1735/1735 1193/1193 1192/1192
f 1735/1735 1192/1192 1733/1733
f 1194/1194 1193/1193 1735/1735
f 1194/1194 1735/1735 1737/1737
f 1491/1491 1194/1194 1737/1737
f 1491/1491 1737/1737 1739/1739
f 1321/1321 1322/1322 1719/1719
f 1321/1321 1719/1719 1721/1721
f 1185/1185 1321/1321 1721/1721
f 1185/1185 1721/1721 1723/1723
f 1719/1719 1322/1322 1324/1324
f 1719/1719 1324/1324 1717/1717
f 1343/1343 1344/1344 1714/1714
f 1343/1343 1714/1714 1715/1715
f 1324/1324 1343/1343 1715/1715
f 1324/1324 1715/1715 1717/1717
f 1491/1491 1739/1739 1742/1742
f 1491/1491 1742/1742 1195/1195
f 1716/1716 1713/1713 1342/1342
f 1716/1716 1342/1342 1327/1327
f 1718/1718 1716/1716 1327/1327
f 1718/1718 1327/1327 1325/1325
f 1323/1323 1720/1720 1718/1718
f 1323/1323 1718/1718 1325/1325
f 1722/1722 1720/1720 1323/1323
f 1722/1722 1323/1323 1180/1180
f 1724/1724 1722/1722 1180/1180
f 1724/1724 1180/1180 1179/1179
f 1726/1726 1724/1724 1179/1179
f 1726/1726 1179/1179 1183/1183
f 1187/1187 1728/1728 1726/1726
f 1187/1187 1726/1726 1183/1183
f 1730/1730 1728/1728 1187/1187
f 1730/1730 1187/1187 1189/1189
f 1732/1732 1730/1730 1189/1189
f 1732/1732 1189/1189 1294/1294
f 1296/1296 1734/1734 1732/1732
f 1296/1296 1732/1732 1294/1294
f 1298/1298 1736/1736 1734/1734
f 1298/1298 1734/1734 1296/1296
f 1738/1738 1736/1736 1298/1298
f 1738/1738 1298/1298 1244/1244
f 1740/1740 1738/1738 1244/1244
f 1740/1740 1244/1244 1490/1490
f 1740/1740 1490/1490 1242/1242
f 1740/1740 1242/1242 1741/1741
f 1744/1744 1741/1741 1242/1242
f 1744/1744 1242/1242 1241/1241
f 1746/1746 1623/1623 1240/1240
f 1746/1746 1240/1240 1747/1747
f 1196/1196 1743/1743 1745/1745
f 1196/1196 1745/1745 1622/1622
f 1744/1744 1241/1241 1623/1623
f 1744/1744 1623/1623 1746/1746
f 1747/1747 1532/1532 1749/1749
f 1747/1747 1749/1749 1748/1748
f 1501/1501 1750/1750 1749/1749
f 1501/1501 1749/1749 1532/1532
f 1404/1404 1751/1751 1750/1750
f 1404/1404 1750/1750 1501/1501
f 1404/1404 1403/1403 1405/1405
f 1404/1404 1405/1405 1751/1751
f 1752/1752 1518/1518 1378/1378
f 1752/1752 1378/1378 1754/1754
f 1446/1446 1448/1448 1754/1754
f 1446/1446 1754/1754 1378/1378
f 1448/1448 1406/1406 1755/1755
f 1448/1448 1755/1755 1754/1754
f 1713/1713 1755/1755 1406/1406
f 1713/1713 1406/1406 1342/1342
f 1684/1684 1683/1683 1863/1863
f 1684/1684 1863/1863 1864/1864
f 1686/1686 1685/1685 1861/1861
f 1686/1686 1861/1861 1862/1862
f 1685/1685 1687/1687 1860/1860
f 1685/1685 1860/1860 1861/1861
f 1688/1688 1689/1689 1858/1858
f 1688/1688 1858/1858 1859/1859
f 1689/1689 1690/1690 1887/1887
f 1689/1689 1887/1887 1858/1858
f 1690/1690 1691/1691 1886/1886
f 1690/1690 1886/1886 1887/1887
f 1692/1692 1693/1693 1884/1884
f 1692/1692 1884/1884 1885/1885
f 1694/1694 1695/1695 1881/1881
f 1694/1694 1881/1881 1882/1882
f 1695/1695 1696/1696 1880/1880
f 1695/1695 1880/1880 1881/1881
f 1696/1696 1697/1697 1879/1879
f 1696/1696 1879/1879 1880/1880
f 1698/1698 1684/1684 1864/1864
f 1698/1698 1864/1864 1865/1865
f 1699/1699 1698/1698 1865/1865
f 1699/1699 1865/1865 1866/1866
f 1701/1701 1700/1700 1868/1868
f 1701/1701 1868/1868 1869/1869
f 1868/1868 1700/1700 1702/1702
f 1868/1868 1702/1702 1867/1867
f 1687/1687 1688/1688 1859/1859
f 1687/1687 1859/1859 1860/1860
f 1693/1693 1703/1703 1883/1883
f 1693/1693 1883/1883 1884/1884
f 1702/1702 1699/1699 1866/1866
f 1702/1702 1866/1866 1867/1867
f 1691/1691 1692/1692 1885/1885
f 1691/1691 1885/1885 1886/1886
f 1704/1704 1701/1701 1869/1869
f 1704/1704 1869/1869 1870/1870
f 1703/1703 1694/1694 1882/1882
f 1703/1703 1882/1882 1883/1883
f 1683/1683 1686/1686 1862/1862
f 1683/1683 1862/1862 1863/1863
f 1705/1705 1704/1704 1870/1870
f 1705/1705 1870/1870 1871/1871
f 1706/1706 1705/1705 1871/1871
f 1706/1706 1871/1871 1872/1872
f 1707/1707 1706/1706 1872/1872
f 1707/1707 1872/1872 1873/1873
f 1708/1708 1707/1707 1873/1873
f 1708/1708 1873/1873 1874/1874
f 1709/1709 1708/1708 1874/1874
f 1709/1709 1874/1874 1875/1875
f 1710/1710 1709/1709 1875/1875
f 1710/1710 1875/1875 1876/1876
f 1711/1711 1710/1710 1876/1876
f 1711/1711 1876/1876 1877/1877
f 1712/1712 1711/1711 1877/1877
f 1712/1712 1877/1877 1878/1878
f 1697/1697 1712/1712 1878/1878
f 1697/1697 1878/1878 1879/1879
f 1757/1757 1756/1756 1786/1786
f 1757/1757 1786/1786 1787/1787
f 1759/1759 1758/1758 1788/1788
f 1759/1759 1788/1788 1789/1789
f 1758/1758 1760/1760 1790/1790
f 1758/1758 1790/1790 1788/1788
f 1761/1761 1762/1762 1792/1792
f 1761/1761 1792/1792 1791/1791
f 1762/1762 1763/1763 1793/1793
f 1762/1762 1793/1793 1792/1792
f 1763/1763 1764/1764 1794/1794
f 1763/1763 1794/1794 1793/1793
f 1765/1765 1766/1766 1796/1796
f 1765/1765 1796/1796 1795/1795
f 1767/1767 1768/1768 1798/1798
f 1767/1767 1798/1798 1797/1797
f 1768/1768 1769/1769 1799/1799
f 1768/1768 1799/1799 1798/1798
f 1769/1769 1770/1770 1800/1800
f 1769/1769 1800/1800 1799/1799
f 1771/1771 1757/1757 1787/1787
f 1771/1771 1787/1787 1801/1801
f 1772/1772 1771/1771 1801/1801
f 1772/1772 1801/1801 1802/1802
f 1774/1774 1773/1773 1803/1803
f 1774/1774 1803/1803 1804/1804
f 1773/1773 1775/1775 1805/1805
f 1773/1773 1805/1805 1803/1803
f 1760/1760 1761/1761 1791/1791
f 1760/1760 1791/1791 1790/1790
f 1766/1766 1776/1776 1806/1806
f 1766/1766 1806/1806 1796/1796
f 1775/1775 1772/1772 1802/1802
f 1775/1775 1802/1802 1805/1805
f 1764/1764 1765/1765 1795/1795
f 1764/1764 1795/1795 1794/1794
f 1777/1777 1774/1774 1804/1804
f 1777/1777 1804/1804 1807/1807
f 1776/1776 1767/1767 1797/1797
f 1776/1776 1797/1797 1806/1806
f 1756/1756 1759/1759 1789/1789
f 1756/1756 1789/1789 1786/1786
f 1778/1778 1777/1777 1807/1807
f 1778/1778 1807/1807 1808/1808
f 1779/1779 1778/1778 1808/1808
f 1779/1779 1808/1808 1809/1809
f 1780/1780 1779/1779 1809/1809
f 1780/1780 1809/1809 1810/1810
f 1781/1781 1780/1780 1810/1810
f 1781/1781 1810/1810 1811/1811
f 1782/1782 1781/1781 1811/1811
f 1782/1782 1811/1811 1812/1812
f 1783/1783 1782/1782 1812/1812
f 1783/1783 1812/1812 1813/1813
f 1784/1784 1783/1783 1813/1813
f 1784/1784 1813/1813 1814/1814
f 1785/1785 1784/1784 1814/1814
f 1785/1785 1814/1814 1815/1815
f 1770/1770 1785/1785 1815/1815
f 1770/1770 1815/1815 1800/1800
f 1817/1817 1818/1818 1823/1823
f 1817/1817 1823/1823 1824/1824
f 1801/1801 1821/1821 1820/1820
f 1801/1801 1820/1820 1802/1802
f 1818/1818 1819/1819 1822/1822
f 1818/1818 1822/1822 1823/1823
f 1798/1798 1854/1854 1855/1855
f 1798/1798 1855/1855 1797/1797
f 1816/1816 1817/1817 1824/1824
f 1816/1816 1824/1824 1825/1825
f 1819/1819 1820/1820 1821/1821
f 1819/1819 1821/1821 1822/1822
f 1799/1799 1853/1853 1854/1854
f 1799/1799 1854/1854 1798/1798
f 1836/1836 1837/1837 1817/1817
f 1836/1836 1817/1817 1816/1816
f 1837/1837 1838/1838 1818/1818
f 1837/1837 1818/1818 1817/1817
f 1838/1838 1839/1839 1819/1819
f 1838/1838 1819/1819 1818/1818
f 1839/1839 1840/1840 1820/1820
f 1839/1839 1820/1820 1819/1819
f 1802/1802 1820/1820 1840/1840
f 1802/1802 1840/1840 1805/1805
f 1787/1787 1826/1826 1821/1821
f 1787/1787 1821/1821 1801/1801
f 1822/1822 1821/1821 1826/1826
f 1822/1822 1826/1826 1827/1827
f 1823/1823 1822/1822 1827/1827
f 1823/1823 1827/1827 1828/1828
f 1824/1824 1823/1823 1828/1828
f 1824/1824 1828/1828 1829/1829
f 1825/1825 1824/1824 1829/1829
f 1825/1825 1829/1829 1830/1830
f 1797/1797 1855/1855 1856/1856
f 1797/1797 1856/1856 1806/1806
f 1787/1787 1786/1786 1831/1831
f 1787/1787 1831/1831 1826/1826
f 1827/1827 1826/1826 1831/1831
f 1827/1827 1831/1831 1832/1832
f 1828/1828 1827/1827 1832/1832
f 1828/1828 1832/1832 1833/1833
f 1829/1829 1828/1828 1833/1833
f 1829/1829 1833/1833 1834/1834
f 1830/1830 1829/1829 1834/1834
f 1830/1830 1834/1834 1835/1835
f 1806/1806 1856/1856 1857/1857
f 1806/1806 1857/1857 1796/1796
f 1831/1831 1786/1786 1789/1789
f 1831/1831 1789/1789 1788/1788
f 1832/1832 1831/1831 1788/1788
f 1832/1832 1788/1788 1790/1790
f 1833/1833 1832/1832 1790/1790
f 1833/1833 1790/1790 1791/1791
f 1834/1834 1833/1833 1791/1791
f 1834/1834 1791/1791 1792/1792
f 1835/1835 1834/1834 1792/1792
f 1835/1835 1792/1792 1793/1793
f 1796/1796 1857/1857 1794/1794
f 1796/1796 1794/1794 1795/1795
f 1815/1815 1851/1851 1852/1852
f 1815/1815 1852/1852 1800/1800
f 1846/1846 1847/1847 1844/1844
f 1846/1846 1844/1844 1845/1845
f 1847/1847 1848/1848 1843/1843
f 1847/1847 1843/1843 1844/1844
f 1848/1848 1849/1849 1842/1842
f 1848/1848 1842/1842 1843/1843
f 1849/1849 1850/1850 1841/1841
f 1849/1849 1841/1841 1842/1842
f 1803/1803 1841/1841 1850/1850
f 1803/1803 1850/1850 1804/1804
f 1805/1805 1840/1840 1841/1841
f 1805/1805 1841/1841 1803/1803
f 1842/1842 1841/1841 1840/1840
f 1842/1842 1840/1840 1839/1839
f 1843/1843 1842/1842 1839/1839
f 1843/1843 1839/1839 1838/1838
f 1844/1844 1843/1843 1838/1838
f 1844/1844 1838/1838 1837/1837
f 1845/1845 1844/1844 1837/1837
f 1845/1845 1837/1837 1836/1836
f 1800/1800 1852/1852 1853/1853
f 1800/1800 1853/1853 1799/1799
f 1813/1813 1851/1851 1815/1815
f 1813/1813 1815/1815 1814/1814
f 1811/1811 1847/1847 1846/1846
f 1811/1811 1846/1846 1812/1812
f 1810/1810 1848/1848 1847/1847
f 1810/1810 1847/1847 1811/1811
f 1809/1809 1849/1849 1848/1848
f 1809/1809 1848/1848 1810/1810
f 1808/1808 1850/1850 1849/1849
f 1808/1808 1849/1849 1809/1809
f 1804/1804 1850/1850 1808/1808
f 1804/1804 1808/1808 1807/1807
f 1812/1812 1846/1846 1851/1851
f 1812/1812 1851/1851 1813/1813
f 1852/1852 1851/1851 1846/1846
f 1852/1852 1846/1846 1845/1845
f 1853/1853 1852/1852 1845/1845
f 1853/1853 1845/1845 1836/1836
f 1854/1854 1853/1853 1836/1836
f 1854/1854 1836/1836 1816/1816
f 1855/1855 1854/1854 1816/1816
f 1855/1855 1816/1816 1825/1825
f 1856/1856 1855/1855 1825/1825
f 1856/1856 1825/1825 1830/1830
f 1857/1857 1856/1856 1830/1830
f 1857/1857 1830/1830 1835/1835
f 1794/1794 1857/1857 1835/1835
f 1794/1794 1835/1835 1793/1793
f 1859/1859 1858/1858 1762/1762
f 1859/1859 1762/1762 1761/1761
f 1860/1860 1859/1859 1761/1761
f 1860/1860 1761/1761 1760/1760
f 1861/1861 1860/1860 1760/1760
f 1861/1861 1760/1760 1758/1758
f 1862/1862 1861/1861 1758/1758
f 1862/1862 1758/1758 1759/1759
f 1863/1863 1862/1862 1759/1759
f 1863/1863 1759/1759 1756/1756
f 1864/1864 1863/1863 1756/1756
f 1864/1864 1756/1756 1757/1757
f 1865/1865 1864/1864 1757/1757
f 1865/1865 1757/1757 1771/1771
f 1866/1866 1865/1865 1771/1771
f 1866/1866 1771/1771 1772/1772
f 1867/1867 1866/1866 1772/1772
f 1867/1867 1772/1772 1775/1775
f 1868/1868 1867/1867 1775/1775
f 1868/1868 1775/1775 1773/1773
f 1869/1869 1868/1868 1773/1773
f 1869/1869 1773/1773 1774/1774
f 1870/1870 1869/1869 1774/1774
f 1870/1870 1774/1774 1777/1777
f 1871/1871 1870/1870 1777/1777
f 1871/1871 1777/1777 1778/1778
f 1872/1872 1871/1871 1778/1778
f 1872/1872 1778/1778 1779/1779
f 1873/1873 1872/1872 1779/1779
f 1873/1873 1779/1779 1780/1780
f 1874/1874 1873/1873 1780/1780
f 1874/1874 1780/1780 1781/1781
f 1875/1875 1874/1874 1781/1781
f 1875/1875 1781/1781 1782/1782
f 1876/1876 1875/1875 1782/1782
f 1876/1876 1782/1782 1783/1783
f 1877/1877 1876/1876 1783/1783
f 1877/1877 1783/1783 1784/1784
f 1878/1878 1877/1877 1784/1784
f 1878/1878 1784/1784 1785/1785
f 1879/1879 1878/1878 1785/1785
f 1879/1879 1785/1785 1770/1770
f 1880/1880 1879/1879 1770/1770
f 1880/1880 1770/1770 1769/1769
f 1881/1881 1880/1880 1769/1769
f 1881/1881 1769/1769 1768/1768
f 1882/1882 1881/1881 1768/1768
f 1882/1882 1768/1768 1767/1767
f 1883/1883 1882/1882 1767/1767
f 1883/1883 1767/1767 1776/1776
f 1884/1884 1883/1883 1776/1776
f 1884/1884 1776/1776 1766/1766
f 1885/1885 1884/1884 1766/1766
f 1885/1885 1766/1766 1765/1765
f 1886/1886 1885/1885 1765/1765
f 1886/1886 1765/1765 1764/1764
f 1887/1887 1886/1886 1764/1764
f 1887/1887 1764/1764 1763/1763
f 1858/1858 1887/1887 1763/1763
f 1858/1858 1763/1763 1762/1762
f 1190/1190 1191/1191 1889/1889
f 1190/1190 1889/1889 1888/1888
f 1191/1191 1192/1192 1890/1890
f 1191/1191 1890/1890 1889/1889
f 1192/1192 1193/1193 1891/1891
f 1192/1192 1891/1891 1890/1890
f 1193/1193 1194/1194 1892/1892
f 1193/1193 1892/1892 1891/1891
f 1194/1194 1491/1491 1893/1893
f 1194/1194 1893/1893 1892/1892
f 1491/1491 1195/1195 1894/1894
f 1491/1491 1894/1894 1893/1893
f 1195/1195 1196/1196 1895/1895
f 1195/1195 1895/1895 1894/1894
f 1196/1196 1622/1622 1896/1896
f 1196/1196 1896/1896 1895/1895
f 1622/1622 1197/1197 1897/1897
f 1622/1622 1897/1897 1896/1896
f 1197/1197 1198/1198 1898/1898
f 1197/1197 1898/1898 1897/1897
f 1198/1198 1199/1199 1899/1899
f 1198/1198 1899/1899 1898/1898
f 1199/1199 1200/1200 1900/1900
f 1199/1199 1900/1900 1899/1899
f 1200/1200 1682/1682 1901/1901
f 1200/1200 1901/1901 1900/1900
f 1682/1682 1681/1681 1902/1902
f 1682/1682 1902/1902 1901/1901
f 1681/1681 1680/1680 1903/1903
f 1681/1681 1903/1903 1902/1902
f 1680/1680 1679/1679 1904/1904
f 1680/1680 1904/1904 1903/1903
f 1679/1679 1678/1678 1905/1905
f 1679/1679 1905/1905 1904/1904
f 1678/1678 1677/1677 1906/1906
f 1678/1678 1906/1906 1905/1905
f 1677/1677 1676/1676 1907/1907
f 1677/1677 1907/1907 1906/1906
f 1676/1676 1675/1675 1908/1908
f 1676/1676 1908/1908 1907/1907
f 1675/1675 1517/1517 1909/1909
f 1675/1675 1909/1909 1908/1908
f 1517/1517 1344/1344 1910/1910
f 1517/1517 1910/1910 1909/1909
f 1344/1344 1343/1343 1911/1911
f 1344/1344 1911/1911 1910/1910
f 1343/1343 1324/1324 1912/1912
f 1343/1343 1912/1912 1911/1911
f 1324/1324 1322/1322 1913/1913
f 1324/1324 1913/1913 1912/1912
f 1322/1322 1321/1321 1914/1914
f 1322/1322 1914/1914 1913/1913
f 1321/1321 1185/1185 1915/1915
f 1321/1321 1915/1915 1914/1914
f 1185/1185 1184/1184 1916/1916
f 1185/1185 1916/1916 1915/1915
f 1184/1184 1188/1188 1917/1917
f 1184/1184 1917/1917 1916/1916
f 1188/1188 1190/1190 1888/1888
f 1188/1188 1888/1888 1917/1917
f 1918/1918 1919/1919 1939/1939
f 1918/1918 1939/1939 1938/1938
f 1919/1919 1920/1920 1940/1940
f 1919/1919 1940/1940 1939/1939
f 1920/1920 1921/1921 1941/1941
f 1920/1920 1941/1941 1940/1940
f 1921/1921 1922/1922 1942/1942
f 1921/1921 1942/1942 1941/1941
f 1922/1922 1923/1923 1943/1943
f 1922/1922 1943/1943 1942/1942
f 1923/1923 1924/1924 1944/1944
f 1923/1923 1944/1944 1943/1943
f 1924/1924 1925/1925 1945/1945
f 1924/1924 1945/1945 1944/1944
f 1925/1925 1926/1926 1946/1946
f 1925/1925 1946/1946 1945/1945
f 1926/1926 1927/1927 1947/1947
f 1926/1926 1947/1947 1946/1946
f 1927/1927 1928/1928 1948/1948
f 1927/1927 1948/1948 1947/1947
f 1928/1928 1929/1929 1949/1949
f 1928/1928 1949/1949 1948/1948
f 1929/1929 1930/1930 1950/1950
f 1929/1929 1950/1950 1949/1949
f 1930/1930 1931/1931 1951/1951
f 1930/1930 1951/1951 1950/1950
f 1931/1931 1932/1932 1952/1952
f 1931/1931 1952/1952 1951/1951
f 1932/1932 1933/1933 1953/1953
f 1932/1932 1953/1953 1952/1952
f 1933/1933 1934/1934 1954/1954
f 1933/1933 1954/1954 1953/1953
f 1934/1934 1935/1935 1955/1955
f 1934/1934 1955/1955 1954/1954
f 1935/1935 1936/1936 1956/1956
f 1935/1935 1956/1956 1955/1955
f 1936/1936 1937/1937 1957/1957
f 1936/1936 1957/1957 1956/1956
f 1937/1937 1918/1918 1938/1938
f 1937/1937 1938/1938 1957/1957
f 1938/1938 1939/1939 1959/1959
f 1938/1938 1959/1959 1958/1958
f 1939/1939 1940/1940 1960/1960
f 1939/1939 1960/1960 1959/1959
f 1940/1940 1941/1941 1961/1961
f 1940/1940 1961/1961 1960/1960
f 1941/1941 1942/1942 1962/1962
f 1941/1941 1962/1962 1961/1961
f 1942/1942 1943/1943 1963/1963
f 1942/1942 1963/1963 1962/1962
f 1943/1943 1944/1944 1964/1964
f 1943/1943 1964/1964 1963/1963
f 1944/1944 1945/1945 1965/1965
f 1944/1944 1965/1965 1964/1964
f 1945/1945 1946/1946 1966/1966
f 1945/1945 1966/1966 1965/1965
f 1946/1946 1947/1947 1967/1967
f 1946/1946 1967/1967 1966/1966
f 1947/1947 1948/1948 1968/1968
f 1947/1947 1968/1968 1967/1967
f 1948/1948 1949/1949 1969/1969
f 1948/1948 1969/1969 1968/1968
f 1949/1949 1950/1950 1970/1970
f 1949/1949 1970/1970 1969/1969
f 1950/1950 1951/1951 1971/1971
f 1950/1950 1971/1971 1970/1970
f 1951/1951 1952/1952 1972/1972
f 1951/1951 1972/1972 1971/1971
f 1952/1952 1953/1953 1973/1973
f 1952/1952 1973/1973 1972/1972
f 1953/1953 1954/1954 1974/1974
f 1953/1953 1974/1974 1973/1973
f 1954/1954 1955/1955 1975/1975
f 1954/1954 1975/1975 1974/1974
f 1955/1955 1956/1956 1976/1976
f 1955/1955 1976/1976 1975/1975
f 1956/1956 1957/1957 1977/1977
f 1956/1956 1977/1977 1976/1976
f 1957/1957 1938/1938 1958/1958
f 1957/1957 1958/1958 1977/1977
f 1958/1958 1959/1959 1979/1979
f 1958/1958 1979/1979 1978/1978
f 1959/1959 1960/1960 1980/1980
f 1959/1959 1980/1980 1979/1979
f 1960/1960 1961/1961 1981/1981
f 1960/1960 1981/1981 1980/1980
f 1961/1961 1962/1962 1982/1982
f 1961/1961 1982/1982 1981/1981
f 1962/1962 1963/1963 1983/1983
f 1962/1962 1983/1983 1982/1982
f 1963/1963 1964/1964 1984/1984
f 1963/1963 1984/1984 1983/1983
f 1964/1964 1965/1965 1985/1985
f 1964/1964 1985/1985 1984/1984
f 1965/1965 1966/1966 1986/1986
f 1965/1965 1986/1986 1985/1985
f 1966/1966 1967/1967 1987/1987
f 1966/1966 1987/1987 1986/1986
f 1967/1967 1968/1968 1988/1988
f 1967/1967 1988/1988 1987/1987
f 1968/1968 1969/1969 1989/1989
f 1968/1968 1989/1989 1988/1988
f 1969/1969 1970/1970 1990/1990
f 1969/1969 1990/1990 1989/1989
f 1970/1970 1971/1971 1991/1991
f 1970/1970 1991/1991 1990/1990
f 1971/1971 1972/1972 1992/1992
f 1971/1971 1992/1992 1991/1991
f 1972/1972 1973/1973 1993/1993
f 1972/1972 1993/1993 1992/1992
f 1973/1973 1974/1974 1994/1994
f 1973/1973 1994/1994 1993/1993
f 1974/1974 1975/1975 1995/1995
f 1974/1974 1995/1995 1994/1994
f 1975/1975 1976/1976 1996/1996
f 1975/1975 1996/1996 1995/1995
f 1976/1976 1977/1977 1997/1997
f 1976/1976 1997/1997 1996/1996
f 1977/1977 1958/1958 1978/1978
f 1977/1977 1978/1978 1997/1997
f 1978/1978 1979/1979 1999/1999
f 1978/1978 1999/1999 1998/1998
f 1979/1979 1980/1980 2000/2000
f 1979/1979 2000/2000 1999/1999
f 1980/1980 1981/1981 2001/2001
f 1980/1980 2001/2001 2000/2000
f 1981/1981 1982/1982 2002/2002
f 1981/1981 2002/2002 2001/2001
f 1982/1982 1983/1983 2003/2003
f 1982/1982 2003/2003 2002/2002
f 1983/1983 1984/1984 2004/2004
f 1983/1983 2004/2004 2003/2003
f 1984/1984 1985/1985 2005/2005
f 1984/1984 2005/2005 2004/2004
f 1985/1985 1986/1986 2006/2006
f 1985/1985 2006/2006 2005/2005
f 1986/1986 1987/1987 2007/2007
f 1986/1986 2007/2007 2006/2006
f 1987/1987 1988/1988 2008/2008
f 1987/1987 2008/2008 2007/2007
f 1988/1988 1989/1989 2009/2009
f 1988/1988 2009/2009 2008/2008
f 1989/1989 1990/1990 2010/2010
f 1989/1989 2010/2010 2009/2009
f 1990/1990 1991/1991 2011/2011
f 1990/1990 2011/2011 2010/2010
f 1991/1991 1992/1992 2012/2012
f 1991/1991 2012/2012 2011/2011
f 1992/1992 1993/1993 2013/2013
f 1992/1992 2013/2013 2012/2012
f 1993/1993 1994/1994 2014/2014
f 1993/1993 2014/2014 2013/2013
f 1994/1994 1995/1995 2015/2015
f 1994/1994 2015/2015 2014/2014
f 1995/1995 1996/1996 2016/2016
f 1995/1995 2016/2016 2015/2015
f 1996/1996 1997/1997 2017/2017
f 1996/1996 2017/2017 2016/2016
f 1997/1997 1978/1978 1998/1998
f 1997/1997 1998/1998 2017/2017
f 1998/1998 1999/1999 2019/2019
f 1998/1998 2019/2019 2018/2018
f 1999/1999 2000/2000 2020/2020
f 1999/1999 2020/2020 2019/2019
f 2000/2000 2001/2001 2021/2021
f 2000/2000 2021/2021 2020/2020
f 2001/2001 2002/2002 2022/2022
f 2001/2001 2022/2022 2021/2021
f 2002/2002 2003/2003 2023/2023
f 2002/2002 2023/2023 2022/2022
f 2003/2003 2004/2004 2024/2024
f 2003/2003 2024/2024 2023/2023
f 2004/2004 2005/2005 2025/2025
f 2004/2004 2025/2025 2024/2024
f 2005/2005 2006/2006 2026/2026
f 2005/2005 2026/2026 2025/2025
f 2006/2006 2007/2007 2027/2027
f 2006/2006 2027/2027 2026/2026
f 2007/2007 2008/2008 2028/2028
f 2007/2007 2028/2028 2027/2027
f 2008/2008 2009/2009 2029/2029
f 2008/2008 2029/2029 2028/2028
f 2009/2009 2010/2010 2030/2030
f 2009/2009 2030/2030 2029/2029
f 2010/2010 2011/2011 2031/2031
f 2010/2010 2031/2031 2030/2030
f 2011/2011 2012/2012 2032/2032
f 2011/2011 2032/2032 2031/2031
f 2012/2012 2013/2013 2033/2033
f 2012/2012 2033/2033 2032/2032
f 2013/2013 2014/2014 2034/2034
f 2013/2013 2034/2034 2033/2033
f 2014/2014 2015/2015 2035/2035
f 2014/2014 2035/2035 2034/2034
f 2015/2015 2016/2016 2036/2036
f 2015/2015 2036/2036 2035/2035
f 2016/2016 2017/2017 2037/2037
f 2016/2016 2037/2037 2036/2036
f 2017/2017 1998/1998 2018/2018
f 2017/2017 2018/2018 2037/2037
f 2018/2018 2019/2019 2039/2039
f 2018/2018 2039/2039 2038/2038
f 2019/2019 2020/2020 2040/2040
f 2019/2019 2040/2040 2039/2039
f 2020/2020 2021/2021 2041/2041
f 2020/2020 2041/2041 2040/2040
f 2021/2021 2022/2022 2042/2042
f 2021/2021 2042/2042 2041/2041
f 2022/2022 2023/2023 2043/2043
f 2022/2022 2043/2043 2042/2042
f 2023/2023 2024/2024 2044/2044
f 2023/2023 2044/2044 2043/2043
f 2024/2024 2025/2025 2045/2045
f 2024/2024 2045/2045 2044/2044
f 2025/2025 2026/2026 2046/2046
f 2025/2025 2046/2046 2045/2045
f 2026/2026 2027/2027 2047/2047
f 2026/2026 2047/2047 2046/2046
f 2027/2027 2028/2028 2048/2048
f 2027/2027 2048/2048 2047/2047
f 2028/2028 2029/2029 2049/2049
f 2028/2028 2049/2049 2048/2048
f 2029/2029 2030/2030 2050/2050
f 2029/2029 2050/2050 2049/2049
f 2030/2030 2031/2031 2051/2051
f 2030/2030 2051/2051 2050/2050
f 2031/2031 2032/2032 2052/2052
f 2031/2031 2052/2052 2051/2051
f 2032/2032 2033/2033 2053/2053
f 2032/2032 2053/2053 2052/2052
f 2033/2033 2034/2034 2054/2054
f 2033/2033 2054/2054 2053/2053
f 2034/2034 2035/2035 2055/2055
f 2034/2034 2055/2055 2054/2054
f 2035/2035 2036/2036 2056/2056
f 2035/2035 2056/2056 2055/2055
f 2036/2036 2037/2037 2057/2057
f 2036/2036 2057/2057 2056/2056
f 2037/2037 2018/2018 2038/2038
f 2037/2037 2038/2038 2057/2057
f 2038/2038 2039/2039 2059/2059
f 2038/2038 2059/2059 2058/2058
f 2039/2039 2040/2040 2060/2060
f 2039/2039 2060/2060 2059/2059
f 2040/2040 2041/2041 2061/2061
f 2040/2040 2061/2061 2060/2060
f 2041/2041 2042/2042 2062/2062
f 2041/2041 2062/2062 2061/2061
f 2042/2042 2043/2043 2063/2063
f 2042/2042 2063/2063 2062/2062
f 2043/2043 2044/2044 2064/2064
f 2043/2043 2064/2064 2063/2063
f 2044/2044 2045/2045 2065/2065
f 2044/2044 2065/2065 2064/2064
f 2045/2045 2046/2046 2066/2066
f 2045/2045 2066/2066 2065/2065
f 2046/2046 2047/2047 2067/2067
f 2046/2046 2067/2067 2066/2066
f 2047/2047 2048/2048 2068/2068
f 2047/2047 2068/2068 2067/2067
f 2048/2048 2049/2049 2069/2069
f 2048/2048 2069/2069 2068/2068
f 2049/2049 2050/2050 2070/2070
f 2049/2049 2070/2070 2069/2069
f 2050/2050 2051/2051 2071/2071
f 2050/2050 2071/2071 2070/2070
f 2051/2051 2052/2052 2072/2072
f 2051/2051 2072/2072 2071/2071
f 2052/2052 2053/2053 2073/2073
f 2052/2052 2073/2073 2072/2072
f 2053/2053 2054/2054 2074/2074
f 2053/2053 2074/2074 2073/2073
f 2054/2054 2055/2055 2075/2075
f 2054/2054 2075/2075 2074/2074
f 2055/2055 2056/2056 2076/2076
f 2055/2055 2076/2076 2075/2075
f 2056/2056 2057/2057 2077/2077
f 2056/2056 2077/2077 2076/2076
f 2057/2057 2038/2038 2058/2058
f 2057/2057 2058/2058 2077/2077
f 2058/2058 2059/2059 2079/2079
f 2058/2058 2079/2079 2078/2078
f 2059/2059 2060/2060 2080/2080
f 2059/2059 2080/2080 2079/2079
f 2060/2060 2061/2061 2081/2081
f 2060/2060 2081/2081 2080/2080
f 2061/2061 2062/2062 2082/2082
f 2061/2061 2082/2082 2081/2081
f 2062/2062 2063/2063 2083/2083
f 2062/2062 2083/2083 2082/2082
f 2063/2063 2064/2064 2084/2084
f 2063/2063 2084/2084 2083/2083
f 2064/2064 2065/2065 2085/2085
f 2064/2064 2085/2085 2084/2084
f 2065/2065 2066/2066 2086/2086
f 2065/2065 2086/2086 2085/2085
f 2066/2066 2067/2067 2087/2087
f 2066/2066 2087/2087 2086/2086
f 2067/2067 2068/2068 2088/2088
f 2067/2067 2088/2088 2087/2087
f 2068/2068 2069/2069 2089/2089
f 2068/2068 2089/2089 2088/2088
f 2069/2069 2070/2070 2090/2090
f 2069/2069 2090/2090 2089/2089
f 2070/2070 2071/2071 2091/2091
f 2070/2070 2091/2091 2090/2090
f 2071/2071 2072/2072 2092/2092
f 2071/2071 2092/2092 2091/2091
f 2072/2072 2073/2073 2093/2093
f 2072/2072 2093/2093 2092/2092
f 2073/2073 2074/2074 2094/2094
f 2073/2073 2094/2094 2093/2093
f 2074/2074 2075/2075 2095/2095
f 2074/2074 2095/2095 2094/2094
f 2075/2075 2076/2076 2096/2096
f 2075/2075 2096/2096 2095/2095
f 2076/2076 2077/2077 2097/2097
f 2076/2076 2097/2097 2096/2096
f 2077/2077 2058/2058 2078/2078
f 2077/2077 2078/2078 2097/2097
f 2078/2078 2079/2079 2099/2099
f 2078/2078 2099/2099 2098/2098
f 2079/2079 2080/2080 2100/2100
f 2079/2079 2100/2100 2099/2099
f 2080/2080 2081/2081 2101/2101
f 2080/2080 2101/2101 2100/2100
f 2081/2081 2082/2082 2102/2102
f 2081/2081 2102/2102 2101/2101
f 2082/2082 2083/2083 2103/2103
f 2082/2082 2103/2103 2102/2102
f 2083/2083 2084/2084 2104/2104
f 2083/2083 2104/2104 2103/2103
f 2084/2084 2085/2085 2105/2105
f 2084/2084 2105/2105 2104/2104
f 2085/2085 2086/2086 2106/2106
f 2085/2085 2106/2106 2105/2105
f 2086/2086 2087/2087 2107/2107
f 2086/2086 2107/2107 2106/2106
f 2087/2087 2088/2088 2108/2108
f 2087/2087 2108/2108 2107/2107
f 2088/2088 2089/2089 2109/2109
f 2088/2088 2109/2109 2108/2108
f 2089/2089 2090/2090 2110/2110
f 2089/2089 2110/2110 2109/2109
f 2090/2090 2091/2091 2111/2111
f 2090/2090 2111/2111 2110/2110
f 2091/2091 2092/2092 2112/2112
f 2091/2091 2112/2112 2111/2111
f 2092/2092 2093/2093 2113/2113
f 2092/2092 2113/2113 2112/2112
f 2093/2093 2094/2094 2114/2114
f 2093/2093 2114/2114 2113/2113
f 2094/2094 2095/2095 2115/2115
f 2094/2094 2115/2115 2114/2114
f 2095/2095 2096/2096 2116/2116
f 2095/2095 2116/2116 2115/2115
f 2096/2096 2097/2097 2117/2117
f 2096/2096 2117/2117 2116/2116
f 2097/2097 2078/2078 2098/2098
f 2097/2097 2098/2098 2117/2117
f 2098/2098 2099/2099 2119/2119
f 2098/2098 2119/2119 2118/2118
f 2099/2099 2100/2100 2120/2120
f 2099/2099 2120/2120 2119/2119
f 2100/2100 2101/2101 2121/2121
f 2100/2100 2121/2121 2120/2120
f 2101/2101 2102/2102 2122/2122
f 2101/2101 2122/2122 2121/2121
f 2102/2102 2103/2103 2123/2123
f 2102/2102 2123/2123 2122/2122
f 2103/2103 2104/2104 2124/2124
f 2103/2103 2124/2124 2123/2123
f 2104/2104 2105/2105 2125/2125
f 2104/2104 2125/2125 2124/2124
f 2105/2105 2106/2106 2126/2126
f 2105/2105 2126/2126 2125/2125
f 2106/2106 2107/2107 2127/2127
f 2106/2106 2127/2127 2126/2126
f 2107/2107 2108/2108 2128/2128
f 2107/2107 2128/2128 2127/2127
f 2108/2108 2109/2109 2129/2129
f 2108/2108 2129/2129 2128/2128
f 2109/2109 2110/2110 2130/2130
f 2109/2109 2130/2130 2129/2129
f 2110/2110 2111/2111 2131/2131
f 2110/2110 2131/2131 2130/2130
f 2111/2111 2112/2112 2132/2132
f 2111/2111 2132/2132 2131/2131
f 2112/2112 2113/2113 2133/2133
f 2112/2112 2133/2133 2132/2132
f 2113/2113 2114/2114 2134/2134
f 2113/2113 2134/2134 2133/2133
f 2114/2114 2115/2115 2135/2135
f 2114/2114 2135/2135 2134/2134
f 2115/2115 2116/2116 2136/2136
f 2115/2115 2136/2136 2135/2135
f 2116/2116 2117/2117 2137/2137
f 2116/2116 2137/2137 2136/2136
f 2117/2117 2098/2098 2118/2118
f 2117/2117 2118/2118 2137/2137
f 2118/2118 2119/2119 2139/2139
f 2118/2118 2139/2139 2138/2138
f 2119/2119 2120/2120 2140/2140
f 2119/2119 2140/2140 2139/2139
f 2120/2120 2121/2121 2141/2141
f 2120/2120 2141/2141 2140/2140
f 2121/2121 2122/2122 2142/2142
f 2121/2121 2142/2142 2141/2141
f 2122/2122 2123/2123 2143/2143
f 2122/2122 2143/2143 2142/2142
f 2123/2123 2124/2124 2144/2144
f 2123/2123 2144/2144 2143/2143
f 2124/2124 2125/2125 2145/2145
f 2124/2124 2145/2145 2144/2144
f 2125/2125 2126/2126 2146/2146
f 2125/2125 2146/2146 2145/2145
f 2126/2126 2127/2127 2147/2147
f 2126/2126 2147/2147 2146/2146
f 2127/2127 2128/2128 2148/2148
f 2127/2127 2148/2148 2147/2147
f 2128/2128 2129/2129 2149/2149
f 2128/2128 2149/2149 2148/2148
f 2129/2129 2130/2130 2150/2150
f 2129/2129 2150/2150 2149/2149
f 2130/2130 2131/2131 2151/2151
f 2130/2130 2151/2151 2150/2150
f 2131/2131 2132/2132 2152/2152
f 2131/2131 2152/2152 2151/2151
f 2132/2132 2133/2133 2153/2153
f 2132/2132 2153/2153 2152/2152
f 2133/2133 2134/2134 2154/2154
f 2133/2133 2154/2154 2153/2153
f 2134/2134 2135/2135 2155/2155
f 2134/2134 2155/2155 2154/2154
f 2135/2135 2136/2136 2156/2156
f 2135/2135 2156/2156 2155/2155
f 2136/2136 2137/2137 2157/2157
f 2136/2136 2157/2157 2156/2156
f 2137/2137 2118/2118 2138/2138
f 2137/2137 2138/2138 2157/2157
f 2138/2138 2139/2139 2159/2159
f 2138/2138 2159/2159 2158/2158
f 2139/2139 2140/2140 2160/2160
f 2139/2139 2160/2160 2159/2159
f 2140/2140 2141/2141 2161/2161
f 2140/2140 2161/2161 2160/2160
f 2141/2141 2142/2142 2162/2162
f 2141/2141 2162/2162 2161/2161
f 2142/2142 2143/2143 2163/2163
f 2142/2142 2163/2163 2162/2162
f 2143/2143 2144/2144 2164/2164
f 2143/2143 2164/2164 2163/2163
f 2144/2144 2145/2145 2165/2165
f 2144/2144 2165/2165 2164/2164
f 2145/2145 2146/2146 2166/2166
f 2145/2145 2166/2166 2165/2165
f 2146/2146 2147/2147 2167/2167
f 2146/2146 2167/2167 2166/2166
f 2147/2147 2148/2148 2168/2168
f 2147/2147 2168/2168 2167/2167
f 2148/2148 2149/2149 2169/2169
f 2148/2148 2169/2169 2168/2168
f 2149/2149 2150/2150 2170/2170
f 2149/2149 2170/2170 2169/2169
f 2150/2150 2151/2151 2171/2171
f 2150/2150 2171/2171 2170/2170
f 2151/2151 2152/2152 2172/2172
f 2151/2151 2172/2172 2171/2171
f 2152/2152 2153/2153 2173/2173
f 2152/2152 2173/2173 2172/2172
f 2153/2153 2154/2154 2174/2174
f 2153/2153 2174/2174 2173/2173
f 2154/2154 2155/2155 2175/2175
f 2154/2154 2175/2175 2174/2174
f 2155/2155 2156/2156 2176/2176
f 2155/2155 2176/2176 2175/2175
f 2156/2156 2157/2157 2177/2177
f 2156/2156 2177/2177 2176/2176
f 2157/2157 2138/2138 2158/2158
f 2157/2157 2158/2158 2177/2177
f 2158/2158 2159/2159 2179/2179
f 2158/2158 2179/2179 2178/2178
f 2159/2159 2160/2160 2180/2180
f 2159/2159 2180/2180 2179/2179
f 2160/2160 2161/2161 2181/2181
f 2160/2160 2181/2181 2180/2180
f 2161/2161 2162/2162 2182/2182
f 2161/2161 2182/2182 2181/2181
f 2162/2162 2163/2163 2183/2183
f 2162/2162 2183/2183 2182/2182
f 2163/2163 2164/2164 2184/2184
f 2163/2163 2184/2184 2183/2183
f 2164/2164 2165/2165 2185/2185
f 2164/2164 2185/2185 2184/2184
f 2165/2165 2166/2166 2186/2186
f 2165/2165 2186/2186 2185/2185
f 2166/2166 2167/2167 2187/2187
f 2166/2166 2187/2187 2186/2186
f 2167/2167 2168/2168 2188/2188
f 2167/2167 2188/2188 2187/2187
f 2168/2168 2169/2169 2189/2189
f 2168/2168 2189/2189 2188/2188
f 2169/2169 2170/2170 2190/2190
f 2169/2169 2190/2190 2189/2189
f 2170/2170 2171/2171 2191/2191
f 2170/2170 2191/2191 2190/2190
f 2171/2171 2172/2172 2192/2192
f 2171/2171 2192/2192 2191/2191
f 2172/2172 2173/2173 2193/2193
f 2172/2172 2193/2193 2192/2192
f 2173/2173 2174/2174 2194/2194
f 2173/2173 2194/2194 2193/2193
f 2174/2174 2175/2175 2195/2195
f 2174/2174 2195/2195 2194/2194
f 2175/2175 2176/2176 2196/2196
f 2175/2175 2196/2196 2195/2195
f 2176/2176 2177/2177 2197/2197
f 2176/2176 2197/2197 2196/2196
f 2177/2177 2158/2158 2178/2178
f 2177/2177 2178/2178 2197/2197
f 2178/2178 2179/2179 2199/2199
f 2178/2178 2199/2199 2198/2198
f 2179/2179 2180/2180 2200/2200
f 2179/2179 2200/2200 2199/2199
f 2180/2180 2181/2181 2201/2201
f 2180/2180 2201/2201 2200/2200
f 2181/2181 2182/2182 2202/2202
f 2181/2181 2202/2202 2201/2201
f 2182/2182 2183/2183 2203/2203
f 2182/2182 2203/2203 2202/2202
f 2183/2183 2184/2184 2204/2204
f 2183/2183 2204/2204 2203/2203
f 2184/2184 2185/2185 2205/2205
f 2184/2184 2205/2205 2204/2204
f 2185/2185 2186/2186 2206/2206
f 2185/2185 2206/2206 2205/2205
f 2186/2186 2187/2187 2207/2207
f 2186/2186 2207/2207 2206/2206
f 2187/2187 2188/2188 2208/2208
f 2187/2187 2208/2208 2207/2207
f 2188/2188 2189/2189 2209/2209
f 2188/2188 2209/2209 2208/2208
f 2189/2189 2190/2190 2210/2210
f 2189/2189 2210/2210 2209/2209
f 2190/2190 2191/2191 2211/2211
f 2190/2190 2211/2211 2210/2210
f 2191/2191 2192/2192 2212/2212
f 2191/2191 2212/2212 2211/2211
f 2192/2192 2193/2193 2213/2213
f 2192/2192 2213/2213 2212/2212
f 2193/2193 2194/2194 2214/2214
f 2193/2193 2214/2214 2213/2213
f 2194/2194 2195/2195 2215/2215
f 2194/2194 2215/2215 2214/2214
f 2195/2195 2196/2196 2216/2216
f 2195/2195 2216/2216 2215/2215
f 2196/2196 2197/2197 2217/2217
f 2196/2196 2217/2217 2216/2216
f 2197/2197 2178/2178 2198/2198
f 2197/2197 2198/2198 2217/2217
f 2198/2198 2199/2199 2219/2219
f 2198/2198 2219/2219 2218/2218
f 2199/2199 2200/2200 2220/2220
f 2199/2199 2220/2220 2219/2219
f 2200/2200 2201/2201 2221/2221
f 2200/2200 2221/2221 2220/2220
f 2201/2201 2202/2202 2222/2222
f 2201/2201 2222/2222 2221/2221
f 2202/2202 2203/2203 2223/2223
f 2202/2202 2223/2223 2222/2222
f 2203/2203 2204/2204 2224/2224
f 2203/2203 2224/2224 2223/2223
f 2204/2204 2205/2205 2225/2225
f 2204/2204 2225/2225 2224/2224
f 2205/2205 2206/2206 2226/2226
f 2205/2205 2226/2226 2225/2225
f 2206/2206 2207/2207 2227/2227
f 2206/2206 2227/2227 2226/2226
f 2207/2207 2208/2208 2228/2228
f 2207/2207 2228/2228 2227/2227
f 2208/2208 2209/2209 2229/2229
f 2208/2208 2229/2229 2228/2228
f 2209/2209 2210/2210 2230/2230
f 2209/2209 2230/2230 2229/2229
f 2210/2210 2211/2211 2231/2231
f 2210/2210 2231/2231 2230/2230
f 2211/2211 2212/2212 2232/2232
f 2211/2211 2232/2232 2231/2231
f 2212/2212 2213/2213 2233/2233
f 2212/2212 2233/2233 2232/2232
f 2213/2213 2214/2214 2234/2234
f 2213/2213 2234/2234 2233/2233
f 2214/2214 2215/2215 2235/2235
f 2214/2214 2235/2235 2234/2234
f 2215/2215 2216/2216 2236/2236
f 2215/2215 2236/2236 2235/2235
f 2216/2216 2217/2217 2237/2237
f 2216/2216 2237/2237 2236/2236
f 2217/2217 2198/2198 2218/2218
f 2217/2217 2218/2218 2237/2237
f 2218/2218 2219/2219 2239/2239
f 2218/2218 2239/2239 2238/2238
f 2219/2219 2220/2220 2240/2240
f 2219/2219 2240/2240 2239/2239
f 2220/2220 2221/2221 2241/2241
f 2220/2220 2241/2241 2240/2240
f 2221/2221 2222/2222 2242/2242
f 2221/2221 2242/2242 2241/2241
f 2222/2222 2223/2223 2243/2243
f 2222/2222 2243/2243 2242/2242
f 2223/2223 2224/2224 2244/2244
f 2223/2223 2244/2244 2243/2243
f 2224/2224 2225/2225 2245/2245
f 2224/2224 2245/2245 2244/2244
f 2225/2225 2226/2226 2246/2246
f 2225/2225 2246/2246 2245/2245
f 2226/2226 2227/2227 2247/2247
f 2226/2226 2247/2247 2246/2246
f 2227/2227 2228/2228 2248/2248
f 2227/2227 2248/2248 2247/2247
f 2228/2228 2229/2229 2249/2249
f 2228/2228 2249/2249 2248/2248
f 2229/2229 2230/2230 2250/2250
f 2229/2229 2250/2250 2249/2249
f 2230/2230 2231/2231 2251/2251
f 2230/2230 2251/2251 2250/2250
f 2231/2231 2232/2232 2252/2252
f 2231/2231 2252/2252 2251/2251
f 2232/2232 2233/2233 2253/2253
f 2232/2232 2253/2253 2252/2252
f 2233/2233 2234/2234 2254/2254
f 2233/2233 2254/2254 2253/2253
f 2234/2234 2235/2235 2255/2255
f 2234/2234 2255/2255 2254/2254
f 2235/2235 2236/2236 2256/2256
f 2235/2235 2256/2256 2255/2255
f 2236/2236 2237/2237 2257/2257
f 2236/2236 2257/2257 2256/2256
f 2237/2237 2218/2218 2238/2238
f 2237/2237 2238/2238 2257/2257
f 2238/2238 2239/2239 2259/2259
f 2238/2238 2259/2259 2258/2258
f 2239/2239 2240/2240 2260/2260
f 2239/2239 2260/2260 2259/2259
f 2240/2240 2241/2241 2261/2261
f 2240/2240 2261/2261 2260/2260
f 2241/2241 2242/2242 2262/2262
f 2241/2241 2262/2262 2261/2261
f 2242/2242 2243/2243 2263/2263
f 2242/2242 2263/2263 2262/2262
f 2243/2243 2244/2244 2264/2264
f 2243/2243 2264/2264 2263/2263
f 2244/2244 2245/2245 2265/2265
f 2244/2244 2265/2265 2264/2264
f 2245/2245 2246/2246 2266/2266
f 2245/2245 2266/2266 2265/2265
f 2246/2246 2247/2247 2267/2267
f 2246/2246 2267/2267 2266/2266
f 2247/2247 2248/2248 2268/2268
f 2247/2247 2268/2268 2267/2267
f 2248/2248 2249/2249 2269/2269
f 2248/2248 2269/2269 2268/2268
f 2249/2249 2250/2250 2270/2270
f 2249/2249 2270/2270 2269/2269
f 2250/2250 2251/2251 2271/2271
f 2250/2250 2271/2271 2270/2270
f 2251/2251 2252/2252 2272/2272
f 2251/2251 2272/2272 2271/2271
f 2252/2252 2253/2253 2273/2273
f 2252/2252 2273/2273 2272/2272
f 2253/2253 2254/2254 2274/2274
f 2253/2253 2274/2274 2273/2273
f 2254/2254 2255/2255 2275/2275
f 2254/2254 2275/2275 2274/2274
f 2255/2255 2256/2256 2276/2276
f 2255/2255 2276/2276 2275/2275
f 2256/2256 2257/2257 2277/2277
f 2256/2256 2277/2277 2276/2276
f 2257/2257 2238/2238 2258/2258
f 2257/2257 2258/2258 2277/2277
f 2258/2258 2259/2259 2279/2279
f 2258/2258 2279/2279 2278/2278
f 2259/2259 2260/2260 2280/2280
f 2259/2259 2280/2280 2279/2279
f 2260/2260 2261/2261 2281/2281
f 2260/2260 2281/2281 2280/2280
f 2261/2261 2262/2262 2282/2282
f 2261/2261 2282/2282 2281/2281
f 2262/2262 2263/2263 2283/2283
f 2262/2262 2283/2283 2282/2282
f 2263/2263 2264/2264 2284/2284
f 2263/2263 2284/2284 2283/2283
f 2264/2264 2265/2265 2285/2285
f 2264/2264 2285/2285 2284/2284
f 2265/2265 2266/2266 2286/2286
f 2265/2265 2286/2286 2285/2285
f 2266/2266 2267/2267 2287/2287
f 2266/2266 2287/2287 2286/2286
f 2267/2267 2268/2268 2288/2288
f 2267/2267 2288/2288 2287/2287
f 2268/2268 2269/2269 2289/2289
f 2268/2268 2289/2289 2288/2288
f 2269/2269 2270/2270 2290/2290
f 2269/2269 2290/2290 2289/2289
f 2270/2270 2271/2271 2291/2291
f 2270/2270 2291/2291 2290/2290
f 2271/2271 2272/2272 2292/2292
f 2271/2271 2292/2292 2291/2291
f 2272/2272 2273/2273 2293/2293
f 2272/2272 2293/2293 2292/2292
f 2273/2273 2274/2274 2294/2294
f 2273/2273 2294/2294 2293/2293
f 2274/2274 2275/2275 2295/2295
f 2274/2274 2295/2295 2294/2294
f 2275/2275 2276/2276 2296/2296
f 2275/2275 2296/2296 2295/2295
f 2276/2276 2277/2277 2297/2297
f 2276/2276 2297/2297 2296/2296
f 2277/2277 2258/2258 2278/2278
f 2277/2277 2278/2278 2297/2297
f 1919/1919 1918/1918 2298/2298
f 1920/1920 1919/1919 2298/2298
f 1921/1921 1920/1920 2298/2298
f 1922/1922 1921/1921 2298/2298
f 1923/1923 1922/1922 2298/2298
f 1924/1924 1923/1923 2298/2298
f 1925/1925 1924/1924 2298/2298
f 1926/1926 1925/1925 2298/2298
f 1927/1927 1926/1926 2298/2298
f 1928/1928 1927/1927 2298/2298
f 1929/1929 1928/1928 2298/2298
f 1930/1930 1929/1929 2298/2298
f 1931/1931 1930/1930 2298/2298
f 1932/1932 1931/1931 2298/2298
f 1933/1933 1932/1932 2298/2298
f 1934/1934 1933/1933 2298/2298
f 1935/1935 1934/1934 2298/2298
f 1936/1936 1935/1935 2298/2298
f 1937/1937 1936/1936 2298/2298
f 1918/1918 1937/1937 2298/2298
f 2278/2278 2279/2279 2299/2299
f 2279/2279 2280/2280 2299/2299
f 2280/2280 2281/2281 2299/2299
f 2281/2281 2282/2282 2299/2299
f 2282/2282 2283/2283 2299/2299
f 2283/2283 2284/2284 2299/2299
f 2284/2284 2285/2285 2299/2299
f 2285/2285 2286/2286 2299/2299
f 2286/2286 2287/2287 2299/2299
f 2287/2287 2288/2288 2299/2299
f 2288/2288 2289/2289 2299/2299
f 2289/2289 2290/2290 2299/2299
f 2290/2290 2291/2291 2299/2299
f 2291/2291 2292/2292 2299/2299
f 2292/2292 2293/2293 2299/2299
f 2293/2293 2294/2294 2299/2299
f 2294/2294 2295/2295 2299/2299
f 2295/2295 2296/2296 2299/2299
f 2296/2296 2297/2297 2299/2299
f 2297/2297 2278/2278 2299/2299
