v -0.09932 0.04596 0.05441
v -0.10369 0.03000 0.05288
v -0.10678 0.01389 0.05198
v -0.10788 -0.00180 0.05172
v -0.10437 -0.00180 0.04473
v -0.10334 0.01359 0.04518
v -0.10044 0.02948 0.04644
v -0.09621 0.04541 0.04825
v -0.08290 -0.00180 0.04183
v -0.08208 0.01212 0.04268
v -0.07983 0.02653 0.04428
v -0.06631 -0.00180 0.04068
v -0.06580 0.01121 0.04139
v -0.06437 0.02422 0.04273
v -0.06254 0.03609 0.04430
v -0.06033 0.04619 0.04638
v -0.00357 0.01153 0.03788
v -0.00348 -0.00180 0.03698
v -0.01276 -0.00180 0.03643
v -0.01288 0.01146 0.03735
v -0.01306 0.02465 0.03925
v -0.02193 0.02437 0.03915
v -0.02180 0.01136 0.03725
v -0.02168 -0.00180 0.03633
v -0.02988 -0.00180 0.03665
v -0.02998 0.01124 0.03753
v -0.03005 0.02409 0.03938
v -0.03742 0.02383 0.03984
v -0.03746 0.01112 0.03811
v -0.03741 -0.00180 0.03729
v -0.04423 0.03446 0.04251
v -0.04441 0.02366 0.04048
v -0.04458 0.01103 0.03890
v -0.04461 -0.00180 0.03814
v -0.05301 -0.00180 0.03924
v -0.05284 0.01101 0.03995
v -0.05232 0.02364 0.04137
v -0.05172 0.03449 0.04316
v -0.05110 0.04435 0.04548
v -0.09697 -0.00180 0.04289
v -0.09599 0.01306 0.04352
v -0.09328 0.02848 0.04498
v -0.09932 -0.04955 0.05441
v -0.10369 -0.03359 0.05288
v -0.10678 -0.01748 0.05198
v -0.10334 -0.01718 0.04518
v -0.10044 -0.03307 0.04644
v -0.09621 -0.04900 0.04825
v -0.08208 -0.01571 0.04268
v -0.07983 -0.03012 0.04428
v -0.06580 -0.01480 0.04139
v -0.06437 -0.02782 0.04273
v -0.06254 -0.03968 0.04430
v -0.06033 -0.04978 0.04638
v -0.00357 -0.01512 0.03788
v -0.01288 -0.01505 0.03735
v -0.01306 -0.02824 0.03925
v -0.02193 -0.02796 0.03915
v -0.02180 -0.01495 0.03725
v -0.02998 -0.01483 0.03753
v -0.03005 -0.02768 0.03938
v -0.03742 -0.02742 0.03984
v -0.03746 -0.01471 0.03811
v -0.04423 -0.03805 0.04251
v -0.04441 -0.02725 0.04048
v -0.04458 -0.01462 0.03890
v -0.05284 -0.01460 0.03995
v -0.05232 -0.02723 0.04137
v -0.05172 -0.03808 0.04316
v -0.05110 -0.04794 0.04548
v -0.09599 -0.01665 0.04352
v -0.09328 -0.03207 0.04498
v -0.08891 -0.00180 -0.09296
v 0.12137 -0.00180 -0.05144
v 0.10968 -0.00180 0.02224
v -0.10452 -0.00180 -0.01207
v -0.10815 -0.00180 0.02890
v -0.10441 -0.00180 0.04289
v 0.11602 -0.00180 -0.00402
v -0.10040 -0.00180 -0.03966
v 0.12014 -0.00180 -0.02877
v -0.09543 -0.00180 -0.06707
v -0.10735 -0.00180 0.01219
v -0.06538 -0.00180 -0.13925
v -0.07963 -0.00180 -0.11728
v 0.00371 -0.00180 -0.16267
v -0.02025 -0.00180 -0.16189
v 0.02583 -0.00180 -0.16029
v 0.06107 -0.00180 -0.14807
v 0.04487 -0.00180 -0.15538
v -0.04444 -0.00180 -0.15529
v 0.11847 -0.00180 -0.07376
v 0.10976 -0.00180 -0.09550
v 0.07456 -0.00180 -0.13881
v 0.08645 -0.00180 -0.12779
v 0.09813 -0.00180 -0.11390
v -0.07081 0.10701 -0.00994
v -0.06046 0.11816 -0.00060
v -0.04915 0.12678 0.00646
v 0.07870 0.11871 0.00207
v 0.09335 0.10657 -0.00642
v -0.07168 0.10229 0.03182
v -0.06095 0.11298 0.03794
v -0.04939 0.12136 0.04284
v 0.08282 0.09194 0.04562
v -0.07059 0.09995 0.05097
v -0.05965 0.11000 0.05518
v -0.04822 0.11805 0.05892
v -0.01078 0.13320 0.05076
v -0.01105 0.13833 0.01692
v -0.10447 0.03008 0.03229
v -0.10282 0.03122 -0.00326
v -0.09105 0.03229 -0.07694
v 0.09301 0.07391 0.04255
v 0.10512 0.09008 -0.01741
v 0.10051 0.05405 0.03743
v 0.11339 0.06947 -0.02937
v 0.11848 0.04611 -0.04034
v 0.10574 0.03387 0.03046
v 0.10865 0.01543 0.02451
v 0.12084 0.02219 -0.04841
v -0.10041 0.03011 0.04488
v -0.08969 0.01536 -0.08844
v -0.08014 0.08815 0.04656
v -0.08090 0.08986 0.02513
v -0.07963 0.09406 -0.02122
v -0.09617 0.04580 0.04663
v -0.10042 0.04581 0.03519
v -0.09974 0.04695 0.00389
v -0.09134 0.04889 -0.06232
v -0.09050 0.06062 0.04903
v -0.09490 0.06095 0.03849
v -0.09501 0.06200 0.01112
v -0.08968 0.06477 -0.04766
v -0.08599 0.07985 -0.03395
v -0.08864 0.07631 0.01822
v -0.08813 0.07518 0.04233
v -0.08388 0.07419 0.05211
v 0.03809 0.12441 0.05246
v 0.04335 0.13260 0.01379
v 0.02107 0.12957 0.05320
v 0.02422 0.13647 0.01716
v 0.00446 0.13270 0.05237
v 0.00549 0.13851 0.01814
v 0.05447 0.11686 0.05027
v 0.06181 0.12695 0.00861
v 0.11490 0.01822 -0.00092
v 0.11175 0.03857 0.00670
v 0.10631 0.05958 0.01592
v 0.09834 0.07960 0.02376
v 0.08724 0.09707 0.02924
v 0.07320 0.11058 0.03341
v 0.05712 0.12012 0.03715
v 0.03973 0.12704 0.04044
v 0.02186 0.13195 0.04215
v 0.00457 0.13474 0.04201
v -0.01103 0.13492 0.04063
v -0.04945 0.12302 0.03192
v -0.06096 0.11456 0.02620
v -0.07158 0.10370 0.01885
v -0.08067 0.09105 0.01051
v -0.08813 0.07731 0.00142
v -0.09389 0.06285 -0.00825
v -0.09774 0.04762 -0.01828
v -0.09980 0.03163 -0.02817
v -0.10038 0.01507 -0.03632
v -0.07131 0.10516 0.00455
v -0.06081 0.11621 0.01306
v -0.04941 0.12480 0.01963
v -0.01116 0.13667 0.02922
v 0.00484 0.13661 0.03042
v 0.02281 0.13415 0.02987
v 0.04141 0.12973 0.02721
v 0.05963 0.12355 0.02292
v 0.07637 0.11474 0.01772
v 0.09099 0.10196 0.01126
v 0.10271 0.08499 0.00283
v 0.11104 0.06463 -0.00742
v 0.11643 0.04248 -0.01762
v 0.11929 0.02038 -0.02560
v -0.09569 0.01516 -0.06307
v -0.09587 0.03184 -0.05321
v -0.09488 0.04810 -0.04092
v -0.09214 0.06366 -0.02848
v -0.08737 0.07842 -0.01653
v -0.08031 0.09236 -0.00542
v -0.07137 0.10099 0.04269
v -0.06048 0.11138 0.04772
v -0.04897 0.11967 0.05197
v 0.09520 0.04816 0.05335
v 0.09992 0.02860 0.04928
v -0.10443 0.03057 0.01779
v -0.10068 0.04619 0.02239
v -0.09541 0.06126 0.02719
v -0.08876 0.07557 0.03215
v -0.08080 0.08885 0.03734
v -0.04388 0.01328 -0.15521
v -0.06672 0.01889 -0.13627
v -0.08119 0.01617 -0.11252
v -0.04121 0.02272 -0.15577
v -0.05920 0.02944 -0.14269
v -0.03834 0.02852 -0.15534
v -0.05484 0.03521 -0.14409
v -0.01949 0.01897 -0.16185
v -0.01849 0.02466 -0.16070
v -0.02012 0.01087 -0.16202
v 0.00354 0.00966 -0.16269
v 0.11819 0.02409 -0.07102
v 0.10844 0.02721 -0.09560
v 0.09613 0.01701 -0.11554
v 0.08481 0.01248 -0.12878
v 0.07326 0.01008 -0.13934
v 0.06996 0.02082 -0.14047
v 0.05783 0.01802 -0.14858
v 0.06014 0.00881 -0.14824
v 0.06593 0.02947 -0.14133
v 0.05489 0.02552 -0.14855
v 0.06106 0.03715 -0.14059
v 0.07538 0.03485 -0.13304
v 0.06960 0.04271 -0.13366
v 0.08053 0.02512 -0.13096
v 0.05109 0.03273 -0.14675
v 0.04317 0.01626 -0.15511
v 0.04440 0.00835 -0.15531
v 0.04125 0.02285 -0.15455
v 0.02557 0.00865 -0.16017
v 0.09043 0.03208 -0.11973
v 0.08421 0.04244 -0.12338
v 0.09155 0.05287 -0.11295
v 0.09881 0.04368 -0.10709
v 0.09628 0.06700 -0.10113
v 0.08959 0.07117 -0.10504
v 0.08480 0.05914 -0.11593
v 0.10314 0.06139 -0.09380
v 0.07787 0.04993 -0.12530
v 0.11095 0.05455 -0.08079
v 0.10863 0.07846 -0.06580
v 0.10292 0.08230 -0.07845
v 0.11694 0.04972 -0.06181
v 0.11255 0.07406 -0.04891
v 0.07975 0.12243 -0.01261
v 0.09376 0.11090 -0.02245
v 0.06335 0.13029 -0.00517
v 0.10215 0.09931 -0.05005
v 0.10481 0.09487 -0.03509
v 0.09217 0.11488 -0.03612
v 0.07928 0.12586 -0.02557
v 0.03672 0.04849 -0.08768
v 0.04069 0.05218 -0.08453
v 0.03156 0.05744 -0.07837
v 0.03168 0.05169 -0.08342
v 0.03718 0.04376 -0.10024
v 0.04269 0.04707 -0.09752
v 0.03179 0.04534 -0.09020
v 0.02990 0.04010 -0.10352
v 0.02517 0.04155 -0.09323
v 0.02510 0.03997 -0.11893
v 0.03446 0.04268 -0.11580
v 0.02131 0.03734 -0.10654
v 0.02843 0.04292 -0.12996
v 0.03844 0.04577 -0.12674
v 0.01578 0.04127 -0.13266
v 0.01331 0.03856 -0.12140
v 0.00167 0.04075 -0.13412
v 0.00005 0.03821 -0.12266
v -0.01179 0.04131 -0.13352
v -0.01200 0.03902 -0.12207
v -0.02507 0.04331 -0.13055
v -0.02384 0.04108 -0.11930
v -0.03735 0.04769 -0.12477
v -0.03501 0.04545 -0.11381
v -0.04857 0.05695 -0.11435
v -0.04512 0.05392 -0.10429
v -0.04016 0.04807 -0.13175
v -0.02698 0.04335 -0.13815
v -0.05222 0.05785 -0.12027
v -0.01269 0.03732 -0.10864
v -0.02298 0.03995 -0.10610
v -0.03265 0.04440 -0.10116
v -0.01260 0.04093 -0.14140
v 0.00242 0.04004 -0.14230
v -0.01425 0.03670 -0.14909
v 0.00259 0.03544 -0.15031
v -0.03012 0.03960 -0.14521
v 0.01061 0.03604 -0.10857
v -0.00176 0.03592 -0.10944
v 0.01678 0.03885 -0.09576
v 0.00662 0.03713 -0.09771
v -0.00260 0.03628 -0.10005
v -0.01075 0.03817 -0.09743
v -0.00094 0.04182 -0.09185
v 0.01785 0.04042 -0.14097
v 0.03131 0.04215 -0.13816
v 0.04180 0.04527 -0.13468
v 0.04605 0.04028 -0.14144
v 0.05498 0.04465 -0.13668
v 0.05012 0.04936 -0.13086
v 0.03472 0.03709 -0.14569
v 0.04647 0.04954 -0.12327
v 0.01994 0.03545 -0.14896
v 0.03849 0.02967 -0.15208
v 0.02200 0.02840 -0.15614
v 0.00235 0.02879 -0.15799
v 0.04217 0.04634 -0.11242
v 0.04797 0.05000 -0.10943
v 0.05256 0.05354 -0.11996
v 0.05823 0.05866 -0.11549
v 0.05336 0.05472 -0.10542
v 0.05680 0.05373 -0.12686
v 0.06255 0.04961 -0.13137
v 0.07000 0.05579 -0.12461
v 0.06318 0.05916 -0.12162
v 0.06915 0.06631 -0.11445
v 0.06383 0.06547 -0.10895
v 0.07647 0.06376 -0.11639
v 0.05857 0.06106 -0.09961
v 0.05225 0.05637 -0.08929
v 0.04771 0.05105 -0.09416
v 0.06234 0.06873 -0.09229
v 0.05550 0.06298 -0.08307
v 0.06429 0.07888 -0.08248
v 0.05733 0.07206 -0.07464
v 0.06806 0.07380 -0.10077
v 0.07005 0.08490 -0.08982
v 0.04533 0.05669 -0.08021
v 0.04937 0.06120 -0.07701
v 0.02659 0.04923 -0.08537
v 0.02156 0.04550 -0.08830
v 0.01184 0.04610 -0.08801
v 0.02044 0.05319 -0.08225
v 0.00198 0.05214 -0.08346
v -0.00943 0.04635 -0.08830
v 0.01291 0.05869 -0.07766
v 0.02456 0.06551 -0.07074
v 0.03592 0.07139 -0.06461
v 0.04026 0.06325 -0.07230
v 0.04666 0.07646 -0.06215
v 0.04854 0.06763 -0.07012
v 0.04202 0.08517 -0.05454
v 0.03041 0.07910 -0.05785
v 0.05631 0.08225 -0.06515
v 0.05131 0.09210 -0.05599
v 0.01778 0.07263 -0.06454
v 0.00523 0.06498 -0.07246
v 0.01014 0.07955 -0.05869
v -0.00266 0.07185 -0.06655
v 0.02296 0.08624 -0.05179
v -0.00625 0.05781 -0.07887
v -0.01745 0.05117 -0.08419
v -0.01969 0.04105 -0.09498
v -0.02811 0.04533 -0.09083
v -0.02517 0.05744 -0.07813
v -0.03569 0.05157 -0.08424
v -0.04138 0.05140 -0.09314
v -0.01429 0.06434 -0.07295
v -0.03140 0.06439 -0.07086
v -0.04128 0.05879 -0.07656
v -0.02080 0.07090 -0.06607
v 0.08117 0.07411 -0.10642
v 0.07375 0.07540 -0.10544
v 0.07609 0.08762 -0.09344
v 0.07421 0.10103 -0.07981
v 0.06826 0.09698 -0.07730
v 0.06717 0.11300 -0.06732
v 0.06176 0.10798 -0.06562
v 0.05796 0.12158 -0.05818
v 0.05325 0.11620 -0.05705
v 0.04810 0.12710 -0.05155
v 0.04424 0.12168 -0.05107
v 0.03697 0.13071 -0.04623
v 0.03424 0.12535 -0.04626
v 0.03931 0.13414 -0.04412
v 0.00939 0.13769 -0.03752
v 0.00930 0.13413 -0.04035
v 0.04188 0.13742 -0.04016
v 0.05183 0.13064 -0.04972
v 0.05616 0.13391 -0.04581
v 0.06035 0.13599 -0.03877
v 0.04454 0.14009 -0.03318
v 0.00930 0.14098 -0.03280
v 0.00917 0.14369 -0.02586
v 0.06302 0.12516 -0.05660
v 0.06883 0.12832 -0.05273
v -0.00622 0.13700 -0.03781
v -0.00569 0.13334 -0.04085
v -0.00707 0.14043 -0.03287
v 0.00897 0.12847 -0.04043
v 0.00832 0.12048 -0.03686
v 0.03131 0.11770 -0.04253
v -0.00535 0.12755 -0.04062
v -0.00527 0.11954 -0.03667
v 0.04042 0.11400 -0.04693
v 0.04900 0.10844 -0.05264
v 0.05705 0.10030 -0.06080
v 0.06286 0.08994 -0.07137
v 0.03547 0.10605 -0.04272
v 0.04360 0.10032 -0.04834
v 0.07313 0.11624 -0.06617
v 0.08086 0.10320 -0.07923
v 0.08335 0.08798 -0.09359
v 0.09139 0.08707 -0.09139
v 0.08795 0.10455 -0.07630
v 0.09743 0.08511 -0.08649
v 0.09344 0.10434 -0.07046
v 0.07970 0.11890 -0.06268
v 0.08512 0.11947 -0.05613
v 0.07394 0.12954 -0.04574
v 0.08912 0.11794 -0.04730
v 0.07734 0.12846 -0.03661
v 0.09797 0.10263 -0.06194
v -0.01668 0.03044 -0.15684
v 0.00252 0.02271 -0.16159
v -0.03462 0.03388 -0.15214
v -0.05018 0.03996 -0.14243
v -0.06250 0.05164 -0.12628
v -0.04436 0.04481 -0.13739
v -0.05675 0.05552 -0.12375
v -0.06964 0.06578 -0.10924
v -0.07395 0.06221 -0.10842
v -0.06692 0.04720 -0.12679
v -0.07201 0.07891 -0.09462
v -0.07637 0.07656 -0.09228
v -0.07747 0.05788 -0.10527
v -0.07099 0.04208 -0.12440
v -0.07711 0.03672 -0.11591
v -0.08194 0.05370 -0.09673
v -0.08695 0.05059 -0.08154
v -0.08483 0.03352 -0.09890
v -0.08650 0.06664 -0.06469
v -0.08293 0.06951 -0.07860
v -0.07964 0.07310 -0.08773
v -0.07005 0.10340 -0.06506
v -0.07300 0.10163 -0.05805
v -0.06624 0.10350 -0.06978
v -0.06664 0.07997 -0.09565
v -0.06198 0.10230 -0.07296
v -0.05936 0.11448 -0.05859
v -0.05601 0.11234 -0.06278
v -0.06244 0.11543 -0.05285
v -0.06218 0.07994 -0.09529
v -0.05829 0.10045 -0.07443
v -0.06406 0.06825 -0.10878
v -0.05950 0.06936 -0.10713
v -0.06509 0.11442 -0.04507
v -0.05740 0.12343 -0.02534
v -0.06753 0.11208 -0.03512
v -0.05520 0.12567 -0.03521
v -0.04648 0.13177 -0.01865
v -0.04822 0.12916 -0.00662
v -0.05935 0.12066 -0.01369
v -0.04469 0.13367 -0.02883
v -0.06954 0.10942 -0.02340
v -0.05299 0.12597 -0.04318
v -0.05050 0.12382 -0.04945
v -0.04301 0.13338 -0.03678
v -0.04097 0.13057 -0.04303
v -0.07568 0.09896 -0.04804
v -0.07804 0.09631 -0.03564
v 0.02366 0.02192 -0.15909
v 0.00310 0.01696 -0.16251
v 0.02488 0.01584 -0.15985
v -0.00790 0.14313 -0.02615
v -0.00866 0.14350 -0.01764
v 0.00881 0.14407 -0.01688
v -0.00960 0.14203 -0.00731
v -0.01049 0.14007 0.00445
v 0.00660 0.14044 0.00569
v 0.00788 0.14249 -0.00623
v 0.04519 0.13553 0.00058
v 0.04627 0.13819 -0.01205
v 0.06382 0.13334 -0.01793
v 0.04615 0.14012 -0.02354
v 0.06291 0.13556 -0.02926
v -0.03883 0.12708 -0.04796
v -0.03704 0.12333 -0.05104
v -0.03495 0.11720 -0.05037
v -0.04551 0.11744 -0.05707
v -0.04279 0.11173 -0.05594
v -0.03311 0.10858 -0.04579
v -0.03100 0.10001 -0.04180
v -0.00499 0.11099 -0.03383
v -0.00286 0.10331 -0.03518
v 0.00706 0.11176 -0.03410
v 0.00570 0.10532 -0.03468
v 0.02724 0.10949 -0.03875
v 0.02718 0.09849 -0.04252
v 0.02031 0.10169 -0.03895
v 0.01595 0.09179 -0.04667
v 0.03462 0.09290 -0.04777
v 0.00341 0.08531 -0.05319
v -0.00235 0.08970 -0.04778
v 0.00993 0.09560 -0.04241
v -0.02646 0.09273 -0.04278
v -0.03779 0.09506 -0.04600
v -0.03303 0.08805 -0.04648
v -0.01439 0.08291 -0.05384
v -0.00922 0.07798 -0.06035
v -0.02515 0.07648 -0.05891
v -0.03508 0.07057 -0.06358
v -0.03937 0.08290 -0.05113
v -0.04408 0.08957 -0.05131
v -0.04868 0.08294 -0.05817
v -0.04440 0.07854 -0.05611
v -0.05058 0.06728 -0.07524
v -0.04440 0.06563 -0.06909
v -0.04732 0.05947 -0.08397
v -0.05433 0.07242 -0.08352
v -0.05141 0.06356 -0.09347
v -0.05174 0.08985 -0.06493
v -0.04693 0.09725 -0.05709
v -0.04975 0.10477 -0.06327
v -0.05471 0.09643 -0.07190
v -0.04032 0.10339 -0.05072
v -0.05297 0.10968 -0.06508
v -0.04787 0.12080 -0.05423
v -0.05803 0.07746 -0.09146
v -0.05537 0.06770 -0.10235
v 0.02591 0.13892 0.00442
v 0.02730 0.14123 -0.00791
v 0.02783 0.14295 -0.01911
v 0.02734 0.14261 -0.02850
v 0.02629 0.13981 -0.03546
v 0.02524 0.13655 -0.03979
v 0.02415 0.13310 -0.04233
v 0.02275 0.12760 -0.04260
v 0.02106 0.11981 -0.03913
v 0.01820 0.11124 -0.03593
v 0.01289 0.10352 -0.03640
v 0.00344 0.09878 -0.03861
v -0.00785 0.09418 -0.04226
v -0.01964 0.08857 -0.04651
v -0.02867 0.08204 -0.05179
v -0.03686 0.07656 -0.05651
v -0.04492 0.07233 -0.06178
v -0.05100 0.07515 -0.06654
v -0.05432 0.08130 -0.07397
v -0.05759 0.08718 -0.08136
v -0.06152 0.09046 -0.08448
v -0.06572 0.09144 -0.08386
v -0.07068 0.09155 -0.08169
v -0.07489 0.09028 -0.07808
v -0.07794 0.08761 -0.07219
v -0.08075 0.08453 -0.06256
v -0.08364 0.08185 -0.04955
v -0.10422 0.01490 -0.00943
v -0.10665 0.01451 0.01390
v -0.10718 0.01412 0.02993
v -0.10333 0.01411 0.04349
v -0.03691 0.12570 0.05507
v -0.03736 0.12743 0.04631
v -0.02461 0.13136 0.04877
v -0.02491 0.13302 0.03860
v -0.03756 0.12912 0.03589
v -0.03763 0.13085 0.02410
v -0.02509 0.13469 0.02709
v -0.02501 0.13630 0.01458
v -0.03742 0.13262 0.01130
v -0.01898 0.13491 -0.04005
v -0.02948 0.13172 -0.04358
v -0.01792 0.13119 -0.04316
v -0.02804 0.12784 -0.04670
v -0.02035 0.13839 -0.03504
v -0.03130 0.13531 -0.03851
v -0.03288 0.13817 -0.03222
v -0.02157 0.14118 -0.02865
v -0.03401 0.13862 -0.02424
v -0.02251 0.14163 -0.02048
v -0.02350 0.14016 -0.01010
v -0.03527 0.13700 -0.01386
v -0.03662 0.13469 -0.00168
v -0.02446 0.13810 0.00188
v -0.02544 0.11327 -0.04169
v -0.01623 0.11709 -0.03847
v -0.02655 0.12172 -0.04610
v -0.01692 0.12528 -0.04269
v -0.01506 0.10874 -0.03530
v -0.02381 0.10478 -0.03817
v -0.02044 0.09669 -0.03992
v -0.01211 0.10069 -0.03704
v -0.07884 0.08754 0.05262
v -0.08670 0.07492 0.04887
v -0.09348 0.06090 0.04549
v -0.09913 0.04577 0.04288
v -0.10335 0.02992 0.04085
v -0.10622 0.01394 0.03925
v -0.10726 -0.00180 0.03853
v -0.08710 -0.00180 0.04369
v -0.07938 0.04628 0.04710
v -0.08591 0.01586 0.04421
v -0.08312 0.03216 0.04539
v -0.07270 -0.00180 0.04375
v -0.06644 0.04541 0.04684
v -0.07168 0.01569 0.04411
v -0.06933 0.03177 0.04509
v -0.08986 0.04606 0.04748
v -0.09399 0.03103 0.04576
v -0.09692 0.01494 0.04441
v -0.09807 -0.00180 0.04383
v -0.01414 0.01602 0.04046
v -0.01405 -0.00180 0.03958
v -0.02418 -0.00180 0.03934
v -0.02421 0.01615 0.04028
v -0.03354 -0.00180 0.03967
v -0.03341 0.01600 0.04057
v -0.04203 -0.00180 0.04059
v -0.04176 0.01567 0.04135
v -0.04098 0.03181 0.04337
v -0.04884 0.03131 0.04398
v -0.05003 0.01539 0.04233
v -0.05050 -0.00180 0.04172
v -0.06025 -0.00180 0.04295
v -0.05947 0.01538 0.04337
v -0.05764 0.03132 0.04458
v -0.07081 -0.11060 -0.00994
v -0.06046 -0.12175 -0.00060
v -0.04915 -0.13037 0.00646
v 0.07870 -0.12230 0.00207
v 0.09335 -0.11016 -0.00642
v -0.07168 -0.10588 0.03182
v -0.06095 -0.11657 0.03794
v -0.04939 -0.12495 0.04284
v 0.08282 -0.09553 0.04562
v -0.07059 -0.10354 0.05097
v -0.05965 -0.11359 0.05518
v -0.04822 -0.12164 0.05892
v -0.01078 -0.13679 0.05076
v -0.01105 -0.14192 0.01692
v -0.10447 -0.03367 0.03229
v -0.10282 -0.03481 -0.00326
v -0.09105 -0.03588 -0.07694
v 0.09301 -0.07750 0.04255
v 0.10512 -0.09367 -0.01741
v 0.10051 -0.05764 0.03743
v 0.11339 -0.07306 -0.02937
v 0.11848 -0.04970 -0.04034
v 0.10574 -0.03746 0.03046
v 0.10865 -0.01902 0.02451
v 0.12084 -0.02578 -0.04841
v -0.10041 -0.03370 0.04488
v -0.08969 -0.01895 -0.08844
v -0.08014 -0.09174 0.04656
v -0.08090 -0.09345 0.02513
v -0.07963 -0.09765 -0.02122
v -0.09617 -0.04939 0.04663
v -0.10042 -0.04940 0.03519
v -0.09974 -0.05054 0.00389
v -0.09134 -0.05248 -0.06232
v -0.09050 -0.06421 0.04903
v -0.09490 -0.06454 0.03849
v -0.09501 -0.06559 0.01112
v -0.08968 -0.06837 -0.04766
v -0.08599 -0.08344 -0.03395
v -0.08864 -0.07990 0.01822
v -0.08813 -0.07877 0.04233
v -0.08388 -0.07778 0.05211
v 0.03809 -0.12800 0.05246
v 0.04335 -0.13619 0.01379
v 0.02107 -0.13316 0.05320
v 0.02422 -0.14006 0.01716
v 0.00446 -0.13629 0.05237
v 0.00549 -0.14210 0.01814
v 0.05447 -0.12045 0.05027
v 0.06181 -0.13054 0.00861
v 0.11490 -0.02181 -0.00092
v 0.11175 -0.04216 0.00670
v 0.10631 -0.06317 0.01592
v 0.09834 -0.08319 0.02376
v 0.08724 -0.10066 0.02924
v 0.07320 -0.11417 0.03341
v 0.05712 -0.12371 0.03715
v 0.03973 -0.13063 0.04044
v 0.02186 -0.13554 0.04215
v 0.00457 -0.13833 0.04201
v -0.01103 -0.13851 0.04063
v -0.04945 -0.12661 0.03192
v -0.06096 -0.11815 0.02620
v -0.07158 -0.10729 0.01885
v -0.08067 -0.09464 0.01051
v -0.08813 -0.08090 0.00142
v -0.09389 -0.06644 -0.00825
v -0.09774 -0.05121 -0.01828
v -0.09980 -0.03522 -0.02817
v -0.10038 -0.01866 -0.03632
v -0.07131 -0.10875 0.00455
v -0.06081 -0.11980 0.01306
v -0.04941 -0.12839 0.01963
v -0.01116 -0.14026 0.02922
v 0.00484 -0.14020 0.03042
v 0.02281 -0.13774 0.02987
v 0.04141 -0.13332 0.02721
v 0.05963 -0.12714 0.02292
v 0.07637 -0.11833 0.01772
v 0.09099 -0.10556 0.01126
v 0.10271 -0.08858 0.00283
v 0.11104 -0.06822 -0.00742
v 0.11643 -0.04607 -0.01762
v 0.11929 -0.02397 -0.02560
v -0.09569 -0.01875 -0.06307
v -0.09587 -0.03543 -0.05321
v -0.09488 -0.05169 -0.04092
v -0.09214 -0.06725 -0.02848
v -0.08737 -0.08201 -0.01653
v -0.08031 -0.09595 -0.00542
v -0.07137 -0.10458 0.04269
v -0.06048 -0.11497 0.04772
v -0.04897 -0.12326 0.05197
v 0.09520 -0.05175 0.05335
v 0.09992 -0.03219 0.04928
v -0.10443 -0.03416 0.01779
v -0.10068 -0.04978 0.02239
v -0.09541 -0.06485 0.02719
v -0.08876 -0.07916 0.03215
v -0.08080 -0.09244 0.03734
v -0.04388 -0.01687 -0.15521
v -0.06672 -0.02248 -0.13627
v -0.08119 -0.01976 -0.11252
v -0.04121 -0.02631 -0.15577
v -0.05920 -0.03303 -0.14269
v -0.03834 -0.03211 -0.15534
v -0.05484 -0.03880 -0.14409
v -0.01949 -0.02256 -0.16185
v -0.01849 -0.02825 -0.16070
v -0.02012 -0.01446 -0.16202
v 0.00354 -0.01325 -0.16269
v 0.11819 -0.02768 -0.07102
v 0.10844 -0.03080 -0.09560
v 0.09613 -0.02060 -0.11554
v 0.08481 -0.01607 -0.12878
v 0.07326 -0.01367 -0.13934
v 0.06996 -0.02441 -0.14047
v 0.05783 -0.02161 -0.14858
v 0.06014 -0.01240 -0.14824
v 0.06593 -0.03306 -0.14133
v 0.05489 -0.02911 -0.14855
v 0.06106 -0.04074 -0.14059
v 0.07538 -0.03844 -0.13304
v 0.06960 -0.04630 -0.13366
v 0.08053 -0.02871 -0.13096
v 0.05109 -0.03632 -0.14675
v 0.04317 -0.01985 -0.15511
v 0.04440 -0.01194 -0.15531
v 0.04125 -0.02644 -0.15455
v 0.02557 -0.01224 -0.16017
v 0.09043 -0.03567 -0.11973
v 0.08421 -0.04603 -0.12338
v 0.09155 -0.05646 -0.11295
v 0.09881 -0.04727 -0.10709
v 0.09628 -0.07059 -0.10113
v 0.08959 -0.07477 -0.10504
v 0.08480 -0.06273 -0.11593
v 0.10314 -0.06498 -0.09380
v 0.07787 -0.05352 -0.12530
v 0.11095 -0.05814 -0.08079
v 0.10863 -0.08205 -0.06580
v 0.10292 -0.08589 -0.07845
v 0.11694 -0.05331 -0.06181
v 0.11255 -0.07765 -0.04891
v 0.07975 -0.12602 -0.01261
v 0.09376 -0.11449 -0.02245
v 0.06335 -0.13388 -0.00517
v 0.10215 -0.10290 -0.05005
v 0.10481 -0.09846 -0.03509
v 0.09217 -0.11847 -0.03612
v 0.07928 -0.12945 -0.02557
v 0.03672 -0.05208 -0.08768
v 0.04069 -0.05577 -0.08453
v 0.03156 -0.06103 -0.07837
v 0.03168 -0.05528 -0.08342
v 0.03718 -0.04735 -0.10024
v 0.04269 -0.05066 -0.09752
v 0.03179 -0.04893 -0.09020
v 0.02990 -0.04369 -0.10352
v 0.02517 -0.04514 -0.09323
v 0.02510 -0.04356 -0.11893
v 0.03446 -0.04627 -0.11580
v 0.02131 -0.04093 -0.10654
v 0.02843 -0.04651 -0.12996
v 0.03844 -0.04936 -0.12674
v 0.01578 -0.04486 -0.13266
v 0.01331 -0.04215 -0.12140
v 0.00167 -0.04434 -0.13412
v 0.00005 -0.04180 -0.12266
v -0.01179 -0.04490 -0.13352
v -0.01200 -0.04261 -0.12207
v -0.02507 -0.04690 -0.13055
v -0.02384 -0.04467 -0.11930
v -0.03735 -0.05128 -0.12477
v -0.03501 -0.04904 -0.11381
v -0.04857 -0.06054 -0.11435
v -0.04512 -0.05751 -0.10429
v -0.04016 -0.05166 -0.13175
v -0.02698 -0.04694 -0.13815
v -0.05222 -0.06144 -0.12027
v -0.01269 -0.04091 -0.10864
v -0.02298 -0.04354 -0.10610
v -0.03265 -0.04799 -0.10116
v -0.01260 -0.04452 -0.14140
v 0.00242 -0.04363 -0.14229
v -0.01425 -0.04029 -0.14909
v 0.00259 -0.03903 -0.15031
v -0.03012 -0.04319 -0.14521
v 0.01061 -0.03963 -0.10857
v -0.00176 -0.03951 -0.10944
v 0.01678 -0.04244 -0.09576
v 0.00662 -0.04072 -0.09771
v -0.00260 -0.03987 -0.10005
v -0.01075 -0.04176 -0.09743
v -0.00094 -0.04541 -0.09185
v 0.01785 -0.04401 -0.14097
v 0.03131 -0.04574 -0.13816
v 0.04180 -0.04886 -0.13468
v 0.04605 -0.04387 -0.14144
v 0.05498 -0.04824 -0.13668
v 0.05012 -0.05295 -0.13086
v 0.03472 -0.04068 -0.14569
v 0.04647 -0.05313 -0.12327
v 0.01994 -0.03904 -0.14896
v 0.03849 -0.03326 -0.15208
v 0.02200 -0.03199 -0.15614
v 0.00235 -0.03238 -0.15799
v 0.04217 -0.04993 -0.11242
v 0.04797 -0.05359 -0.10943
v 0.05256 -0.05713 -0.11996
v 0.05823 -0.06225 -0.11549
v 0.05336 -0.05832 -0.10542
v 0.05680 -0.05732 -0.12686
v 0.06255 -0.05320 -0.13137
v 0.07000 -0.05938 -0.12461
v 0.06318 -0.06275 -0.12162
v 0.06915 -0.06990 -0.11445
v 0.06383 -0.06906 -0.10895
v 0.07647 -0.06735 -0.11639
v 0.05857 -0.06465 -0.09961
v 0.05225 -0.05996 -0.08929
v 0.04771 -0.05464 -0.09416
v 0.06234 -0.07232 -0.09229
v 0.05550 -0.06657 -0.08307
v 0.06429 -0.08247 -0.08248
v 0.05733 -0.07565 -0.07464
v 0.06806 -0.07739 -0.10077
v 0.07005 -0.08849 -0.08982
v 0.04533 -0.06028 -0.08021
v 0.04937 -0.06479 -0.07701
v 0.02659 -0.05282 -0.08537
v 0.02156 -0.04909 -0.08830
v 0.01184 -0.04969 -0.08801
v 0.02044 -0.05678 -0.08225
v 0.00198 -0.05573 -0.08346
v -0.00943 -0.04994 -0.08830
v 0.01291 -0.06228 -0.07766
v 0.02456 -0.06910 -0.07074
v 0.03592 -0.07498 -0.06461
v 0.04026 -0.06684 -0.07230
v 0.04666 -0.08005 -0.06215
v 0.04854 -0.07122 -0.07012
v 0.04202 -0.08877 -0.05454
v 0.03041 -0.08269 -0.05785
v 0.05631 -0.08584 -0.06516
v 0.05131 -0.09569 -0.05599
v 0.01778 -0.07622 -0.06454
v 0.00523 -0.06857 -0.07246
v 0.01014 -0.08314 -0.05869
v -0.00266 -0.07544 -0.06655
v 0.02296 -0.08983 -0.05179
v -0.00625 -0.06140 -0.07887
v -0.01745 -0.05476 -0.08419
v -0.01969 -0.04464 -0.09498
v -0.02811 -0.04892 -0.09083
v -0.02517 -0.06103 -0.07813
v -0.03569 -0.05516 -0.08424
v -0.04138 -0.05499 -0.09314
v -0.01429 -0.06793 -0.07295
v -0.03140 -0.06798 -0.07086
v -0.04128 -0.06238 -0.07656
v -0.02080 -0.07449 -0.06607
v 0.08117 -0.07770 -0.10642
v 0.07375 -0.07899 -0.10544
v 0.07609 -0.09121 -0.09344
v 0.07421 -0.10462 -0.07981
v 0.06826 -0.10057 -0.07730
v 0.06717 -0.11659 -0.06732
v 0.06176 -0.11157 -0.06562
v 0.05796 -0.12517 -0.05818
v 0.05325 -0.11979 -0.05705
v 0.04810 -0.13069 -0.05155
v 0.04424 -0.12527 -0.05107
v 0.03697 -0.13430 -0.04623
v 0.03424 -0.12894 -0.04626
v 0.03931 -0.13773 -0.04412
v 0.00939 -0.14128 -0.03752
v 0.00930 -0.13772 -0.04035
v 0.04188 -0.14101 -0.04016
v 0.05183 -0.13423 -0.04972
v 0.05616 -0.13750 -0.04581
v 0.06035 -0.13958 -0.03877
v 0.04454 -0.14368 -0.03318
v 0.00930 -0.14457 -0.03280
v 0.00917 -0.14728 -0.02586
v 0.06302 -0.12875 -0.05660
v 0.06883 -0.13191 -0.05273
v -0.00622 -0.14059 -0.03781
v -0.00569 -0.13693 -0.04085
v -0.00707 -0.14402 -0.03287
v 0.00897 -0.13206 -0.04043
v 0.00832 -0.12407 -0.03686
v 0.03131 -0.12129 -0.04254
v -0.00535 -0.13114 -0.04062
v -0.00527 -0.12313 -0.03667
v 0.04042 -0.11759 -0.04693
v 0.04900 -0.11203 -0.05264
v 0.05705 -0.10389 -0.06080
v 0.06286 -0.09353 -0.07137
v 0.03547 -0.10964 -0.04272
v 0.04360 -0.10392 -0.04834
v 0.07313 -0.11983 -0.06617
v 0.08086 -0.10679 -0.07923
v 0.08335 -0.09157 -0.09359
v 0.09139 -0.09067 -0.09139
v 0.08795 -0.10814 -0.07630
v 0.09743 -0.08870 -0.08649
v 0.09344 -0.10793 -0.07046
v 0.07970 -0.12249 -0.06268
v 0.08512 -0.12306 -0.05613
v 0.07394 -0.13313 -0.04575
v 0.08912 -0.12153 -0.04730
v 0.07734 -0.13205 -0.03661
v 0.09797 -0.10622 -0.06194
v -0.01668 -0.03403 -0.15684
v 0.00252 -0.02630 -0.16159
v -0.03462 -0.03747 -0.15214
v -0.05018 -0.04355 -0.14243
v -0.06250 -0.05523 -0.12628
v -0.04436 -0.04840 -0.13739
v -0.05675 -0.05911 -0.12375
v -0.06964 -0.06937 -0.10924
v -0.07395 -0.06580 -0.10842
v -0.06692 -0.05079 -0.12679
v -0.07201 -0.08250 -0.09462
v -0.07637 -0.08015 -0.09228
v -0.07747 -0.06147 -0.10527
v -0.07099 -0.04567 -0.12440
v -0.07711 -0.04031 -0.11591
v -0.08194 -0.05729 -0.09673
v -0.08695 -0.05418 -0.08154
v -0.08483 -0.03711 -0.09890
v -0.08650 -0.07023 -0.06469
v -0.08293 -0.07310 -0.07860
v -0.07964 -0.07669 -0.08774
v -0.07005 -0.10699 -0.06506
v -0.07300 -0.10522 -0.05805
v -0.06624 -0.10709 -0.06978
v -0.06664 -0.08356 -0.09565
v -0.06198 -0.10589 -0.07296
v -0.05936 -0.11807 -0.05859
v -0.05601 -0.11593 -0.06278
v -0.06244 -0.11902 -0.05285
v -0.06218 -0.08353 -0.09529
v -0.05829 -0.10404 -0.07443
v -0.06406 -0.07184 -0.10878
v -0.05950 -0.07296 -0.10713
v -0.06509 -0.11801 -0.04507
v -0.05740 -0.12702 -0.02534
v -0.06753 -0.11567 -0.03512
v -0.05520 -0.12926 -0.03521
v -0.04648 -0.13536 -0.01865
v -0.04822 -0.13275 -0.00662
v -0.05935 -0.12425 -0.01369
v -0.04469 -0.13726 -0.02883
v -0.06954 -0.11301 -0.02340
v -0.05299 -0.12956 -0.04318
v -0.05050 -0.12741 -0.04945
v -0.04301 -0.13697 -0.03678
v -0.04097 -0.13416 -0.04303
v -0.07568 -0.10255 -0.04804
v -0.07804 -0.09990 -0.03564
v 0.02366 -0.02551 -0.15909
v 0.00310 -0.02055 -0.16251
v 0.02488 -0.01943 -0.15985
v -0.00790 -0.14672 -0.02615
v -0.00866 -0.14709 -0.01764
v 0.00881 -0.14766 -0.01688
v -0.00960 -0.14562 -0.00731
v -0.01049 -0.14366 0.00445
v 0.00660 -0.14403 0.00569
v 0.00788 -0.14608 -0.00623
v 0.04519 -0.13912 0.00058
v 0.04627 -0.14178 -0.01205
v 0.06382 -0.13693 -0.01793
v 0.04615 -0.14371 -0.02354
v 0.06291 -0.13915 -0.02926
v -0.03883 -0.13067 -0.04796
v -0.03704 -0.12692 -0.05104
v -0.03495 -0.12079 -0.05037
v -0.04551 -0.12103 -0.05707
v -0.04279 -0.11532 -0.05594
v -0.03311 -0.11217 -0.04579
v -0.03100 -0.10360 -0.04180
v -0.00499 -0.11458 -0.03383
v -0.00286 -0.10690 -0.03518
v 0.00706 -0.11535 -0.03410
v 0.00570 -0.10891 -0.03468
v 0.02724 -0.11308 -0.03875
v 0.02718 -0.10208 -0.04252
v 0.02031 -0.10528 -0.03895
v 0.01595 -0.09538 -0.04667
v 0.03462 -0.09649 -0.04777
v 0.00341 -0.08890 -0.05319
v -0.00235 -0.09329 -0.04778
v 0.00993 -0.09919 -0.04241
v -0.02646 -0.09632 -0.04278
v -0.03779 -0.09865 -0.04600
v -0.03303 -0.09164 -0.04648
v -0.01439 -0.08650 -0.05384
v -0.00922 -0.08157 -0.06035
v -0.02515 -0.08007 -0.05891
v -0.03508 -0.07416 -0.06358
v -0.03937 -0.08649 -0.05113
v -0.04408 -0.09316 -0.05131
v -0.04868 -0.08653 -0.05817
v -0.04440 -0.08213 -0.05611
v -0.05058 -0.07087 -0.07524
v -0.04440 -0.06922 -0.06909
v -0.04732 -0.06306 -0.08397
v -0.05433 -0.07601 -0.08352
v -0.05141 -0.06715 -0.09347
v -0.05174 -0.09344 -0.06493
v -0.04693 -0.10084 -0.05708
v -0.04975 -0.10836 -0.06327
v -0.05471 -0.10002 -0.07190
v -0.04032 -0.10698 -0.05072
v -0.05297 -0.11327 -0.06508
v -0.04787 -0.12439 -0.05423
v -0.05803 -0.08105 -0.09146
v -0.05537 -0.07129 -0.10235
v 0.02591 -0.14251 0.00442
v 0.02730 -0.14482 -0.00791
v 0.02783 -0.14654 -0.01911
v 0.02734 -0.14620 -0.02850
v 0.02629 -0.14340 -0.03546
v 0.02524 -0.14014 -0.03979
v 0.02415 -0.13669 -0.04233
v 0.02275 -0.13119 -0.04260
v 0.02106 -0.12340 -0.03913
v 0.01820 -0.11483 -0.03593
v 0.01289 -0.10711 -0.03641
v 0.00344 -0.10237 -0.03861
v -0.00785 -0.09777 -0.04226
v -0.01964 -0.09216 -0.04651
v -0.02867 -0.08563 -0.05179
v -0.03686 -0.08015 -0.05651
v -0.04492 -0.07592 -0.06178
v -0.05100 -0.07874 -0.06654
v -0.05432 -0.08489 -0.07397
v -0.05759 -0.09077 -0.08136
v -0.06152 -0.09405 -0.08448
v -0.06572 -0.09503 -0.08386
v -0.07068 -0.09514 -0.08169
v -0.07489 -0.09387 -0.07808
v -0.07794 -0.09120 -0.07219
v -0.08075 -0.08812 -0.06256
v -0.08364 -0.08544 -0.04955
v -0.10422 -0.01849 -0.00943
v -0.10665 -0.01810 0.01390
v -0.10718 -0.01771 0.02993
v -0.10333 -0.01770 0.04349
v -0.03691 -0.12929 0.05507
v -0.03736 -0.13102 0.04631
v -0.02461 -0.13495 0.04877
v -0.02491 -0.13661 0.03860
v -0.03756 -0.13271 0.03589
v -0.03763 -0.13444 0.02410
v -0.02509 -0.13828 0.02708
v -0.02501 -0.13989 0.01458
v -0.03742 -0.13621 0.01130
v -0.01898 -0.13850 -0.04005
v -0.02948 -0.13531 -0.04358
v -0.01792 -0.13478 -0.04316
v -0.02804 -0.13143 -0.04670
v -0.02035 -0.14198 -0.03504
v -0.03130 -0.13890 -0.03851
v -0.03288 -0.14176 -0.03222
v -0.02157 -0.14477 -0.02865
v -0.03401 -0.14221 -0.02424
v -0.02251 -0.14522 -0.02048
v -0.02350 -0.14375 -0.01010
v -0.03527 -0.14059 -0.01386
v -0.03662 -0.13828 -0.00168
v -0.02446 -0.14169 0.00188
v -0.02544 -0.11686 -0.04169
v -0.01623 -0.12068 -0.03847
v -0.02655 -0.12531 -0.04610
v -0.01692 -0.12887 -0.04269
v -0.01506 -0.11233 -0.03530
v -0.02381 -0.10837 -0.03817
v -0.02044 -0.10028 -0.03992
v -0.01211 -0.10428 -0.03704
v -0.07884 -0.09114 0.05262
v -0.08670 -0.07851 0.04887
v -0.09348 -0.06449 0.04549
v -0.09913 -0.04936 0.04288
v -0.10335 -0.03351 0.04085
v -0.10622 -0.01753 0.03925
v -0.07938 -0.04987 0.04710
v -0.08591 -0.01945 0.04421
v -0.08312 -0.03575 0.04539
v -0.06644 -0.04900 0.04684
v -0.07168 -0.01928 0.04411
v -0.06933 -0.03536 0.04509
v -0.08986 -0.04965 0.04748
v -0.09399 -0.03462 0.04576
v -0.09692 -0.01853 0.04441
v -0.01414 -0.01961 0.04046
v -0.02421 -0.01974 0.04028
v -0.03341 -0.01959 0.04057
v -0.04176 -0.01926 0.04135
v -0.04098 -0.03540 0.04337
v -0.04884 -0.03490 0.04398
v -0.05003 -0.01898 0.04233
v -0.05947 -0.01897 0.04337
v -0.05764 -0.03491 0.04458
v 0.04994 0.13571 -0.44718
v 0.06581 0.09782 -0.43808
v 0.05003 0.06192 -0.44751
v 0.01117 0.04711 -0.46083
v -0.02738 0.06239 -0.45885
v -0.04452 0.09965 -0.45414
v -0.02627 0.13735 -0.45938
v 0.01167 0.15235 -0.46121
v 0.05122 0.14311 -0.35696
v 0.07145 0.09661 -0.35504
v 0.04839 0.05500 -0.36260
v 0.00122 0.03822 -0.37228
v -0.04266 0.05587 -0.37511
v -0.06322 0.09868 -0.37408
v -0.04537 0.14622 -0.37165
v 0.00099 0.16672 -0.36578
v 0.05255 0.14571 -0.33718
v 0.07341 0.09679 -0.33702
v 0.04959 0.05365 -0.34563
v 0.00013 0.03598 -0.35543
v -0.04604 0.05431 -0.35793
v -0.06729 0.09884 -0.35569
v -0.04868 0.14860 -0.35171
v 0.00049 0.17011 -0.34473
v 0.06243 0.15391 -0.18952
v 0.08685 0.09484 -0.21141
v 0.05860 0.04005 -0.23404
v -0.00376 0.02102 -0.24696
v -0.05960 0.04383 -0.23944
v -0.08720 0.09814 -0.21954
v -0.06210 0.15727 -0.19534
v -0.00081 0.17641 -0.18002
v 0.05997 0.14015 -0.06318
v 0.08664 0.08459 -0.10989
v 0.05679 0.03983 -0.14968
v -0.00013 0.02509 -0.16371
v -0.05557 0.04408 -0.14856
v -0.08013 0.08452 -0.11203
v -0.05528 0.13593 -0.06416
v 0.00055 0.15572 -0.04309
v 0.00013 0.16530 -0.10307
v -0.06019 0.14690 -0.12514
v -0.08779 0.09238 -0.16399
v -0.05974 0.04144 -0.19173
v -0.00168 0.01881 -0.20156
v 0.06070 0.03826 -0.18845
v 0.08908 0.09095 -0.15919
v 0.06271 0.14760 -0.12307
v -0.07513 0.09905 -0.31798
v -0.05215 0.05126 -0.32389
v -0.00207 0.03158 -0.32340
v 0.05205 0.05006 -0.31315
v 0.07747 0.09723 -0.30174
v 0.05566 0.15026 -0.29767
v -0.00008 0.17560 -0.30210
v -0.05442 0.15367 -0.31011
v -0.08403 0.09922 -0.25958
v -0.05804 0.04675 -0.27330
v -0.00391 0.02506 -0.27735
v 0.05614 0.04360 -0.26594
v 0.08358 0.09679 -0.24832
v 0.06059 0.15429 -0.23501
v -0.00096 0.17950 -0.23346
v -0.06056 0.15816 -0.24372
v -0.03350 0.14115 -0.42575
v -0.05169 0.09837 -0.42381
v -0.03233 0.05980 -0.42533
v 0.00630 0.04439 -0.42471
v 0.04717 0.05912 -0.41429
v 0.06719 0.09707 -0.40692
v 0.04893 0.13704 -0.41292
v 0.00641 0.15673 -0.42408
v 0.04763 0.12870 -0.06088
v 0.07341 0.08881 -0.09818
v 0.05167 0.04897 -0.13708
v 0.00005 0.03628 -0.15123
v -0.04828 0.05297 -0.13685
v -0.06780 0.08871 -0.09957
v -0.04344 0.12653 -0.05978
v 0.00142 0.13925 -0.04658
v -0.03663 0.07399 -0.45657
v -0.04224 0.07101 -0.42451
v -0.05324 0.06842 -0.37499
v -0.05707 0.06740 -0.35748
v -0.06413 0.06528 -0.32227
v -0.07137 0.06179 -0.26926
v -0.07349 0.05940 -0.23368
v -0.07399 0.05628 -0.18413
v -0.06809 0.05543 -0.13820
v -0.05892 0.06337 -0.12572
v -0.03653 0.12581 -0.45683
v -0.04398 0.12811 -0.42500
v -0.05578 0.13121 -0.37268
v -0.05962 0.13275 -0.35328
v -0.06659 0.13636 -0.31285
v -0.07420 0.14027 -0.24882
v -0.07662 0.13953 -0.20337
v -0.07575 0.13117 -0.13869
v -0.07018 0.12029 -0.07905
v -0.05668 0.11525 -0.07156
v -0.03414 0.04525 -0.14496
v -0.03933 0.03480 -0.15610
v -0.04208 0.02965 -0.19722
v -0.04250 0.03194 -0.24383
v -0.04164 0.03504 -0.27631
v -0.03716 0.04033 -0.32483
v -0.03215 0.04429 -0.35787
v -0.02939 0.04627 -0.37484
v -0.02026 0.05142 -0.42602
v -0.01542 0.05345 -0.46104
v 0.03466 0.04095 -0.14505
v 0.03825 0.03082 -0.15781
v 0.04080 0.02692 -0.19567
v 0.03845 0.02847 -0.24049
v 0.03658 0.03258 -0.27150
v 0.03471 0.03982 -0.31746
v 0.03386 0.04368 -0.34950
v 0.03331 0.04536 -0.36635
v 0.03402 0.04994 -0.41862
v 0.03798 0.05311 -0.45326
v 0.03125 0.13586 -0.05274
v 0.03988 0.15151 -0.05160
v 0.04230 0.15855 -0.11184
v 0.04225 0.16698 -0.18345
v 0.04150 0.16821 -0.23249
v 0.03825 0.16341 -0.29826
v 0.03617 0.15837 -0.33929
v 0.03527 0.15531 -0.35972
v 0.03494 0.14787 -0.41728
v 0.03775 0.14558 -0.45307
v -0.02823 0.13441 -0.05161
v -0.03715 0.14750 -0.05242
v -0.04102 0.15759 -0.11345
v -0.04299 0.16940 -0.18824
v -0.04232 0.17112 -0.23937
v -0.03781 0.16695 -0.30732
v -0.03391 0.16129 -0.34976
v -0.03149 0.15821 -0.37021
v -0.02062 0.15058 -0.42603
v -0.01400 0.14600 -0.46149
v 0.06594 0.06070 -0.12481
v 0.07274 0.05241 -0.13745
v 0.07653 0.05345 -0.17958
v 0.07418 0.05593 -0.22660
v 0.07137 0.05911 -0.25978
v 0.06585 0.06372 -0.30880
v 0.06214 0.06640 -0.34202
v 0.06047 0.06750 -0.35923
v 0.05769 0.07099 -0.41045
v 0.05899 0.07317 -0.44239
v 0.06208 0.11772 -0.07214
v 0.07654 0.12299 -0.07858
v 0.07801 0.13068 -0.13587
v 0.07693 0.13595 -0.19662
v 0.07424 0.13647 -0.23876
v 0.06846 0.13368 -0.29803
v 0.06491 0.13012 -0.33594
v 0.06335 0.12815 -0.35506
v 0.05981 0.12397 -0.40933
v 0.05924 0.12337 -0.44214
v 0.04188 0.12875 -0.46137
v 0.04824 0.11847 -0.45726
v 0.05305 0.09786 -0.45350
v 0.04819 0.07868 -0.45696
v 0.04146 0.06995 -0.46129
v 0.03299 0.06295 -0.46584
v 0.01215 0.05796 -0.47255
v -0.00930 0.06347 -0.47249
v -0.01812 0.07135 -0.47100
v -0.02453 0.08094 -0.46916
v -0.02859 0.10071 -0.46705
v -0.02160 0.11985 -0.46949
v -0.01426 0.12799 -0.47134
v -0.00576 0.13427 -0.47275
v 0.01368 0.14009 -0.47237
v 0.03312 0.13594 -0.46583
v 0.04090 0.13050 -0.07596
v 0.05346 0.12172 -0.08529
v 0.06298 0.09553 -0.10730
v 0.05739 0.07216 -0.13023
v 0.04515 0.06218 -0.14111
v 0.02970 0.05542 -0.14806
v -0.00029 0.05133 -0.15289
v -0.02970 0.05864 -0.14800
v -0.04180 0.06619 -0.14074
v -0.04995 0.07518 -0.13137
v -0.05788 0.09630 -0.10873
v -0.04765 0.11963 -0.08417
v -0.03553 0.12868 -0.07399
v -0.02160 0.13459 -0.06747
v 0.00323 0.13818 -0.06398
v 0.02710 0.13608 -0.06905
v 0.02810 0.12377 -0.09260
v 0.03629 0.11728 -0.09956
v 0.04113 0.10068 -0.11368
v 0.03642 0.08567 -0.12751
v 0.03062 0.07818 -0.13512
v 0.02168 0.07217 -0.14134
v 0.00005 0.06930 -0.14503
v -0.02013 0.07416 -0.14150
v -0.02831 0.07999 -0.13632
v -0.03389 0.08646 -0.12975
v -0.03898 0.10009 -0.11469
v -0.03357 0.11693 -0.09767
v -0.02566 0.12293 -0.09055
v -0.01592 0.12661 -0.08592
v 0.00206 0.12977 -0.08326
v 0.01916 0.12798 -0.08728
v 0.02078 0.11730 -0.09729
v 0.02410 0.11234 -0.10223
v 0.02664 0.10052 -0.11310
v 0.02385 0.08955 -0.12371
v 0.02166 0.08440 -0.12908
v 0.01487 0.08209 -0.13173
v -0.00038 0.08064 -0.13394
v -0.01458 0.08288 -0.13223
v -0.02065 0.08519 -0.13024
v -0.02280 0.08996 -0.12511
v -0.02558 0.10030 -0.11367
v -0.02305 0.11236 -0.10112
v -0.01969 0.11705 -0.09593
v -0.01291 0.11832 -0.09406
v 0.00055 0.11979 -0.09285
v 0.01414 0.11879 -0.09502
v 0.03176 0.12496 -0.45067
v 0.03817 0.11639 -0.44600
v 0.04296 0.09818 -0.44211
v 0.03894 0.08083 -0.44565
v 0.03259 0.07284 -0.45031
v 0.02549 0.06716 -0.45524
v 0.01097 0.06513 -0.46154
v -0.00310 0.06943 -0.46058
v -0.00998 0.07492 -0.45896
v -0.01606 0.08276 -0.45632
v -0.02030 0.10057 -0.45338
v -0.01499 0.11794 -0.45647
v -0.00855 0.12506 -0.45936
v -0.00160 0.13022 -0.46160
v 0.01158 0.13463 -0.46190
v 0.02460 0.13100 -0.45564
v 0.02620 0.12046 -0.44399
v 0.03160 0.11335 -0.44099
v 0.03470 0.09851 -0.43830
v 0.03316 0.08372 -0.44097
v 0.02777 0.07642 -0.44397
v 0.02144 0.07225 -0.44718
v 0.01005 0.06946 -0.45065
v -0.00162 0.07308 -0.45153
v -0.00794 0.07770 -0.45073
v -0.01275 0.08497 -0.44900
v -0.01423 0.10005 -0.44662
v -0.00917 0.11423 -0.44889
v -0.00365 0.12028 -0.45097
v 0.00223 0.12548 -0.45222
v 0.01106 0.12863 -0.45302
v 0.02059 0.12567 -0.44765
v 0.02292 0.11529 -0.44112
v 0.02539 0.11013 -0.43930
v 0.02722 0.09922 -0.43747
v 0.02693 0.08743 -0.43898
v 0.02388 0.08137 -0.44081
v 0.01859 0.07911 -0.44196
v 0.00871 0.07641 -0.44401
v -0.00098 0.07978 -0.44542
v -0.00590 0.08242 -0.44620
v -0.00879 0.08825 -0.44515
v -0.00864 0.09971 -0.44336
v -0.00558 0.11032 -0.44490
v -0.00227 0.11490 -0.44654
v 0.00220 0.11697 -0.44640
v 0.01038 0.11955 -0.44554
v 0.01846 0.11742 -0.44260
v -0.03831 0.14955 -0.06165
v 0.00070 0.15845 -0.05113
v 0.04203 0.15413 -0.06004
v 0.06272 0.14224 -0.07243
v 0.07894 0.12463 -0.08853
v 0.08857 0.08536 -0.11938
v 0.07428 0.05218 -0.14509
v 0.05809 0.03906 -0.15621
v 0.03911 0.02919 -0.16420
v -0.00035 0.02261 -0.16951
v -0.03992 0.03275 -0.16271
v -0.05709 0.04274 -0.15610
v -0.07034 0.05488 -0.14670
v -0.08278 0.08525 -0.12183
v -0.07232 0.12255 -0.08939
v -0.05702 0.13825 -0.07403
v 0.05947 0.12352 -0.43320
v 0.06628 0.09769 -0.42950
v 0.05864 0.07258 -0.43372
v 0.04926 0.06105 -0.43856
v 0.03686 0.05205 -0.44393
v 0.00995 0.04624 -0.45078
v -0.01650 0.05256 -0.45146
v -0.02861 0.06129 -0.44968
v -0.03818 0.07285 -0.44776
v -0.04661 0.09916 -0.44580
v -0.03871 0.12665 -0.44825
v -0.02810 0.13875 -0.45044
v -0.01543 0.14757 -0.45212
v 0.01035 0.15356 -0.45138
v 0.03679 0.14607 -0.44348
v 0.04954 0.13595 -0.43796
v 0.05957 0.12366 -0.42146
v 0.06664 0.09744 -0.41844
v 0.05799 0.07189 -0.42226
v 0.04805 0.06017 -0.42656
v 0.03528 0.05103 -0.43138
v 0.00813 0.04545 -0.43778
v -0.01817 0.05199 -0.43888
v -0.03025 0.06050 -0.43765
v -0.04005 0.07185 -0.43625
v -0.04911 0.09867 -0.43495
v -0.04127 0.12747 -0.43682
v -0.03057 0.14008 -0.43825
v -0.01773 0.14911 -0.43918
v 0.00845 0.15500 -0.43784
v 0.03572 0.14681 -0.43050
v 0.04910 0.13634 -0.42560
v 0.06057 0.12491 -0.39279
v 0.06820 0.09666 -0.39105
v 0.05799 0.06971 -0.39444
v 0.04684 0.05762 -0.39785
v 0.03308 0.04841 -0.40173
v 0.00424 0.04256 -0.40756
v -0.02335 0.04999 -0.40942
v -0.03559 0.05863 -0.40933
v -0.04556 0.07010 -0.40906
v -0.05519 0.09830 -0.40875
v -0.04771 0.12885 -0.40908
v -0.03752 0.14243 -0.40915
v -0.02456 0.15262 -0.40880
v 0.00399 0.15952 -0.40604
v 0.03439 0.14964 -0.39957
v 0.04918 0.13850 -0.39579
v -0.08826 0.09469 -0.18088
v -0.07417 0.05719 -0.19942
v -0.05998 0.04187 -0.20654
v -0.04247 0.02993 -0.21178
v -0.00276 0.01892 -0.21542
v 0.04014 0.02700 -0.20882
v 0.06046 0.03841 -0.20210
v 0.07626 0.05389 -0.19381
v 0.08869 0.09244 -0.17499
v 0.07783 0.13295 -0.15442
v 0.06249 0.15013 -0.14347
v 0.04213 0.16152 -0.13368
v -0.00027 0.16864 -0.12569
v -0.04193 0.16183 -0.13569
v -0.06125 0.15092 -0.14629
v -0.07660 0.13450 -0.15835
v -0.08583 0.09894 -0.23959
v -0.07259 0.06060 -0.25147
v -0.05896 0.04524 -0.25639
v -0.04219 0.03341 -0.26012
v -0.00390 0.02290 -0.26217
v 0.03748 0.03029 -0.25611
v 0.05741 0.04166 -0.25007
v 0.07286 0.05745 -0.24323
v 0.08537 0.09591 -0.22997
v 0.07573 0.13647 -0.21792
v 0.06169 0.15449 -0.21261
v 0.04203 0.16819 -0.20848
v -0.00094 0.17874 -0.20764
v -0.04300 0.17097 -0.21451
v -0.06167 0.15822 -0.21999
v -0.07571 0.14035 -0.22635
v -0.07339 0.12510 -0.10398
v -0.08483 0.08728 -0.13440
v -0.07206 0.05515 -0.15759
v -0.05827 0.04197 -0.16614
v -0.04075 0.03111 -0.17205
v -0.00083 0.02044 -0.17807
v 0.03984 0.02817 -0.17298
v 0.05922 0.03885 -0.16504
v 0.07541 0.05277 -0.15490
v 0.08917 0.08712 -0.13129
v 0.07934 0.12624 -0.10267
v 0.06396 0.14348 -0.08692
v 0.04317 0.15497 -0.07417
v 0.00090 0.16010 -0.06531
v -0.03903 0.15124 -0.07618
v -0.05799 0.14051 -0.08871
v -0.08172 0.09920 -0.27935
v -0.06958 0.06300 -0.28698
v -0.05663 0.04831 -0.29016
v -0.04065 0.03680 -0.29245
v -0.00363 0.02726 -0.29260
v 0.03586 0.03489 -0.28678
v 0.05488 0.04552 -0.28170
v 0.06970 0.06064 -0.27622
v 0.08158 0.09730 -0.26640
v 0.07259 0.13605 -0.25909
v 0.05925 0.15351 -0.25667
v 0.04064 0.16724 -0.25543
v -0.00081 0.17901 -0.25752
v -0.04111 0.17045 -0.26294
v -0.05892 0.15731 -0.26657
v -0.07212 0.13944 -0.27071
v -0.07125 0.09895 -0.33695
v -0.06074 0.06634 -0.33987
v -0.04927 0.05271 -0.34085
v -0.03479 0.04224 -0.34121
v -0.00093 0.03376 -0.33915
v 0.03432 0.04189 -0.33320
v 0.05077 0.05204 -0.32915
v 0.06392 0.06515 -0.32523
v 0.07543 0.09699 -0.31927
v 0.06660 0.13203 -0.31698
v 0.05404 0.14816 -0.31748
v 0.03716 0.16106 -0.31884
v 0.00021 0.17311 -0.32350
v -0.03595 0.16433 -0.32875
v -0.05171 0.15119 -0.33115
v -0.06328 0.13452 -0.33329
v -0.05912 0.09844 -0.39189
v -0.04937 0.06929 -0.39228
v -0.03918 0.05728 -0.39231
v -0.02651 0.04813 -0.39207
v 0.00253 0.04040 -0.38969
v 0.03291 0.04689 -0.38381
v 0.04734 0.05626 -0.38010
v 0.05899 0.06854 -0.37684
v 0.06964 0.09651 -0.37326
v 0.06180 0.12633 -0.37423
v 0.04999 0.14057 -0.37669
v 0.03455 0.15222 -0.37996
v 0.00209 0.16308 -0.38633
v -0.02839 0.15525 -0.38994
v -0.04165 0.14414 -0.39085
v -0.05178 0.12989 -0.39135
v 0.00735 0.11972 -0.09344
v 0.01067 0.12970 -0.08431
v 0.01483 0.13788 -0.06555
v 0.01578 0.13875 -0.04838
v 0.02002 0.15577 -0.04513
v 0.02124 0.15870 -0.05314
v 0.02193 0.15997 -0.06712
v 0.02114 0.16385 -0.10504
v 0.02088 0.16687 -0.12748
v 0.02066 0.17416 -0.17999
v 0.02054 0.17622 -0.20672
v 0.02032 0.17670 -0.23201
v 0.01994 0.17590 -0.25579
v 0.01911 0.17206 -0.29983
v 0.01870 0.16957 -0.32094
v 0.01831 0.16667 -0.34191
v 0.01807 0.16334 -0.36281
v 0.01819 0.15992 -0.38339
v 0.01900 0.15678 -0.40323
v 0.02049 0.15447 -0.42125
v 0.02195 0.15302 -0.43486
v 0.02353 0.15187 -0.44825
v 0.02476 0.15096 -0.45805
v 0.02355 0.13931 -0.46972
v 0.01793 0.13390 -0.45961
v 0.01547 0.12789 -0.45124
v 0.01411 0.11889 -0.44444
v 0.00669 0.11891 -0.44604
v 0.00696 0.12805 -0.45297
v 0.00510 0.13332 -0.46240
v 0.00361 0.13830 -0.47319
v -0.00129 0.15074 -0.46219
v -0.00262 0.15219 -0.45252
v -0.00471 0.15379 -0.43917
v -0.00723 0.15554 -0.42557
v -0.01052 0.15823 -0.40783
v -0.01351 0.16163 -0.38848
v -0.01566 0.16520 -0.36826
v -0.01705 0.16859 -0.34741
v -0.01810 0.17168 -0.32616
v -0.01912 0.17417 -0.30464
v -0.02121 0.17735 -0.25997
v -0.02191 0.17779 -0.23598
v -0.02219 0.17722 -0.21037
v -0.02208 0.17514 -0.18298
v -0.02131 0.16729 -0.12848
v -0.02069 0.16336 -0.10582
v -0.01943 0.15738 -0.06834
v -0.01919 0.15578 -0.05398
v -0.01861 0.15335 -0.04547
v -0.01339 0.13802 -0.04749
v -0.00887 0.13759 -0.06426
v -0.00673 0.12886 -0.08363
v -0.00611 0.11936 -0.09296
v 0.02765 0.09340 -0.43784
v 0.03486 0.09105 -0.43905
v 0.04217 0.08917 -0.44297
v 0.05196 0.08799 -0.45430
v 0.06408 0.08527 -0.43921
v 0.06417 0.08492 -0.43066
v 0.06412 0.08446 -0.41953
v 0.06437 0.08382 -0.40798
v 0.06516 0.08293 -0.39216
v 0.06646 0.08217 -0.37455
v 0.06818 0.08156 -0.35669
v 0.07013 0.08093 -0.33912
v 0.07219 0.08029 -0.32190
v 0.07432 0.07968 -0.30494
v 0.07840 0.07829 -0.27106
v 0.08030 0.07719 -0.25386
v 0.08196 0.07584 -0.23649
v 0.08340 0.07445 -0.21900
v 0.08551 0.07218 -0.18469
v 0.08591 0.07127 -0.16978
v 0.08542 0.06884 -0.14363
v 0.08464 0.06749 -0.13276
v 0.08301 0.06721 -0.12406
v 0.07273 0.07397 -0.11160
v 0.06257 0.08303 -0.11872
v 0.03914 0.09293 -0.12038
v 0.02560 0.09486 -0.11838
v 0.02643 0.10473 -0.43801
v 0.03361 0.10595 -0.43900
v 0.04177 0.10738 -0.44312
v 0.05181 0.10804 -0.45452
v 0.06435 0.11059 -0.43905
v 0.06491 0.11063 -0.43032
v 0.06533 0.11056 -0.41903
v 0.06584 0.11048 -0.40731
v 0.06682 0.11067 -0.39119
v 0.06827 0.11128 -0.37307
v 0.07002 0.11227 -0.35442
v 0.07180 0.11339 -0.33588
v 0.07363 0.11450 -0.31757
v 0.07557 0.11551 -0.29937
v 0.07975 0.11683 -0.26237
v 0.08166 0.11687 -0.24325
v 0.08336 0.11649 -0.22375
v 0.08475 0.11577 -0.20393
v 0.08630 0.11317 -0.16493
v 0.08656 0.11119 -0.14794
v 0.08706 0.10670 -0.11768
v 0.08674 0.10488 -0.10460
v 0.08473 0.10370 -0.09459
v 0.06986 0.10395 -0.08481
v 0.05990 0.10916 -0.09597
v 0.04051 0.10925 -0.10663
v 0.02634 0.10663 -0.10761
v -0.00770 0.08128 -0.13355
v -0.01027 0.07071 -0.14412
v -0.01498 0.05341 -0.15195
v -0.01739 0.03941 -0.14985
v -0.02043 0.02817 -0.16144
v -0.02081 0.02578 -0.16719
v -0.02142 0.02370 -0.17585
v -0.02245 0.02186 -0.20046
v -0.02314 0.02212 -0.21484
v -0.02367 0.02422 -0.24648
v -0.02361 0.02581 -0.26217
v -0.02333 0.02766 -0.27776
v -0.02270 0.02961 -0.29334
v -0.02019 0.03365 -0.32471
v -0.01841 0.03587 -0.34068
v -0.01651 0.03818 -0.35708
v -0.01452 0.04041 -0.37396
v -0.01237 0.04255 -0.39129
v -0.00991 0.04474 -0.40895
v -0.00728 0.04647 -0.42593
v -0.00526 0.04725 -0.43900
v -0.00346 0.04783 -0.45190
v -0.00232 0.04866 -0.46179
v 0.00081 0.05938 -0.47328
v 0.00357 0.06663 -0.46156
v 0.00415 0.07070 -0.45136
v 0.00403 0.07750 -0.44469
v 0.00739 0.08076 -0.13348
v 0.01110 0.06965 -0.14432
v 0.01445 0.05209 -0.15162
v 0.01768 0.03658 -0.14965
v 0.02010 0.02581 -0.16277
v 0.02034 0.02363 -0.16904
v 0.02012 0.02202 -0.17767
v 0.01975 0.02061 -0.20012
v 0.01864 0.02068 -0.21326
v 0.01720 0.02235 -0.24486
v 0.01665 0.02437 -0.26013
v 0.01622 0.02675 -0.27527
v 0.01604 0.02910 -0.29041
v 0.01642 0.03371 -0.32096
v 0.01682 0.03576 -0.33663
v 0.01709 0.03772 -0.35289
v 0.01731 0.03973 -0.36972
v 0.01774 0.04166 -0.38716
v 0.01869 0.04354 -0.40510
v 0.02021 0.04522 -0.42223
v 0.02178 0.04636 -0.43522
v 0.02353 0.04735 -0.44809
v 0.02479 0.04830 -0.45792
v 0.02330 0.05900 -0.46969
v 0.01867 0.06482 -0.45914
v 0.01608 0.06994 -0.44930
v 0.01355 0.07707 -0.44308
v -0.02521 0.10650 -0.10724
v -0.03795 0.10884 -0.10597
v -0.05554 0.10833 -0.09608
v -0.06520 0.10224 -0.08514
v -0.07841 0.10252 -0.09547
v -0.08087 0.10421 -0.10580
v -0.08247 0.10666 -0.11961
v -0.08521 0.11230 -0.15187
v -0.08576 0.11508 -0.17000
v -0.08517 0.11922 -0.21159
v -0.08392 0.11995 -0.23303
v -0.08206 0.11993 -0.25423
v -0.07963 0.11939 -0.27507
v -0.07338 0.11762 -0.31547
v -0.06974 0.11666 -0.33520
v -0.06584 0.11578 -0.35457
v -0.06180 0.11499 -0.37345
v -0.05771 0.11426 -0.39165
v -0.05372 0.11369 -0.40886
v -0.05015 0.11336 -0.42421
v -0.04754 0.11319 -0.43552
v -0.04500 0.11306 -0.44648
v -0.04282 0.11295 -0.45484
v -0.02684 0.11071 -0.46780
v -0.01898 0.10964 -0.45424
v -0.01236 0.10749 -0.44716
v -0.00719 0.10521 -0.44372
v -0.02468 0.09495 -0.11956
v -0.03746 0.09291 -0.12255
v -0.05587 0.08488 -0.12085
v -0.06575 0.07509 -0.11351
v -0.07624 0.06833 -0.12641
v -0.07884 0.06861 -0.13547
v -0.08100 0.07002 -0.14701
v -0.08368 0.07341 -0.17480
v -0.08395 0.07503 -0.19078
v -0.08297 0.07782 -0.22695
v -0.08183 0.07880 -0.24579
v -0.08035 0.07951 -0.26463
v -0.07832 0.08011 -0.28335
v -0.07207 0.08141 -0.32028
v -0.06822 0.08201 -0.33853
v -0.06429 0.08253 -0.35668
v -0.06025 0.08294 -0.37461
v -0.05620 0.08324 -0.39211
v -0.05232 0.08355 -0.40884
v -0.04890 0.08406 -0.42395
v -0.04647 0.08474 -0.43526
v -0.04420 0.08565 -0.44635
v -0.04229 0.08657 -0.45488
v -0.02770 0.09059 -0.46765
v -0.01949 0.09139 -0.45421
v -0.01517 0.09233 -0.44754
v -0.00965 0.09396 -0.44405
v -0.00056 0.17268 -0.15187
v -0.02175 0.17159 -0.15488
v -0.04257 0.16618 -0.16128
v -0.06190 0.15480 -0.17024
v -0.07688 0.13756 -0.18032
v -0.08575 0.11756 -0.19027
v -0.08804 0.09670 -0.19971
v -0.08371 0.07654 -0.20839
v -0.07405 0.05823 -0.21613
v -0.05997 0.04265 -0.22264
v -0.04263 0.03072 -0.22756
v -0.02357 0.02293 -0.23056
v -0.00350 0.01960 -0.23126
v 0.01776 0.02107 -0.22904
v 0.03932 0.02741 -0.22444
v 0.05966 0.03898 -0.21780
v 0.07537 0.05473 -0.20988
v 0.08462 0.07322 -0.20148
v 0.08797 0.09370 -0.19279
v 0.08575 0.11469 -0.18401
v 0.07763 0.13478 -0.17511
v 0.06261 0.15237 -0.16608
v 0.04223 0.16458 -0.15803
v 0.02078 0.17066 -0.15290
v -0.07670 0.11856 -0.29545
v -0.06953 0.13806 -0.29202
v -0.05682 0.15574 -0.28863
v -0.03954 0.16900 -0.28548
v -0.02021 0.17608 -0.28271
v -0.00047 0.17758 -0.28026
v 0.01952 0.17419 -0.27827
v 0.03946 0.16551 -0.27726
v 0.05750 0.15208 -0.27751
v 0.07057 0.13507 -0.27881
v 0.07766 0.11633 -0.28105
v 0.07953 0.09740 -0.28419
v 0.07642 0.07906 -0.28807
v 0.06787 0.06216 -0.29254
v 0.05349 0.04774 -0.29742
v 0.03522 0.03739 -0.30208
v 0.01610 0.03145 -0.30564
v -0.00302 0.02941 -0.30795
v -0.02165 0.03158 -0.30899
v -0.03914 0.03856 -0.30861
v -0.05463 0.04983 -0.30701
v -0.06712 0.06418 -0.30465
v -0.07551 0.08076 -0.30190
v -0.07870 0.09913 -0.29880
v -0.07455 0.12806 -0.12085
v -0.08403 0.10949 -0.13537
v -0.08663 0.08987 -0.14875
v -0.08274 0.07172 -0.16036
v -0.07335 0.05561 -0.17025
v -0.05922 0.04146 -0.17825
v -0.04156 0.02999 -0.18388
v -0.02190 0.02234 -0.18733
v -0.00105 0.01921 -0.18913
v 0.02025 0.02094 -0.18846
v 0.04071 0.02731 -0.18390
v 0.06024 0.03849 -0.17617
v 0.07619 0.05321 -0.16669
v 0.08579 0.07024 -0.15623
v 0.08920 0.08915 -0.14480
v 0.08682 0.10892 -0.13239
v 0.07865 0.12830 -0.11882
v 0.06355 0.14524 -0.10433
v 0.04290 0.15614 -0.09201
v 0.02167 0.16152 -0.08496
v 0.00063 0.16245 -0.08312
v -0.01993 0.15998 -0.08607
v -0.03993 0.15402 -0.09391
v -0.05898 0.14347 -0.10621
v 0.05558 0.13534 -0.05962
v 0.07142 0.12041 -0.07341
v 0.07940 0.10321 -0.08802
v 0.08183 0.08566 -0.10262
v 0.07937 0.06922 -0.11677
v 0.07035 0.05484 -0.13065
v 0.05493 0.04245 -0.14360
v 0.03701 0.03379 -0.15199
v 0.01928 0.02897 -0.15698
v -0.00005 0.02831 -0.15842
v -0.01943 0.03148 -0.15640
v -0.03756 0.03809 -0.15078
v -0.05297 0.04668 -0.14272
v -0.06469 0.05772 -0.13153
v -0.07250 0.07022 -0.11936
v -0.07562 0.08559 -0.10482
v -0.07362 0.10173 -0.08873
v -0.06544 0.11765 -0.07323
v -0.05125 0.13178 -0.05948
v -0.03421 0.14228 -0.04909
v -0.01690 0.14724 -0.04332
v 0.00075 0.14919 -0.04154
v 0.01831 0.14890 -0.04352
v 0.03670 0.14507 -0.04930
v 0.05711 0.07453 -0.44860
v 0.04872 0.06392 -0.45356
v 0.03748 0.05554 -0.45917
v 0.02498 0.05086 -0.46388
v 0.01177 0.04970 -0.46691
v -0.00138 0.05124 -0.46781
v -0.01392 0.05590 -0.46693
v -0.02517 0.06470 -0.46472
v -0.03375 0.07587 -0.46242
v -0.03887 0.08771 -0.46068
v -0.04084 0.09999 -0.45989
v -0.03908 0.11238 -0.46061
v -0.03294 0.12423 -0.46258
v -0.02334 0.13486 -0.46502
v -0.01196 0.14299 -0.46711
v 0.00007 0.14767 -0.46789
v 0.01252 0.14940 -0.46699
v 0.02501 0.14825 -0.46392
v 0.03730 0.14344 -0.45909
v 0.04865 0.13417 -0.45341
v 0.05713 0.12225 -0.44855
v 0.06182 0.11000 -0.44553
v 0.06328 0.09785 -0.44452
v 0.06182 0.08594 -0.44554
v -0.01879 0.11919 -0.46514
v -0.02346 0.11037 -0.46306
v -0.02497 0.10071 -0.46218
v -0.02402 0.09094 -0.46290
v -0.02071 0.08167 -0.46485
v -0.01434 0.07278 -0.46727
v -0.00640 0.06581 -0.46896
v 0.00210 0.06225 -0.46998
v 0.01156 0.06091 -0.46972
v 0.02100 0.06165 -0.46707
v 0.02941 0.06494 -0.46292
v 0.03731 0.07118 -0.45774
v 0.04399 0.07940 -0.45300
v 0.04777 0.08834 -0.45020
v 0.04889 0.09790 -0.44936
v 0.04765 0.10773 -0.45042
v 0.04392 0.11764 -0.45333
v 0.03751 0.12731 -0.45792
v 0.02939 0.13410 -0.46283
v 0.02114 0.13739 -0.46686
v 0.01291 0.13821 -0.46940
v 0.00437 0.13654 -0.47015
v -0.00396 0.13280 -0.46957
v -0.01185 0.12696 -0.46764
v -0.03150 0.11128 -0.46689
v -0.02583 0.12136 -0.46861
v -0.01762 0.13034 -0.47054
v -0.00805 0.13730 -0.47212
v 0.00237 0.14159 -0.47269
v 0.01351 0.14338 -0.47183
v 0.02454 0.14252 -0.46900
v 0.03521 0.13869 -0.46479
v 0.04494 0.13075 -0.45999
v 0.05202 0.11984 -0.45574
v 0.05596 0.10872 -0.45298
v 0.05730 0.09784 -0.45197
v 0.05611 0.08725 -0.45280
v 0.05202 0.07720 -0.45554
v 0.04473 0.06779 -0.45998
v 0.03522 0.06021 -0.46477
v 0.02436 0.05592 -0.46891
v 0.01220 0.05481 -0.47189
v -0.00008 0.05628 -0.47275
v -0.01127 0.06068 -0.47195
v -0.02103 0.06903 -0.47023
v -0.02818 0.07923 -0.46832
v -0.03200 0.08963 -0.46682
v -0.03328 0.10047 -0.46617
v -0.01391 0.09005 -0.12444
v -0.00709 0.08979 -0.12446
v -0.00038 0.08967 -0.12443
v 0.00667 0.08969 -0.12421
v 0.01402 0.08983 -0.12381
v 0.01414 0.09523 -0.11832
v 0.00657 0.09527 -0.11842
v -0.00033 0.09526 -0.11852
v -0.00693 0.09526 -0.11860
v -0.01401 0.09524 -0.11880
v -0.01402 0.10036 -0.11325
v -0.00680 0.10036 -0.11311
v -0.00025 0.10040 -0.11307
v 0.00659 0.10045 -0.11305
v 0.01424 0.10049 -0.11304
v 0.01415 0.10606 -0.10749
v 0.00662 0.10592 -0.10738
v -0.00012 0.10586 -0.10729
v -0.00660 0.10583 -0.10724
v -0.01375 0.10593 -0.10726
v -0.01320 0.11153 -0.10124
v -0.00634 0.11155 -0.10113
v 0.00008 0.11163 -0.10122
v 0.00673 0.11166 -0.10149
v 0.01384 0.11166 -0.10191
v 0.04682 0.12161 -0.09314
v 0.03602 0.12949 -0.08457
v 0.02419 0.13447 -0.07815
v 0.01354 0.13618 -0.07469
v 0.00311 0.13637 -0.07327
v -0.00773 0.13567 -0.07357
v -0.01924 0.13291 -0.07641
v -0.03174 0.12802 -0.08218
v -0.04227 0.12024 -0.09125
v -0.04876 0.11011 -0.10187
v -0.05052 0.09917 -0.11306
v -0.04862 0.08952 -0.12344
v -0.04364 0.08116 -0.13260
v -0.03662 0.07315 -0.14085
v -0.02599 0.06609 -0.14732
v -0.01312 0.06152 -0.15070
v -0.00013 0.05972 -0.15161
v 0.01329 0.06032 -0.15055
v 0.02680 0.06339 -0.14721
v 0.03959 0.07014 -0.14054
v 0.04892 0.07937 -0.13103
v 0.05294 0.08873 -0.12138
v 0.05421 0.09915 -0.11192
v 0.05232 0.11072 -0.10234
v 0.05780 0.11792 -0.07621
v 0.04429 0.12771 -0.06594
v 0.02916 0.13408 -0.05841
v 0.01520 0.13648 -0.05446
v 0.00213 0.13692 -0.05273
v -0.01140 0.13597 -0.05333
v -0.02515 0.13270 -0.05700
v -0.03962 0.12575 -0.06443
v -0.05226 0.11555 -0.07550
v -0.06048 0.10348 -0.08826
v -0.06298 0.09081 -0.10181
v -0.06102 0.07823 -0.11494
v -0.05460 0.06743 -0.12644
v -0.04504 0.05773 -0.13679
v -0.03190 0.05026 -0.14450
v -0.01619 0.04475 -0.14891
v -0.00007 0.04201 -0.15005
v 0.01619 0.04242 -0.14859
v 0.03234 0.04636 -0.14445
v 0.04859 0.05374 -0.13698
v 0.06198 0.06459 -0.12540
v 0.06800 0.07672 -0.11298
v 0.06845 0.09054 -0.10041
v 0.06497 0.10494 -0.08793
v -0.00137 0.11002 -0.44364
v -0.00234 0.10469 -0.44230
v -0.00268 0.09941 -0.44196
v -0.00332 0.09425 -0.44251
v -0.00252 0.08854 -0.44353
v 0.00233 0.08800 -0.44258
v 0.00152 0.09423 -0.44157
v 0.00194 0.09929 -0.44109
v 0.00182 0.10447 -0.44154
v 0.00287 0.11018 -0.44299
v 0.00827 0.11011 -0.44231
v 0.00773 0.10432 -0.44076
v 0.00774 0.09928 -0.44018
v 0.00728 0.09425 -0.44062
v 0.00730 0.08761 -0.44177
v 0.01343 0.08797 -0.44086
v 0.01423 0.09430 -0.43961
v 0.01497 0.09934 -0.43915
v 0.01503 0.10438 -0.43972
v 0.01415 0.10994 -0.44138
v 0.01953 0.10983 -0.44028
v 0.02068 0.10455 -0.43880
v 0.02123 0.09944 -0.43823
v 0.02128 0.09428 -0.43857
v 0.02038 0.08837 -0.43972
v 0.09603 0.12908 -0.85394
v 0.10766 0.09903 -0.84826
v 0.09641 0.06919 -0.85388
v 0.06799 0.06096 -0.85679
v 0.03919 0.06896 -0.85346
v 0.02561 0.09898 -0.84675
v 0.03865 0.12906 -0.85281
v 0.09986 0.12928 -0.76710
v 0.11251 0.10060 -0.76560
v 0.10224 0.07155 -0.76878
v 0.07211 0.06349 -0.77170
v 0.04070 0.07282 -0.77364
v 0.02646 0.10055 -0.77298
v 0.03994 0.12979 -0.77242
v 0.07164 0.13931 -0.76969
v 0.10475 0.14130 -0.64678
v 0.12186 0.09874 -0.64261
v 0.10805 0.05818 -0.65069
v 0.06857 0.04923 -0.66487
v 0.02742 0.06898 -0.66927
v 0.00970 0.10109 -0.66930
v 0.02611 0.13551 -0.66538
v 0.06486 0.15594 -0.65655
v 0.08509 0.13604 -0.55436
v 0.10095 0.09880 -0.55029
v 0.08707 0.06280 -0.55509
v 0.04789 0.04908 -0.56625
v 0.00908 0.06710 -0.57701
v -0.00900 0.09957 -0.58086
v 0.00719 0.13429 -0.57600
v 0.04632 0.15321 -0.56513
v 0.06982 0.13281 -0.51605
v 0.08532 0.09812 -0.51373
v 0.07088 0.06440 -0.51734
v 0.03276 0.05038 -0.52558
v -0.00379 0.06691 -0.53642
v -0.01798 0.09941 -0.54165
v -0.00303 0.13293 -0.53557
v 0.03282 0.14926 -0.52445
v 0.01939 0.10133 -0.72139
v 0.03522 0.07186 -0.72114
v 0.07270 0.05821 -0.71777
v 0.10821 0.06716 -0.71042
v 0.11911 0.09977 -0.70536
v 0.10424 0.13355 -0.70748
v 0.07071 0.14706 -0.71379
v 0.03477 0.13306 -0.71910
v 0.02799 0.09973 -0.81004
v 0.04184 0.07112 -0.81229
v 0.07031 0.06345 -0.81243
v 0.09849 0.07119 -0.81091
v 0.11020 0.09990 -0.80777
v 0.09713 0.12857 -0.80970
v 0.06951 0.13718 -0.81084
v 0.04010 0.12893 -0.81130
v -0.00173 0.09984 -0.61776
v 0.01749 0.06609 -0.61433
v 0.05907 0.04564 -0.60597
v 0.09980 0.05888 -0.59190
v 0.11351 0.09964 -0.58596
v 0.09629 0.14075 -0.59098
v 0.05544 0.15659 -0.60233
v 0.01495 0.13558 -0.61352
v 0.09129 0.12350 -0.85951
v 0.10060 0.09909 -0.85454
v 0.09141 0.07488 -0.85946
v 0.06846 0.06768 -0.86217
v 0.04519 0.07473 -0.85900
v 0.03431 0.09906 -0.85311
v 0.04470 0.12344 -0.85850
v 0.06759 0.13000 -0.86154
v 0.08826 0.12084 -0.85320
v 0.09643 0.09903 -0.84876
v 0.08820 0.07739 -0.85330
v 0.06809 0.07115 -0.85604
v 0.04739 0.07706 -0.85257
v 0.03735 0.09900 -0.84722
v 0.04668 0.12101 -0.85210
v 0.06730 0.12633 -0.85522
v 0.08258 0.11614 -0.84252
v 0.08908 0.09894 -0.83941
v 0.08215 0.08191 -0.84298
v 0.06704 0.07734 -0.84555
v 0.05117 0.08160 -0.84228
v 0.04296 0.09896 -0.83862
v 0.05023 0.11646 -0.84189
v 0.06643 0.12062 -0.84454
v 0.07707 0.11082 -0.83849
v 0.07978 0.09892 -0.83648
v 0.07663 0.08720 -0.83890
v 0.06591 0.08555 -0.83979
v 0.05495 0.08697 -0.83838
v 0.05113 0.09897 -0.83610
v 0.05424 0.11107 -0.83810
v 0.06548 0.11255 -0.83930
v 0.03851 0.06785 -0.84777
v 0.06830 0.05964 -0.85102
v 0.09777 0.06813 -0.84849
v 0.10948 0.09906 -0.84333
v 0.09718 0.13021 -0.84851
v 0.06771 0.13861 -0.85011
v 0.03773 0.13025 -0.84712
v 0.02432 0.09901 -0.84147
v 0.04609 0.12489 -0.47573
v 0.05965 0.09708 -0.47668
v 0.04752 0.06924 -0.47266
v 0.01659 0.05721 -0.47621
v -0.01175 0.07083 -0.48819
v -0.01887 0.09990 -0.49550
v -0.00920 0.12741 -0.48814
v 0.01704 0.13966 -0.47503
v 0.03773 0.11503 -0.49573
v 0.04493 0.09802 -0.49702
v 0.03845 0.08102 -0.49706
v 0.02104 0.07369 -0.49883
v 0.00499 0.08179 -0.50629
v 0.00014 0.09956 -0.51132
v 0.00653 0.11658 -0.50630
v 0.02176 0.12317 -0.49767
v 0.03499 0.11168 -0.50085
v 0.03824 0.09832 -0.50313
v 0.03503 0.08501 -0.50224
v 0.02235 0.08217 -0.50573
v 0.01016 0.08599 -0.50983
v 0.00834 0.09924 -0.51328
v 0.01124 0.11213 -0.50984
v 0.02291 0.11524 -0.50438
v -0.01455 0.06488 -0.50679
v 0.02047 0.04790 -0.49259
v 0.05891 0.06295 -0.48711
v 0.07445 0.09749 -0.48660
v 0.05690 0.13220 -0.48726
v 0.02088 0.14950 -0.49119
v -0.01232 0.13389 -0.50639
v -0.02526 0.09993 -0.51443
v 0.05241 0.10738 -0.83702
v 0.04553 0.11128 -0.84026
v 0.04081 0.11452 -0.84979
v 0.03824 0.11618 -0.85601
v 0.03053 0.12008 -0.85004
v 0.02933 0.12094 -0.84451
v 0.03228 0.12009 -0.81077
v 0.03152 0.12083 -0.77281
v 0.02568 0.12312 -0.72031
v 0.01644 0.12432 -0.66737
v 0.00500 0.12428 -0.61600
v -0.00233 0.12341 -0.57862
v -0.01145 0.12253 -0.53884
v -0.01975 0.12337 -0.51116
v -0.01480 0.11887 -0.49243
v 0.00284 0.11132 -0.50908
v 0.00981 0.10814 -0.51175
v 0.00901 0.09020 -0.51169
v 0.00167 0.08756 -0.50900
v -0.01672 0.08038 -0.49235
v -0.02134 0.07608 -0.51094
v -0.01176 0.07703 -0.53926
v -0.00019 0.07702 -0.57924
v 0.00760 0.07656 -0.61603
v 0.01770 0.07907 -0.66959
v 0.02600 0.08066 -0.72147
v 0.03239 0.08105 -0.77360
v 0.03388 0.07966 -0.81144
v 0.03025 0.07718 -0.84496
v 0.03122 0.07798 -0.85048
v 0.03874 0.08199 -0.85630
v 0.04149 0.08354 -0.85004
v 0.04634 0.08673 -0.84046
v 0.05295 0.09063 -0.83718
v 0.02745 0.10026 -0.78643
v 0.03338 0.08074 -0.78736
v 0.04148 0.07247 -0.78769
v 0.07137 0.06398 -0.78635
v 0.10054 0.07183 -0.78391
v 0.11133 0.10046 -0.78081
v 0.09859 0.12884 -0.78238
v 0.07093 0.13824 -0.78437
v 0.04029 0.12928 -0.78639
v 0.03211 0.12038 -0.78650
v 0.03020 0.12155 -0.75696
v 0.02470 0.10086 -0.75734
v 0.03080 0.08102 -0.75760
v 0.03942 0.07278 -0.75742
v 0.07280 0.06235 -0.75503
v 0.10424 0.07076 -0.75123
v 0.11425 0.10053 -0.74770
v 0.10129 0.13011 -0.74933
v 0.07203 0.14110 -0.75288
v 0.03888 0.13066 -0.75633
v 0.01971 0.12409 -0.68405
v 0.01309 0.10140 -0.68588
v 0.02063 0.07994 -0.68634
v 0.03015 0.07025 -0.68612
v 0.07045 0.05219 -0.68229
v 0.10919 0.06101 -0.67070
v 0.12205 0.09915 -0.66344
v 0.10549 0.13921 -0.66665
v 0.06733 0.15361 -0.67527
v 0.02926 0.13494 -0.68239
v 0.00896 0.12443 -0.63361
v 0.00221 0.10016 -0.63553
v 0.01116 0.07708 -0.63460
v 0.02112 0.06657 -0.63346
v 0.06307 0.04575 -0.62636
v 0.10339 0.05723 -0.61057
v 0.11765 0.09922 -0.60354
v 0.10000 0.14206 -0.60859
v 0.05886 0.15734 -0.61976
v 0.01881 0.13582 -0.63115
v -0.00562 0.12283 -0.56212
v -0.01228 0.09946 -0.56454
v -0.00432 0.07737 -0.56297
v 0.00447 0.06757 -0.56068
v 0.04213 0.05033 -0.54984
v 0.08048 0.06391 -0.53969
v 0.09460 0.09837 -0.53508
v 0.07916 0.13420 -0.53857
v 0.04139 0.15123 -0.54874
v 0.00347 0.13346 -0.55940
v 0.00119 0.12395 -0.59728
v -0.00552 0.09967 -0.59917
v 0.00378 0.07660 -0.59727
v 0.01344 0.06638 -0.59520
v 0.05386 0.04711 -0.58555
v 0.09424 0.06097 -0.57328
v 0.10777 0.09941 -0.56808
v 0.09128 0.13851 -0.57284
v 0.05132 0.15514 -0.58416
v 0.01104 0.13507 -0.59480
v 0.03661 0.10782 -0.50201
v 0.04176 0.10983 -0.49620
v 0.05352 0.11613 -0.47622
v 0.06584 0.12112 -0.48725
v 0.07878 0.12187 -0.51445
v 0.08786 0.12280 -0.53652
v 0.09396 0.12424 -0.55209
v 0.10055 0.12631 -0.57023
v 0.10618 0.12818 -0.58824
v 0.11039 0.12916 -0.60584
v 0.11488 0.12858 -0.64427
v 0.11504 0.12716 -0.66439
v 0.11242 0.12316 -0.70581
v 0.10860 0.12118 -0.74823
v 0.10706 0.12067 -0.76615
v 0.10587 0.12031 -0.78146
v 0.10471 0.11996 -0.80872
v 0.10478 0.12094 -0.84622
v 0.10329 0.12012 -0.85140
v 0.09717 0.11622 -0.85724
v 0.09346 0.11437 -0.85115
v 0.08677 0.11100 -0.84100
v 0.07860 0.10714 -0.83740
v 0.03666 0.08888 -0.50261
v 0.04220 0.08632 -0.49670
v 0.05546 0.07802 -0.47348
v 0.06825 0.07377 -0.48676
v 0.07962 0.07485 -0.51545
v 0.08909 0.07462 -0.53719
v 0.09565 0.07401 -0.55237
v 0.10291 0.07283 -0.57012
v 0.10860 0.07121 -0.58815
v 0.11224 0.06958 -0.60616
v 0.11671 0.06970 -0.64609
v 0.11763 0.07194 -0.66687
v 0.11581 0.07690 -0.70796
v 0.11113 0.07973 -0.74963
v 0.10918 0.08025 -0.76738
v 0.10765 0.08038 -0.78256
v 0.10592 0.07976 -0.80960
v 0.10526 0.07752 -0.84589
v 0.10361 0.07825 -0.85106
v 0.09726 0.08216 -0.85702
v 0.09342 0.08383 -0.85105
v 0.08644 0.08697 -0.84123
v 0.07825 0.09078 -0.83768
v 0.03137 0.11320 -0.50188
v 0.03254 0.11893 -0.49580
v 0.03676 0.13204 -0.47543
v 0.04568 0.14197 -0.48712
v 0.05792 0.14181 -0.51848
v 0.06717 0.14362 -0.54162
v 0.07284 0.14570 -0.55759
v 0.07858 0.14820 -0.57640
v 0.08297 0.15034 -0.59460
v 0.08623 0.15156 -0.61221
v 0.09141 0.15034 -0.65013
v 0.09296 0.14786 -0.66967
v 0.09358 0.14136 -0.70970
v 0.09183 0.13643 -0.75058
v 0.09062 0.13516 -0.76805
v 0.08941 0.13450 -0.78318
v 0.08784 0.13397 -0.81034
v 0.08731 0.13572 -0.84979
v 0.08653 0.13440 -0.85545
v 0.08342 0.12783 -0.86094
v 0.08129 0.12459 -0.85458
v 0.07719 0.11920 -0.84375
v 0.07318 0.11179 -0.83885
v 0.01496 0.11376 -0.50843
v 0.01139 0.12070 -0.50298
v -0.00127 0.13421 -0.48282
v -0.00216 0.14224 -0.50053
v 0.00805 0.14145 -0.53172
v 0.01538 0.14240 -0.55603
v 0.01961 0.14363 -0.57265
v 0.02391 0.14477 -0.59154
v 0.02799 0.14558 -0.61011
v 0.03178 0.14599 -0.62762
v 0.03876 0.14541 -0.66262
v 0.04173 0.14431 -0.68020
v 0.04660 0.14090 -0.71749
v 0.05018 0.13702 -0.75529
v 0.05085 0.13578 -0.77161
v 0.05087 0.13504 -0.78584
v 0.05014 0.13437 -0.81137
v 0.04810 0.13577 -0.84877
v 0.04867 0.13440 -0.85453
v 0.05258 0.12774 -0.86008
v 0.05382 0.12468 -0.85371
v 0.05585 0.11937 -0.84326
v 0.05800 0.11191 -0.83854
v 0.03086 0.08372 -0.50392
v 0.03259 0.07675 -0.49717
v 0.03727 0.06223 -0.47286
v 0.04651 0.05420 -0.48801
v 0.05896 0.05590 -0.51977
v 0.06867 0.05522 -0.54289
v 0.07510 0.05376 -0.55869
v 0.08187 0.05163 -0.57751
v 0.08728 0.04961 -0.59703
v 0.09102 0.04846 -0.61657
v 0.09586 0.05062 -0.65646
v 0.09714 0.05377 -0.67535
v 0.09718 0.06050 -0.71323
v 0.09443 0.06475 -0.75274
v 0.09263 0.06582 -0.76998
v 0.09103 0.06631 -0.78497
v 0.08908 0.06585 -0.81178
v 0.08803 0.06228 -0.85036
v 0.08702 0.06356 -0.85592
v 0.08384 0.07026 -0.86125
v 0.08154 0.07339 -0.85507
v 0.07709 0.07883 -0.84451
v 0.07300 0.08628 -0.83934
v 0.01391 0.08397 -0.50850
v 0.00976 0.07697 -0.50318
v -0.00369 0.06281 -0.48330
v -0.00464 0.05548 -0.50164
v 0.00690 0.05833 -0.53289
v 0.01560 0.05904 -0.55747
v 0.02061 0.05841 -0.57392
v 0.02552 0.05732 -0.59250
v 0.03002 0.05660 -0.61218
v 0.03391 0.05697 -0.63190
v 0.04014 0.05985 -0.66858
v 0.04271 0.06172 -0.68553
v 0.04727 0.06486 -0.72048
v 0.05041 0.06685 -0.75686
v 0.05116 0.06717 -0.77322
v 0.05153 0.06703 -0.78750
v 0.05153 0.06582 -0.81264
v 0.04865 0.06216 -0.84966
v 0.04901 0.06344 -0.85544
v 0.05311 0.07016 -0.86085
v 0.05451 0.07315 -0.85450
v 0.05672 0.07855 -0.84398
v 0.05864 0.08607 -0.83893
v 0.10549 0.07788 -0.84053
v 0.09799 0.06867 -0.84260
v 0.08833 0.06293 -0.84401
v 0.06888 0.06037 -0.84429
v 0.04949 0.06283 -0.84307
v 0.03951 0.06843 -0.84152
v 0.03131 0.07761 -0.83920
v 0.02530 0.09912 -0.83630
v 0.03013 0.12074 -0.83876
v 0.03839 0.12993 -0.84089
v 0.04864 0.13539 -0.84222
v 0.06810 0.13819 -0.84329
v 0.08740 0.13528 -0.84335
v 0.09718 0.12983 -0.84248
v 0.10487 0.12072 -0.84071
v 0.10978 0.09916 -0.83842
v 0.11354 0.07866 -0.72909
v 0.10637 0.06936 -0.73109
v 0.09606 0.06301 -0.73320
v 0.07307 0.06053 -0.73654
v 0.04912 0.06601 -0.73878
v 0.03756 0.07237 -0.73940
v 0.02859 0.08080 -0.73966
v 0.02222 0.10113 -0.73959
v 0.02816 0.12240 -0.73894
v 0.03709 0.13186 -0.73804
v 0.04871 0.13887 -0.73674
v 0.07173 0.14380 -0.73369
v 0.09293 0.13857 -0.73048
v 0.10289 0.13150 -0.72877
v 0.11054 0.12190 -0.72740
v 0.11671 0.10019 -0.72687
v 0.11731 0.07458 -0.68735
v 0.10926 0.06426 -0.69037
v 0.09760 0.05726 -0.69395
v 0.07180 0.05540 -0.69963
v 0.04507 0.06349 -0.70265
v 0.03271 0.07125 -0.70327
v 0.02334 0.08045 -0.70354
v 0.01630 0.10147 -0.70320
v 0.02278 0.12369 -0.70164
v 0.03210 0.13410 -0.70021
v 0.04426 0.14275 -0.69837
v 0.06927 0.15049 -0.69422
v 0.09364 0.14462 -0.68940
v 0.10516 0.13635 -0.68675
v 0.11399 0.12514 -0.68479
v 0.12097 0.09950 -0.68431
v 0.05362 0.14184 -0.50778
v 0.06502 0.13253 -0.50605
v 0.07405 0.12164 -0.50484
v 0.08151 0.09796 -0.50417
v 0.07570 0.07453 -0.50551
v 0.06680 0.06391 -0.50697
v 0.05468 0.05528 -0.50897
v 0.02839 0.04944 -0.51446
v 0.00281 0.05729 -0.52224
v -0.00765 0.06612 -0.52630
v -0.01525 0.07661 -0.52965
v -0.02070 0.09957 -0.53259
v -0.01439 0.12285 -0.52950
v -0.00625 0.13327 -0.52565
v 0.00450 0.14178 -0.52112
v 0.02863 0.14938 -0.51321
v -0.00566 0.05916 -0.48642
v -0.01455 0.06800 -0.49159
v -0.02018 0.07846 -0.49584
v -0.02289 0.09994 -0.49909
v -0.01832 0.12089 -0.49597
v -0.01200 0.13036 -0.49142
v -0.00314 0.13793 -0.48574
v 0.01737 0.14420 -0.47716
v 0.03941 0.13633 -0.47598
v 0.04968 0.12801 -0.47649
v 0.05784 0.11823 -0.47688
v 0.06503 0.09715 -0.47708
v 0.06027 0.07594 -0.47474
v 0.05147 0.06617 -0.47433
v 0.04014 0.05834 -0.47474
v 0.01701 0.05280 -0.47857
v 0.08494 0.13101 -0.86037
v 0.09361 0.12617 -0.85884
v 0.10015 0.11807 -0.85641
v 0.10402 0.09908 -0.85353
v 0.10032 0.08034 -0.85614
v 0.09383 0.07221 -0.85878
v 0.08540 0.06710 -0.86070
v 0.06830 0.06457 -0.86168
v 0.05128 0.06702 -0.86035
v 0.04249 0.07206 -0.85846
v 0.03535 0.08017 -0.85563
v 0.03043 0.09904 -0.85221
v 0.03483 0.11800 -0.85526
v 0.04202 0.12608 -0.85788
v 0.05085 0.13092 -0.85953
v 0.06758 0.13716 -0.85596
v 0.06761 0.13350 -0.86099
v 0.05130 0.10327 -0.83633
v 0.04334 0.10524 -0.83904
v 0.03794 0.10694 -0.84792
v 0.03504 0.10782 -0.85389
v 0.03125 0.10873 -0.85303
v 0.02650 0.10975 -0.84765
v 0.02519 0.11021 -0.84229
v 0.02609 0.11016 -0.83695
v 0.02859 0.11009 -0.81019
v 0.02820 0.11046 -0.78639
v 0.02740 0.11086 -0.77288
v 0.02583 0.11142 -0.75721
v 0.02353 0.11201 -0.73939
v 0.02084 0.11244 -0.72102
v 0.01778 0.11275 -0.70259
v 0.01455 0.11287 -0.68515
v 0.01116 0.11282 -0.66858
v 0.00358 0.11251 -0.63499
v -0.00044 0.11231 -0.61737
v -0.00427 0.11206 -0.59873
v -0.00770 0.11170 -0.58024
v -0.01085 0.11133 -0.56385
v -0.01630 0.11120 -0.54091
v -0.01901 0.11149 -0.53184
v -0.02373 0.11192 -0.51377
v -0.02159 0.11069 -0.49839
v -0.01770 0.10967 -0.49477
v 0.00091 0.10560 -0.51076
v 0.00879 0.10380 -0.51290
v 0.05160 0.09468 -0.83641
v 0.04381 0.09270 -0.83915
v 0.03837 0.09107 -0.84804
v 0.03537 0.09031 -0.85405
v 0.03161 0.08938 -0.85323
v 0.02700 0.08824 -0.84789
v 0.02582 0.08785 -0.84253
v 0.02684 0.08811 -0.83719
v 0.02955 0.08944 -0.81054
v 0.02899 0.09019 -0.78682
v 0.02793 0.09043 -0.77327
v 0.02616 0.09050 -0.75749
v 0.02372 0.09048 -0.73969
v 0.02094 0.09053 -0.72154
v 0.01803 0.09053 -0.70352
v 0.01503 0.09029 -0.68627
v 0.01181 0.08972 -0.66962
v 0.00474 0.08819 -0.63535
v 0.00101 0.08774 -0.61725
v -0.00276 0.08766 -0.59864
v -0.00644 0.08782 -0.58053
v -0.01009 0.08798 -0.56426
v -0.01656 0.08785 -0.54108
v -0.01958 0.08778 -0.53183
v -0.02464 0.08787 -0.51347
v -0.02263 0.08909 -0.49826
v -0.01873 0.09003 -0.49471
v 0.00027 0.09346 -0.51070
v 0.00835 0.09465 -0.51285
v 0.07941 0.09473 -0.83685
v 0.08852 0.09279 -0.83995
v 0.09586 0.09122 -0.84941
v 0.09998 0.09040 -0.85523
v 0.10335 0.08947 -0.85425
v 0.10694 0.08838 -0.84904
v 0.10873 0.08801 -0.84403
v 0.10903 0.08823 -0.83901
v 0.10951 0.08957 -0.80841
v 0.11089 0.09015 -0.78143
v 0.11220 0.09014 -0.76624
v 0.11405 0.08984 -0.74839
v 0.11657 0.08910 -0.72766
v 0.11901 0.08793 -0.70631
v 0.12074 0.08653 -0.68540
v 0.12145 0.08492 -0.66456
v 0.12089 0.08352 -0.64356
v 0.11660 0.08384 -0.60404
v 0.11271 0.08501 -0.58637
v 0.10703 0.08577 -0.56850
v 0.10002 0.08605 -0.55080
v 0.09357 0.08610 -0.53566
v 0.08413 0.08607 -0.51428
v 0.08027 0.08585 -0.50463
v 0.07317 0.08529 -0.48665
v 0.06414 0.08638 -0.47638
v 0.05883 0.08742 -0.47575
v 0.04429 0.09202 -0.49689
v 0.03785 0.09348 -0.50300
v 0.03782 0.10319 -0.50279
v 0.04411 0.10407 -0.49675
v 0.05795 0.10677 -0.47666
v 0.06282 0.10787 -0.47717
v 0.07166 0.10957 -0.48698
v 0.07979 0.11019 -0.50412
v 0.08368 0.11028 -0.51376
v 0.09270 0.11080 -0.53541
v 0.09893 0.11172 -0.55078
v 0.10569 0.11312 -0.56869
v 0.11153 0.11427 -0.58662
v 0.11586 0.11464 -0.60419
v 0.12017 0.11410 -0.64289
v 0.12017 0.11353 -0.66335
v 0.11891 0.11264 -0.68403
v 0.11706 0.11173 -0.70514
v 0.11484 0.11132 -0.72676
v 0.11260 0.11117 -0.74766
v 0.11096 0.11095 -0.76559
v 0.10982 0.11068 -0.78085
v 0.10879 0.11019 -0.80794
v 0.10867 0.11019 -0.83908
v 0.10845 0.11024 -0.84417
v 0.10673 0.10980 -0.84916
v 0.10322 0.10878 -0.85434
v 0.09990 0.10785 -0.85530
v 0.09585 0.10688 -0.84942
v 0.08867 0.10509 -0.83982
v 0.07959 0.10311 -0.83670
v 0.02715 0.11455 -0.50290
v 0.02715 0.12160 -0.49637
v 0.02700 0.13709 -0.47497
v 0.02841 0.14211 -0.47542
v 0.03324 0.14759 -0.48854
v 0.04124 0.14749 -0.51018
v 0.04553 0.14744 -0.52128
v 0.05449 0.14952 -0.54506
v 0.05978 0.15163 -0.56124
v 0.06512 0.15389 -0.58023
v 0.06924 0.15570 -0.59841
v 0.07246 0.15668 -0.61596
v 0.07804 0.15521 -0.65343
v 0.08016 0.15264 -0.67259
v 0.08161 0.14929 -0.69192
v 0.08235 0.14575 -0.71182
v 0.08252 0.14250 -0.73211
v 0.08209 0.13990 -0.75173
v 0.08125 0.13824 -0.76885
v 0.08024 0.13732 -0.78378
v 0.07871 0.13644 -0.81063
v 0.07770 0.13760 -0.84351
v 0.07744 0.13803 -0.85024
v 0.07699 0.13662 -0.85604
v 0.07618 0.13304 -0.86102
v 0.07541 0.12961 -0.86157
v 0.07422 0.12603 -0.85522
v 0.07178 0.12037 -0.84442
v 0.06931 0.11241 -0.83923
v 0.06175 0.11245 -0.83904
v 0.06120 0.12043 -0.84413
v 0.06060 0.12605 -0.85468
v 0.06010 0.12954 -0.86100
v 0.05928 0.13298 -0.86045
v 0.05825 0.13663 -0.85543
v 0.05803 0.13807 -0.84960
v 0.05850 0.13767 -0.84288
v 0.05998 0.13669 -0.81113
v 0.06117 0.13767 -0.78510
v 0.06153 0.13866 -0.77064
v 0.06138 0.14028 -0.75410
v 0.06040 0.14271 -0.73526
v 0.05870 0.14552 -0.71570
v 0.05674 0.14829 -0.69637
v 0.05447 0.15073 -0.67781
v 0.05174 0.15251 -0.65961
v 0.04525 0.15352 -0.62369
v 0.04163 0.15296 -0.60629
v 0.03750 0.15184 -0.58797
v 0.03285 0.15028 -0.56899
v 0.02824 0.14864 -0.55245
v 0.02017 0.14714 -0.52796
v 0.01626 0.14736 -0.51687
v 0.00898 0.14760 -0.49523
v 0.00669 0.14267 -0.48075
v 0.00748 0.13844 -0.47815
v 0.01651 0.12308 -0.50009
v 0.01889 0.11501 -0.50666
v 0.01800 0.08260 -0.50701
v 0.01519 0.07441 -0.50069
v 0.00603 0.05846 -0.47928
v 0.00518 0.05424 -0.48199
v 0.00732 0.04975 -0.49664
v 0.01508 0.05158 -0.51815
v 0.01936 0.05264 -0.52914
v 0.02843 0.05307 -0.55368
v 0.03382 0.05219 -0.57018
v 0.03932 0.05066 -0.58922
v 0.04427 0.04950 -0.60942
v 0.04830 0.04977 -0.62961
v 0.05421 0.05310 -0.66723
v 0.05646 0.05563 -0.68434
v 0.05837 0.05825 -0.70149
v 0.05998 0.06044 -0.71938
v 0.06111 0.06227 -0.73783
v 0.06163 0.06367 -0.75602
v 0.06167 0.06445 -0.77252
v 0.06148 0.06466 -0.78698
v 0.06095 0.06381 -0.81261
v 0.05922 0.06074 -0.84387
v 0.05853 0.06003 -0.85060
v 0.05855 0.06135 -0.85640
v 0.05982 0.06500 -0.86130
v 0.06082 0.06817 -0.86179
v 0.06135 0.07151 -0.85558
v 0.06194 0.07748 -0.84507
v 0.06229 0.08558 -0.83950
v 0.02663 0.08257 -0.50476
v 0.02681 0.07444 -0.49767
v 0.02703 0.05841 -0.47410
v 0.02871 0.05408 -0.47617
v 0.03364 0.04932 -0.48973
v 0.04177 0.05060 -0.51140
v 0.04615 0.05136 -0.52246
v 0.05573 0.05081 -0.54628
v 0.06184 0.04926 -0.56245
v 0.06819 0.04708 -0.58167
v 0.07351 0.04539 -0.60186
v 0.07741 0.04501 -0.62204
v 0.08254 0.04811 -0.66133
v 0.08408 0.05125 -0.67931
v 0.08495 0.05474 -0.69710
v 0.08517 0.05793 -0.71571
v 0.08480 0.06048 -0.73500
v 0.08380 0.06240 -0.75395
v 0.08248 0.06363 -0.77088
v 0.08124 0.06421 -0.78571
v 0.07969 0.06382 -0.81219
v 0.07860 0.06077 -0.84442
v 0.07817 0.06007 -0.85104
v 0.07752 0.06140 -0.85672
v 0.07687 0.06503 -0.86154
v 0.07617 0.06821 -0.86205
v 0.07484 0.07164 -0.85591
v 0.07209 0.07764 -0.84536
v 0.06948 0.08572 -0.83973
v 0.10562 0.07911 -0.82234
v 0.09812 0.07040 -0.82367
v 0.08869 0.06502 -0.82446
v 0.07930 0.06300 -0.82471
v 0.06992 0.06260 -0.82473
v 0.06057 0.06292 -0.82466
v 0.05115 0.06489 -0.82440
v 0.04147 0.07025 -0.82371
v 0.03345 0.07898 -0.82252
v 0.02907 0.08898 -0.82138
v 0.02751 0.09948 -0.82081
v 0.02815 0.11002 -0.82109
v 0.03189 0.12016 -0.82197
v 0.03977 0.12905 -0.82291
v 0.04975 0.13442 -0.82335
v 0.05951 0.13667 -0.82340
v 0.06900 0.13714 -0.82336
v 0.07827 0.13647 -0.82338
v 0.08751 0.13409 -0.82327
v 0.09696 0.12875 -0.82273
v 0.10465 0.12005 -0.82168
v 0.10871 0.11009 -0.82077
v 0.11003 0.09959 -0.82051
v 0.10927 0.08907 -0.82113
v 0.07540 0.15658 -0.63433
v 0.08907 0.15160 -0.63071
v 0.10284 0.14226 -0.62712
v 0.11331 0.12925 -0.62442
v 0.11874 0.11445 -0.62281
v 0.12040 0.09871 -0.62223
v 0.11924 0.08307 -0.62293
v 0.11483 0.06880 -0.62538
v 0.10604 0.05675 -0.63022
v 0.09381 0.04865 -0.63660
v 0.08033 0.04588 -0.64214
v 0.06614 0.04702 -0.64624
v 0.05154 0.05110 -0.64908
v 0.03724 0.05819 -0.65085
v 0.02440 0.06765 -0.65188
v 0.01450 0.07801 -0.65250
v 0.00835 0.08893 -0.65280
v 0.00606 0.10062 -0.65267
v 0.00751 0.11269 -0.65201
v 0.01284 0.12444 -0.65069
v 0.02259 0.13580 -0.64840
v 0.03539 0.14595 -0.64510
v 0.04862 0.15342 -0.64146
v 0.06198 0.15719 -0.63786
v 0.02387 0.14746 -0.53869
v 0.01139 0.14157 -0.54222
v -0.00006 0.13295 -0.54568
v -0.00876 0.12249 -0.54857
v -0.01382 0.11113 -0.55042
v -0.01541 0.09938 -0.55114
v -0.01365 0.08796 -0.55074
v -0.00840 0.07734 -0.54925
v -0.00006 0.06742 -0.54680
v 0.01081 0.05892 -0.54353
v 0.02345 0.05315 -0.53983
v 0.03695 0.05071 -0.53622
v 0.05039 0.05149 -0.53297
v 0.06318 0.05595 -0.52998
v 0.07500 0.06444 -0.52717
v 0.08366 0.07488 -0.52493
v 0.08815 0.08613 -0.52353
v 0.08927 0.09821 -0.52293
v 0.08755 0.11041 -0.52308
v 0.08277 0.12211 -0.52397
v 0.07397 0.13316 -0.52584
v 0.06205 0.14227 -0.52865
v 0.04961 0.14800 -0.53178
v 0.03676 0.14977 -0.53517
v -0.01522 0.06593 -0.49927
v -0.00574 0.05661 -0.49412
v 0.01858 0.04940 -0.48563
v 0.03127 0.05074 -0.48301
v 0.05575 0.06388 -0.48083
v 0.06503 0.07439 -0.48077
v 0.07105 0.09733 -0.48116
v 0.06789 0.10891 -0.48157
v 0.05366 0.13084 -0.48131
v 0.04290 0.14035 -0.48094
v -0.00320 0.14086 -0.49332
v 0.00747 0.14602 -0.48809
v -0.02494 0.09997 -0.50700
v -0.02353 0.11153 -0.50642
v -0.02148 0.07695 -0.50349
v -0.02446 0.08833 -0.50602
v -0.01287 0.13274 -0.49918
v -0.01987 0.12257 -0.50394
v 0.06229 0.12009 -0.48154
v 0.06985 0.08556 -0.48102
v 0.03090 0.14591 -0.48190
v 0.04367 0.05541 -0.48147
v 0.00583 0.05110 -0.48940
v 0.01897 0.14780 -0.48424
v -0.02248 0.08775 -0.52271
v -0.01864 0.07618 -0.52032
v -0.01142 0.06525 -0.51650
v -0.00124 0.05609 -0.51178
v 0.01086 0.05031 -0.50710
v 0.02410 0.04832 -0.50309
v 0.03742 0.04965 -0.50005
v 0.05039 0.05449 -0.49794
v 0.06272 0.06325 -0.49645
v 0.07183 0.07405 -0.49552
v 0.07654 0.08552 -0.49500
v 0.07783 0.09773 -0.49466
v 0.07593 0.11005 -0.49460
v 0.06980 0.12152 -0.49532
v 0.06069 0.13250 -0.49602
v 0.04940 0.14210 -0.49683
v 0.03696 0.14777 -0.49882
v 0.02446 0.14969 -0.50174
v 0.01235 0.14773 -0.50569
v 0.00092 0.14223 -0.51057
v -0.00954 0.13375 -0.51587
v -0.01738 0.12325 -0.52027
v -0.02172 0.11181 -0.52281
v -0.02335 0.09978 -0.52356
v 0.04928 0.13477 -0.83375
v 0.03921 0.12939 -0.83284
v 0.03116 0.12039 -0.83133
v 0.02728 0.11005 -0.83002
v 0.02657 0.09927 -0.82956
v 0.02813 0.08853 -0.83026
v 0.03257 0.07829 -0.83178
v 0.04068 0.06935 -0.83349
v 0.05046 0.06389 -0.83462
v 0.05999 0.06188 -0.83519
v 0.06946 0.06154 -0.83550
v 0.07898 0.06193 -0.83567
v 0.08850 0.06399 -0.83547
v 0.09802 0.06952 -0.83454
v 0.10552 0.07846 -0.83301
v 0.10913 0.08860 -0.83176
v 0.10990 0.09933 -0.83120
v 0.10869 0.11010 -0.83164
v 0.10473 0.12033 -0.83283
v 0.09701 0.12920 -0.83409
v 0.08740 0.13456 -0.83464
v 0.07797 0.13688 -0.83462
v 0.06857 0.13750 -0.83440
v 0.05906 0.13701 -0.83415
v 0.06056 0.13704 -0.79843
v 0.05052 0.13458 -0.79893
v 0.04027 0.12901 -0.79918
v 0.03232 0.12016 -0.79899
v 0.02858 0.11023 -0.79866
v 0.02794 0.09999 -0.79861
v 0.02950 0.08985 -0.79906
v 0.03385 0.08026 -0.79978
v 0.04184 0.07185 -0.80036
v 0.05163 0.06652 -0.80042
v 0.06123 0.06439 -0.80014
v 0.07076 0.06392 -0.79972
v 0.08030 0.06424 -0.79928
v 0.08982 0.06631 -0.79870
v 0.09927 0.07170 -0.79772
v 0.10655 0.08021 -0.79640
v 0.11000 0.08994 -0.79525
v 0.11058 0.10021 -0.79462
v 0.10912 0.11040 -0.79473
v 0.10509 0.12007 -0.79542
v 0.09766 0.12862 -0.79636
v 0.08845 0.13414 -0.79708
v 0.07936 0.13675 -0.79752
v 0.07016 0.13756 -0.79792
v 0.03138 0.08928 -0.50549
v 0.03194 0.09393 -0.50619
v 0.03215 0.09853 -0.50641
v 0.03202 0.10314 -0.50594
v 0.03163 0.10781 -0.50463
v 0.02741 0.10815 -0.50628
v 0.02760 0.10326 -0.50784
v 0.02763 0.09867 -0.50837
v 0.02746 0.09408 -0.50809
v 0.02710 0.08918 -0.50708
v 0.02299 0.08930 -0.50843
v 0.02332 0.09425 -0.50958
v 0.02347 0.09880 -0.50985
v 0.02349 0.10334 -0.50933
v 0.02335 0.10825 -0.50787
v 0.01941 0.10789 -0.50977
v 0.01946 0.10328 -0.51078
v 0.01940 0.09893 -0.51119
v 0.01926 0.09458 -0.51106
v 0.01891 0.08988 -0.50989
v 0.01471 0.09021 -0.51089
v 0.01491 0.09470 -0.51199
v 0.01507 0.09904 -0.51234
v 0.01522 0.10336 -0.51198
v 0.01534 0.10778 -0.51089
v 0.03441 0.07100 -0.48813
v 0.04198 0.07643 -0.48818
v 0.04689 0.08328 -0.48854
v 0.04965 0.09034 -0.48908
v 0.05047 0.09766 -0.48934
v 0.04933 0.10505 -0.48912
v 0.04613 0.11214 -0.48861
v 0.04070 0.11869 -0.48813
v 0.03393 0.12390 -0.48806
v 0.02703 0.12765 -0.48840
v 0.02010 0.13011 -0.48939
v 0.01325 0.12937 -0.49207
v 0.00678 0.12623 -0.49584
v 0.00069 0.12108 -0.50011
v -0.00380 0.11450 -0.50365
v -0.00618 0.10735 -0.50568
v -0.00713 0.09977 -0.50632
v -0.00698 0.09213 -0.50557
v -0.00530 0.08472 -0.50347
v -0.00131 0.07741 -0.50001
v 0.00474 0.07133 -0.49604
v 0.01174 0.06804 -0.49279
v 0.01934 0.06711 -0.49035
v 0.02689 0.06805 -0.48883
v 0.01751 0.06210 -0.48064
v 0.02658 0.06319 -0.47880
v 0.03554 0.06661 -0.47785
v 0.04451 0.07285 -0.47790
v 0.05085 0.08066 -0.47922
v 0.05409 0.08883 -0.48061
v 0.05500 0.09730 -0.48115
v 0.05359 0.10584 -0.48102
v 0.04973 0.11407 -0.48052
v 0.04320 0.12175 -0.48003
v 0.03506 0.12796 -0.47984
v 0.02665 0.13235 -0.47970
v 0.01810 0.13492 -0.47966
v 0.00990 0.13390 -0.48260
v 0.00232 0.13020 -0.48699
v -0.00466 0.12424 -0.49193
v -0.00967 0.11670 -0.49592
v -0.01227 0.10854 -0.49813
v -0.01333 0.09986 -0.49880
v -0.01320 0.09109 -0.49800
v -0.01140 0.08257 -0.49571
v -0.00699 0.07413 -0.49178
v 0.00003 0.06705 -0.48723
v 0.00839 0.06321 -0.48348
v 0.06534 0.09889 -0.83773
v 0.06530 0.10274 -0.83780
v 0.06543 0.09506 -0.83792
v 0.06885 0.10274 -0.83751
v 0.06885 0.09890 -0.83741
v 0.06889 0.09506 -0.83764
v 0.07281 0.09503 -0.83729
v 0.07289 0.09890 -0.83703
v 0.07411 0.10279 -0.83750
v 0.07281 0.10674 -0.83771
v 0.06891 0.10679 -0.83802
v 0.06532 0.10683 -0.83821
v 0.06558 0.09107 -0.83846
v 0.06900 0.09111 -0.83828
v 0.07388 0.09117 -0.83832
v 0.06212 0.09106 -0.83809
v 0.06195 0.09505 -0.83753
v 0.06183 0.09891 -0.83732
v 0.06178 0.10279 -0.83742
v 0.06179 0.10686 -0.83786
v 0.05800 0.10688 -0.83744
v 0.05784 0.10288 -0.83696
v 0.05785 0.09893 -0.83683
v 0.05805 0.09500 -0.83705
v 0.05841 0.09107 -0.83763
v -0.06806 0.06824 -0.92540
v -0.06663 0.07410 -0.92000
v -0.05907 0.07003 -0.91959
v -0.06001 0.06606 -0.92415
v -0.07577 0.07030 -0.92708
v -0.06755 0.06397 -0.93100
v -0.07539 0.06606 -0.93241
v -0.07533 0.07561 -0.92269
v -0.07479 0.08171 -0.91969
v -0.06795 0.08139 -0.91734
v -0.07373 0.08824 -0.91792
v -0.06763 0.08827 -0.91597
v -0.06074 0.08845 -0.91343
v -0.06063 0.08168 -0.91444
v -0.06652 0.09553 -0.91562
v -0.05981 0.09594 -0.91329
v -0.05247 0.08866 -0.91025
v -0.05240 0.08173 -0.91124
v -0.05178 0.09629 -0.91015
v -0.05853 0.10373 -0.91397
v -0.05080 0.10421 -0.91096
v -0.05727 0.11160 -0.91539
v -0.04973 0.11219 -0.91262
v -0.06506 0.10313 -0.91613
v -0.06361 0.11083 -0.91728
v -0.04209 0.10449 -0.90697
v -0.04279 0.09647 -0.90609
v -0.04301 0.08873 -0.90621
v -0.04261 0.08164 -0.90730
v -0.03036 0.07551 -0.90467
v -0.04161 0.07578 -0.90925
v -0.03168 0.08151 -0.90235
v -0.02193 0.08178 -0.89677
v -0.02039 0.07568 -0.89944
v -0.02903 0.07059 -0.90809
v -0.04068 0.07106 -0.91207
v -0.01861 0.07075 -0.90331
v -0.03280 0.08869 -0.90116
v -0.02309 0.08887 -0.89532
v -0.03319 0.09651 -0.90103
v -0.02368 0.09666 -0.89507
v -0.05141 0.07617 -0.91286
v -0.05929 0.07600 -0.91590
v -0.05690 0.07254 -0.91678
v -0.05060 0.07183 -0.91500
v -0.07227 0.09523 -0.91727
v -0.07775 0.09510 -0.91861
v -0.07952 0.08850 -0.91962
v -0.08566 0.08906 -0.92130
v -0.08356 0.09517 -0.92004
v -0.09017 0.09545 -0.92163
v -0.09263 0.08998 -0.92305
v -0.08859 0.10155 -0.92120
v -0.08189 0.10179 -0.91975
v -0.09738 0.09596 -0.92341
v -0.09646 0.10130 -0.92304
v -0.10021 0.09143 -0.92502
v -0.08780 0.08365 -0.92355
v -0.09530 0.08528 -0.92542
v -0.08961 0.07902 -0.92668
v -0.08115 0.08248 -0.92167
v -0.08241 0.07714 -0.92474
v -0.09757 0.08140 -0.92854
v -0.07611 0.10210 -0.91859
v -0.07070 0.10255 -0.91753
v -0.07469 0.10932 -0.91929
v -0.06921 0.11003 -0.91845
v -0.07339 0.11653 -0.92044
v -0.06778 0.11742 -0.91979
v -0.07966 0.11579 -0.92118
v -0.08067 0.10873 -0.92021
v -0.08316 0.07247 -0.92888
v -0.08326 0.06859 -0.93400
v -0.07425 0.06305 -0.93823
v -0.08272 0.06564 -0.93963
v -0.09154 0.07149 -0.93577
v -0.09089 0.07498 -0.93075
v -0.09154 0.06872 -0.94129
v -0.10082 0.07227 -0.94306
v -0.10047 0.07480 -0.93760
v -0.08175 0.06375 -0.94540
v -0.09100 0.06689 -0.94681
v -0.08063 0.06306 -0.95094
v -0.09008 0.06617 -0.95201
v -0.07275 0.06129 -0.94427
v -0.07138 0.06082 -0.95011
v -0.10051 0.07068 -0.94834
v -0.09968 0.07014 -0.95314
v -0.10926 0.07506 -0.95386
v -0.11009 0.07539 -0.94954
v -0.09849 0.07050 -0.95735
v -0.10796 0.07542 -0.95760
v -0.08900 0.06651 -0.95666
v -0.11036 0.07663 -0.94460
v -0.10980 0.07886 -0.93927
v -0.09936 0.07795 -0.93259
v -0.10556 0.08457 -0.93019
v -0.10818 0.08173 -0.93427
v -0.10323 0.08741 -0.92749
v -0.11143 0.08960 -0.93058
v -0.11634 0.08693 -0.93561
v -0.06596 0.06110 -0.93705
v -0.05944 0.06240 -0.92978
v -0.05778 0.05994 -0.93606
v -0.05055 0.06158 -0.92864
v -0.04940 0.05971 -0.93522
v -0.05093 0.06460 -0.92282
v -0.05073 0.06816 -0.91823
v -0.04010 0.06715 -0.91594
v -0.03983 0.06394 -0.92104
v -0.03969 0.06160 -0.92725
v -0.03936 0.06036 -0.93415
v -0.03852 0.06041 -0.94124
v -0.04760 0.05928 -0.94206
v -0.04577 0.06020 -0.94873
v -0.03738 0.06165 -0.94812
v -0.02667 0.06206 -0.93960
v -0.02690 0.06342 -0.94680
v -0.02638 0.06171 -0.93220
v -0.05563 0.05895 -0.94263
v -0.02631 0.06236 -0.92495
v -0.01377 0.06357 -0.92157
v -0.01330 0.06332 -0.92921
v -0.02676 0.06401 -0.91829
v -0.01500 0.06471 -0.91449
v -0.06399 0.05963 -0.94334
v -0.05378 0.05936 -0.94906
v -0.06237 0.05952 -0.94949
v -0.05271 0.06092 -0.95486
v -0.06147 0.06060 -0.95503
v -0.05207 0.06317 -0.95968
v -0.06095 0.06253 -0.95969
v -0.04449 0.06217 -0.95472
v -0.04363 0.06469 -0.95964
v -0.07051 0.06152 -0.95537
v 0.04009 0.07164 -0.87365
v 0.03811 0.06979 -0.87652
v 0.03037 0.07652 -0.87181
v 0.03347 0.07694 -0.87072
v 0.04962 0.06764 -0.87497
v 0.05047 0.06581 -0.87754
v 0.05058 0.07042 -0.87244
v 0.06012 0.06786 -0.87271
v 0.06054 0.06538 -0.87498
v 0.05179 0.07219 -0.87186
v 0.06049 0.06964 -0.87220
v 0.04513 0.07554 -0.87107
v 0.04714 0.07698 -0.87402
v 0.05327 0.07366 -0.87461
v 0.04026 0.07975 -0.86978
v 0.04243 0.08099 -0.87294
v 0.03639 0.08563 -0.86815
v 0.03850 0.08655 -0.87140
v 0.03492 0.09357 -0.86703
v 0.03654 0.09369 -0.87029
v 0.04083 0.09497 -0.87635
v 0.04314 0.08986 -0.87729
v 0.03650 0.10162 -0.87019
v 0.04095 0.10028 -0.87610
v 0.03863 0.10911 -0.87094
v 0.04347 0.10561 -0.87661
v 0.03502 0.10205 -0.86695
v 0.03701 0.11013 -0.86773
v 0.04736 0.09644 -0.88025
v 0.04831 0.09191 -0.88011
v 0.04762 0.10077 -0.88024
v 0.04688 0.08521 -0.87837
v 0.05094 0.08135 -0.87917
v 0.04965 0.08817 -0.88000
v 0.05308 0.08644 -0.88064
v 0.05596 0.07806 -0.87968
v 0.03376 0.08519 -0.86759
v 0.03262 0.09362 -0.86633
v 0.02971 0.08472 -0.86782
v 0.03762 0.07866 -0.86959
v 0.04298 0.07405 -0.87141
v 0.02686 0.08465 -0.86834
v 0.02871 0.09350 -0.86620
v 0.02611 0.09344 -0.86657
v 0.02534 0.07767 -0.87322
v 0.02284 0.08525 -0.86972
v 0.02961 0.07169 -0.87822
v 0.06140 0.07128 -0.87488
v 0.07059 0.07050 -0.87442
v 0.07052 0.06860 -0.87170
v 0.06270 0.07570 -0.87995
v 0.07009 0.07530 -0.87964
v 0.06376 0.08209 -0.88136
v 0.06983 0.08155 -0.88113
v 0.07785 0.07204 -0.87346
v 0.07563 0.07706 -0.87895
v 0.07849 0.07003 -0.87055
v 0.08358 0.07514 -0.87236
v 0.08473 0.07314 -0.86914
v 0.08000 0.07958 -0.87823
v 0.07457 0.08258 -0.88073
v 0.07003 0.08814 -0.88166
v 0.07484 0.08799 -0.88124
v 0.06456 0.08903 -0.88195
v 0.05788 0.08406 -0.88116
v 0.05890 0.09035 -0.88187
v 0.05957 0.09551 -0.88245
v 0.06531 0.09464 -0.88250
v 0.05338 0.09160 -0.88136
v 0.05346 0.09634 -0.88194
v 0.07068 0.06682 -0.87213
v 0.07137 0.06456 -0.87425
v 0.07921 0.06823 -0.87088
v 0.08054 0.06589 -0.87293
v 0.06174 0.06386 -0.87728
v 0.07228 0.06325 -0.87647
v 0.05355 0.06372 -0.88208
v 0.06389 0.06244 -0.88149
v 0.05657 0.06139 -0.88902
v 0.04706 0.06253 -0.89000
v 0.04330 0.06560 -0.88277
v 0.06625 0.06075 -0.88837
v 0.07382 0.06219 -0.88060
v 0.08300 0.06350 -0.87919
v 0.08162 0.06452 -0.87512
v 0.08587 0.07141 -0.86934
v 0.08781 0.06913 -0.87139
v 0.09030 0.07557 -0.86785
v 0.08890 0.07721 -0.86769
v 0.09303 0.07342 -0.87000
v 0.09444 0.08114 -0.86663
v 0.09765 0.07929 -0.86885
v 0.09265 0.08255 -0.86651
v 0.03419 0.06717 -0.88445
v 0.02211 0.07289 -0.88032
v 0.02573 0.06827 -0.88660
v 0.01441 0.07375 -0.88279
v 0.01235 0.07976 -0.87829
v 0.01919 0.07883 -0.87541
v 0.00626 0.07460 -0.88586
v 0.00458 0.08065 -0.88187
v -0.00209 0.07538 -0.88967
v -0.00369 0.08143 -0.88615
v -0.01087 0.07576 -0.89422
v 0.00014 0.07058 -0.89461
v -0.00885 0.07091 -0.89858
v -0.01246 0.08182 -0.89115
v -0.01349 0.08892 -0.88941
v -0.00451 0.08858 -0.88407
v -0.01386 0.09672 -0.88895
v -0.00450 0.09646 -0.88338
v -0.00367 0.10453 -0.88394
v -0.01344 0.10474 -0.88966
v 0.00545 0.10415 -0.87894
v -0.00210 0.11226 -0.88546
v 0.00726 0.11188 -0.88035
v -0.01211 0.11256 -0.89126
v 0.00426 0.09595 -0.87854
v -0.02345 0.10476 -0.89591
v -0.02219 0.11276 -0.89768
v -0.03169 0.11273 -0.90374
v -0.03283 0.10462 -0.90192
v 0.00392 0.08789 -0.87947
v 0.01191 0.09531 -0.87426
v 0.01151 0.08708 -0.87546
v -0.01673 0.06707 -0.90835
v -0.00654 0.06734 -0.90415
v -0.02773 0.06674 -0.91263
v -0.00423 0.06509 -0.91083
v 0.00277 0.06704 -0.90082
v 0.00545 0.06476 -0.90806
v 0.01161 0.06641 -0.89816
v 0.01449 0.06407 -0.90585
v 0.00782 0.06373 -0.91599
v -0.00232 0.06412 -0.91839
v 0.01707 0.06283 -0.91405
v 0.00874 0.06986 -0.89137
v 0.01728 0.06909 -0.88881
v 0.02036 0.06571 -0.89598
v 0.03202 0.06248 -0.90187
v 0.02329 0.06334 -0.90387
v 0.02913 0.06489 -0.89392
v 0.03452 0.06088 -0.91025
v 0.02589 0.06184 -0.91219
v 0.04311 0.05974 -0.90835
v 0.04510 0.05890 -0.91731
v 0.03660 0.06017 -0.91903
v 0.04078 0.06139 -0.89984
v 0.02802 0.06134 -0.92080
v 0.03797 0.06379 -0.89178
v 0.01766 0.08619 -0.87215
v 0.01781 0.09452 -0.87067
v 0.02262 0.09377 -0.86803
v 0.01956 0.10295 -0.87086
v 0.02464 0.10263 -0.86806
v 0.02216 0.11089 -0.87215
v 0.02754 0.11079 -0.86922
v 0.02795 0.10244 -0.86642
v 0.03010 0.10222 -0.86602
v 0.03316 0.10210 -0.86621
v 0.03513 0.11048 -0.86706
v 0.03229 0.11064 -0.86695
v 0.03051 0.11071 -0.86744
v 0.03446 0.11802 -0.86894
v 0.03650 0.11810 -0.86841
v 0.03088 0.11788 -0.87084
v 0.02498 0.11788 -0.87397
v 0.02825 0.12377 -0.87629
v 0.01793 0.11828 -0.87784
v 0.02083 0.12431 -0.88031
v 0.02420 0.12933 -0.88348
v 0.03225 0.12869 -0.87946
v 0.01569 0.13021 -0.88803
v 0.01239 0.12505 -0.88492
v 0.00958 0.11890 -0.88240
v 0.03975 0.12868 -0.87605
v 0.03484 0.12372 -0.87292
v 0.03648 0.13256 -0.88385
v 0.04495 0.13238 -0.88063
v 0.02794 0.13331 -0.88766
v 0.01545 0.11134 -0.87588
v 0.01335 0.10361 -0.87454
v 0.05405 0.13279 -0.87820
v 0.04539 0.12919 -0.87387
v 0.03929 0.12413 -0.87087
v 0.04818 0.12888 -0.87259
v 0.04172 0.12426 -0.87018
v 0.03929 0.11781 -0.86842
v 0.04464 0.12382 -0.86995
v 0.04106 0.11742 -0.86902
v 0.04251 0.11630 -0.87225
v 0.04773 0.12182 -0.87367
v 0.05178 0.11588 -0.87892
v 0.04733 0.11126 -0.87772
v 0.05412 0.12497 -0.87485
v 0.05699 0.11862 -0.87996
v 0.06011 0.12614 -0.87566
v 0.06187 0.12023 -0.88047
v 0.06678 0.12647 -0.87608
v 0.06730 0.12124 -0.88070
v 0.07407 0.12566 -0.87592
v 0.07333 0.12105 -0.88068
v 0.07388 0.12686 -0.87312
v 0.06610 0.12786 -0.87327
v 0.05913 0.12783 -0.87272
v 0.06238 0.11317 -0.88221
v 0.05769 0.11267 -0.88178
v 0.06722 0.11333 -0.88225
v 0.05292 0.12652 -0.87172
v 0.04639 0.12320 -0.87046
v 0.05116 0.12760 -0.87153
v 0.05780 0.12951 -0.87300
v 0.05388 0.11219 -0.88081
v 0.05165 0.10906 -0.88056
v 0.04926 0.10491 -0.88025
v 0.05633 0.10861 -0.88227
v 0.06170 0.10819 -0.88290
v 0.05484 0.10469 -0.88231
v 0.06085 0.10396 -0.88295
v 0.05579 0.13159 -0.87519
v 0.06565 0.12951 -0.87371
v 0.06562 0.13188 -0.87617
v 0.07435 0.12822 -0.87347
v 0.07596 0.13010 -0.87557
v 0.08575 0.12645 -0.87378
v 0.08338 0.12477 -0.87203
v 0.06663 0.13303 -0.87867
v 0.07763 0.13095 -0.87764
v 0.06945 0.13348 -0.88286
v 0.07986 0.13106 -0.88121
v 0.05898 0.13450 -0.88432
v 0.08749 0.12709 -0.87561
v 0.08934 0.12725 -0.87904
v 0.09727 0.12210 -0.87688
v 0.09550 0.12155 -0.87351
v 0.09184 0.12711 -0.88508
v 0.09940 0.12207 -0.88293
v 0.08286 0.13081 -0.88724
v 0.10327 0.11504 -0.87520
v 0.10143 0.11447 -0.87178
v 0.09359 0.12050 -0.87171
v 0.09933 0.11365 -0.86986
v 0.08932 0.11771 -0.86976
v 0.08228 0.12341 -0.87179
v 0.09080 0.11879 -0.86999
v 0.08832 0.11686 -0.87273
v 0.08181 0.12217 -0.87468
v 0.08912 0.10924 -0.87717
v 0.08537 0.11401 -0.87849
v 0.09254 0.11151 -0.87092
v 0.09422 0.11205 -0.86779
v 0.07971 0.11829 -0.87994
v 0.09618 0.11261 -0.86799
v 0.10278 0.10649 -0.86868
v 0.09930 0.10642 -0.86664
v 0.09690 0.10646 -0.86648
v 0.04957 0.13488 -0.88656
v 0.05372 0.13636 -0.89344
v 0.06308 0.13529 -0.89111
v 0.05767 0.13698 -0.90097
v 0.06703 0.13540 -0.89864
v 0.07678 0.13310 -0.89668
v 0.07297 0.13352 -0.88917
v 0.07085 0.13500 -0.90671
v 0.08045 0.13234 -0.90483
v 0.07415 0.13420 -0.91534
v 0.08346 0.13134 -0.91350
v 0.09217 0.12789 -0.91185
v 0.08953 0.12901 -0.90309
v 0.08574 0.13044 -0.92262
v 0.09414 0.12699 -0.92101
v 0.08755 0.12986 -0.93220
v 0.09574 0.12640 -0.93069
v 0.09982 0.12397 -0.91031
v 0.10165 0.12308 -0.91960
v 0.10415 0.12038 -0.89977
v 0.09748 0.12511 -0.90134
v 0.10630 0.11932 -0.90903
v 0.10814 0.11851 -0.91849
v 0.10321 0.12249 -0.92936
v 0.08879 0.12942 -0.94254
v 0.09685 0.12584 -0.94123
v 0.10423 0.12178 -0.93998
v 0.07684 0.13342 -0.92442
v 0.07898 0.13295 -0.93382
v 0.06798 0.13604 -0.92645
v 0.07041 0.13579 -0.93550
v 0.05935 0.13851 -0.92861
v 0.06187 0.13852 -0.93722
v 0.05618 0.13855 -0.92006
v 0.06496 0.13652 -0.91755
v 0.08039 0.13265 -0.94379
v 0.07191 0.13562 -0.94496
v 0.08625 0.13003 -0.89480
v 0.09467 0.12621 -0.89280
v 0.10173 0.12135 -0.89088
v 0.10963 0.11454 -0.89866
v 0.10745 0.11517 -0.88941
v 0.11577 0.10674 -0.90788
v 0.11386 0.10749 -0.89814
v 0.11166 0.11364 -0.90822
v 0.11167 0.10775 -0.88864
v 0.10534 0.11533 -0.88126
v 0.10941 0.10739 -0.88035
v 0.10714 0.10692 -0.87429
v 0.06148 0.13696 -0.90900
v 0.05261 0.13855 -0.91171
v 0.04401 0.14026 -0.91458
v 0.04759 0.14067 -0.92262
v 0.04878 0.13822 -0.90377
v 0.04017 0.13960 -0.90687
v 0.03611 0.13836 -0.89961
v 0.04480 0.13724 -0.89631
v 0.02767 0.13969 -0.90320
v 0.03172 0.14118 -0.91002
v 0.03196 0.13629 -0.89309
v 0.02348 0.13746 -0.89710
v 0.04069 0.13539 -0.88955
v 0.03551 0.14216 -0.91736
v 0.03896 0.14289 -0.92509
v 0.03002 0.14516 -0.92754
v 0.02687 0.14417 -0.92008
v 0.03255 0.14579 -0.93515
v 0.04189 0.14340 -0.93291
v 0.02026 0.14765 -0.93006
v 0.02229 0.14842 -0.93760
v 0.01756 0.14636 -0.92278
v 0.02328 0.14284 -0.91313
v 0.01050 0.14237 -0.91061
v 0.01431 0.14460 -0.91621
v 0.01932 0.14103 -0.90686
v 0.05074 0.14099 -0.93077
v 0.05313 0.14112 -0.93896
v 0.04394 0.14353 -0.94076
v 0.08904 0.09268 -0.96561
v 0.09774 0.09130 -0.96459
v 0.09706 0.09911 -0.96490
v 0.09067 0.10118 -0.96565
v 0.08711 0.08416 -0.96532
v 0.08112 0.09427 -0.96623
v 0.07895 0.08522 -0.96592
v 0.07738 0.07655 -0.96547
v 0.08570 0.07627 -0.96493
v 0.07063 0.08652 -0.96617
v 0.06873 0.07741 -0.96566
v 0.06014 0.07916 -0.96549
v 0.06234 0.08844 -0.96610
v 0.06849 0.06927 -0.96487
v 0.05963 0.07088 -0.96468
v 0.07744 0.06869 -0.96471
v 0.08606 0.06920 -0.96421
v 0.09307 0.07588 -0.96420
v 0.09350 0.07075 -0.96358
v 0.09850 0.07395 -0.96319
v 0.10235 0.07960 -0.96302
v 0.09507 0.08258 -0.96441
v 0.10830 0.07624 -0.96039
v 0.10315 0.07038 -0.96092
v 0.09642 0.06600 -0.96161
v 0.08824 0.06335 -0.96234
v 0.07922 0.06239 -0.96285
v 0.07199 0.05880 -0.95914
v 0.08144 0.05832 -0.95885
v 0.06999 0.06290 -0.96303
v 0.09073 0.05950 -0.95818
v 0.09928 0.06260 -0.95724
v 0.10089 0.06114 -0.95001
v 0.09228 0.05784 -0.95121
v 0.10653 0.06749 -0.95628
v 0.10826 0.06621 -0.94884
v 0.06090 0.06450 -0.96290
v 0.05182 0.08163 -0.96509
v 0.05106 0.07326 -0.96425
v 0.04381 0.08441 -0.96461
v 0.05423 0.09089 -0.96581
v 0.04630 0.09352 -0.96542
v 0.04286 0.07607 -0.96372
v 0.05213 0.06682 -0.96255
v 0.04369 0.06962 -0.96208
v 0.03498 0.07888 -0.96324
v 0.03606 0.08706 -0.96418
v 0.03555 0.07254 -0.96162
v 0.02752 0.07516 -0.96135
v 0.02726 0.08131 -0.96299
v 0.02842 0.08927 -0.96397
v 0.03848 0.09598 -0.96502
v 0.04918 0.10276 -0.96599
v 0.04121 0.10496 -0.96556
v 0.05710 0.10039 -0.96633
v 0.06506 0.09807 -0.96652
v 0.07311 0.09601 -0.96651
v 0.05988 0.11002 -0.96639
v 0.06777 0.10782 -0.96657
v 0.07569 0.10560 -0.96653
v 0.08344 0.10338 -0.96624
v 0.09295 0.10896 -0.96531
v 0.08609 0.11192 -0.96596
v 0.09613 0.11503 -0.96467
v 0.08936 0.11865 -0.96545
v 0.09888 0.10579 -0.96451
v 0.10187 0.11104 -0.96375
v 0.10414 0.10239 -0.96366
v 0.10659 0.10685 -0.96292
v 0.10203 0.09661 -0.96412
v 0.09985 0.11852 -0.96285
v 0.09300 0.12258 -0.96375
v 0.10287 0.12008 -0.95828
v 0.09584 0.12436 -0.95930
v 0.10562 0.11393 -0.96186
v 0.10882 0.11519 -0.95725
v 0.08178 0.12186 -0.96592
v 0.07849 0.11467 -0.96631
v 0.08531 0.12614 -0.96436
v 0.10559 0.08643 -0.96287
v 0.10810 0.09303 -0.96265
v 0.11193 0.08304 -0.96002
v 0.11398 0.09015 -0.95986
v 0.11599 0.08100 -0.95500
v 0.11802 0.08860 -0.95486
v 0.11799 0.08031 -0.94742
v 0.12009 0.08831 -0.94724
v 0.12091 0.08871 -0.93749
v 0.11877 0.08042 -0.93771
v 0.12106 0.09693 -0.93751
v 0.12031 0.09624 -0.94738
v 0.11868 0.10367 -0.94781
v 0.11931 0.10459 -0.93772
v 0.11668 0.10320 -0.95562
v 0.11823 0.09614 -0.95508
v 0.11321 0.10327 -0.96032
v 0.11439 0.09706 -0.95994
v 0.10985 0.10334 -0.96220
v 0.10934 0.09915 -0.96243
v 0.11016 0.10882 -0.96099
v 0.11348 0.10958 -0.95636
v 0.11532 0.11032 -0.94846
v 0.11044 0.11606 -0.94933
v 0.11577 0.11134 -0.93818
v 0.11504 0.11226 -0.92765
v 0.11881 0.10546 -0.92734
v 0.10974 0.11789 -0.92832
v 0.11064 0.11704 -0.93894
v 0.11349 0.11290 -0.91781
v 0.11745 0.10607 -0.91752
v 0.12081 0.09764 -0.92724
v 0.11977 0.09816 -0.91746
v 0.11834 0.09876 -0.90784
v 0.12086 0.08921 -0.92730
v 0.11872 0.08072 -0.92756
v 0.11799 0.08106 -0.91785
v 0.12007 0.08961 -0.91754
v 0.11686 0.08164 -0.90827
v 0.11885 0.09017 -0.90795
v 0.11505 0.08245 -0.89851
v 0.11703 0.09088 -0.89824
v 0.11231 0.07388 -0.90897
v 0.11060 0.07476 -0.89919
v 0.11349 0.07325 -0.91854
v 0.11437 0.07289 -0.92818
v 0.11464 0.07267 -0.93825
v 0.10868 0.06608 -0.93920
v 0.10813 0.06637 -0.92921
v 0.10700 0.06683 -0.91964
v 0.11402 0.07276 -0.94794
v 0.11214 0.07379 -0.95550
v -0.10733 0.09397 -0.92710
v -0.10326 0.09664 -0.92509
v -0.11254 0.09893 -0.92842
v -0.10486 0.10066 -0.92539
v -0.11568 0.10597 -0.92915
v -0.10656 0.10706 -0.92590
v -0.09659 0.10772 -0.92334
v -0.10747 0.11459 -0.92664
v -0.09681 0.11484 -0.92408
v -0.10720 0.12210 -0.92790
v -0.09662 0.12196 -0.92530
v -0.08669 0.12213 -0.92360
v -0.08727 0.11521 -0.92232
v -0.09606 0.12826 -0.92696
v -0.08605 0.12850 -0.92526
v -0.09585 0.13325 -0.92890
v -0.08579 0.13412 -0.92724
v -0.07666 0.13495 -0.92611
v -0.07756 0.12906 -0.92422
v -0.07864 0.12265 -0.92255
v -0.10569 0.12841 -0.92945
v -0.10336 0.13228 -0.93046
v -0.09720 0.13714 -0.93149
v -0.08643 0.13911 -0.92970
v -0.10648 0.13409 -0.93282
v -0.11568 0.12232 -0.93115
v -0.11244 0.12915 -0.93248
v -0.11673 0.11420 -0.92993
v -0.08779 0.10821 -0.92150
v -0.12230 0.10447 -0.93297
v -0.12309 0.11358 -0.93367
v -0.11861 0.09642 -0.93221
v -0.12296 0.09397 -0.93664
v -0.12665 0.10290 -0.93715
v -0.12554 0.09187 -0.94137
v -0.12951 0.10151 -0.94161
v -0.11862 0.08434 -0.94062
v -0.12724 0.11290 -0.93768
v -0.13011 0.11230 -0.94198
v -0.12737 0.12271 -0.94275
v -0.12485 0.12259 -0.93857
v -0.13180 0.11178 -0.94643
v -0.12889 0.12273 -0.94711
v -0.13108 0.10045 -0.94617
v -0.12123 0.12246 -0.93473
v -0.11956 0.13098 -0.93952
v -0.11671 0.13008 -0.93582
v -0.12671 0.09037 -0.94613
v -0.12675 0.08951 -0.95036
v -0.13139 0.09970 -0.95034
v -0.12598 0.08909 -0.95397
v -0.13071 0.09917 -0.95395
v -0.13226 0.11129 -0.95059
v -0.12870 0.12209 -0.95499
v -0.12932 0.12255 -0.95126
v -0.13162 0.11078 -0.95427
v -0.12719 0.12140 -0.95830
v -0.12093 0.13095 -0.95943
v -0.12238 0.13182 -0.95606
v -0.12509 0.12057 -0.96103
v -0.11889 0.12978 -0.96213
v -0.11209 0.13882 -0.96086
v -0.11026 0.13740 -0.96354
v -0.10023 0.14358 -0.96498
v -0.10166 0.14521 -0.96231
v -0.10797 0.13570 -0.96539
v -0.09838 0.14163 -0.96676
v -0.08845 0.14617 -0.96791
v -0.08970 0.14839 -0.96622
v -0.09059 0.15023 -0.96361
v -0.11644 0.12840 -0.96404
v -0.10487 0.13314 -0.96645
v -0.09574 0.13857 -0.96772
v -0.11310 0.12657 -0.96522
v -0.11339 0.13985 -0.95735
v -0.11399 0.14031 -0.95319
v -0.12302 0.13225 -0.95218
v -0.10269 0.14645 -0.95868
v -0.10319 0.14702 -0.95411
v -0.12274 0.13220 -0.94795
v -0.11384 0.14010 -0.94865
v -0.12807 0.10977 -0.96031
v -0.12574 0.10932 -0.96228
v -0.12266 0.11962 -0.96299
v -0.13013 0.11025 -0.95754
v -0.12929 0.09882 -0.95719
v -0.12736 0.09865 -0.95996
v -0.12465 0.08896 -0.95721
v -0.12282 0.08911 -0.95999
v -0.12508 0.09871 -0.96195
v -0.12052 0.08962 -0.96203
v -0.11896 0.11854 -0.96430
v -0.11168 0.11849 -0.96532
v -0.10916 0.12467 -0.96577
v -0.10092 0.12152 -0.96663
v -0.10170 0.12859 -0.96676
v -0.11360 0.10988 -0.96488
v -0.10101 0.11303 -0.96642
v -0.12196 0.10900 -0.96366
v -0.11838 0.08121 -0.95404
v -0.11704 0.08137 -0.95743
v -0.11921 0.08150 -0.95019
v -0.11941 0.08247 -0.94568
v -0.11524 0.08188 -0.96031
v -0.10625 0.07625 -0.96070
v -0.10406 0.07760 -0.96300
v -0.11294 0.08283 -0.96246
v -0.09699 0.07152 -0.96080
v -0.09507 0.07323 -0.96334
v -0.08782 0.06767 -0.96051
v -0.08631 0.06974 -0.96336
v -0.09255 0.07634 -0.96494
v -0.10109 0.08001 -0.96448
v -0.10950 0.08461 -0.96389
v -0.09006 0.08157 -0.96580
v -0.09785 0.08383 -0.96530
v -0.08428 0.07353 -0.96515
v -0.08217 0.07974 -0.96607
v -0.07881 0.06491 -0.96011
v -0.07773 0.06734 -0.96325
v -0.07966 0.06353 -0.95591
v -0.06992 0.06317 -0.95982
v -0.06909 0.06587 -0.96316
v -0.12156 0.13174 -0.94360
v -0.11143 0.13782 -0.93982
v -0.11296 0.13923 -0.94407
v -0.10100 0.14325 -0.93901
v -0.09917 0.14045 -0.93487
v -0.10927 0.13605 -0.93605
v -0.08954 0.14735 -0.93753
v -0.10234 0.14540 -0.94378
v -0.09081 0.15022 -0.94293
v -0.07937 0.15379 -0.94179
v -0.07836 0.15018 -0.93600
v -0.09149 0.15193 -0.94892
v -0.07991 0.15604 -0.94847
v -0.06806 0.15200 -0.93488
v -0.06851 0.15621 -0.94069
v -0.05840 0.15734 -0.93988
v -0.05881 0.15294 -0.93432
v -0.06865 0.15904 -0.94772
v -0.05787 0.16055 -0.94689
v -0.05721 0.16194 -0.95437
v -0.06847 0.16005 -0.95493
v -0.05664 0.16150 -0.96067
v -0.04566 0.16232 -0.95990
v -0.04668 0.16229 -0.95343
v -0.06814 0.15933 -0.96091
v -0.04794 0.16058 -0.94600
v -0.07999 0.15670 -0.95512
v -0.07974 0.15593 -0.96065
v -0.09127 0.15169 -0.95986
v -0.09161 0.15237 -0.95482
v -0.04919 0.15734 -0.93929
v -0.05051 0.15318 -0.93407
v -0.03854 0.15962 -0.94474
v -0.04019 0.15658 -0.93843
v -0.04204 0.15289 -0.93354
v -0.05943 0.14789 -0.93034
v -0.06766 0.14697 -0.93064
v -0.05216 0.14854 -0.93031
v -0.07717 0.14562 -0.93154
v -0.06791 0.14153 -0.92770
v -0.07645 0.14046 -0.92839
v -0.06901 0.13587 -0.92548
v -0.06067 0.14255 -0.92750
v -0.06251 0.13700 -0.92523
v -0.07054 0.12990 -0.92357
v -0.06449 0.13103 -0.92319
v -0.05430 0.14362 -0.92753
v -0.05671 0.13832 -0.92516
v -0.08791 0.14356 -0.93307
v -0.10308 0.14669 -0.94897
v 0.05887 0.05938 -0.89713
v 0.06828 0.05916 -0.89642
v 0.06076 0.05777 -0.90574
v 0.06996 0.05770 -0.90501
v 0.05180 0.05856 -0.90678
v 0.04968 0.06020 -0.89815
v 0.05364 0.05758 -0.91588
v 0.06382 0.05622 -0.92451
v 0.05511 0.05741 -0.92536
v 0.06242 0.05665 -0.91489
v 0.07145 0.05657 -0.91420
v 0.07279 0.05593 -0.92386
v 0.08053 0.05744 -0.91355
v 0.08188 0.05668 -0.92321
v 0.09079 0.05869 -0.92226
v 0.08940 0.05943 -0.91265
v 0.09924 0.06202 -0.92098
v 0.10053 0.06146 -0.93056
v 0.09204 0.05807 -0.93195
v 0.10571 0.06750 -0.91009
v 0.09786 0.06272 -0.91142
v 0.08301 0.05616 -0.93303
v 0.09267 0.05764 -0.94192
v 0.08346 0.05595 -0.94303
v 0.10123 0.06104 -0.94052
v 0.07915 0.05850 -0.90426
v 0.08805 0.06041 -0.90319
v 0.07760 0.05975 -0.89554
v 0.08652 0.06150 -0.89420
v 0.07578 0.06098 -0.88745
v 0.08478 0.06248 -0.88597
v 0.09645 0.06366 -0.90181
v 0.09474 0.06467 -0.89256
v 0.06474 0.05648 -0.93430
v 0.07378 0.05575 -0.93373
v 0.07407 0.05595 -0.94370
v 0.06488 0.05718 -0.94413
v 0.05524 0.06052 -0.95286
v 0.05602 0.05913 -0.94446
v 0.06418 0.05829 -0.95283
v 0.07345 0.05674 -0.95264
v 0.05599 0.05803 -0.93494
v 0.04743 0.05990 -0.93571
v 0.04661 0.05897 -0.92653
v 0.01942 0.13434 -0.89201
v 0.01508 0.13857 -0.90137
v 0.01079 0.13524 -0.89684
v 0.00612 0.13961 -0.90599
v 0.00151 0.13611 -0.90226
v 0.00674 0.13091 -0.89321
v -0.00285 0.13164 -0.89911
v 0.00317 0.12559 -0.89021
v -0.00664 0.12614 -0.89625
v 0.00020 0.11934 -0.88761
v -0.00975 0.11974 -0.89361
v -0.01991 0.12019 -0.90004
v -0.01686 0.12688 -0.90275
v -0.02984 0.12048 -0.90624
v -0.02725 0.12763 -0.90920
v -0.01305 0.13264 -0.90556
v -0.00862 0.13726 -0.90830
v -0.01944 0.13870 -0.91482
v -0.01495 0.14241 -0.91717
v -0.00390 0.14087 -0.91123
v -0.03134 0.14001 -0.92045
v -0.02663 0.14394 -0.92262
v -0.04219 0.14034 -0.92363
v -0.03828 0.14477 -0.92595
v -0.05297 0.13379 -0.92236
v -0.05045 0.13960 -0.92487
v -0.04542 0.13478 -0.92102
v -0.03543 0.13485 -0.91787
v -0.04742 0.14452 -0.92728
v -0.03458 0.14851 -0.92850
v -0.02243 0.14727 -0.92510
v -0.01076 0.14553 -0.92000
v -0.02370 0.13386 -0.91225
v -0.03800 0.12807 -0.91456
v 0.00049 0.14385 -0.91488
v 0.00404 0.14649 -0.91968
v 0.00683 0.14874 -0.92571
v -0.00528 0.15114 -0.92928
v -0.00755 0.14846 -0.92394
v 0.08295 0.05642 -0.95213
v 0.07059 0.11715 -0.96639
v 0.07381 0.12465 -0.96608
v 0.06572 0.12706 -0.96593
v 0.06265 0.11938 -0.96619
v 0.06886 0.13184 -0.96466
v 0.07717 0.12919 -0.96466
v 0.06033 0.13411 -0.96445
v 0.05746 0.12912 -0.96559
v 0.06246 0.13664 -0.96094
v 0.07118 0.13417 -0.96087
v 0.05134 0.13605 -0.96418
v 0.05325 0.13878 -0.96098
v 0.04881 0.13089 -0.96523
v 0.04624 0.12311 -0.96544
v 0.05460 0.12135 -0.96583
v 0.05193 0.11211 -0.96605
v 0.04378 0.11404 -0.96563
v 0.03751 0.12482 -0.96510
v 0.03536 0.11583 -0.96525
v 0.03970 0.13261 -0.96492
v 0.02645 0.11747 -0.96515
v 0.02829 0.12661 -0.96499
v 0.03015 0.13455 -0.96479
v 0.04182 0.13792 -0.96396
v 0.03186 0.14003 -0.96390
v 0.02120 0.14260 -0.96422
v 0.01981 0.13682 -0.96505
v 0.03323 0.14307 -0.96131
v 0.02226 0.14580 -0.96192
v 0.04348 0.14081 -0.96106
v 0.04451 0.14226 -0.95581
v 0.05427 0.14010 -0.95516
v 0.06345 0.13780 -0.95459
v 0.07218 0.13517 -0.95404
v 0.07968 0.13134 -0.96061
v 0.08070 0.13222 -0.95339
v 0.08799 0.12810 -0.96009
v 0.08908 0.12892 -0.95256
v 0.06331 0.13836 -0.94612
v 0.09705 0.12520 -0.95152
v -0.07205 0.12345 -0.92188
v -0.06626 0.12448 -0.92138
v -0.06072 0.12571 -0.92077
v -0.05892 0.13240 -0.92289
v -0.05481 0.12698 -0.91982
v -0.06222 0.11843 -0.91888
v -0.05606 0.11940 -0.91741
v -0.04742 0.12785 -0.91801
v -0.04862 0.12012 -0.91502
v -0.03973 0.12048 -0.91136
v -0.04106 0.11256 -0.90876
v -0.03633 0.06381 -0.95429
v -0.03551 0.06649 -0.95932
v -0.02685 0.06558 -0.95331
v -0.02662 0.06827 -0.95861
v -0.01462 0.06745 -0.95167
v -0.01525 0.07007 -0.95747
v -0.00124 0.06676 -0.94222
v -0.00216 0.06900 -0.94964
v -0.01365 0.06526 -0.94463
v 0.01059 0.06679 -0.94021
v 0.01005 0.06913 -0.94780
v -0.00294 0.07146 -0.95592
v -0.00326 0.07426 -0.96048
v -0.01555 0.07317 -0.96163
v 0.00891 0.07428 -0.95924
v 0.00879 0.07820 -0.96223
v -0.00268 0.07832 -0.96326
v 0.01947 0.07313 -0.95839
v 0.01893 0.07712 -0.96151
v 0.02015 0.07035 -0.95332
v 0.02942 0.06832 -0.95283
v 0.02847 0.07107 -0.95813
v 0.00939 0.07157 -0.95439
v 0.00914 0.08425 -0.96378
v -0.00221 0.08476 -0.96472
v 0.01901 0.08311 -0.96315
v -0.01549 0.07768 -0.96419
v -0.01492 0.08468 -0.96556
v -0.02473 0.08364 -0.96604
v -0.01368 0.09385 -0.96639
v -0.02333 0.09361 -0.96684
v -0.00102 0.09321 -0.96558
v -0.02567 0.07622 -0.96475
v -0.02627 0.07152 -0.96240
v -0.03471 0.06967 -0.96290
v -0.03367 0.07428 -0.96510
v 0.02074 0.06789 -0.94649
v 0.02100 0.06545 -0.93874
v 0.03025 0.06361 -0.93760
v 0.03010 0.06592 -0.94568
v 0.02052 0.06357 -0.93075
v 0.02954 0.06196 -0.92933
v 0.01053 0.06489 -0.93231
v 0.03882 0.06367 -0.94516
v 0.03803 0.06581 -0.95274
v 0.03892 0.06174 -0.93661
v -0.00083 0.06510 -0.93433
v -0.01351 0.06390 -0.93698
v -0.00112 0.06417 -0.92635
v 0.00960 0.06381 -0.92422
v 0.01916 0.06265 -0.92250
v -0.04273 0.06769 -0.96315
v -0.05125 0.06603 -0.96317
v -0.06018 0.06534 -0.96313
v -0.04988 0.07026 -0.96527
v -0.05879 0.06970 -0.96521
v -0.04809 0.07719 -0.96634
v -0.05689 0.07650 -0.96623
v -0.06574 0.07720 -0.96619
v -0.06765 0.07035 -0.96520
v -0.05505 0.08591 -0.96679
v -0.06396 0.08610 -0.96673
v -0.05369 0.09726 -0.96734
v -0.06275 0.09661 -0.96725
v -0.05280 0.10924 -0.96792
v -0.06223 0.10815 -0.96782
v -0.04486 0.09925 -0.96754
v -0.04356 0.11111 -0.96807
v -0.04632 0.08731 -0.96696
v -0.07262 0.08694 -0.96671
v -0.07416 0.07835 -0.96617
v -0.07178 0.09679 -0.96722
v -0.03986 0.07936 -0.96641
v -0.03817 0.08999 -0.96711
v -0.04146 0.07206 -0.96528
v -0.07608 0.07163 -0.96520
v -0.03233 0.08181 -0.96631
v -0.03069 0.09237 -0.96707
v -0.02136 0.10405 -0.96745
v -0.02878 0.10365 -0.96766
v -0.01171 0.10346 -0.96701
v -0.00931 0.11273 -0.96736
v -0.01906 0.11384 -0.96782
v 0.00030 0.10227 -0.96623
v 0.00234 0.11125 -0.96655
v 0.00450 0.12073 -0.96647
v -0.00681 0.12234 -0.96737
v 0.01625 0.11905 -0.96558
v 0.01436 0.10974 -0.96566
v 0.02449 0.10837 -0.96518
v 0.01233 0.10088 -0.96535
v 0.02234 0.09955 -0.96483
v 0.01045 0.09220 -0.96468
v 0.02026 0.09093 -0.96410
v 0.03066 0.09801 -0.96476
v 0.03310 0.10684 -0.96522
v 0.01809 0.12854 -0.96533
v 0.00664 0.13059 -0.96611
v -0.00439 0.13249 -0.96705
v 0.00841 0.13935 -0.96572
v -0.00261 0.14171 -0.96667
v 0.00952 0.14550 -0.96497
v -0.00184 0.14828 -0.96603
v -0.01460 0.13403 -0.96781
v -0.01672 0.12368 -0.96795
v -0.01318 0.14360 -0.96757
v -0.02673 0.11409 -0.96807
v -0.03649 0.10188 -0.96770
v -0.03478 0.11309 -0.96816
v -0.03343 0.12383 -0.96851
v -0.04279 0.12250 -0.96855
v -0.04288 0.13364 -0.96901
v -0.03279 0.13457 -0.96878
v -0.02484 0.12428 -0.96830
v -0.02342 0.13477 -0.96835
v 0.03685 0.06841 -0.95830
v 0.04523 0.06550 -0.95863
v 0.05384 0.06275 -0.95895
v 0.06275 0.06043 -0.95914
v 0.04656 0.06312 -0.95280
v 0.04739 0.06137 -0.94479
v 0.03814 0.06046 -0.92790
v -0.04446 0.14886 -0.92997
v -0.03181 0.15200 -0.93194
v -0.01945 0.15041 -0.92856
v -0.01755 0.15338 -0.93339
v -0.01625 0.15590 -0.93962
v -0.00363 0.15329 -0.93596
v -0.01513 0.15758 -0.94676
v -0.00231 0.15464 -0.94338
v -0.01418 0.15815 -0.95355
v -0.00092 0.15504 -0.95048
v -0.01360 0.15777 -0.95896
v -0.00082 0.15471 -0.95643
v -0.01332 0.15667 -0.96301
v -0.00119 0.15379 -0.96110
v -0.00154 0.15197 -0.96431
v -0.01307 0.15462 -0.96574
v 0.01025 0.14892 -0.96295
v -0.01284 0.15062 -0.96714
v 0.01096 0.15057 -0.95927
v -0.02362 0.15872 -0.96479
v -0.02307 0.15645 -0.96708
v -0.02427 0.16001 -0.96126
v -0.03388 0.15963 -0.96626
v -0.03345 0.15714 -0.96824
v -0.03439 0.16118 -0.96311
v 0.01154 0.15139 -0.95403
v 0.01154 0.15172 -0.94760
v 0.02347 0.14859 -0.94501
v 0.02364 0.14820 -0.95191
v 0.02310 0.14737 -0.95775
v 0.01058 0.15145 -0.94031
v -0.02534 0.16051 -0.95630
v -0.03534 0.16192 -0.95843
v -0.02685 0.15991 -0.94976
v -0.03684 0.16149 -0.95194
v -0.04511 0.16115 -0.96436
v -0.02843 0.15805 -0.94273
v -0.02993 0.15527 -0.93665
v 0.00899 0.15044 -0.93278
v -0.12128 0.09920 -0.96334
v -0.11678 0.09083 -0.96343
v -0.10943 0.09317 -0.96460
v -0.11294 0.10099 -0.96461
v -0.10413 0.08724 -0.96486
v -0.09710 0.08884 -0.96567
v -0.09883 0.09590 -0.96589
v -0.08889 0.08876 -0.96632
v -0.08900 0.09733 -0.96681
v -0.08946 0.10659 -0.96727
v -0.08046 0.09728 -0.96716
v -0.08056 0.10738 -0.96768
v -0.09005 0.11598 -0.96759
v -0.08115 0.11761 -0.96811
v -0.09093 0.12506 -0.96779
v -0.09272 0.13302 -0.96793
v -0.08397 0.13642 -0.96877
v -0.08645 0.14269 -0.96873
v -0.08224 0.12756 -0.96847
v -0.07215 0.11867 -0.96829
v -0.07328 0.12942 -0.96879
v -0.07160 0.10763 -0.96777
v -0.10038 0.10423 -0.96617
v -0.08086 0.08792 -0.96663
v 0.10415 0.06842 -0.90038
v 0.10207 0.06939 -0.89100
v 0.10812 0.07567 -0.88970
v 0.09987 0.07024 -0.88270
v 0.10562 0.07643 -0.88141
v 0.09779 0.07105 -0.87624
v 0.10331 0.07717 -0.87505
v 0.09288 0.06553 -0.88423
v 0.09107 0.06641 -0.87758
v 0.09553 0.07204 -0.87225
v 0.08943 0.06753 -0.87358
v 0.10064 0.07810 -0.87112
v 0.10967 0.08363 -0.88054
v 0.10712 0.08409 -0.87417
v 0.11239 0.08317 -0.88895
v 0.11443 0.09128 -0.88863
v 0.11161 0.09126 -0.88015
v 0.10889 0.09133 -0.87380
v 0.10429 0.08481 -0.87035
v 0.10605 0.09180 -0.87007
v 0.10118 0.08585 -0.86817
v 0.10308 0.09258 -0.86795
v 0.11411 0.09961 -0.88847
v 0.11650 0.09942 -0.89808
v 0.11149 0.09920 -0.88005
v 0.10890 0.09890 -0.87386
v 0.10640 0.09904 -0.87025
v 0.10511 0.10666 -0.87077
v 0.10373 0.09946 -0.86812
v 0.10022 0.10020 -0.86600
v 0.09783 0.10066 -0.86586
v 0.09462 0.10620 -0.86979
v 0.09549 0.10072 -0.86928
v 0.09089 0.09966 -0.87598
v 0.09063 0.10440 -0.87633
v 0.09026 0.09499 -0.87596
v 0.09506 0.09503 -0.86921
v 0.08641 0.09574 -0.87955
v 0.08883 0.09055 -0.87616
v 0.08496 0.09147 -0.87963
v 0.09365 0.08948 -0.86943
v 0.08699 0.09996 -0.87941
v 0.09735 0.09459 -0.86573
v 0.09552 0.08857 -0.86593
v 0.09961 0.09380 -0.86584
v 0.09761 0.08744 -0.86602
v 0.08667 0.10391 -0.87942
v 0.08606 0.10710 -0.87953
v 0.08237 0.10476 -0.88116
v 0.08272 0.10895 -0.88056
v 0.08247 0.10082 -0.88141
v -0.05632 0.15994 -0.96493
v -0.05618 0.15779 -0.96760
v -0.04489 0.15925 -0.96723
v -0.05590 0.15500 -0.96920
v -0.06761 0.15540 -0.96754
v -0.06716 0.15271 -0.96908
v -0.04462 0.15654 -0.96898
v -0.05518 0.15052 -0.96981
v -0.04403 0.15195 -0.96967
v -0.03290 0.15260 -0.96910
v -0.04332 0.14404 -0.96948
v -0.03258 0.14474 -0.96904
v -0.02257 0.15214 -0.96817
v -0.02257 0.14464 -0.96836
v -0.05414 0.14281 -0.96958
v -0.05325 0.13239 -0.96903
v -0.06615 0.14851 -0.96969
v -0.07810 0.14974 -0.96868
v -0.07667 0.14589 -0.96938
v -0.07886 0.15221 -0.96709
v -0.06786 0.15759 -0.96497
v -0.07934 0.15427 -0.96453
v -0.07475 0.13905 -0.96926
v -0.06472 0.14118 -0.96949
v -0.06352 0.13101 -0.96895
v -0.05260 0.12101 -0.96848
v -0.06251 0.11976 -0.96838
v 0.09105 0.08386 -0.87000
v 0.08670 0.08628 -0.87663
v 0.08288 0.08773 -0.87971
v 0.08075 0.09240 -0.88121
v 0.07921 0.08794 -0.88075
v 0.07568 0.09331 -0.88189
v 0.07836 0.08384 -0.88039
v 0.08115 0.08500 -0.87997
v 0.08374 0.08243 -0.87747
v 0.08767 0.07886 -0.87107
v 0.08197 0.09677 -0.88145
v 0.07635 0.09767 -0.88220
v 0.07677 0.10164 -0.88232
v 0.07116 0.09832 -0.88257
v 0.07149 0.10240 -0.88270
v 0.07063 0.09390 -0.88224
v 0.06592 0.09901 -0.88279
v 0.06636 0.10311 -0.88292
v 0.06021 0.09987 -0.88281
v 0.07190 0.10689 -0.88267
v 0.07717 0.10589 -0.88218
v 0.06682 0.10763 -0.88291
v 0.07239 0.11282 -0.88199
v 0.07784 0.11122 -0.88143
v 0.03416 0.14592 -0.94273
v 0.03463 0.14548 -0.95012
v 0.04478 0.14312 -0.94864
v 0.03419 0.14460 -0.95662
v 0.05432 0.14084 -0.94734
v 0.05381 0.10069 -0.88230
v 0.10426 0.12096 -0.95038
v -0.06806 -0.06744 -0.92534
v -0.06663 -0.07333 -0.91996
v -0.05907 -0.06926 -0.91953
v -0.06001 -0.06527 -0.92407
v -0.07577 -0.06949 -0.92703
v -0.06755 -0.06314 -0.93091
v -0.07539 -0.06522 -0.93233
v -0.07533 -0.07482 -0.92266
v -0.07479 -0.08094 -0.91969
v -0.06795 -0.08063 -0.91735
v -0.07373 -0.08748 -0.91796
v -0.06763 -0.08751 -0.91601
v -0.06074 -0.08771 -0.91347
v -0.06063 -0.08094 -0.91444
v -0.06652 -0.09478 -0.91570
v -0.05981 -0.09520 -0.91337
v -0.05247 -0.08794 -0.91030
v -0.05240 -0.08101 -0.91125
v -0.05178 -0.09557 -0.91023
v -0.05853 -0.10299 -0.91409
v -0.05080 -0.10348 -0.91108
v -0.05727 -0.11085 -0.91556
v -0.04973 -0.11146 -0.91278
v -0.06506 -0.10238 -0.91624
v -0.06361 -0.11007 -0.91743
v -0.04209 -0.10379 -0.90709
v -0.04279 -0.09577 -0.90617
v -0.04301 -0.08803 -0.90625
v -0.04261 -0.08093 -0.90731
v -0.03036 -0.07482 -0.90464
v -0.04161 -0.07507 -0.90922
v -0.03168 -0.08083 -0.90235
v -0.02193 -0.08113 -0.89677
v -0.02039 -0.07501 -0.89941
v -0.02903 -0.06988 -0.90803
v -0.04068 -0.07033 -0.91201
v -0.01861 -0.07006 -0.90326
v -0.03280 -0.08801 -0.90120
v -0.02309 -0.08823 -0.89536
v -0.03319 -0.09583 -0.90111
v -0.02368 -0.09601 -0.89515
v -0.05141 -0.07543 -0.91284
v -0.05929 -0.07525 -0.91587
v -0.05690 -0.07179 -0.91673
v -0.05060 -0.07109 -0.91495
v -0.07227 -0.09447 -0.91734
v -0.07775 -0.09433 -0.91869
v -0.07952 -0.08773 -0.91966
v -0.08566 -0.08828 -0.92134
v -0.08356 -0.09440 -0.92012
v -0.09017 -0.09467 -0.92170
v -0.09263 -0.08919 -0.92310
v -0.08859 -0.10077 -0.92131
v -0.08189 -0.10101 -0.91986
v -0.09738 -0.09516 -0.92349
v -0.09646 -0.10051 -0.92315
v -0.10021 -0.09063 -0.92508
v -0.08780 -0.08286 -0.92356
v -0.09530 -0.08447 -0.92544
v -0.08961 -0.07821 -0.92667
v -0.08115 -0.08170 -0.92168
v -0.08241 -0.07634 -0.92472
v -0.09757 -0.08058 -0.92855
v -0.07611 -0.10134 -0.91870
v -0.07070 -0.10179 -0.91764
v -0.07469 -0.10855 -0.91943
v -0.06921 -0.10926 -0.91861
v -0.07339 -0.11575 -0.92063
v -0.06778 -0.11665 -0.91998
v -0.07966 -0.11501 -0.92137
v -0.08067 -0.10795 -0.92035
v -0.08316 -0.07165 -0.92884
v -0.08326 -0.06774 -0.93393
v -0.07425 -0.06218 -0.93814
v -0.08272 -0.06476 -0.93955
v -0.09154 -0.07063 -0.93572
v -0.09089 -0.07415 -0.93072
v -0.09154 -0.06783 -0.94122
v -0.10082 -0.07137 -0.94301
v -0.10047 -0.07393 -0.93756
v -0.08175 -0.06284 -0.94531
v -0.09100 -0.06597 -0.94673
v -0.08063 -0.06213 -0.95084
v -0.09008 -0.06522 -0.95193
v -0.07275 -0.06039 -0.94417
v -0.07138 -0.05989 -0.95000
v -0.10051 -0.06976 -0.94829
v -0.09968 -0.06919 -0.95308
v -0.10926 -0.07411 -0.95382
v -0.11009 -0.07446 -0.94951
v -0.09849 -0.06954 -0.95730
v -0.10796 -0.07445 -0.95757
v -0.08900 -0.06554 -0.95658
v -0.11036 -0.07573 -0.94457
v -0.10980 -0.07799 -0.93926
v -0.09936 -0.07711 -0.93257
v -0.10556 -0.08374 -0.93021
v -0.10818 -0.08088 -0.93428
v -0.10323 -0.08660 -0.92753
v -0.11143 -0.08877 -0.93063
v -0.11634 -0.08607 -0.93564
v -0.06596 -0.06024 -0.93695
v -0.05944 -0.06158 -0.92968
v -0.05778 -0.05909 -0.93595
v -0.05055 -0.06076 -0.92854
v -0.04940 -0.05885 -0.93511
v -0.05093 -0.06381 -0.92274
v -0.05073 -0.06740 -0.91816
v -0.04010 -0.06640 -0.91587
v -0.03983 -0.06316 -0.92095
v -0.03969 -0.06079 -0.92714
v -0.03936 -0.05952 -0.93404
v -0.03852 -0.05952 -0.94114
v -0.04760 -0.05839 -0.94195
v -0.04577 -0.05928 -0.94862
v -0.03738 -0.06073 -0.94801
v -0.02667 -0.06119 -0.93950
v -0.02690 -0.06250 -0.94671
v -0.02638 -0.06087 -0.93210
v -0.05563 -0.05806 -0.94251
v -0.02631 -0.06156 -0.92485
v -0.01377 -0.06279 -0.92148
v -0.01330 -0.06250 -0.92911
v -0.02676 -0.06324 -0.91820
v -0.01500 -0.06397 -0.91440
v -0.06399 -0.05874 -0.94323
v -0.05378 -0.05844 -0.94895
v -0.06237 -0.05859 -0.94938
v -0.05271 -0.05996 -0.95475
v -0.06147 -0.05964 -0.95492
v -0.05207 -0.06219 -0.95959
v -0.06095 -0.06155 -0.95959
v -0.04449 -0.06121 -0.95462
v -0.04363 -0.06371 -0.95956
v -0.07051 -0.06056 -0.95526
v 0.04009 -0.07111 -0.87361
v 0.03811 -0.06924 -0.87646
v 0.03037 -0.07600 -0.87178
v 0.03347 -0.07642 -0.87070
v 0.04962 -0.06711 -0.87491
v 0.05047 -0.06526 -0.87746
v 0.05058 -0.06990 -0.87239
v 0.06012 -0.06733 -0.87265
v 0.06054 -0.06485 -0.87490
v 0.05179 -0.07167 -0.87182
v 0.06049 -0.06912 -0.87214
v 0.04513 -0.07502 -0.87104
v 0.04714 -0.07645 -0.87400
v 0.05327 -0.07312 -0.87457
v 0.04026 -0.07924 -0.86977
v 0.04243 -0.08046 -0.87294
v 0.03639 -0.08513 -0.86817
v 0.03850 -0.08603 -0.87143
v 0.03492 -0.09308 -0.86710
v 0.03654 -0.09318 -0.87035
v 0.04083 -0.09442 -0.87642
v 0.04314 -0.08931 -0.87733
v 0.03650 -0.10110 -0.87030
v 0.04095 -0.09974 -0.87620
v 0.03863 -0.10860 -0.87109
v 0.04347 -0.10507 -0.87674
v 0.03502 -0.10155 -0.86706
v 0.03701 -0.10963 -0.86788
v 0.04736 -0.09588 -0.88034
v 0.04831 -0.09134 -0.88016
v 0.04762 -0.10021 -0.88034
v 0.04688 -0.08466 -0.87839
v 0.05094 -0.08079 -0.87917
v 0.04965 -0.08760 -0.88004
v 0.05308 -0.08588 -0.88067
v 0.05596 -0.07749 -0.87967
v 0.03376 -0.08469 -0.86761
v 0.03262 -0.09313 -0.86640
v 0.02971 -0.08422 -0.86784
v 0.03762 -0.07815 -0.86958
v 0.04298 -0.07353 -0.87138
v 0.02686 -0.08414 -0.86836
v 0.02871 -0.09301 -0.86627
v 0.02611 -0.09294 -0.86663
v 0.02534 -0.07714 -0.87321
v 0.02284 -0.08475 -0.86974
v 0.02961 -0.07114 -0.87817
v 0.06140 -0.07075 -0.87483
v 0.07059 -0.06997 -0.87436
v 0.07052 -0.06808 -0.87163
v 0.06270 -0.07513 -0.87992
v 0.07009 -0.07474 -0.87961
v 0.06376 -0.08152 -0.88137
v 0.06983 -0.08098 -0.88113
v 0.07785 -0.07151 -0.87342
v 0.07563 -0.07650 -0.87893
v 0.07849 -0.06952 -0.87049
v 0.08358 -0.07462 -0.87233
v 0.08473 -0.07263 -0.86910
v 0.08000 -0.07903 -0.87822
v 0.07457 -0.08202 -0.88074
v 0.07003 -0.08757 -0.88169
v 0.07484 -0.08742 -0.88128
v 0.06456 -0.08845 -0.88199
v 0.05788 -0.08349 -0.88118
v 0.05890 -0.08978 -0.88192
v 0.05957 -0.09493 -0.88253
v 0.06531 -0.09406 -0.88257
v 0.05338 -0.09103 -0.88142
v 0.05346 -0.09577 -0.88203
v 0.07068 -0.06630 -0.87206
v 0.07137 -0.06402 -0.87416
v 0.07921 -0.06771 -0.87081
v 0.08054 -0.06536 -0.87285
v 0.06174 -0.06331 -0.87719
v 0.07228 -0.06271 -0.87638
v 0.05355 -0.06315 -0.88199
v 0.06389 -0.06187 -0.88139
v 0.05657 -0.06078 -0.88892
v 0.04706 -0.06191 -0.88990
v 0.04330 -0.06502 -0.88269
v 0.06625 -0.06015 -0.88827
v 0.07382 -0.06162 -0.88050
v 0.08300 -0.06294 -0.87909
v 0.08162 -0.06398 -0.87504
v 0.08587 -0.07091 -0.86929
v 0.08781 -0.06861 -0.87133
v 0.09030 -0.07507 -0.86782
v 0.08890 -0.07671 -0.86767
v 0.09303 -0.07291 -0.86996
v 0.09444 -0.08065 -0.86663
v 0.09765 -0.07879 -0.86884
v 0.09265 -0.08206 -0.86652
v 0.03419 -0.06658 -0.88438
v 0.02211 -0.07232 -0.88028
v 0.02573 -0.06767 -0.88653
v 0.01441 -0.07317 -0.88275
v 0.01235 -0.07921 -0.87828
v 0.01919 -0.07829 -0.87540
v 0.00626 -0.07401 -0.88583
v 0.00458 -0.08007 -0.88187
v -0.00209 -0.07477 -0.88964
v -0.00369 -0.08083 -0.88615
v -0.01087 -0.07512 -0.89419
v 0.00014 -0.06994 -0.89455
v -0.00885 -0.07025 -0.89852
v -0.01246 -0.08120 -0.89115
v -0.01349 -0.08831 -0.88945
v -0.00451 -0.08799 -0.88411
v -0.01386 -0.09611 -0.88904
v -0.00450 -0.09588 -0.88346
v -0.00367 -0.10394 -0.88407
v -0.01344 -0.10412 -0.88979
v 0.00545 -0.10359 -0.87906
v -0.00210 -0.11167 -0.88562
v 0.00726 -0.11132 -0.88052
v -0.01211 -0.11193 -0.89142
v 0.00426 -0.09539 -0.87862
v -0.02345 -0.10412 -0.89604
v -0.02219 -0.11211 -0.89784
v -0.03169 -0.11204 -0.90391
v -0.03283 -0.10394 -0.90204
v 0.00392 -0.08733 -0.87950
v 0.01191 -0.09478 -0.87434
v 0.01151 -0.08654 -0.87549
v -0.01673 -0.06636 -0.90828
v -0.00654 -0.06665 -0.90408
v -0.02773 -0.06601 -0.91255
v -0.00423 -0.06437 -0.91075
v 0.00277 -0.06637 -0.90074
v 0.00545 -0.06405 -0.90797
v 0.01161 -0.06575 -0.89809
v 0.01449 -0.06337 -0.90576
v 0.00782 -0.06298 -0.91590
v -0.00232 -0.06335 -0.91830
v 0.01707 -0.06208 -0.91395
v 0.00874 -0.06924 -0.89132
v 0.01728 -0.06848 -0.88874
v 0.02036 -0.06507 -0.89590
v 0.03202 -0.06180 -0.90178
v 0.02329 -0.06265 -0.90378
v 0.02913 -0.06426 -0.89384
v 0.03452 -0.06015 -0.91015
v 0.02589 -0.06111 -0.91209
v 0.04311 -0.05903 -0.90824
v 0.04510 -0.05814 -0.91719
v 0.03660 -0.05940 -0.91892
v 0.04078 -0.06072 -0.89973
v 0.02802 -0.06056 -0.92070
v 0.03797 -0.06317 -0.89169
v 0.01766 -0.08567 -0.87217
v 0.01781 -0.09401 -0.87074
v 0.02262 -0.09327 -0.86810
v 0.01956 -0.10244 -0.87098
v 0.02464 -0.10213 -0.86817
v 0.02216 -0.11037 -0.87231
v 0.02754 -0.11029 -0.86938
v 0.02795 -0.10195 -0.86653
v 0.03010 -0.10173 -0.86613
v 0.03316 -0.10161 -0.86632
v 0.03513 -0.10998 -0.86721
v 0.03229 -0.11015 -0.86710
v 0.03051 -0.11021 -0.86760
v 0.03446 -0.11752 -0.86913
v 0.03650 -0.11760 -0.86860
v 0.03088 -0.11736 -0.87103
v 0.02498 -0.11734 -0.87417
v 0.02825 -0.12322 -0.87652
v 0.01793 -0.11773 -0.87803
v 0.02083 -0.12375 -0.88054
v 0.02420 -0.12874 -0.88373
v 0.03225 -0.12813 -0.87971
v 0.01569 -0.12961 -0.88829
v 0.01239 -0.12446 -0.88516
v 0.00958 -0.11833 -0.88260
v 0.03975 -0.12814 -0.87630
v 0.03484 -0.12320 -0.87315
v 0.03648 -0.13197 -0.88412
v 0.04495 -0.13181 -0.88090
v 0.02794 -0.13270 -0.88794
v 0.01545 -0.11080 -0.87604
v 0.01335 -0.10308 -0.87466
v 0.05405 -0.13223 -0.87848
v 0.04539 -0.12866 -0.87412
v 0.03929 -0.12362 -0.87110
v 0.04818 -0.12836 -0.87284
v 0.04172 -0.12375 -0.87040
v 0.03929 -0.11731 -0.86861
v 0.04464 -0.12331 -0.87018
v 0.04106 -0.11692 -0.86922
v 0.04251 -0.11578 -0.87244
v 0.04773 -0.12129 -0.87389
v 0.05178 -0.11532 -0.87910
v 0.04733 -0.11070 -0.87788
v 0.05412 -0.12443 -0.87508
v 0.05699 -0.11806 -0.88016
v 0.06011 -0.12560 -0.87590
v 0.06187 -0.11966 -0.88068
v 0.06678 -0.12593 -0.87632
v 0.06730 -0.12067 -0.88092
v 0.07407 -0.12512 -0.87615
v 0.07333 -0.12048 -0.88089
v 0.07388 -0.12633 -0.87336
v 0.06610 -0.12733 -0.87351
v 0.05913 -0.12731 -0.87297
v 0.06238 -0.11259 -0.88238
v 0.05769 -0.11210 -0.88194
v 0.06722 -0.11275 -0.88242
v 0.05292 -0.12600 -0.87196
v 0.04639 -0.12269 -0.87068
v 0.05116 -0.12709 -0.87177
v 0.05780 -0.12899 -0.87326
v 0.05388 -0.11162 -0.88098
v 0.05165 -0.10849 -0.88071
v 0.04926 -0.10435 -0.88038
v 0.05633 -0.10803 -0.88241
v 0.06170 -0.10762 -0.88305
v 0.05484 -0.10411 -0.88244
v 0.06085 -0.10338 -0.88307
v 0.05579 -0.13106 -0.87545
v 0.06565 -0.12898 -0.87396
v 0.06562 -0.13134 -0.87644
v 0.07435 -0.12769 -0.87372
v 0.07596 -0.12956 -0.87583
v 0.08575 -0.12592 -0.87401
v 0.08338 -0.12425 -0.87226
v 0.06663 -0.13247 -0.87895
v 0.07763 -0.13040 -0.87790
v 0.06945 -0.13290 -0.88314
v 0.07986 -0.13049 -0.88148
v 0.05898 -0.13391 -0.88460
v 0.08749 -0.12655 -0.87586
v 0.08934 -0.12670 -0.87929
v 0.09727 -0.12155 -0.87710
v 0.09550 -0.12102 -0.87372
v 0.09184 -0.12652 -0.88533
v 0.09940 -0.12149 -0.88314
v 0.08286 -0.13021 -0.88751
v 0.10327 -0.11450 -0.87538
v 0.10143 -0.11395 -0.87196
v 0.09359 -0.11998 -0.87192
v 0.09933 -0.11314 -0.87004
v 0.08932 -0.11720 -0.86995
v 0.08228 -0.12289 -0.87202
v 0.09080 -0.11828 -0.87019
v 0.08832 -0.11633 -0.87292
v 0.08181 -0.12163 -0.87490
v 0.08912 -0.10869 -0.87732
v 0.08537 -0.11345 -0.87866
v 0.09254 -0.11100 -0.87108
v 0.09422 -0.11155 -0.86795
v 0.07971 -0.11773 -0.88013
v 0.09618 -0.11211 -0.86816
v 0.10278 -0.10598 -0.86882
v 0.09930 -0.10593 -0.86678
v 0.09690 -0.10597 -0.86662
v 0.04957 -0.13428 -0.88684
v 0.05372 -0.13572 -0.89374
v 0.06308 -0.13467 -0.89140
v 0.05767 -0.13631 -0.90126
v 0.06703 -0.13474 -0.89893
v 0.07678 -0.13245 -0.89696
v 0.07297 -0.13290 -0.88944
v 0.07085 -0.13429 -0.90700
v 0.08045 -0.13164 -0.90510
v 0.07415 -0.13345 -0.91562
v 0.08346 -0.13060 -0.91377
v 0.09217 -0.12716 -0.91210
v 0.08953 -0.12833 -0.90334
v 0.08574 -0.12966 -0.92288
v 0.09414 -0.12621 -0.92126
v 0.08755 -0.12902 -0.93246
v 0.09574 -0.12557 -0.93093
v 0.09982 -0.12324 -0.91053
v 0.10165 -0.12231 -0.91982
v 0.10415 -0.11971 -0.89997
v 0.09748 -0.12443 -0.90157
v 0.10630 -0.11861 -0.90923
v 0.10814 -0.11774 -0.91869
v 0.10321 -0.12166 -0.92958
v 0.08879 -0.12853 -0.94280
v 0.09685 -0.12495 -0.94146
v 0.10423 -0.12091 -0.94019
v 0.07684 -0.13263 -0.92470
v 0.07898 -0.13210 -0.93409
v 0.06798 -0.13523 -0.92674
v 0.07041 -0.13493 -0.93579
v 0.05935 -0.13769 -0.92892
v 0.06187 -0.13765 -0.93752
v 0.05618 -0.13778 -0.92036
v 0.06496 -0.13575 -0.91784
v 0.08039 -0.13175 -0.94406
v 0.07191 -0.13472 -0.94524
v 0.08625 -0.12938 -0.89506
v 0.09467 -0.12557 -0.89304
v 0.10173 -0.12073 -0.89109
v 0.10963 -0.11388 -0.89884
v 0.10745 -0.11455 -0.88959
v 0.11577 -0.10603 -0.90801
v 0.11386 -0.10683 -0.89828
v 0.11166 -0.11293 -0.90839
v 0.11167 -0.10714 -0.88878
v 0.10534 -0.11476 -0.88144
v 0.10941 -0.10683 -0.88049
v 0.10714 -0.10639 -0.87442
v 0.06148 -0.13625 -0.90930
v 0.05261 -0.13782 -0.91201
v 0.04401 -0.13951 -0.91489
v 0.04759 -0.13988 -0.92293
v 0.04878 -0.13753 -0.90407
v 0.04017 -0.13889 -0.90718
v 0.03611 -0.13769 -0.89991
v 0.04480 -0.13659 -0.89660
v 0.02767 -0.13900 -0.90351
v 0.03172 -0.14046 -0.91034
v 0.03196 -0.13566 -0.89338
v 0.02348 -0.13681 -0.89740
v 0.04069 -0.13477 -0.88984
v 0.03551 -0.14140 -0.91768
v 0.03896 -0.14209 -0.92541
v 0.03002 -0.14435 -0.92788
v 0.02687 -0.14340 -0.92041
v 0.03255 -0.14494 -0.93549
v 0.04189 -0.14256 -0.93324
v 0.02026 -0.14682 -0.93041
v 0.02229 -0.14755 -0.93796
v 0.01756 -0.14557 -0.92312
v 0.02328 -0.14210 -0.91345
v 0.01050 -0.14165 -0.91094
v 0.01431 -0.14384 -0.91655
v 0.01932 -0.14033 -0.90718
v 0.05074 -0.14016 -0.93109
v 0.05313 -0.14025 -0.93927
v 0.04394 -0.14264 -0.94108
v 0.08904 -0.09167 -0.96567
v 0.09774 -0.09029 -0.96465
v 0.09706 -0.09810 -0.96500
v 0.09067 -0.10017 -0.96576
v 0.08711 -0.08315 -0.96534
v 0.08112 -0.09325 -0.96630
v 0.07895 -0.08421 -0.96595
v 0.07738 -0.07553 -0.96544
v 0.08570 -0.07526 -0.96490
v 0.07063 -0.08550 -0.96620
v 0.06873 -0.07640 -0.96564
v 0.06014 -0.07815 -0.96548
v 0.06234 -0.08742 -0.96614
v 0.06849 -0.06826 -0.96481
v 0.05963 -0.06987 -0.96463
v 0.07744 -0.06768 -0.96464
v 0.08606 -0.06820 -0.96415
v 0.09307 -0.07488 -0.96417
v 0.09350 -0.06975 -0.96353
v 0.09850 -0.07295 -0.96315
v 0.10235 -0.07860 -0.96301
v 0.09507 -0.08158 -0.96442
v 0.10830 -0.07526 -0.96037
v 0.10315 -0.06939 -0.96086
v 0.09642 -0.06501 -0.96153
v 0.08824 -0.06235 -0.96225
v 0.07922 -0.06139 -0.96276
v 0.07199 -0.05782 -0.95903
v 0.08144 -0.05734 -0.95873
v 0.06999 -0.06190 -0.96294
v 0.09073 -0.05852 -0.95807
v 0.09928 -0.06163 -0.95715
v 0.10089 -0.06021 -0.94990
v 0.09228 -0.05690 -0.95109
v 0.10653 -0.06653 -0.95621
v 0.10826 -0.06529 -0.94876
v 0.06090 -0.06350 -0.96281
v 0.05182 -0.08062 -0.96510
v 0.05106 -0.07225 -0.96421
v 0.04381 -0.08340 -0.96463
v 0.05423 -0.08988 -0.96586
v 0.04630 -0.09251 -0.96549
v 0.04286 -0.07506 -0.96369
v 0.05213 -0.06582 -0.96248
v 0.04369 -0.06862 -0.96202
v 0.03498 -0.07788 -0.96323
v 0.03606 -0.08606 -0.96421
v 0.03555 -0.07154 -0.96157
v 0.02752 -0.07417 -0.96132
v 0.02726 -0.08032 -0.96299
v 0.02842 -0.08827 -0.96401
v 0.03848 -0.09497 -0.96510
v 0.04918 -0.10174 -0.96610
v 0.04121 -0.10395 -0.96569
v 0.05710 -0.09938 -0.96643
v 0.06506 -0.09705 -0.96661
v 0.07311 -0.09499 -0.96659
v 0.05988 -0.10900 -0.96655
v 0.06777 -0.10680 -0.96671
v 0.07569 -0.10458 -0.96666
v 0.08344 -0.10237 -0.96635
v 0.09295 -0.10794 -0.96546
v 0.08609 -0.11091 -0.96612
v 0.09613 -0.11402 -0.96484
v 0.08936 -0.11763 -0.96565
v 0.09888 -0.10479 -0.96464
v 0.10187 -0.11004 -0.96391
v 0.10414 -0.10138 -0.96377
v 0.10659 -0.10585 -0.96306
v 0.10203 -0.09560 -0.96420
v 0.09985 -0.11752 -0.96304
v 0.09300 -0.12158 -0.96397
v 0.10287 -0.11911 -0.95849
v 0.09584 -0.12338 -0.95953
v 0.10562 -0.11293 -0.96203
v 0.10882 -0.11422 -0.95743
v 0.08178 -0.12084 -0.96613
v 0.07849 -0.11365 -0.96649
v 0.08531 -0.12513 -0.96460
v 0.10559 -0.08543 -0.96290
v 0.10810 -0.09203 -0.96271
v 0.11193 -0.08205 -0.96003
v 0.11398 -0.08917 -0.95990
v 0.11599 -0.08004 -0.95500
v 0.11802 -0.08765 -0.95490
v 0.11799 -0.07939 -0.94741
v 0.12009 -0.08739 -0.94728
v 0.12091 -0.08784 -0.93754
v 0.11877 -0.07955 -0.93770
v 0.12106 -0.09606 -0.93759
v 0.12031 -0.09532 -0.94746
v 0.11868 -0.10275 -0.94793
v 0.11931 -0.10372 -0.93785
v 0.11668 -0.10224 -0.95573
v 0.11823 -0.09518 -0.95516
v 0.11321 -0.10228 -0.96043
v 0.11439 -0.09608 -0.96003
v 0.10985 -0.10234 -0.96232
v 0.10934 -0.09816 -0.96253
v 0.11016 -0.10783 -0.96113
v 0.11348 -0.10861 -0.95651
v 0.11532 -0.10940 -0.94862
v 0.11044 -0.11513 -0.94951
v 0.11577 -0.11047 -0.93834
v 0.11504 -0.11145 -0.92781
v 0.11881 -0.10465 -0.92746
v 0.10974 -0.11707 -0.92851
v 0.11064 -0.11617 -0.93913
v 0.11349 -0.11214 -0.91798
v 0.11745 -0.10531 -0.91766
v 0.12081 -0.09683 -0.92733
v 0.11977 -0.09740 -0.91755
v 0.11834 -0.09805 -0.90793
v 0.12086 -0.08839 -0.92734
v 0.11872 -0.07990 -0.92756
v 0.11799 -0.08030 -0.91785
v 0.12007 -0.08885 -0.91758
v 0.11686 -0.08093 -0.90827
v 0.11885 -0.08946 -0.90800
v 0.11505 -0.08179 -0.89852
v 0.11703 -0.09022 -0.89829
v 0.11231 -0.07316 -0.90893
v 0.11060 -0.07410 -0.89916
v 0.11349 -0.07249 -0.91850
v 0.11437 -0.07207 -0.92813
v 0.11464 -0.07180 -0.93820
v 0.10868 -0.06520 -0.93913
v 0.10813 -0.06555 -0.92913
v 0.10700 -0.06605 -0.91956
v 0.11402 -0.07184 -0.94790
v 0.11214 -0.07283 -0.95546
v -0.10733 -0.09316 -0.92716
v -0.10326 -0.09584 -0.92517
v -0.11254 -0.09811 -0.92851
v -0.10486 -0.09986 -0.92550
v -0.11568 -0.10515 -0.92928
v -0.10656 -0.10625 -0.92603
v -0.09659 -0.10693 -0.92348
v -0.10747 -0.11379 -0.92681
v -0.09681 -0.11405 -0.92426
v -0.10720 -0.12129 -0.92811
v -0.09662 -0.12115 -0.92552
v -0.08669 -0.12134 -0.92382
v -0.08727 -0.11443 -0.92250
v -0.09606 -0.12745 -0.92721
v -0.08605 -0.12770 -0.92551
v -0.09585 -0.13243 -0.92918
v -0.08579 -0.13331 -0.92752
v -0.07666 -0.13415 -0.92640
v -0.07756 -0.12826 -0.92447
v -0.07864 -0.12186 -0.92277
v -0.10569 -0.12759 -0.92970
v -0.10336 -0.13145 -0.93073
v -0.09720 -0.13630 -0.93178
v -0.08643 -0.13829 -0.93001
v -0.10648 -0.13325 -0.93310
v -0.11568 -0.12148 -0.93137
v -0.11244 -0.12831 -0.93273
v -0.11673 -0.11338 -0.93010
v -0.08779 -0.10743 -0.92164
v -0.12230 -0.10363 -0.93310
v -0.12309 -0.11273 -0.93384
v -0.11861 -0.09558 -0.93229
v -0.12296 -0.09311 -0.93671
v -0.12665 -0.10203 -0.93726
v -0.12554 -0.09099 -0.94143
v -0.12951 -0.10063 -0.94171
v -0.11862 -0.08346 -0.94064
v -0.12724 -0.11203 -0.93785
v -0.13011 -0.11141 -0.94214
v -0.12737 -0.12182 -0.94297
v -0.12485 -0.12172 -0.93879
v -0.13180 -0.11087 -0.94660
v -0.12889 -0.12182 -0.94733
v -0.13108 -0.09953 -0.94627
v -0.12123 -0.12161 -0.93495
v -0.11956 -0.13011 -0.93978
v -0.11671 -0.12922 -0.93608
v -0.12671 -0.08946 -0.94618
v -0.12675 -0.08857 -0.95040
v -0.13139 -0.09876 -0.95044
v -0.12598 -0.08814 -0.95401
v -0.13071 -0.09822 -0.95405
v -0.13226 -0.11036 -0.95075
v -0.12870 -0.12114 -0.95521
v -0.12932 -0.12161 -0.95147
v -0.13162 -0.10982 -0.95442
v -0.12719 -0.12043 -0.95851
v -0.12093 -0.12997 -0.95969
v -0.12238 -0.13086 -0.95633
v -0.12509 -0.11958 -0.96124
v -0.11889 -0.12879 -0.96239
v -0.11209 -0.13783 -0.96116
v -0.11026 -0.13640 -0.96384
v -0.10023 -0.14257 -0.96531
v -0.10166 -0.14421 -0.96265
v -0.10797 -0.13469 -0.96568
v -0.09838 -0.14061 -0.96708
v -0.08845 -0.14514 -0.96825
v -0.08970 -0.14737 -0.96657
v -0.09059 -0.14923 -0.96397
v -0.11644 -0.12740 -0.96429
v -0.10487 -0.13213 -0.96672
v -0.09574 -0.13755 -0.96803
v -0.11310 -0.12555 -0.96546
v -0.11339 -0.13888 -0.95766
v -0.11399 -0.13936 -0.95351
v -0.12302 -0.13130 -0.95245
v -0.10269 -0.14547 -0.95902
v -0.10319 -0.14607 -0.95445
v -0.12274 -0.13128 -0.94822
v -0.11384 -0.13917 -0.94896
v -0.12807 -0.10879 -0.96046
v -0.12574 -0.10833 -0.96243
v -0.12266 -0.11862 -0.96319
v -0.13013 -0.10928 -0.95770
v -0.12929 -0.09785 -0.95729
v -0.12736 -0.09767 -0.96006
v -0.12465 -0.08799 -0.95725
v -0.12282 -0.08812 -0.96003
v -0.12508 -0.09771 -0.96204
v -0.12052 -0.08862 -0.96208
v -0.11896 -0.11753 -0.96449
v -0.11168 -0.11747 -0.96551
v -0.10916 -0.12365 -0.96599
v -0.10092 -0.12050 -0.96684
v -0.10170 -0.12757 -0.96701
v -0.11360 -0.10888 -0.96503
v -0.10101 -0.11202 -0.96659
v -0.12196 -0.10800 -0.96380
v -0.11838 -0.08026 -0.95404
v -0.11704 -0.08040 -0.95743
v -0.11921 -0.08057 -0.95019
v -0.11941 -0.08157 -0.94569
v -0.11524 -0.08090 -0.96031
v -0.10625 -0.07527 -0.96068
v -0.10406 -0.07660 -0.96298
v -0.11294 -0.08183 -0.96247
v -0.09699 -0.07053 -0.96075
v -0.09507 -0.07223 -0.96330
v -0.08782 -0.06668 -0.96044
v -0.08631 -0.06874 -0.96330
v -0.09255 -0.07533 -0.96491
v -0.10109 -0.07901 -0.96448
v -0.10950 -0.08360 -0.96391
v -0.09006 -0.08056 -0.96580
v -0.09785 -0.08282 -0.96532
v -0.08428 -0.07252 -0.96511
v -0.08217 -0.07872 -0.96607
v -0.07881 -0.06392 -0.96002
v -0.07773 -0.06634 -0.96317
v -0.07966 -0.06256 -0.95582
v -0.06992 -0.06219 -0.95973
v -0.06909 -0.06487 -0.96308
v -0.12156 -0.13084 -0.94387
v -0.11143 -0.13695 -0.94012
v -0.11296 -0.13833 -0.94438
v -0.10100 -0.14238 -0.93934
v -0.09917 -0.13960 -0.93518
v -0.10927 -0.13519 -0.93634
v -0.08954 -0.14648 -0.93788
v -0.10234 -0.14450 -0.94412
v -0.09081 -0.14933 -0.94329
v -0.07937 -0.15290 -0.94217
v -0.07836 -0.14932 -0.93637
v -0.09149 -0.15100 -0.94929
v -0.07991 -0.15511 -0.94886
v -0.06806 -0.15115 -0.93525
v -0.06851 -0.15532 -0.94108
v -0.05840 -0.15646 -0.94028
v -0.05881 -0.15209 -0.93470
v -0.06865 -0.15812 -0.94813
v -0.05787 -0.15963 -0.94730
v -0.05721 -0.16098 -0.95479
v -0.06847 -0.15909 -0.95534
v -0.05664 -0.16052 -0.96109
v -0.04566 -0.16133 -0.96032
v -0.04668 -0.16134 -0.95386
v -0.06814 -0.15834 -0.96132
v -0.04794 -0.15967 -0.94642
v -0.07999 -0.15574 -0.95551
v -0.07974 -0.15495 -0.96104
v -0.09127 -0.15070 -0.96023
v -0.09161 -0.15142 -0.95520
v -0.04919 -0.15646 -0.93969
v -0.05051 -0.15233 -0.93445
v -0.03854 -0.15871 -0.94516
v -0.04019 -0.15571 -0.93883
v -0.04204 -0.15204 -0.93392
v -0.05943 -0.14706 -0.93069
v -0.06766 -0.14614 -0.93098
v -0.05216 -0.14772 -0.93067
v -0.07717 -0.14479 -0.93188
v -0.06791 -0.14071 -0.92801
v -0.07645 -0.13965 -0.92870
v -0.06901 -0.13507 -0.92577
v -0.06067 -0.14174 -0.92783
v -0.06251 -0.13619 -0.92552
v -0.07054 -0.12911 -0.92383
v -0.06449 -0.13024 -0.92346
v -0.05430 -0.14281 -0.92786
v -0.05671 -0.13752 -0.92546
v -0.08791 -0.14272 -0.93340
v -0.10308 -0.14577 -0.94932
v 0.05887 -0.05872 -0.89701
v 0.06828 -0.05851 -0.89630
v 0.06076 -0.05707 -0.90562
v 0.06996 -0.05700 -0.90489
v 0.05180 -0.05786 -0.90666
v 0.04968 -0.05955 -0.89804
v 0.05364 -0.05683 -0.91576
v 0.06382 -0.05542 -0.92438
v 0.05511 -0.05661 -0.92524
v 0.06242 -0.05590 -0.91476
v 0.07145 -0.05582 -0.91407
v 0.07279 -0.05514 -0.92373
v 0.08053 -0.05670 -0.91342
v 0.08188 -0.05589 -0.92308
v 0.09079 -0.05790 -0.92214
v 0.08940 -0.05870 -0.91253
v 0.09924 -0.06124 -0.92088
v 0.10053 -0.06063 -0.93046
v 0.09204 -0.05723 -0.93183
v 0.10571 -0.06678 -0.91002
v 0.09786 -0.06199 -0.91132
v 0.08301 -0.05532 -0.93290
v 0.09267 -0.05675 -0.94179
v 0.08346 -0.05506 -0.94290
v 0.10123 -0.06015 -0.94041
v 0.07915 -0.05781 -0.90414
v 0.08805 -0.05972 -0.90309
v 0.07760 -0.05911 -0.89543
v 0.08652 -0.06086 -0.89410
v 0.07578 -0.06038 -0.88735
v 0.08478 -0.06188 -0.88587
v 0.09645 -0.06298 -0.90172
v 0.09474 -0.06404 -0.89248
v 0.06474 -0.05563 -0.93417
v 0.07378 -0.05490 -0.93359
v 0.07407 -0.05505 -0.94357
v 0.06488 -0.05628 -0.94400
v 0.05524 -0.05958 -0.95275
v 0.05602 -0.05823 -0.94435
v 0.06418 -0.05734 -0.95271
v 0.07345 -0.05579 -0.95251
v 0.05599 -0.05718 -0.93482
v 0.04743 -0.05904 -0.93560
v 0.04661 -0.05816 -0.92641
v 0.01942 -0.13372 -0.89229
v 0.01508 -0.13790 -0.90168
v 0.01079 -0.13459 -0.89712
v 0.00612 -0.13891 -0.90629
v 0.00151 -0.13543 -0.90255
v 0.00674 -0.13028 -0.89347
v -0.00285 -0.13097 -0.89938
v 0.00317 -0.12497 -0.89044
v -0.00664 -0.12549 -0.89649
v 0.00020 -0.11874 -0.88781
v -0.00975 -0.11910 -0.89381
v -0.01991 -0.11953 -0.90025
v -0.01686 -0.12620 -0.90299
v -0.02984 -0.11978 -0.90645
v -0.02725 -0.12692 -0.90945
v -0.01305 -0.13195 -0.90583
v -0.00862 -0.13655 -0.90860
v -0.01944 -0.13795 -0.91512
v -0.01495 -0.14165 -0.91750
v -0.00390 -0.14014 -0.91154
v -0.03134 -0.13923 -0.92076
v -0.02663 -0.14315 -0.92295
v -0.04219 -0.13955 -0.92394
v -0.03828 -0.14396 -0.92628
v -0.05297 -0.13300 -0.92264
v -0.05045 -0.13880 -0.92517
v -0.04542 -0.13400 -0.92131
v -0.03543 -0.13409 -0.91816
v -0.04742 -0.14371 -0.92761
v -0.03458 -0.14770 -0.92885
v -0.02243 -0.14646 -0.92544
v -0.01076 -0.14476 -0.92034
v -0.02370 -0.13313 -0.91253
v -0.03800 -0.12732 -0.91480
v 0.00049 -0.14310 -0.91521
v 0.00404 -0.14571 -0.92003
v 0.00683 -0.14794 -0.92607
v -0.00528 -0.15032 -0.92965
v -0.00755 -0.14767 -0.92430
v 0.08295 -0.05548 -0.95200
v 0.07059 -0.11613 -0.96658
v 0.07381 -0.12363 -0.96631
v 0.06572 -0.12605 -0.96617
v 0.06265 -0.11837 -0.96640
v 0.06886 -0.13083 -0.96493
v 0.07717 -0.12818 -0.96492
v 0.06033 -0.13310 -0.96473
v 0.05746 -0.12811 -0.96585
v 0.06246 -0.13565 -0.96123
v 0.07118 -0.13318 -0.96115
v 0.05134 -0.13505 -0.96447
v 0.05325 -0.13779 -0.96128
v 0.04881 -0.12988 -0.96549
v 0.04624 -0.12209 -0.96566
v 0.05460 -0.12033 -0.96605
v 0.05193 -0.11109 -0.96622
v 0.04378 -0.11303 -0.96580
v 0.03751 -0.12381 -0.96533
v 0.03536 -0.11481 -0.96543
v 0.03970 -0.13160 -0.96519
v 0.02645 -0.11646 -0.96535
v 0.02829 -0.12560 -0.96523
v 0.03015 -0.13354 -0.96508
v 0.04182 -0.13691 -0.96425
v 0.03186 -0.13903 -0.96421
v 0.02120 -0.14159 -0.96454
v 0.01981 -0.13581 -0.96534
v 0.03323 -0.14208 -0.96164
v 0.02226 -0.14481 -0.96226
v 0.04348 -0.13982 -0.96137
v 0.04451 -0.14129 -0.95613
v 0.05427 -0.13914 -0.95547
v 0.06345 -0.13684 -0.95489
v 0.07218 -0.13422 -0.95433
v 0.07968 -0.13035 -0.96087
v 0.08070 -0.13127 -0.95366
v 0.08799 -0.12711 -0.96034
v 0.08908 -0.12798 -0.95281
v 0.06331 -0.13745 -0.94642
v 0.09705 -0.12426 -0.95175
v -0.07205 -0.12267 -0.92211
v -0.06626 -0.12370 -0.92160
v -0.06072 -0.12494 -0.92101
v -0.05892 -0.13161 -0.92316
v -0.05481 -0.12621 -0.92006
v -0.06222 -0.11766 -0.91908
v -0.05606 -0.11864 -0.91761
v -0.04742 -0.12709 -0.91826
v -0.04862 -0.11937 -0.91523
v -0.03973 -0.11976 -0.91156
v -0.04106 -0.11184 -0.90893
v -0.03633 -0.06285 -0.95420
v -0.03551 -0.06551 -0.95925
v -0.02685 -0.06463 -0.95323
v -0.02662 -0.06730 -0.95855
v -0.01462 -0.06651 -0.95159
v -0.01525 -0.06910 -0.95741
v -0.00124 -0.06587 -0.94214
v -0.00216 -0.06807 -0.94957
v -0.01365 -0.06435 -0.94455
v 0.01059 -0.06591 -0.94014
v 0.01005 -0.06821 -0.94774
v -0.00294 -0.07050 -0.95587
v -0.00326 -0.07327 -0.96045
v -0.01555 -0.07218 -0.96159
v 0.00891 -0.07331 -0.95921
v 0.00879 -0.07721 -0.96221
v -0.00268 -0.07732 -0.96325
v 0.01947 -0.07216 -0.95835
v 0.01893 -0.07612 -0.96149
v 0.02015 -0.06941 -0.95326
v 0.02942 -0.06738 -0.95276
v 0.02847 -0.07009 -0.95808
v 0.00939 -0.07061 -0.95434
v 0.00914 -0.08325 -0.96379
v -0.00221 -0.08375 -0.96474
v 0.01901 -0.08211 -0.96316
v -0.01549 -0.07667 -0.96417
v -0.01492 -0.08366 -0.96558
v -0.02473 -0.08263 -0.96606
v -0.01368 -0.09283 -0.96646
v -0.02333 -0.09259 -0.96691
v -0.00102 -0.09220 -0.96564
v -0.02567 -0.07521 -0.96472
v -0.02627 -0.07052 -0.96235
v -0.03471 -0.06867 -0.96284
v -0.03367 -0.07327 -0.96507
v 0.02074 -0.06698 -0.94642
v 0.02100 -0.06458 -0.93866
v 0.03025 -0.06274 -0.93751
v 0.03010 -0.06501 -0.94560
v 0.02052 -0.06274 -0.93066
v 0.02954 -0.06114 -0.92923
v 0.01053 -0.06405 -0.93223
v 0.03882 -0.06276 -0.94507
v 0.03803 -0.06486 -0.95266
v 0.03892 -0.06088 -0.93651
v -0.00083 -0.06426 -0.93425
v -0.01351 -0.06304 -0.93689
v -0.00112 -0.06336 -0.92626
v 0.00960 -0.06301 -0.92413
v 0.01916 -0.06186 -0.92240
v -0.04273 -0.06669 -0.96308
v -0.05125 -0.06503 -0.96309
v -0.06018 -0.06434 -0.96305
v -0.04988 -0.06925 -0.96521
v -0.05879 -0.06869 -0.96515
v -0.04809 -0.07617 -0.96632
v -0.05689 -0.07548 -0.96620
v -0.06574 -0.07618 -0.96617
v -0.06765 -0.06934 -0.96514
v -0.05505 -0.08489 -0.96682
v -0.06396 -0.08508 -0.96676
v -0.05369 -0.09624 -0.96742
v -0.06275 -0.09559 -0.96733
v -0.05280 -0.10822 -0.96806
v -0.06223 -0.10712 -0.96796
v -0.04486 -0.09823 -0.96763
v -0.04356 -0.11008 -0.96822
v -0.04632 -0.08629 -0.96700
v -0.07262 -0.08592 -0.96674
v -0.07416 -0.07734 -0.96615
v -0.07178 -0.09577 -0.96731
v -0.03986 -0.07834 -0.96640
v -0.03817 -0.08897 -0.96716
v -0.04146 -0.07105 -0.96523
v -0.07608 -0.07062 -0.96515
v -0.03233 -0.08080 -0.96631
v -0.03069 -0.09135 -0.96713
v -0.02136 -0.10303 -0.96757
v -0.02878 -0.10263 -0.96778
v -0.01171 -0.10244 -0.96713
v -0.00931 -0.11170 -0.96752
v -0.01906 -0.11281 -0.96800
v 0.00030 -0.10125 -0.96634
v 0.00234 -0.11023 -0.96671
v 0.00450 -0.11971 -0.96668
v -0.00681 -0.12131 -0.96758
v 0.01625 -0.11804 -0.96578
v 0.01436 -0.10873 -0.96581
v 0.02449 -0.10736 -0.96533
v 0.01233 -0.09987 -0.96546
v 0.02234 -0.09854 -0.96492
v 0.01045 -0.09119 -0.96474
v 0.02026 -0.08992 -0.96415
v 0.03066 -0.09700 -0.96485
v 0.03310 -0.10583 -0.96535
v 0.01809 -0.12752 -0.96558
v 0.00664 -0.12957 -0.96637
v -0.00439 -0.13147 -0.96733
v 0.00841 -0.13833 -0.96603
v -0.00261 -0.14069 -0.96699
v 0.00952 -0.14449 -0.96530
v -0.00184 -0.14727 -0.96638
v -0.01460 -0.13300 -0.96809
v -0.01672 -0.12265 -0.96818
v -0.01318 -0.14258 -0.96790
v -0.02673 -0.11307 -0.96824
v -0.03649 -0.10086 -0.96781
v -0.03478 -0.11206 -0.96833
v -0.03343 -0.12280 -0.96874
v -0.04279 -0.12147 -0.96877
v -0.04288 -0.13261 -0.96929
v -0.03279 -0.13354 -0.96906
v -0.02484 -0.12326 -0.96853
v -0.02342 -0.13374 -0.96864
v 0.03685 -0.06743 -0.95823
v 0.04523 -0.06452 -0.95855
v 0.05384 -0.06177 -0.95885
v 0.06275 -0.05945 -0.95903
v 0.04656 -0.06217 -0.95270
v 0.04739 -0.06047 -0.94468
v 0.03814 -0.05965 -0.92779
v -0.04446 -0.14803 -0.93032
v -0.03181 -0.15116 -0.93232
v -0.01945 -0.14959 -0.92893
v -0.01755 -0.15254 -0.93377
v -0.01625 -0.15503 -0.94002
v -0.00363 -0.15243 -0.93634
v -0.01513 -0.15666 -0.94717
v -0.00231 -0.15374 -0.94376
v -0.01418 -0.15720 -0.95396
v -0.00092 -0.15410 -0.95087
v -0.01360 -0.15679 -0.95937
v -0.00082 -0.15375 -0.95682
v -0.01332 -0.15567 -0.96341
v -0.00119 -0.15280 -0.96148
v -0.00154 -0.15097 -0.96469
v -0.01307 -0.15360 -0.96613
v 0.01025 -0.14792 -0.96331
v -0.01284 -0.14960 -0.96750
v 0.01096 -0.14959 -0.95963
v -0.02362 -0.15771 -0.96519
v -0.02307 -0.15543 -0.96748
v -0.02427 -0.15902 -0.96168
v -0.03388 -0.15861 -0.96668
v -0.03345 -0.15611 -0.96864
v -0.03439 -0.16018 -0.96353
v 0.01154 -0.15044 -0.95440
v 0.01154 -0.15080 -0.94797
v 0.02347 -0.14768 -0.94536
v 0.02364 -0.14726 -0.95226
v 0.02310 -0.14640 -0.95810
v 0.01058 -0.15056 -0.94069
v -0.02534 -0.15955 -0.95672
v -0.03534 -0.16095 -0.95885
v -0.02685 -0.15898 -0.95017
v -0.03684 -0.16055 -0.95236
v -0.04511 -0.16014 -0.96478
v -0.02843 -0.15716 -0.94314
v -0.02993 -0.15441 -0.93704
v 0.00899 -0.14960 -0.93315
v -0.12128 -0.09820 -0.96343
v -0.11678 -0.08983 -0.96348
v -0.10943 -0.09216 -0.96466
v -0.11294 -0.09998 -0.96472
v -0.10413 -0.08623 -0.96489
v -0.09710 -0.08783 -0.96571
v -0.09883 -0.09488 -0.96597
v -0.08889 -0.08775 -0.96636
v -0.08900 -0.09631 -0.96689
v -0.08946 -0.10557 -0.96740
v -0.08046 -0.09626 -0.96724
v -0.08056 -0.10636 -0.96782
v -0.09005 -0.11496 -0.96777
v -0.08115 -0.11658 -0.96830
v -0.09093 -0.12403 -0.96802
v -0.09272 -0.13199 -0.96820
v -0.08397 -0.13539 -0.96906
v -0.08645 -0.14166 -0.96906
v -0.08224 -0.12653 -0.96871
v -0.07215 -0.11764 -0.96849
v -0.07328 -0.12839 -0.96905
v -0.07160 -0.10660 -0.96791
v -0.10038 -0.10321 -0.96629
v -0.08086 -0.08690 -0.96666
v 0.10415 -0.06775 -0.90031
v 0.10207 -0.06877 -0.89093
v 0.10812 -0.07506 -0.88968
v 0.09987 -0.06966 -0.88264
v 0.10562 -0.07586 -0.88139
v 0.09779 -0.07050 -0.87619
v 0.10331 -0.07663 -0.87503
v 0.09288 -0.06495 -0.88415
v 0.09107 -0.06586 -0.87751
v 0.09553 -0.07152 -0.87221
v 0.08943 -0.06700 -0.87351
v 0.10064 -0.07758 -0.87111
v 0.10967 -0.08307 -0.88056
v 0.10712 -0.08356 -0.87419
v 0.11239 -0.08256 -0.88896
v 0.11443 -0.09067 -0.88868
v 0.11161 -0.09070 -0.88020
v 0.10889 -0.09080 -0.87385
v 0.10429 -0.08430 -0.87037
v 0.10605 -0.09129 -0.87013
v 0.10118 -0.08535 -0.86819
v 0.10308 -0.09208 -0.86801
v 0.11411 -0.09900 -0.88857
v 0.11650 -0.09877 -0.89818
v 0.11149 -0.09864 -0.88015
v 0.10890 -0.09837 -0.87396
v 0.10640 -0.09853 -0.87034
v 0.10511 -0.10614 -0.87090
v 0.10373 -0.09896 -0.86821
v 0.10022 -0.09971 -0.86610
v 0.09783 -0.10017 -0.86596
v 0.09462 -0.10569 -0.86992
v 0.09549 -0.10022 -0.86938
v 0.09089 -0.09912 -0.87608
v 0.09063 -0.10385 -0.87645
v 0.09026 -0.09445 -0.87603
v 0.09506 -0.09453 -0.86928
v 0.08641 -0.09518 -0.87963
v 0.08883 -0.09000 -0.87621
v 0.08496 -0.09091 -0.87968
v 0.09365 -0.08897 -0.86948
v 0.08699 -0.09940 -0.87951
v 0.09735 -0.09410 -0.86580
v 0.09552 -0.08808 -0.86597
v 0.09961 -0.09331 -0.86591
v 0.09761 -0.08695 -0.86606
v 0.08667 -0.10335 -0.87954
v 0.08606 -0.10654 -0.87967
v 0.08237 -0.10419 -0.88129
v 0.08272 -0.10839 -0.88071
v 0.08247 -0.10025 -0.88151
v -0.05632 -0.15893 -0.96534
v -0.05618 -0.15677 -0.96801
v -0.04489 -0.15822 -0.96764
v -0.05590 -0.15397 -0.96958
v -0.06761 -0.15437 -0.96793
v -0.06716 -0.15168 -0.96946
v -0.04462 -0.15551 -0.96937
v -0.05518 -0.14949 -0.97017
v -0.04403 -0.15091 -0.97004
v -0.03290 -0.15157 -0.96947
v -0.04332 -0.14300 -0.96981
v -0.03258 -0.14371 -0.96938
v -0.02257 -0.15112 -0.96854
v -0.02257 -0.14361 -0.96869
v -0.05414 -0.14178 -0.96991
v -0.05325 -0.13136 -0.96930
v -0.06615 -0.14747 -0.97005
v -0.07810 -0.14871 -0.96904
v -0.07667 -0.14486 -0.96972
v -0.07886 -0.15119 -0.96747
v -0.06786 -0.15658 -0.96537
v -0.07934 -0.15326 -0.96492
v -0.07475 -0.13801 -0.96956
v -0.06472 -0.14014 -0.96981
v -0.06352 -0.12998 -0.96921
v -0.05260 -0.11998 -0.96869
v -0.06251 -0.11873 -0.96859
v 0.09105 -0.08335 -0.87002
v 0.08670 -0.08573 -0.87666
v 0.08288 -0.08717 -0.87974
v 0.08075 -0.09183 -0.88127
v 0.07921 -0.08737 -0.88078
v 0.07568 -0.09274 -0.88195
v 0.07836 -0.08327 -0.88040
v 0.08115 -0.08444 -0.87999
v 0.08374 -0.08188 -0.87748
v 0.08767 -0.07835 -0.87106
v 0.08197 -0.09620 -0.88153
v 0.07635 -0.09709 -0.88229
v 0.07677 -0.10106 -0.88243
v 0.07116 -0.09775 -0.88266
v 0.07149 -0.10182 -0.88281
v 0.07063 -0.09332 -0.88230
v 0.06592 -0.09843 -0.88288
v 0.06636 -0.10254 -0.88303
v 0.06021 -0.09929 -0.88291
v 0.07190 -0.10632 -0.88280
v 0.07717 -0.10532 -0.88231
v 0.06682 -0.10706 -0.88305
v 0.07239 -0.11224 -0.88216
v 0.07784 -0.11065 -0.88159
v 0.03416 -0.14502 -0.94307
v 0.03463 -0.14455 -0.95046
v 0.04478 -0.14220 -0.94897
v 0.03419 -0.14363 -0.95695
v 0.05432 -0.13993 -0.94765
v 0.05381 -0.10012 -0.88240
v 0.10426 -0.12002 -0.95059
v 0.09603 -0.12865 -0.85419
v 0.10766 -0.09863 -0.84836
v 0.09641 -0.06877 -0.85382
v 0.06799 -0.06052 -0.85669
v 0.03919 -0.06854 -0.85340
v 0.02561 -0.09859 -0.84685
v 0.03865 -0.12864 -0.85306
v 0.09986 -0.12931 -0.76735
v 0.11251 -0.10064 -0.76570
v 0.10224 -0.07157 -0.76874
v 0.07211 -0.06350 -0.77161
v 0.04070 -0.07282 -0.77360
v 0.02646 -0.10055 -0.77309
v 0.03994 -0.12979 -0.77268
v 0.07164 -0.13933 -0.77000
v 0.10475 -0.14196 -0.64710
v 0.12186 -0.09942 -0.64270
v 0.10805 -0.05882 -0.65057
v 0.06857 -0.04980 -0.66471
v 0.02742 -0.06953 -0.66921
v 0.00970 -0.10164 -0.66941
v 0.02611 -0.13607 -0.66567
v 0.06486 -0.15655 -0.65695
v 0.08509 -0.13719 -0.55465
v 0.10095 -0.09997 -0.55039
v 0.08707 -0.06395 -0.55500
v 0.04789 -0.05016 -0.56609
v 0.00908 -0.06813 -0.57694
v -0.00900 -0.10058 -0.58096
v 0.00719 -0.13533 -0.57628
v 0.04632 -0.15430 -0.56551
v 0.06982 -0.13416 -0.51632
v 0.08532 -0.09948 -0.51382
v 0.07088 -0.06574 -0.51726
v 0.03276 -0.05168 -0.52542
v -0.00379 -0.06815 -0.53635
v -0.01798 -0.10063 -0.54176
v -0.00303 -0.13418 -0.53585
v 0.03282 -0.15057 -0.52482
v 0.01939 -0.10160 -0.72150
v 0.03522 -0.07213 -0.72110
v 0.07270 -0.05850 -0.71766
v 0.10821 -0.06749 -0.71035
v 0.11911 -0.10012 -0.70546
v 0.10424 -0.13389 -0.70776
v 0.07071 -0.14737 -0.71414
v 0.03477 -0.13334 -0.71938
v 0.02799 -0.09954 -0.81014
v 0.04184 -0.07091 -0.81224
v 0.07031 -0.06325 -0.81234
v 0.09849 -0.07099 -0.81086
v 0.11020 -0.09972 -0.80787
v 0.09713 -0.12838 -0.80995
v 0.06951 -0.13698 -0.81114
v 0.04010 -0.12873 -0.81155
v -0.00173 -0.10065 -0.61786
v 0.01749 -0.06692 -0.61426
v 0.05907 -0.04652 -0.60579
v 0.09980 -0.05984 -0.59179
v 0.11351 -0.10062 -0.58607
v 0.09629 -0.14170 -0.59130
v 0.05544 -0.15749 -0.60274
v 0.01495 -0.13641 -0.61382
v 0.09129 -0.12304 -0.85973
v 0.10060 -0.09867 -0.85464
v 0.09141 -0.07443 -0.85943
v 0.06846 -0.06722 -0.86211
v 0.04519 -0.07427 -0.85897
v 0.03431 -0.09864 -0.85321
v 0.04470 -0.12299 -0.85872
v 0.06759 -0.12953 -0.86180
v 0.08826 -0.12041 -0.85341
v 0.09643 -0.09863 -0.84885
v 0.08820 -0.07697 -0.85328
v 0.06809 -0.07071 -0.85599
v 0.04739 -0.07664 -0.85255
v 0.03735 -0.09861 -0.84732
v 0.04668 -0.12059 -0.85231
v 0.06730 -0.12590 -0.85545
v 0.08258 -0.11577 -0.84271
v 0.08908 -0.09859 -0.83951
v 0.08215 -0.08154 -0.84299
v 0.06704 -0.07695 -0.84553
v 0.05117 -0.08123 -0.84229
v 0.04296 -0.09861 -0.83871
v 0.05023 -0.11609 -0.84208
v 0.06643 -0.12024 -0.84475
v 0.07707 -0.11047 -0.83865
v 0.07978 -0.09859 -0.83658
v 0.07663 -0.08686 -0.83894
v 0.06591 -0.08520 -0.83982
v 0.05495 -0.08663 -0.83841
v 0.05113 -0.09863 -0.83619
v 0.05424 -0.11072 -0.83826
v 0.06548 -0.11220 -0.83947
v 0.03851 -0.06745 -0.84771
v 0.06830 -0.05923 -0.85091
v 0.09777 -0.06773 -0.84842
v 0.10948 -0.09869 -0.84343
v 0.09718 -0.12981 -0.84877
v 0.06771 -0.13820 -0.85041
v 0.03773 -0.12986 -0.84738
v 0.02432 -0.09865 -0.84156
v 0.04609 -0.12645 -0.47596
v 0.05965 -0.09864 -0.47677
v 0.04752 -0.07082 -0.47261
v 0.01659 -0.05877 -0.47609
v -0.01175 -0.07233 -0.48814
v -0.01887 -0.10136 -0.49560
v -0.00920 -0.12891 -0.48839
v 0.01704 -0.14123 -0.47535
v 0.03773 -0.11648 -0.49591
v 0.04493 -0.09947 -0.49711
v 0.03845 -0.08247 -0.49707
v 0.02104 -0.07514 -0.49880
v 0.00499 -0.08319 -0.50630
v 0.00014 -0.10093 -0.51142
v 0.00653 -0.11798 -0.50649
v 0.02176 -0.12462 -0.49790
v 0.03499 -0.11311 -0.50102
v 0.03824 -0.09974 -0.50323
v 0.03503 -0.08643 -0.50226
v 0.02235 -0.08357 -0.50574
v 0.01016 -0.08738 -0.50987
v 0.00834 -0.10061 -0.51339
v 0.01124 -0.11351 -0.51001
v 0.02291 -0.11665 -0.50457
v -0.01455 -0.06627 -0.50671
v 0.02047 -0.04938 -0.49242
v 0.05891 -0.06445 -0.48702
v 0.07445 -0.09899 -0.48669
v 0.05690 -0.13370 -0.48754
v 0.02088 -0.15098 -0.49155
v -0.01232 -0.13529 -0.50667
v -0.02526 -0.10129 -0.51453
v 0.05241 -0.10704 -0.83716
v 0.04553 -0.11093 -0.84042
v 0.04081 -0.11412 -0.84997
v 0.03824 -0.11575 -0.85619
v 0.03053 -0.11967 -0.85025
v 0.02933 -0.12056 -0.84472
v 0.03228 -0.11989 -0.81097
v 0.03152 -0.12083 -0.77302
v 0.02568 -0.12340 -0.72054
v 0.01644 -0.12488 -0.66760
v 0.00500 -0.12510 -0.61623
v -0.00233 -0.12443 -0.57885
v -0.01145 -0.12376 -0.53906
v -0.01975 -0.12475 -0.51139
v -0.01480 -0.12034 -0.49264
v 0.00284 -0.11271 -0.50925
v 0.00981 -0.10951 -0.51190
v 0.00901 -0.09157 -0.51174
v 0.00167 -0.08894 -0.50904
v -0.01672 -0.08186 -0.49235
v -0.02134 -0.07746 -0.51092
v -0.01176 -0.07826 -0.53924
v -0.00019 -0.07804 -0.57922
v 0.00760 -0.07739 -0.61601
v 0.01770 -0.07961 -0.66958
v 0.02600 -0.08093 -0.72147
v 0.03239 -0.08104 -0.77360
v 0.03388 -0.07946 -0.81144
v 0.03025 -0.07680 -0.84494
v 0.03122 -0.07757 -0.85047
v 0.03874 -0.08156 -0.85631
v 0.04149 -0.08313 -0.85006
v 0.04634 -0.08638 -0.84049
v 0.05295 -0.09029 -0.83723
v 0.02745 -0.10019 -0.78653
v 0.03338 -0.08067 -0.78737
v 0.04148 -0.07239 -0.78764
v 0.07137 -0.06391 -0.78626
v 0.10054 -0.07177 -0.78386
v 0.11133 -0.10042 -0.78091
v 0.09859 -0.12879 -0.78263
v 0.07093 -0.13818 -0.78468
v 0.04029 -0.12921 -0.78664
v 0.03211 -0.12031 -0.78671
v 0.03020 -0.12163 -0.75718
v 0.02470 -0.10094 -0.75745
v 0.03080 -0.08111 -0.75760
v 0.03942 -0.07286 -0.75738
v 0.07280 -0.06245 -0.75493
v 0.10424 -0.07088 -0.75118
v 0.11425 -0.10067 -0.74781
v 0.10129 -0.13024 -0.74959
v 0.07203 -0.14121 -0.75320
v 0.03888 -0.13074 -0.75659
v 0.01971 -0.12455 -0.68428
v 0.01309 -0.10186 -0.68599
v 0.02063 -0.08039 -0.68634
v 0.03015 -0.07071 -0.68606
v 0.07045 -0.05267 -0.68215
v 0.10919 -0.06155 -0.67060
v 0.12205 -0.09972 -0.66354
v 0.10549 -0.13977 -0.66696
v 0.06733 -0.15412 -0.67566
v 0.02926 -0.13541 -0.68268
v 0.00896 -0.12516 -0.63384
v 0.00221 -0.10088 -0.63564
v 0.01116 -0.07781 -0.63458
v 0.02112 -0.06730 -0.63339
v 0.06307 -0.04652 -0.62618
v 0.10339 -0.05808 -0.61045
v 0.11765 -0.10011 -0.60364
v 0.10000 -0.14293 -0.60891
v 0.05886 -0.15814 -0.62017
v 0.01881 -0.13657 -0.63144
v -0.00562 -0.12394 -0.56234
v -0.01228 -0.10056 -0.56465
v -0.00432 -0.07848 -0.56295
v 0.00447 -0.06868 -0.56061
v 0.04213 -0.05151 -0.54969
v 0.08048 -0.06514 -0.53960
v 0.09460 -0.09962 -0.53517
v 0.07916 -0.13543 -0.53886
v 0.04139 -0.15241 -0.54912
v 0.00347 -0.13459 -0.55968
v 0.00119 -0.12487 -0.59751
v -0.00552 -0.10059 -0.59927
v 0.00378 -0.07752 -0.59725
v 0.01344 -0.06732 -0.59513
v 0.05386 -0.04809 -0.58537
v 0.09424 -0.06202 -0.57318
v 0.10777 -0.10048 -0.56818
v 0.09128 -0.13956 -0.57315
v 0.05132 -0.15613 -0.58456
v 0.01104 -0.13600 -0.59509
v 0.03661 -0.10925 -0.50216
v 0.04176 -0.11128 -0.49636
v 0.05352 -0.11769 -0.47641
v 0.06584 -0.12262 -0.48747
v 0.07878 -0.12323 -0.51467
v 0.08786 -0.12404 -0.53674
v 0.09396 -0.12540 -0.55232
v 0.10055 -0.12738 -0.57048
v 0.10618 -0.12915 -0.58849
v 0.11039 -0.13004 -0.60610
v 0.11488 -0.12925 -0.64453
v 0.11504 -0.12773 -0.66464
v 0.11242 -0.12351 -0.70604
v 0.10860 -0.12131 -0.74845
v 0.10706 -0.12070 -0.76636
v 0.10587 -0.12027 -0.78167
v 0.10471 -0.11977 -0.80893
v 0.10478 -0.12055 -0.84643
v 0.10329 -0.11971 -0.85161
v 0.09717 -0.11578 -0.85743
v 0.09346 -0.11396 -0.85132
v 0.08677 -0.11064 -0.84115
v 0.07860 -0.10680 -0.83753
v 0.03666 -0.09030 -0.50265
v 0.04220 -0.08778 -0.49673
v 0.05546 -0.07959 -0.47347
v 0.06825 -0.07528 -0.48673
v 0.07962 -0.07620 -0.51542
v 0.08909 -0.07585 -0.53716
v 0.09565 -0.07517 -0.55234
v 0.10291 -0.07390 -0.57008
v 0.10860 -0.07218 -0.58811
v 0.11224 -0.07046 -0.60610
v 0.11671 -0.07037 -0.64604
v 0.11763 -0.07249 -0.66683
v 0.11581 -0.07724 -0.70794
v 0.11113 -0.07985 -0.74963
v 0.10918 -0.08028 -0.76738
v 0.10765 -0.08033 -0.78256
v 0.10592 -0.07957 -0.80959
v 0.10526 -0.07713 -0.84587
v 0.10361 -0.07784 -0.85104
v 0.09726 -0.08172 -0.85703
v 0.09342 -0.08342 -0.85107
v 0.08644 -0.08661 -0.84126
v 0.07825 -0.09044 -0.83773
v 0.03137 -0.11462 -0.50206
v 0.03254 -0.12039 -0.49601
v 0.03676 -0.13361 -0.47570
v 0.04568 -0.14347 -0.48744
v 0.05792 -0.14315 -0.51881
v 0.06717 -0.14484 -0.54196
v 0.07284 -0.14683 -0.55794
v 0.07858 -0.14923 -0.57676
v 0.08297 -0.15127 -0.59497
v 0.08623 -0.15240 -0.61259
v 0.09141 -0.15099 -0.65049
v 0.09296 -0.14840 -0.67003
v 0.09358 -0.14169 -0.71002
v 0.09183 -0.13655 -0.75088
v 0.09062 -0.13518 -0.76834
v 0.08941 -0.13445 -0.78347
v 0.08784 -0.13377 -0.81062
v 0.08731 -0.13531 -0.85008
v 0.08653 -0.13397 -0.85573
v 0.08342 -0.12737 -0.86119
v 0.08129 -0.12416 -0.85481
v 0.07719 -0.11882 -0.84395
v 0.07318 -0.11144 -0.83902
v 0.01496 -0.11515 -0.50861
v 0.01139 -0.12212 -0.50320
v -0.00127 -0.13574 -0.48310
v -0.00216 -0.14367 -0.50086
v 0.00805 -0.14272 -0.53205
v 0.01538 -0.14354 -0.55636
v 0.01961 -0.14468 -0.57299
v 0.02391 -0.14573 -0.59188
v 0.02799 -0.14643 -0.61045
v 0.03178 -0.14675 -0.62797
v 0.03876 -0.14599 -0.66296
v 0.04173 -0.14480 -0.68053
v 0.04660 -0.14119 -0.71780
v 0.05018 -0.13711 -0.75559
v 0.05085 -0.13579 -0.77190
v 0.05087 -0.13497 -0.78613
v 0.05014 -0.13417 -0.81165
v 0.04810 -0.13537 -0.84906
v 0.04867 -0.13397 -0.85481
v 0.05258 -0.12728 -0.86032
v 0.05382 -0.12425 -0.85394
v 0.05585 -0.11900 -0.84346
v 0.05800 -0.11156 -0.83870
v 0.03086 -0.08514 -0.50394
v 0.03259 -0.07820 -0.49716
v 0.03727 -0.06381 -0.47277
v 0.04651 -0.05570 -0.48787
v 0.05896 -0.05723 -0.51964
v 0.06867 -0.05643 -0.54276
v 0.07510 -0.05489 -0.55855
v 0.08187 -0.05265 -0.57736
v 0.08728 -0.05053 -0.59687
v 0.09102 -0.04928 -0.61641
v 0.09586 -0.05123 -0.65630
v 0.09714 -0.05428 -0.67521
v 0.09718 -0.06081 -0.71312
v 0.09443 -0.06486 -0.75265
v 0.09263 -0.06584 -0.76990
v 0.09103 -0.06625 -0.78490
v 0.08908 -0.06565 -0.81170
v 0.08803 -0.06187 -0.85026
v 0.08702 -0.06312 -0.85583
v 0.08384 -0.06979 -0.86120
v 0.08154 -0.07296 -0.85503
v 0.07709 -0.07846 -0.84450
v 0.07300 -0.08593 -0.83937
v 0.01391 -0.08536 -0.50852
v 0.00976 -0.07839 -0.50317
v -0.00369 -0.06433 -0.48321
v -0.00464 -0.05691 -0.50151
v 0.00690 -0.05960 -0.53277
v 0.01560 -0.06017 -0.55736
v 0.02061 -0.05946 -0.57381
v 0.02552 -0.05826 -0.59238
v 0.03002 -0.05744 -0.61205
v 0.03391 -0.05771 -0.63177
v 0.04014 -0.06040 -0.66847
v 0.04271 -0.06218 -0.68543
v 0.04727 -0.06514 -0.72040
v 0.05041 -0.06694 -0.75679
v 0.05116 -0.06717 -0.77315
v 0.05153 -0.06695 -0.78743
v 0.05153 -0.06561 -0.81256
v 0.04865 -0.06175 -0.84956
v 0.04901 -0.06301 -0.85535
v 0.05311 -0.06970 -0.86079
v 0.05451 -0.07272 -0.85446
v 0.05672 -0.07817 -0.84397
v 0.05864 -0.08572 -0.83896
v 0.10549 -0.07752 -0.84052
v 0.09799 -0.06830 -0.84253
v 0.08833 -0.06256 -0.84391
v 0.06888 -0.06000 -0.84418
v 0.04949 -0.06246 -0.84298
v 0.03951 -0.06807 -0.84145
v 0.03131 -0.07726 -0.83919
v 0.02530 -0.09879 -0.83639
v 0.03013 -0.12039 -0.83897
v 0.03839 -0.12957 -0.84115
v 0.04864 -0.13502 -0.84251
v 0.06810 -0.13781 -0.84360
v 0.08740 -0.13491 -0.84364
v 0.09718 -0.12946 -0.84274
v 0.10487 -0.12036 -0.84092
v 0.10978 -0.09882 -0.83851
v 0.11354 -0.07889 -0.72908
v 0.10637 -0.06958 -0.73103
v 0.09606 -0.06322 -0.73310
v 0.07307 -0.06072 -0.73644
v 0.04912 -0.06619 -0.73871
v 0.03756 -0.07254 -0.73935
v 0.02859 -0.08098 -0.73967
v 0.02222 -0.10130 -0.73969
v 0.02816 -0.12258 -0.73916
v 0.03709 -0.13204 -0.73831
v 0.04871 -0.13906 -0.73705
v 0.07173 -0.14401 -0.73402
v 0.09293 -0.13879 -0.73079
v 0.10289 -0.13173 -0.72904
v 0.11054 -0.12214 -0.72762
v 0.11671 -0.10043 -0.72697
v 0.11731 -0.07503 -0.68732
v 0.10926 -0.06469 -0.69028
v 0.09760 -0.05767 -0.69382
v 0.07180 -0.05578 -0.69950
v 0.04507 -0.06386 -0.70256
v 0.03271 -0.07161 -0.70323
v 0.02334 -0.08082 -0.70354
v 0.01630 -0.10183 -0.70331
v 0.02278 -0.12406 -0.70187
v 0.03210 -0.13449 -0.70050
v 0.04426 -0.14314 -0.69870
v 0.06927 -0.15091 -0.69459
v 0.09364 -0.14506 -0.68973
v 0.10516 -0.13680 -0.68704
v 0.11399 -0.12560 -0.68503
v 0.12097 -0.09997 -0.68441
v 0.05362 -0.14324 -0.50810
v 0.06502 -0.13393 -0.50633
v 0.07405 -0.12304 -0.50506
v 0.08151 -0.09937 -0.50426
v 0.07570 -0.07594 -0.50548
v 0.06680 -0.06531 -0.50688
v 0.05468 -0.05667 -0.50884
v 0.02839 -0.05080 -0.51430
v 0.00281 -0.05861 -0.52212
v -0.00765 -0.06741 -0.52623
v -0.01525 -0.07788 -0.52963
v -0.02070 -0.10084 -0.53269
v -0.01439 -0.12412 -0.52972
v -0.00625 -0.13457 -0.52593
v 0.00450 -0.14310 -0.52144
v 0.02863 -0.15074 -0.51357
v -0.00566 -0.06066 -0.48631
v -0.01455 -0.06948 -0.49153
v -0.02018 -0.07992 -0.49584
v -0.02289 -0.10138 -0.49920
v -0.01832 -0.12234 -0.49619
v -0.01200 -0.13184 -0.49169
v -0.00314 -0.13944 -0.48605
v 0.01737 -0.14575 -0.47750
v 0.03941 -0.13789 -0.47627
v 0.04968 -0.12957 -0.47674
v 0.05784 -0.11978 -0.47708
v 0.06503 -0.09870 -0.47717
v 0.06027 -0.07750 -0.47472
v 0.05147 -0.06774 -0.47426
v 0.04014 -0.05991 -0.47462
v 0.01701 -0.05435 -0.47843
v 0.08494 -0.13055 -0.86063
v 0.09361 -0.12572 -0.85907
v 0.10015 -0.11763 -0.85661
v 0.10402 -0.09866 -0.85363
v 0.10032 -0.07991 -0.85614
v 0.09383 -0.07176 -0.85873
v 0.08540 -0.06664 -0.86063
v 0.06830 -0.06410 -0.86160
v 0.05128 -0.06656 -0.86027
v 0.04249 -0.07161 -0.85841
v 0.03535 -0.07974 -0.85563
v 0.03043 -0.09863 -0.85231
v 0.03483 -0.11756 -0.85546
v 0.04202 -0.12563 -0.85812
v 0.05085 -0.13046 -0.85980
v 0.06758 -0.13672 -0.85626
v 0.06761 -0.13304 -0.86126
v 0.05130 -0.10294 -0.83644
v 0.04334 -0.10489 -0.83917
v 0.03794 -0.10655 -0.84805
v 0.03504 -0.10740 -0.85403
v 0.03125 -0.10831 -0.85318
v 0.02650 -0.10936 -0.84780
v 0.02519 -0.10984 -0.84244
v 0.02609 -0.10982 -0.83711
v 0.02859 -0.10989 -0.81035
v 0.02820 -0.11039 -0.78654
v 0.02740 -0.11086 -0.77304
v 0.02583 -0.11151 -0.75738
v 0.02353 -0.11219 -0.73955
v 0.02084 -0.11271 -0.72119
v 0.01778 -0.11312 -0.70276
v 0.01455 -0.11333 -0.68532
v 0.01116 -0.11337 -0.66875
v 0.00358 -0.11323 -0.63516
v -0.00044 -0.11313 -0.61754
v -0.00427 -0.11297 -0.59890
v -0.00770 -0.11271 -0.58041
v -0.01085 -0.11243 -0.56401
v -0.01630 -0.11242 -0.54107
v -0.01901 -0.11275 -0.53200
v -0.02373 -0.11328 -0.51394
v -0.02159 -0.11213 -0.49856
v -0.01770 -0.11113 -0.49492
v 0.00091 -0.10698 -0.51090
v 0.00879 -0.10516 -0.51303
v 0.05160 -0.09435 -0.83648
v 0.04381 -0.09235 -0.83921
v 0.03837 -0.09067 -0.84810
v 0.03537 -0.08988 -0.85410
v 0.03161 -0.08896 -0.85328
v 0.02700 -0.08785 -0.84793
v 0.02582 -0.08748 -0.84257
v 0.02684 -0.08777 -0.83723
v 0.02955 -0.08924 -0.81058
v 0.02899 -0.09012 -0.78687
v 0.02793 -0.09043 -0.77332
v 0.02616 -0.09058 -0.75755
v 0.02372 -0.09065 -0.73974
v 0.02094 -0.09080 -0.72159
v 0.01803 -0.09089 -0.70357
v 0.01503 -0.09074 -0.68632
v 0.01181 -0.09026 -0.66967
v 0.00475 -0.08892 -0.63539
v 0.00101 -0.08856 -0.61729
v -0.00276 -0.08857 -0.59868
v -0.00644 -0.08883 -0.58057
v -0.01009 -0.08908 -0.56430
v -0.01656 -0.08907 -0.54112
v -0.01958 -0.08904 -0.53187
v -0.02464 -0.08924 -0.51351
v -0.02263 -0.09053 -0.49831
v -0.01873 -0.09149 -0.49477
v 0.00027 -0.09484 -0.51077
v 0.00835 -0.09602 -0.51293
v 0.07941 -0.09439 -0.83692
v 0.08852 -0.09244 -0.84002
v 0.09586 -0.09081 -0.84946
v 0.09998 -0.08996 -0.85528
v 0.10335 -0.08904 -0.85430
v 0.10694 -0.08798 -0.84908
v 0.10873 -0.08764 -0.84407
v 0.10903 -0.08788 -0.83905
v 0.10951 -0.08938 -0.80845
v 0.11089 -0.09011 -0.78148
v 0.11220 -0.09018 -0.76629
v 0.11405 -0.08997 -0.74844
v 0.11657 -0.08934 -0.72771
v 0.11901 -0.08828 -0.70634
v 0.12074 -0.08699 -0.68544
v 0.12145 -0.08549 -0.66459
v 0.12089 -0.08420 -0.64358
v 0.11660 -0.08473 -0.60406
v 0.11271 -0.08600 -0.58640
v 0.10703 -0.08685 -0.56853
v 0.10002 -0.08721 -0.55083
v 0.09357 -0.08735 -0.53570
v 0.08413 -0.08743 -0.51431
v 0.08027 -0.08726 -0.50466
v 0.07317 -0.08679 -0.48668
v 0.06414 -0.08794 -0.47641
v 0.05883 -0.08898 -0.47579
v 0.04429 -0.09347 -0.49695
v 0.03785 -0.09490 -0.50307
v 0.03782 -0.10461 -0.50291
v 0.04411 -0.10552 -0.49687
v 0.05795 -0.10833 -0.47680
v 0.06282 -0.10942 -0.47731
v 0.07166 -0.11107 -0.48714
v 0.07979 -0.11160 -0.50428
v 0.08368 -0.11164 -0.51391
v 0.09270 -0.11205 -0.53557
v 0.09893 -0.11289 -0.55094
v 0.10569 -0.11419 -0.56887
v 0.11153 -0.11525 -0.58680
v 0.11586 -0.11552 -0.60438
v 0.12017 -0.11478 -0.64307
v 0.12017 -0.11411 -0.66353
v 0.11891 -0.11310 -0.68420
v 0.11706 -0.11209 -0.70531
v 0.11484 -0.11156 -0.72692
v 0.11260 -0.11130 -0.74782
v 0.11096 -0.11099 -0.76575
v 0.10982 -0.11063 -0.78101
v 0.10879 -0.11001 -0.80809
v 0.10867 -0.10985 -0.83923
v 0.10845 -0.10986 -0.84432
v 0.10673 -0.10940 -0.84932
v 0.10322 -0.10835 -0.85448
v 0.09990 -0.10742 -0.85544
v 0.09585 -0.10648 -0.84956
v 0.08867 -0.10474 -0.83995
v 0.07959 -0.10278 -0.83682
v 0.02715 -0.11597 -0.50308
v 0.02715 -0.12305 -0.49659
v 0.02700 -0.13866 -0.47528
v 0.02841 -0.14368 -0.47575
v 0.03324 -0.14909 -0.48890
v 0.04124 -0.14887 -0.51054
v 0.04553 -0.14876 -0.52163
v 0.05449 -0.15072 -0.54542
v 0.05978 -0.15274 -0.56162
v 0.06512 -0.15491 -0.58062
v 0.06924 -0.15662 -0.59881
v 0.07246 -0.15751 -0.61636
v 0.07804 -0.15584 -0.65383
v 0.08016 -0.15316 -0.67297
v 0.08161 -0.14972 -0.69228
v 0.08235 -0.14608 -0.71216
v 0.08252 -0.14271 -0.73244
v 0.08209 -0.14001 -0.75204
v 0.08125 -0.13826 -0.76916
v 0.08024 -0.13726 -0.78408
v 0.07871 -0.13624 -0.81093
v 0.07770 -0.13723 -0.84381
v 0.07744 -0.13763 -0.85054
v 0.07699 -0.13618 -0.85634
v 0.07618 -0.13257 -0.86129
v 0.07541 -0.12914 -0.86183
v 0.07422 -0.12560 -0.85546
v 0.07178 -0.11999 -0.84463
v 0.06931 -0.11206 -0.83940
v 0.06175 -0.11210 -0.83920
v 0.06120 -0.12005 -0.84433
v 0.06060 -0.12562 -0.85492
v 0.06010 -0.12907 -0.86126
v 0.05928 -0.13252 -0.86072
v 0.05825 -0.13620 -0.85572
v 0.05803 -0.13767 -0.84990
v 0.05850 -0.13730 -0.84318
v 0.05998 -0.13649 -0.81142
v 0.06117 -0.13761 -0.78540
v 0.06153 -0.13867 -0.77094
v 0.06138 -0.14038 -0.75441
v 0.06040 -0.14291 -0.73559
v 0.05870 -0.14582 -0.71604
v 0.05674 -0.14869 -0.69673
v 0.05447 -0.15123 -0.67818
v 0.05174 -0.15310 -0.65999
v 0.04525 -0.15431 -0.62408
v 0.04163 -0.15384 -0.60667
v 0.03750 -0.15281 -0.58835
v 0.03285 -0.15135 -0.56936
v 0.02824 -0.14980 -0.55281
v 0.02017 -0.14843 -0.52832
v 0.01626 -0.14871 -0.51722
v 0.00898 -0.14906 -0.49559
v 0.00669 -0.14421 -0.48108
v 0.00748 -0.13999 -0.47846
v 0.01651 -0.12451 -0.50031
v 0.01889 -0.11641 -0.50684
v 0.01800 -0.08400 -0.50702
v 0.01519 -0.07584 -0.50066
v 0.00603 -0.06001 -0.47917
v 0.00518 -0.05577 -0.48186
v 0.00732 -0.05120 -0.49649
v 0.01508 -0.05292 -0.51800
v 0.01936 -0.05392 -0.52899
v 0.02843 -0.05423 -0.55354
v 0.03382 -0.05326 -0.57004
v 0.03932 -0.05162 -0.58906
v 0.04427 -0.05036 -0.60926
v 0.04830 -0.05053 -0.62945
v 0.05421 -0.05366 -0.66709
v 0.05646 -0.05610 -0.68421
v 0.05837 -0.05863 -0.70137
v 0.05998 -0.06072 -0.71927
v 0.06111 -0.06245 -0.73773
v 0.06163 -0.06376 -0.75594
v 0.06167 -0.06446 -0.77243
v 0.06148 -0.06459 -0.78690
v 0.06095 -0.06361 -0.81252
v 0.05922 -0.06037 -0.84377
v 0.05853 -0.05962 -0.85049
v 0.05855 -0.06091 -0.85630
v 0.05982 -0.06453 -0.86121
v 0.06082 -0.06771 -0.86172
v 0.06135 -0.07108 -0.85553
v 0.06194 -0.07710 -0.84505
v 0.06229 -0.08523 -0.83953
v 0.02663 -0.08398 -0.50478
v 0.02681 -0.07589 -0.49764
v 0.02703 -0.05998 -0.47399
v 0.02871 -0.05564 -0.47604
v 0.03364 -0.05081 -0.48957
v 0.04177 -0.05198 -0.51125
v 0.04615 -0.05268 -0.52231
v 0.05573 -0.05200 -0.54612
v 0.06184 -0.05037 -0.56228
v 0.06819 -0.04809 -0.58149
v 0.07351 -0.04629 -0.60167
v 0.07741 -0.04580 -0.62185
v 0.08254 -0.04870 -0.66116
v 0.08408 -0.05175 -0.67915
v 0.08495 -0.05514 -0.69697
v 0.08517 -0.05823 -0.71560
v 0.08480 -0.06068 -0.73490
v 0.08380 -0.06250 -0.75386
v 0.08248 -0.06364 -0.77080
v 0.08124 -0.06414 -0.78563
v 0.07969 -0.06362 -0.81211
v 0.07860 -0.06040 -0.84432
v 0.07817 -0.05966 -0.85093
v 0.07752 -0.06096 -0.85662
v 0.07687 -0.06457 -0.86146
v 0.07617 -0.06775 -0.86198
v 0.07484 -0.07120 -0.85586
v 0.07209 -0.07726 -0.84534
v 0.06948 -0.08537 -0.83975
v 0.10562 -0.07885 -0.82234
v 0.09812 -0.07013 -0.82362
v 0.08869 -0.06475 -0.82437
v 0.07930 -0.06272 -0.82461
v 0.06992 -0.06233 -0.82463
v 0.06057 -0.06265 -0.82456
v 0.05115 -0.06462 -0.82432
v 0.04147 -0.06998 -0.82366
v 0.03345 -0.07872 -0.82251
v 0.02907 -0.08872 -0.82142
v 0.02751 -0.09923 -0.82091
v 0.02815 -0.10977 -0.82125
v 0.03189 -0.11991 -0.82218
v 0.03977 -0.12878 -0.82317
v 0.04975 -0.13415 -0.82363
v 0.05951 -0.13641 -0.82369
v 0.06900 -0.13687 -0.82366
v 0.07827 -0.13620 -0.82367
v 0.08751 -0.13383 -0.82355
v 0.09696 -0.12849 -0.82298
v 0.10465 -0.11979 -0.82189
v 0.10871 -0.10984 -0.82092
v 0.11003 -0.09934 -0.82061
v 0.10927 -0.08882 -0.82118
v 0.07540 -0.15731 -0.63473
v 0.08907 -0.15235 -0.63108
v 0.10284 -0.14302 -0.62745
v 0.11331 -0.13003 -0.62468
v 0.11874 -0.11524 -0.62299
v 0.12040 -0.09950 -0.62233
v 0.11924 -0.08385 -0.62294
v 0.11483 -0.06957 -0.62532
v 0.10604 -0.05750 -0.63010
v 0.09381 -0.04936 -0.63643
v 0.08033 -0.04657 -0.64196
v 0.06614 -0.04768 -0.64606
v 0.05154 -0.05175 -0.64893
v 0.03724 -0.05884 -0.65073
v 0.02440 -0.06829 -0.65181
v 0.01450 -0.07865 -0.65249
v 0.00835 -0.08956 -0.65285
v 0.00606 -0.10126 -0.65278
v 0.00751 -0.11332 -0.65218
v 0.01284 -0.12508 -0.65092
v 0.02259 -0.13646 -0.64869
v 0.03539 -0.14662 -0.64544
v 0.04862 -0.15411 -0.64185
v 0.06198 -0.15789 -0.63826
v 0.02387 -0.14869 -0.53904
v 0.01139 -0.14278 -0.54255
v -0.00006 -0.13414 -0.54596
v -0.00876 -0.12367 -0.54879
v -0.01382 -0.11230 -0.55058
v -0.01541 -0.10054 -0.55124
v -0.01365 -0.08913 -0.55078
v -0.00840 -0.07851 -0.54924
v -0.00006 -0.06861 -0.54673
v 0.01081 -0.06013 -0.54342
v 0.02345 -0.05437 -0.53969
v 0.03695 -0.05195 -0.53607
v 0.05039 -0.05276 -0.53282
v 0.06318 -0.05723 -0.52985
v 0.07500 -0.06573 -0.52708
v 0.08366 -0.07619 -0.52490
v 0.08815 -0.08744 -0.52356
v 0.08927 -0.09952 -0.52302
v 0.08755 -0.11173 -0.52324
v 0.08277 -0.12342 -0.52420
v 0.07397 -0.13446 -0.52612
v 0.06205 -0.14355 -0.52898
v 0.04961 -0.14927 -0.53214
v 0.03676 -0.15102 -0.53554
v -0.01522 -0.06737 -0.49920
v -0.00574 -0.05808 -0.49400
v 0.01858 -0.05091 -0.48547
v 0.03127 -0.05226 -0.48286
v 0.05575 -0.06541 -0.48075
v 0.06503 -0.07592 -0.48074
v 0.07105 -0.09887 -0.48125
v 0.06789 -0.11044 -0.48172
v 0.05366 -0.13237 -0.48158
v 0.04290 -0.14188 -0.48125
v -0.00320 -0.14233 -0.49364
v 0.00747 -0.14752 -0.48843
v -0.02494 -0.10136 -0.50710
v -0.02353 -0.11293 -0.50659
v -0.02148 -0.07837 -0.50347
v -0.02446 -0.08974 -0.50607
v -0.01287 -0.13418 -0.49946
v -0.01987 -0.12399 -0.50416
v 0.06229 -0.12162 -0.48175
v 0.06985 -0.08709 -0.48105
v 0.03090 -0.14744 -0.48224
v 0.04367 -0.05694 -0.48134
v 0.00583 -0.05259 -0.48925
v 0.01897 -0.14932 -0.48460
v -0.02248 -0.08907 -0.52275
v -0.01864 -0.07751 -0.52030
v -0.01142 -0.06660 -0.51642
v -0.00124 -0.05747 -0.51166
v 0.01086 -0.05171 -0.50694
v 0.02410 -0.04974 -0.50293
v 0.03742 -0.05108 -0.49989
v 0.05039 -0.05593 -0.49781
v 0.06272 -0.06470 -0.49636
v 0.07183 -0.07550 -0.49549
v 0.07654 -0.08698 -0.49503
v 0.07783 -0.09919 -0.49475
v 0.07593 -0.11151 -0.49476
v 0.06980 -0.12297 -0.49553
v 0.06069 -0.13396 -0.49630
v 0.04940 -0.14355 -0.49716
v 0.03696 -0.14921 -0.49917
v 0.02446 -0.15111 -0.50211
v 0.01235 -0.14914 -0.50604
v 0.00092 -0.14361 -0.51089
v -0.00954 -0.13510 -0.51615
v -0.01738 -0.12458 -0.52050
v -0.02172 -0.11312 -0.52298
v -0.02335 -0.10109 -0.52366
v 0.04928 -0.13445 -0.83403
v 0.03921 -0.12908 -0.83310
v 0.03116 -0.12008 -0.83153
v 0.02728 -0.10975 -0.83017
v 0.02657 -0.09898 -0.82965
v 0.02813 -0.08823 -0.83030
v 0.03257 -0.07798 -0.83177
v 0.04068 -0.06903 -0.83343
v 0.05046 -0.06357 -0.83453
v 0.05999 -0.06155 -0.83509
v 0.06946 -0.06121 -0.83540
v 0.07898 -0.06160 -0.83557
v 0.08850 -0.06367 -0.83538
v 0.09802 -0.06920 -0.83448
v 0.10552 -0.07814 -0.83300
v 0.10913 -0.08829 -0.83180
v 0.10990 -0.09902 -0.83130
v 0.10869 -0.10979 -0.83179
v 0.10473 -0.12002 -0.83304
v 0.09701 -0.12888 -0.83435
v 0.08740 -0.13423 -0.83492
v 0.07797 -0.13656 -0.83491
v 0.06857 -0.13718 -0.83469
v 0.05906 -0.13669 -0.83444
v 0.06056 -0.13690 -0.79873
v 0.05052 -0.13445 -0.79921
v 0.04027 -0.12887 -0.79943
v 0.03232 -0.12002 -0.79919
v 0.02858 -0.11009 -0.79881
v 0.02794 -0.09986 -0.79871
v 0.02950 -0.08971 -0.79911
v 0.03385 -0.08012 -0.79978
v 0.04184 -0.07171 -0.80031
v 0.05163 -0.06638 -0.80035
v 0.06123 -0.06425 -0.80005
v 0.07076 -0.06378 -0.79963
v 0.08030 -0.06411 -0.79920
v 0.08982 -0.06617 -0.79862
v 0.09927 -0.07157 -0.79768
v 0.10655 -0.08009 -0.79640
v 0.11000 -0.08982 -0.79530
v 0.11058 -0.10009 -0.79472
v 0.10912 -0.11029 -0.79488
v 0.10509 -0.11995 -0.79562
v 0.09766 -0.12850 -0.79661
v 0.08845 -0.13401 -0.79736
v 0.07936 -0.13662 -0.79781
v 0.07016 -0.13743 -0.79822
v 0.03138 -0.09069 -0.50554
v 0.03194 -0.09533 -0.50627
v 0.03215 -0.09993 -0.50651
v 0.03202 -0.10454 -0.50606
v 0.03163 -0.10922 -0.50478
v 0.02741 -0.10955 -0.50643
v 0.02760 -0.10465 -0.50796
v 0.02763 -0.10006 -0.50847
v 0.02746 -0.09548 -0.50816
v 0.02710 -0.09058 -0.50713
v 0.02299 -0.09069 -0.50848
v 0.02332 -0.09564 -0.50966
v 0.02347 -0.10018 -0.50994
v 0.02349 -0.10473 -0.50945
v 0.02335 -0.10964 -0.50802
v 0.01941 -0.10928 -0.50991
v 0.01946 -0.10466 -0.51090
v 0.01940 -0.10030 -0.51129
v 0.01926 -0.09595 -0.51114
v 0.01891 -0.09126 -0.50994
v 0.01471 -0.09159 -0.51094
v 0.01491 -0.09607 -0.51207
v 0.01507 -0.10041 -0.51244
v 0.01522 -0.10473 -0.51210
v 0.01534 -0.10915 -0.51104
v 0.03441 -0.07250 -0.48808
v 0.04198 -0.07793 -0.48816
v 0.04689 -0.08478 -0.48856
v 0.04965 -0.09183 -0.48914
v 0.05047 -0.09915 -0.48943
v 0.04933 -0.10654 -0.48926
v 0.04613 -0.11363 -0.48878
v 0.04070 -0.12018 -0.48834
v 0.03393 -0.12539 -0.48829
v 0.02703 -0.12915 -0.48865
v 0.02010 -0.13160 -0.48965
v 0.01325 -0.13084 -0.49233
v 0.00678 -0.12769 -0.49608
v 0.00069 -0.12252 -0.50033
v -0.00380 -0.11591 -0.50383
v -0.00618 -0.10876 -0.50583
v -0.00713 -0.10118 -0.50642
v -0.00698 -0.09354 -0.50563
v -0.00530 -0.08613 -0.50350
v -0.00131 -0.07884 -0.50000
v 0.00474 -0.07278 -0.49600
v 0.01174 -0.06951 -0.49273
v 0.01934 -0.06859 -0.49029
v 0.02689 -0.06954 -0.48877
v 0.01751 -0.06364 -0.48055
v 0.02658 -0.06473 -0.47872
v 0.03554 -0.06816 -0.47778
v 0.04451 -0.07440 -0.47786
v 0.05085 -0.08220 -0.47922
v 0.05409 -0.09036 -0.48066
v 0.05500 -0.09883 -0.48124
v 0.05359 -0.10737 -0.48115
v 0.04973 -0.11561 -0.48070
v 0.04320 -0.12329 -0.48025
v 0.03506 -0.12950 -0.48009
v 0.02665 -0.13390 -0.47998
v 0.01810 -0.13646 -0.47995
v 0.00990 -0.13542 -0.48288
v 0.00232 -0.13171 -0.48726
v -0.00466 -0.12571 -0.49216
v -0.00967 -0.11816 -0.49612
v -0.01227 -0.10999 -0.49828
v -0.01333 -0.10130 -0.49890
v -0.01320 -0.09254 -0.49806
v -0.01140 -0.08403 -0.49572
v -0.00699 -0.07561 -0.49175
v 0.00003 -0.06855 -0.48716
v 0.00839 -0.06473 -0.48339
v 0.06534 -0.09855 -0.83782
v 0.06530 -0.10240 -0.83792
v 0.06543 -0.09472 -0.83800
v 0.06885 -0.10240 -0.83763
v 0.06885 -0.09856 -0.83751
v 0.06889 -0.09472 -0.83772
v 0.07281 -0.09469 -0.83736
v 0.07289 -0.09857 -0.83712
v 0.07411 -0.10245 -0.83761
v 0.07281 -0.10640 -0.83784
v 0.06891 -0.10645 -0.83816
v 0.06532 -0.10648 -0.83835
v 0.06558 -0.09073 -0.83852
v 0.06900 -0.09077 -0.83834
v 0.07388 -0.09082 -0.83838
v 0.06212 -0.09072 -0.83814
v 0.06195 -0.09471 -0.83760
v 0.06183 -0.09857 -0.83742
v 0.06178 -0.10245 -0.83754
v 0.06179 -0.10651 -0.83800
v 0.05800 -0.10654 -0.83758
v 0.05784 -0.10254 -0.83708
v 0.05785 -0.09859 -0.83693
v 0.05805 -0.09466 -0.83713
v 0.05841 -0.09073 -0.83769
v 0.04994 -0.13742 -0.44748
v 0.06581 -0.09958 -0.43818
v 0.05003 -0.06363 -0.44742
v 0.01117 -0.04875 -0.46066
v -0.02738 -0.06404 -0.45876
v -0.04452 -0.10133 -0.45424
v -0.02627 -0.13900 -0.45969
v 0.01167 -0.15399 -0.46159
v 0.05122 -0.14529 -0.35729
v 0.07145 -0.09881 -0.35513
v 0.04839 -0.05716 -0.36247
v 0.00122 -0.04033 -0.37206
v -0.04266 -0.05796 -0.37498
v -0.06322 -0.10078 -0.37418
v -0.04537 -0.14833 -0.37200
v 0.00099 -0.16886 -0.36624
v 0.05255 -0.14800 -0.33753
v 0.07341 -0.09908 -0.33711
v 0.04959 -0.05589 -0.34550
v 0.00013 -0.03817 -0.35520
v -0.04604 -0.05649 -0.35780
v -0.06729 -0.10103 -0.35579
v -0.04868 -0.15082 -0.35207
v 0.00049 -0.17236 -0.34521
v 0.06243 -0.15697 -0.18991
v 0.08685 -0.09780 -0.21149
v 0.05860 -0.04288 -0.23384
v -0.00376 -0.02378 -0.24665
v -0.05960 -0.04663 -0.23926
v -0.08720 -0.10104 -0.21964
v -0.06210 -0.16030 -0.19575
v -0.00081 -0.17952 -0.18053
v 0.05997 -0.14388 -0.06351
v 0.08664 -0.08808 -0.10992
v 0.05679 -0.04311 -0.14948
v -0.00013 -0.02830 -0.16342
v -0.05557 -0.04736 -0.14837
v -0.08013 -0.08799 -0.11206
v -0.05528 -0.13965 -0.06446
v 0.00055 -0.15955 -0.04350
v 0.00013 -0.16882 -0.10352
v -0.06019 -0.15030 -0.12550
v -0.08779 -0.09558 -0.16406
v -0.05974 -0.04449 -0.19153
v -0.00168 -0.02181 -0.20124
v 0.06070 -0.04133 -0.18824
v 0.08908 -0.09417 -0.15926
v 0.06271 -0.15102 -0.12343
v -0.07513 -0.10145 -0.31808
v -0.05215 -0.05362 -0.32374
v -0.00207 -0.03394 -0.32315
v 0.05205 -0.05248 -0.31300
v 0.07747 -0.09970 -0.30183
v 0.05566 -0.15275 -0.29805
v -0.00008 -0.17807 -0.30261
v -0.05442 -0.15610 -0.31050
v -0.08403 -0.10192 -0.25969
v -0.05804 -0.04937 -0.27313
v -0.00391 -0.02767 -0.27707
v 0.05614 -0.04626 -0.26575
v 0.08358 -0.09955 -0.24841
v 0.06059 -0.15711 -0.23540
v -0.00096 -0.18234 -0.23398
v -0.06056 -0.16094 -0.24414
v -0.03350 -0.14297 -0.42608
v -0.05169 -0.10021 -0.42391
v -0.03233 -0.06163 -0.42523
v 0.00630 -0.04622 -0.42452
v 0.04717 -0.06100 -0.41418
v 0.06719 -0.09899 -0.40701
v 0.04893 -0.13894 -0.41322
v 0.00641 -0.15856 -0.42448
v 0.04763 -0.13245 -0.06114
v 0.07341 -0.09236 -0.09823
v 0.05167 -0.05232 -0.13692
v 0.00005 -0.03955 -0.15100
v -0.04828 -0.05632 -0.13672
v -0.06780 -0.09225 -0.09962
v -0.04344 -0.13028 -0.06003
v 0.00142 -0.14307 -0.04690
v -0.03663 -0.07565 -0.45654
v -0.04224 -0.07284 -0.42447
v -0.05324 -0.07051 -0.37493
v -0.05707 -0.06958 -0.35741
v -0.06413 -0.06765 -0.32220
v -0.07137 -0.06443 -0.26917
v -0.07349 -0.06223 -0.23357
v -0.07399 -0.05938 -0.18401
v -0.06809 -0.05877 -0.13808
v -0.05892 -0.06677 -0.12564
v -0.03653 -0.12747 -0.45707
v -0.04398 -0.12994 -0.42525
v -0.05578 -0.13331 -0.37295
v -0.05962 -0.13496 -0.35356
v -0.06659 -0.13878 -0.31315
v -0.07420 -0.14302 -0.24914
v -0.07662 -0.14252 -0.20369
v -0.07575 -0.13450 -0.13897
v -0.07018 -0.12394 -0.07927
v -0.05668 -0.11893 -0.07175
v -0.03414 -0.04855 -0.14479
v -0.03933 -0.03804 -0.15587
v -0.04208 -0.03268 -0.19696
v -0.04250 -0.03472 -0.24359
v -0.04164 -0.03765 -0.27608
v -0.03716 -0.04269 -0.32462
v -0.03215 -0.04647 -0.35768
v -0.02939 -0.04836 -0.37466
v -0.02026 -0.05324 -0.42587
v -0.01542 -0.05509 -0.46090
v 0.03466 -0.04425 -0.14485
v 0.03825 -0.03405 -0.15755
v 0.04080 -0.02996 -0.19540
v 0.03845 -0.03127 -0.24022
v 0.03658 -0.03521 -0.27125
v 0.03471 -0.04221 -0.31725
v 0.03386 -0.04590 -0.34931
v 0.03331 -0.04750 -0.36617
v 0.03402 -0.05180 -0.41847
v 0.03798 -0.05479 -0.45312
v 0.03125 -0.13965 -0.05304
v 0.03988 -0.15530 -0.05198
v 0.04230 -0.16203 -0.11226
v 0.04225 -0.17008 -0.18391
v 0.04150 -0.17105 -0.23296
v 0.03825 -0.16591 -0.29870
v 0.03617 -0.16064 -0.33971
v 0.03527 -0.15749 -0.36011
v 0.03494 -0.14974 -0.41763
v 0.03775 -0.14726 -0.45341
v -0.02823 -0.13821 -0.05191
v -0.03715 -0.15129 -0.05278
v -0.04102 -0.16105 -0.11386
v -0.04299 -0.17247 -0.18872
v -0.04232 -0.17392 -0.23986
v -0.03781 -0.16940 -0.30778
v -0.03391 -0.16351 -0.35019
v -0.03149 -0.16032 -0.37062
v -0.02062 -0.15240 -0.42641
v -0.01400 -0.14764 -0.46184
v 0.06594 -0.06411 -0.12471
v 0.07274 -0.05575 -0.13731
v 0.07653 -0.05657 -0.17945
v 0.07418 -0.05880 -0.22647
v 0.07137 -0.06181 -0.25967
v 0.06585 -0.06616 -0.30872
v 0.06214 -0.06867 -0.34196
v 0.06047 -0.06967 -0.35917
v 0.05769 -0.07290 -0.41040
v 0.05899 -0.07491 -0.44236
v 0.06208 -0.12140 -0.07234
v 0.07654 -0.12664 -0.07882
v 0.07801 -0.13402 -0.13614
v 0.07693 -0.13898 -0.19692
v 0.07424 -0.13928 -0.23906
v 0.06846 -0.13618 -0.29831
v 0.06491 -0.13242 -0.33621
v 0.06335 -0.13035 -0.35532
v 0.05981 -0.12588 -0.40956
v 0.05924 -0.12511 -0.44237
v 0.04188 -0.13039 -0.46163
v 0.04824 -0.12013 -0.45746
v 0.05305 -0.09954 -0.45360
v 0.04819 -0.08034 -0.45696
v 0.04146 -0.07159 -0.46124
v 0.03299 -0.06456 -0.46576
v 0.01215 -0.05954 -0.47243
v -0.00930 -0.06505 -0.47240
v -0.01812 -0.07294 -0.47095
v -0.02453 -0.08254 -0.46917
v -0.02859 -0.10232 -0.46716
v -0.02160 -0.12145 -0.46970
v -0.01426 -0.12957 -0.47159
v -0.00576 -0.13585 -0.47304
v 0.01368 -0.14167 -0.47268
v 0.03312 -0.13756 -0.46612
v 0.04090 -0.13417 -0.07623
v 0.05346 -0.12534 -0.08551
v 0.06298 -0.09903 -0.10738
v 0.05739 -0.07554 -0.13020
v 0.04515 -0.06550 -0.14102
v 0.02970 -0.05870 -0.14794
v -0.00029 -0.05459 -0.15274
v -0.02970 -0.06192 -0.14790
v -0.04180 -0.06952 -0.14067
v -0.04995 -0.07855 -0.13135
v -0.05788 -0.09979 -0.10882
v -0.04765 -0.12325 -0.08439
v -0.03553 -0.13235 -0.07425
v -0.02160 -0.13830 -0.06776
v 0.00323 -0.14190 -0.06429
v 0.02710 -0.13978 -0.06935
v 0.02810 -0.12735 -0.09283
v 0.03629 -0.12082 -0.09976
v 0.04113 -0.10414 -0.11379
v 0.03642 -0.08906 -0.12755
v 0.03062 -0.08154 -0.13511
v 0.02168 -0.07549 -0.14130
v 0.00005 -0.07260 -0.14498
v -0.02013 -0.07748 -0.14148
v -0.02831 -0.08333 -0.13632
v -0.03389 -0.08984 -0.12979
v -0.03898 -0.10355 -0.11480
v -0.03357 -0.12048 -0.09787
v -0.02566 -0.12652 -0.09078
v -0.01592 -0.13022 -0.08617
v 0.00206 -0.13339 -0.08353
v 0.01916 -0.13158 -0.08754
v 0.02078 -0.12085 -0.09750
v 0.02410 -0.11587 -0.10241
v 0.02664 -0.10399 -0.11321
v 0.02385 -0.09296 -0.12377
v 0.02166 -0.08779 -0.12910
v 0.01487 -0.08546 -0.13174
v -0.00038 -0.08400 -0.13395
v -0.01458 -0.08625 -0.13225
v -0.02065 -0.08857 -0.13027
v -0.02280 -0.09337 -0.12517
v -0.02558 -0.10376 -0.11378
v -0.02305 -0.11589 -0.10129
v -0.01969 -0.12061 -0.09614
v -0.01291 -0.12189 -0.09426
v 0.00055 -0.12336 -0.09307
v 0.01414 -0.12235 -0.09523
v 0.03176 -0.12666 -0.45091
v 0.03817 -0.11810 -0.44619
v 0.04296 -0.09991 -0.44221
v 0.03894 -0.08255 -0.44566
v 0.03259 -0.07454 -0.45027
v 0.02549 -0.06883 -0.45517
v 0.01097 -0.06677 -0.46147
v -0.00310 -0.07107 -0.46053
v -0.00998 -0.07657 -0.45893
v -0.01606 -0.08443 -0.45634
v -0.02030 -0.10225 -0.45349
v -0.01499 -0.11960 -0.45667
v -0.00855 -0.12671 -0.45960
v -0.00160 -0.13186 -0.46186
v 0.01158 -0.13627 -0.46219
v 0.02460 -0.13266 -0.45591
v 0.02620 -0.12219 -0.44420
v 0.03160 -0.11509 -0.44117
v 0.03470 -0.10027 -0.43840
v 0.03316 -0.08547 -0.44099
v 0.02777 -0.07815 -0.44395
v 0.02144 -0.07396 -0.44714
v 0.01005 -0.07116 -0.45060
v -0.00162 -0.07477 -0.45149
v -0.00794 -0.07939 -0.45072
v -0.01275 -0.08667 -0.44903
v -0.01423 -0.10176 -0.44673
v -0.00917 -0.11593 -0.44907
v -0.00365 -0.12198 -0.45119
v 0.00223 -0.12716 -0.45246
v 0.01106 -0.13031 -0.45327
v 0.02059 -0.12738 -0.44789
v 0.02292 -0.11703 -0.44131
v 0.02539 -0.11189 -0.43946
v 0.02722 -0.10098 -0.43758
v 0.02693 -0.08918 -0.43902
v 0.02388 -0.08312 -0.44082
v 0.01859 -0.08085 -0.44196
v 0.00871 -0.07814 -0.44399
v -0.00098 -0.08150 -0.44542
v -0.00590 -0.08413 -0.44622
v -0.00879 -0.08998 -0.44520
v -0.00864 -0.10144 -0.44346
v -0.00558 -0.11205 -0.44506
v -0.00227 -0.11662 -0.44672
v 0.00220 -0.11868 -0.44659
v 0.01038 -0.12127 -0.44575
v 0.01846 -0.11916 -0.44280
v -0.03831 -0.15329 -0.06202
v 0.00070 -0.16225 -0.05155
v 0.04203 -0.15788 -0.06044
v 0.06272 -0.14592 -0.07277
v 0.07894 -0.12823 -0.08877
v 0.08857 -0.08879 -0.11942
v 0.07428 -0.05548 -0.14495
v 0.05809 -0.04230 -0.15600
v 0.03911 -0.03239 -0.16394
v -0.00035 -0.02578 -0.16922
v -0.03992 -0.03595 -0.16246
v -0.05709 -0.04598 -0.15591
v -0.07034 -0.05817 -0.14658
v -0.08278 -0.08867 -0.12186
v -0.07232 -0.12614 -0.08962
v -0.05702 -0.14192 -0.07435
v 0.05947 -0.12530 -0.43343
v 0.06628 -0.09950 -0.42960
v 0.05864 -0.07436 -0.43368
v 0.04926 -0.06281 -0.43847
v 0.03686 -0.05378 -0.44378
v 0.00995 -0.04794 -0.45061
v -0.01650 -0.05425 -0.45131
v -0.02861 -0.06299 -0.44958
v -0.03818 -0.07456 -0.44772
v -0.04661 -0.10088 -0.44590
v -0.03871 -0.12835 -0.44850
v -0.02810 -0.14044 -0.45075
v -0.01543 -0.14925 -0.45248
v 0.01035 -0.15525 -0.45177
v 0.03679 -0.14780 -0.44382
v 0.04954 -0.13771 -0.43825
v 0.05957 -0.12550 -0.42169
v 0.06664 -0.09931 -0.41853
v 0.05799 -0.07374 -0.42222
v 0.04805 -0.06199 -0.42645
v 0.03528 -0.05283 -0.43123
v 0.00813 -0.04721 -0.43760
v -0.01817 -0.05375 -0.43874
v -0.03025 -0.06226 -0.43755
v -0.04005 -0.07362 -0.43621
v -0.04911 -0.10044 -0.43505
v -0.04127 -0.12924 -0.43707
v -0.03057 -0.14184 -0.43857
v -0.01773 -0.15087 -0.43955
v 0.00845 -0.15676 -0.43824
v 0.03572 -0.14861 -0.43086
v 0.04910 -0.13817 -0.42590
v 0.06057 -0.12690 -0.39303
v 0.06820 -0.09866 -0.39114
v 0.05799 -0.07170 -0.39439
v 0.04684 -0.05959 -0.39773
v 0.03308 -0.05036 -0.40156
v 0.00424 -0.04448 -0.40736
v -0.02335 -0.05190 -0.40926
v -0.03559 -0.06054 -0.40922
v -0.04556 -0.07201 -0.40901
v -0.05519 -0.10021 -0.40885
v -0.04771 -0.13076 -0.40934
v -0.03752 -0.14434 -0.40948
v -0.02456 -0.15453 -0.40918
v 0.00399 -0.16144 -0.40646
v 0.03439 -0.15160 -0.39994
v 0.04918 -0.14048 -0.39610
v -0.08826 -0.09780 -0.18096
v -0.07417 -0.06020 -0.19930
v -0.05998 -0.04485 -0.20634
v -0.04247 -0.03288 -0.21152
v -0.00276 -0.02185 -0.21511
v 0.04014 -0.02996 -0.20855
v 0.06046 -0.04141 -0.20189
v 0.07626 -0.05693 -0.19368
v 0.08869 -0.09559 -0.17506
v 0.07783 -0.13620 -0.15471
v 0.06249 -0.15344 -0.14384
v 0.04213 -0.16488 -0.13412
v -0.00027 -0.17204 -0.12616
v -0.04193 -0.16517 -0.13613
v -0.06125 -0.15421 -0.14667
v -0.07660 -0.13773 -0.15864
v -0.08583 -0.10175 -0.23969
v -0.07259 -0.06334 -0.25138
v -0.05896 -0.04795 -0.25621
v -0.04219 -0.03610 -0.25988
v -0.00390 -0.02559 -0.26188
v 0.03748 -0.03300 -0.25585
v 0.05741 -0.04441 -0.24987
v 0.07286 -0.06024 -0.24312
v 0.08537 -0.09876 -0.23006
v 0.07573 -0.13939 -0.21822
v 0.06169 -0.15743 -0.21301
v 0.04203 -0.17116 -0.20895
v -0.00094 -0.18171 -0.20816
v -0.04300 -0.17390 -0.21500
v -0.06167 -0.16113 -0.22041
v -0.07571 -0.14322 -0.22667
v -0.07339 -0.12862 -0.10422
v -0.08483 -0.09064 -0.13445
v -0.07206 -0.05838 -0.15747
v -0.05827 -0.04516 -0.16595
v -0.04075 -0.03427 -0.17180
v -0.00083 -0.02357 -0.17776
v 0.03984 -0.03132 -0.17272
v 0.05922 -0.04205 -0.16483
v 0.07541 -0.05602 -0.15476
v 0.08917 -0.09050 -0.13133
v 0.07934 -0.12976 -0.10291
v 0.06396 -0.14708 -0.08726
v 0.04317 -0.15864 -0.07457
v 0.00090 -0.16382 -0.06574
v -0.03903 -0.15490 -0.07656
v -0.05799 -0.14410 -0.08903
v -0.08172 -0.10179 -0.27946
v -0.06958 -0.06555 -0.28690
v -0.05663 -0.05085 -0.29000
v -0.04065 -0.03932 -0.29223
v -0.00363 -0.02978 -0.29233
v 0.03586 -0.03745 -0.28654
v 0.05488 -0.04811 -0.28152
v 0.06970 -0.06325 -0.27612
v 0.08158 -0.09997 -0.26650
v 0.07259 -0.13875 -0.25939
v 0.05925 -0.15623 -0.25706
v 0.04064 -0.16996 -0.25589
v -0.00081 -0.18172 -0.25805
v -0.04111 -0.17313 -0.26342
v -0.05892 -0.15997 -0.26698
v -0.07212 -0.14208 -0.27103
v -0.07125 -0.10124 -0.33705
v -0.06074 -0.06861 -0.33980
v -0.04927 -0.05499 -0.34071
v -0.03479 -0.04451 -0.34101
v -0.00093 -0.03604 -0.33891
v 0.03432 -0.04420 -0.33300
v 0.05077 -0.05438 -0.32901
v 0.06392 -0.06751 -0.32515
v 0.07543 -0.09937 -0.31937
v 0.06660 -0.13442 -0.31726
v 0.05404 -0.15056 -0.31784
v 0.03716 -0.16345 -0.31927
v 0.00021 -0.17547 -0.32399
v -0.03595 -0.16667 -0.32919
v -0.05171 -0.15351 -0.33153
v -0.06328 -0.13683 -0.33358
v -0.05912 -0.10044 -0.39199
v -0.04937 -0.07129 -0.39222
v -0.03918 -0.05928 -0.39219
v -0.02651 -0.05013 -0.39190
v 0.00253 -0.04241 -0.38949
v 0.03291 -0.04893 -0.38364
v 0.04734 -0.05832 -0.37997
v 0.05899 -0.07062 -0.37679
v 0.06964 -0.09861 -0.37335
v 0.06180 -0.12842 -0.37448
v 0.04999 -0.14265 -0.37701
v 0.03455 -0.15428 -0.38034
v 0.00209 -0.16511 -0.38677
v -0.02839 -0.15726 -0.39034
v -0.04165 -0.14615 -0.39119
v -0.05178 -0.13190 -0.39162
v 0.00735 -0.12329 -0.09366
v 0.01067 -0.13332 -0.08457
v 0.01483 -0.14160 -0.06586
v 0.01578 -0.14256 -0.04869
v 0.02002 -0.15960 -0.04553
v 0.02124 -0.16248 -0.05356
v 0.02193 -0.16368 -0.06755
v 0.02114 -0.16736 -0.10549
v 0.02088 -0.17026 -0.12795
v 0.02066 -0.17727 -0.18049
v 0.02054 -0.17919 -0.20723
v 0.02032 -0.17954 -0.23252
v 0.01994 -0.17861 -0.25630
v 0.01911 -0.17455 -0.30032
v 0.01870 -0.17194 -0.32141
v 0.01831 -0.16893 -0.34237
v 0.01807 -0.16550 -0.36325
v 0.01819 -0.16197 -0.38381
v 0.01900 -0.15872 -0.40363
v 0.02049 -0.15631 -0.42165
v 0.02195 -0.15479 -0.43524
v 0.02353 -0.15357 -0.44863
v 0.02476 -0.15261 -0.45842
v 0.02355 -0.14091 -0.47003
v 0.01793 -0.13555 -0.45989
v 0.01547 -0.12958 -0.45149
v 0.01411 -0.12062 -0.44464
v 0.00669 -0.12062 -0.44625
v 0.00696 -0.12974 -0.45322
v 0.00510 -0.13496 -0.46268
v 0.00361 -0.13987 -0.47350
v -0.00129 -0.15237 -0.46256
v -0.00262 -0.15387 -0.45290
v -0.00471 -0.15554 -0.43956
v -0.00723 -0.15736 -0.42597
v -0.01052 -0.16014 -0.40824
v -0.01351 -0.16365 -0.38891
v -0.01566 -0.16732 -0.36871
v -0.01705 -0.17083 -0.34788
v -0.01810 -0.17403 -0.32664
v -0.01912 -0.17663 -0.30514
v -0.02121 -0.18005 -0.26048
v -0.02191 -0.18061 -0.23650
v -0.02219 -0.18018 -0.21088
v -0.02208 -0.17824 -0.18348
v -0.02131 -0.17068 -0.12895
v -0.02069 -0.16687 -0.10627
v -0.01943 -0.16108 -0.06875
v -0.01919 -0.15956 -0.05438
v -0.01861 -0.15717 -0.04587
v -0.01339 -0.14183 -0.04780
v -0.00887 -0.14131 -0.06457
v -0.00673 -0.13248 -0.08390
v -0.00611 -0.12294 -0.09318
v 0.02765 -0.09516 -0.43792
v 0.03486 -0.09281 -0.43911
v 0.04217 -0.09090 -0.44302
v 0.05196 -0.08966 -0.45434
v 0.06408 -0.08702 -0.43924
v 0.06417 -0.08672 -0.43069
v 0.06412 -0.08632 -0.41956
v 0.06437 -0.08574 -0.40800
v 0.06516 -0.08493 -0.39218
v 0.06646 -0.08427 -0.37457
v 0.06818 -0.08375 -0.35670
v 0.07013 -0.08321 -0.33913
v 0.07219 -0.08266 -0.32190
v 0.07432 -0.08214 -0.30495
v 0.07840 -0.08093 -0.27105
v 0.08030 -0.07992 -0.25385
v 0.08196 -0.07866 -0.23648
v 0.08340 -0.07736 -0.21898
v 0.08551 -0.07527 -0.18465
v 0.08591 -0.07444 -0.16974
v 0.08542 -0.07215 -0.14358
v 0.08464 -0.07086 -0.13270
v 0.08301 -0.07062 -0.12400
v 0.07273 -0.07744 -0.11157
v 0.06257 -0.08647 -0.11874
v 0.03914 -0.09636 -0.12045
v 0.02560 -0.09830 -0.11847
v 0.02643 -0.10649 -0.43814
v 0.03361 -0.10771 -0.43914
v 0.04177 -0.10911 -0.44327
v 0.05181 -0.10971 -0.45467
v 0.06435 -0.11234 -0.43921
v 0.06491 -0.11243 -0.43048
v 0.06533 -0.11242 -0.41920
v 0.06584 -0.11240 -0.40747
v 0.06682 -0.11268 -0.39135
v 0.06827 -0.11338 -0.37324
v 0.07002 -0.11447 -0.35459
v 0.07180 -0.11569 -0.33606
v 0.07363 -0.11689 -0.31775
v 0.07557 -0.11799 -0.29956
v 0.07975 -0.11951 -0.26257
v 0.08166 -0.11965 -0.24345
v 0.08336 -0.11938 -0.22395
v 0.08475 -0.11876 -0.20412
v 0.08630 -0.11636 -0.16511
v 0.08656 -0.11447 -0.14811
v 0.08706 -0.11014 -0.11783
v 0.08674 -0.10840 -0.10474
v 0.08473 -0.10727 -0.09472
v 0.06986 -0.10757 -0.08494
v 0.05990 -0.11272 -0.09613
v 0.04051 -0.11275 -0.10679
v 0.02634 -0.11012 -0.10775
v -0.00770 -0.08464 -0.13356
v -0.01027 -0.07402 -0.14408
v -0.01498 -0.05667 -0.15181
v -0.01739 -0.04268 -0.14964
v -0.02043 -0.03138 -0.16117
v -0.02081 -0.02897 -0.16691
v -0.02142 -0.02684 -0.17556
v -0.02245 -0.02487 -0.20016
v -0.02314 -0.02505 -0.21454
v -0.02367 -0.02699 -0.24619
v -0.02361 -0.02849 -0.26189
v -0.02333 -0.03026 -0.27748
v -0.02270 -0.03213 -0.29308
v -0.02019 -0.03601 -0.32447
v -0.01841 -0.03814 -0.34045
v -0.01651 -0.04036 -0.35686
v -0.01452 -0.04250 -0.37375
v -0.01237 -0.04456 -0.39109
v -0.00991 -0.04665 -0.40877
v -0.00728 -0.04830 -0.42575
v -0.00526 -0.04901 -0.43883
v -0.00346 -0.04952 -0.45174
v -0.00232 -0.05030 -0.46163
v 0.00081 -0.06096 -0.47317
v 0.00357 -0.06826 -0.46149
v 0.00415 -0.07239 -0.45131
v 0.00403 -0.07922 -0.44468
v 0.00739 -0.08412 -0.13349
v 0.01110 -0.07295 -0.14427
v 0.01445 -0.05535 -0.15148
v 0.01768 -0.03985 -0.14943
v 0.02010 -0.02902 -0.16249
v 0.02034 -0.02681 -0.16875
v 0.02012 -0.02515 -0.17737
v 0.01975 -0.02362 -0.19981
v 0.01864 -0.02362 -0.21295
v 0.01720 -0.02513 -0.24456
v 0.01665 -0.02706 -0.25984
v 0.01622 -0.02937 -0.27500
v 0.01604 -0.03164 -0.29015
v 0.01642 -0.03609 -0.32072
v 0.01682 -0.03806 -0.33640
v 0.01709 -0.03993 -0.35267
v 0.01731 -0.04185 -0.36951
v 0.01774 -0.04368 -0.38696
v 0.01869 -0.04547 -0.40491
v 0.02021 -0.04706 -0.42205
v 0.02178 -0.04814 -0.43504
v 0.02353 -0.04906 -0.44792
v 0.02479 -0.04996 -0.45775
v 0.02330 -0.06060 -0.46958
v 0.01867 -0.06647 -0.45906
v 0.01608 -0.07164 -0.44925
v 0.01355 -0.07880 -0.44307
v -0.02521 -0.11000 -0.10739
v -0.03795 -0.11235 -0.10613
v -0.05554 -0.11189 -0.09624
v -0.06520 -0.10586 -0.08527
v -0.07841 -0.10608 -0.09560
v -0.08087 -0.10771 -0.10593
v -0.08247 -0.11009 -0.11976
v -0.08521 -0.11556 -0.15204
v -0.08576 -0.11825 -0.17019
v -0.08517 -0.12217 -0.21180
v -0.08392 -0.12278 -0.23324
v -0.08206 -0.12266 -0.25445
v -0.07963 -0.12201 -0.27528
v -0.07338 -0.12003 -0.31567
v -0.06974 -0.11896 -0.33539
v -0.06584 -0.11798 -0.35476
v -0.06180 -0.11709 -0.37363
v -0.05771 -0.11626 -0.39183
v -0.05372 -0.11560 -0.40903
v -0.05015 -0.11519 -0.42438
v -0.04754 -0.11496 -0.43570
v -0.04500 -0.11478 -0.44666
v -0.04282 -0.11462 -0.45501
v -0.02684 -0.11231 -0.46797
v -0.01898 -0.11131 -0.45440
v -0.01236 -0.10920 -0.44730
v -0.00719 -0.10694 -0.44385
v -0.02468 -0.09838 -0.11964
v -0.03746 -0.09632 -0.12262
v -0.05587 -0.08830 -0.12088
v -0.06575 -0.07856 -0.11349
v -0.07624 -0.07173 -0.12636
v -0.07884 -0.07196 -0.13542
v -0.08100 -0.07331 -0.14696
v -0.08368 -0.07655 -0.17477
v -0.08395 -0.07809 -0.19076
v -0.08297 -0.08069 -0.22694
v -0.08183 -0.08157 -0.24579
v -0.08035 -0.08218 -0.26463
v -0.07832 -0.08268 -0.28335
v -0.07207 -0.08379 -0.32029
v -0.06822 -0.08429 -0.33854
v -0.06429 -0.08472 -0.35669
v -0.06025 -0.08504 -0.37463
v -0.05620 -0.08524 -0.39213
v -0.05232 -0.08546 -0.40886
v -0.04890 -0.08589 -0.42397
v -0.04647 -0.08651 -0.43529
v -0.04420 -0.08736 -0.44638
v -0.04229 -0.08824 -0.45492
v -0.02770 -0.09220 -0.46770
v -0.01949 -0.09306 -0.45427
v -0.01517 -0.09404 -0.44761
v -0.00965 -0.09569 -0.44412
v -0.00056 -0.17594 -0.15236
v -0.02175 -0.17483 -0.15536
v -0.04257 -0.16939 -0.16174
v -0.06190 -0.15796 -0.17064
v -0.07688 -0.14067 -0.18063
v -0.08575 -0.12062 -0.19047
v -0.08804 -0.09971 -0.19980
v -0.08371 -0.07950 -0.20838
v -0.07405 -0.06115 -0.21602
v -0.05997 -0.04555 -0.22245
v -0.04263 -0.03359 -0.22730
v -0.02357 -0.02579 -0.23027
v -0.00350 -0.02244 -0.23095
v 0.01776 -0.02393 -0.22873
v 0.03932 -0.03029 -0.22417
v 0.05966 -0.04190 -0.21758
v 0.07537 -0.05769 -0.20976
v 0.08462 -0.07623 -0.20145
v 0.08797 -0.09675 -0.19287
v 0.08575 -0.11778 -0.18420
v 0.07763 -0.13792 -0.17540
v 0.06261 -0.15556 -0.16647
v 0.04223 -0.16781 -0.15848
v 0.02078 -0.17392 -0.15338
v -0.07670 -0.12107 -0.29566
v -0.06953 -0.14059 -0.29233
v -0.05682 -0.15829 -0.28904
v -0.03954 -0.17157 -0.28595
v -0.02021 -0.17866 -0.28322
v -0.00047 -0.18017 -0.28078
v 0.01952 -0.17679 -0.27877
v 0.03946 -0.16811 -0.27772
v 0.05750 -0.15469 -0.27789
v 0.07057 -0.13767 -0.27911
v 0.07766 -0.11892 -0.28124
v 0.07953 -0.09997 -0.28428
v 0.07642 -0.08161 -0.28807
v 0.06787 -0.06469 -0.29245
v 0.05349 -0.05024 -0.29726
v 0.03522 -0.03986 -0.30186
v 0.01610 -0.03391 -0.30539
v -0.00302 -0.03186 -0.30769
v -0.02165 -0.03402 -0.30874
v -0.03914 -0.04100 -0.30839
v -0.05463 -0.05228 -0.30685
v -0.06712 -0.06665 -0.30457
v -0.07551 -0.08323 -0.30190
v -0.07870 -0.10162 -0.29890
v -0.07455 -0.13149 -0.12111
v -0.08403 -0.11284 -0.13553
v -0.08663 -0.09315 -0.14880
v -0.08274 -0.07494 -0.16032
v -0.07335 -0.05877 -0.17013
v -0.05922 -0.04459 -0.17805
v -0.04156 -0.03309 -0.18363
v -0.02190 -0.02542 -0.18703
v -0.00105 -0.02228 -0.18882
v 0.02025 -0.02401 -0.18816
v 0.04071 -0.03040 -0.18363
v 0.06024 -0.04163 -0.17595
v 0.07619 -0.05639 -0.16656
v 0.08579 -0.07348 -0.15618
v 0.08920 -0.09245 -0.14485
v 0.08682 -0.11229 -0.13255
v 0.07865 -0.13174 -0.11908
v 0.06355 -0.14875 -0.10468
v 0.04290 -0.15972 -0.09242
v 0.02167 -0.16514 -0.08540
v 0.00063 -0.16607 -0.08356
v -0.01993 -0.16358 -0.08650
v -0.03993 -0.15759 -0.09431
v -0.05898 -0.14697 -0.10655
v 0.05558 -0.13909 -0.05991
v 0.07142 -0.12409 -0.07363
v 0.07940 -0.10681 -0.08815
v 0.08183 -0.08919 -0.10265
v 0.07937 -0.07266 -0.11672
v 0.07035 -0.05821 -0.13052
v 0.05493 -0.04576 -0.14341
v 0.03701 -0.03705 -0.15175
v 0.01928 -0.03221 -0.15672
v -0.00005 -0.03154 -0.15815
v -0.01943 -0.03472 -0.15615
v -0.03756 -0.04136 -0.15056
v -0.05297 -0.04999 -0.14255
v -0.06469 -0.06109 -0.13142
v -0.07250 -0.07365 -0.11931
v -0.07562 -0.08910 -0.10485
v -0.07362 -0.10533 -0.08885
v -0.06544 -0.12132 -0.07343
v -0.05125 -0.13553 -0.05976
v -0.03421 -0.14608 -0.04942
v -0.01690 -0.15108 -0.04368
v 0.00075 -0.15303 -0.04191
v 0.01831 -0.15274 -0.04389
v 0.03670 -0.14888 -0.04965
v 0.05711 -0.07623 -0.44858
v 0.04872 -0.06560 -0.45348
v 0.03748 -0.05719 -0.45904
v 0.02498 -0.05249 -0.46373
v 0.01177 -0.05131 -0.46675
v -0.00138 -0.05285 -0.46766
v -0.01392 -0.05751 -0.46681
v -0.02517 -0.06632 -0.46464
v -0.03375 -0.07750 -0.46240
v -0.03887 -0.08935 -0.46073
v -0.04084 -0.10163 -0.46000
v -0.03908 -0.11402 -0.46078
v -0.03294 -0.12586 -0.46281
v -0.02334 -0.13648 -0.46531
v -0.01196 -0.14460 -0.46744
v 0.00007 -0.14927 -0.46824
v 0.01252 -0.15101 -0.46735
v 0.02501 -0.14988 -0.46428
v 0.03730 -0.14509 -0.45942
v 0.04865 -0.13585 -0.45370
v 0.05713 -0.12396 -0.44877
v 0.06182 -0.11172 -0.44569
v 0.06328 -0.09957 -0.44461
v 0.06182 -0.08766 -0.44557
v -0.01879 -0.12081 -0.46534
v -0.02346 -0.11200 -0.46322
v -0.02497 -0.10235 -0.46229
v -0.02402 -0.09257 -0.46296
v -0.02071 -0.08329 -0.46486
v -0.01434 -0.07439 -0.46723
v -0.00640 -0.06741 -0.46888
v 0.00210 -0.06384 -0.46989
v 0.01156 -0.06251 -0.46962
v 0.02100 -0.06326 -0.46698
v 0.02941 -0.06657 -0.46285
v 0.03731 -0.07283 -0.45769
v 0.04399 -0.08108 -0.45300
v 0.04777 -0.09004 -0.45025
v 0.04889 -0.09960 -0.44946
v 0.04765 -0.10943 -0.45057
v 0.04392 -0.11932 -0.45353
v 0.03751 -0.12896 -0.45817
v 0.02939 -0.13573 -0.46312
v 0.02114 -0.13900 -0.46717
v 0.01291 -0.13980 -0.46971
v 0.00437 -0.13813 -0.47044
v -0.00396 -0.13439 -0.46985
v -0.01185 -0.12856 -0.46788
v -0.03150 -0.11289 -0.46705
v -0.02583 -0.12295 -0.46883
v -0.01762 -0.13193 -0.47081
v -0.00805 -0.13888 -0.47242
v 0.00237 -0.14317 -0.47302
v 0.01351 -0.14497 -0.47217
v 0.02454 -0.14412 -0.46933
v 0.03521 -0.14030 -0.46510
v 0.04494 -0.13239 -0.46026
v 0.05202 -0.12151 -0.45596
v 0.05596 -0.11041 -0.45313
v 0.05730 -0.09953 -0.45206
v 0.05611 -0.08893 -0.45284
v 0.05202 -0.07887 -0.45553
v 0.04473 -0.06943 -0.45991
v 0.03522 -0.06183 -0.46467
v 0.02436 -0.05752 -0.46878
v 0.01220 -0.05639 -0.47176
v -0.00008 -0.05786 -0.47263
v -0.01127 -0.06226 -0.47185
v -0.02103 -0.07062 -0.47017
v -0.02818 -0.08083 -0.46832
v -0.03200 -0.09124 -0.46687
v -0.03328 -0.10208 -0.46628
v -0.01391 -0.09346 -0.12450
v -0.00709 -0.09320 -0.12452
v -0.00038 -0.09308 -0.12448
v 0.00667 -0.09310 -0.12427
v 0.01402 -0.09325 -0.12386
v 0.01414 -0.09867 -0.11840
v 0.00657 -0.09871 -0.11850
v -0.00033 -0.09870 -0.11860
v -0.00693 -0.09870 -0.11869
v -0.01401 -0.09868 -0.11889
v -0.01402 -0.10382 -0.11336
v -0.00680 -0.10383 -0.11322
v -0.00025 -0.10387 -0.11318
v 0.00659 -0.10391 -0.11316
v 0.01424 -0.10396 -0.11315
v 0.01415 -0.10955 -0.10763
v 0.00662 -0.10942 -0.10752
v -0.00012 -0.10936 -0.10743
v -0.00660 -0.10933 -0.10738
v -0.01375 -0.10942 -0.10740
v -0.01320 -0.11506 -0.10141
v -0.00634 -0.11508 -0.10130
v 0.00008 -0.11516 -0.10140
v 0.00673 -0.11519 -0.10166
v 0.01384 -0.11519 -0.10208
v 0.04682 -0.12518 -0.09337
v 0.03602 -0.13311 -0.08483
v 0.02419 -0.13812 -0.07844
v 0.01354 -0.13985 -0.07499
v 0.00311 -0.14005 -0.07358
v -0.00773 -0.13934 -0.07387
v -0.01924 -0.13657 -0.07670
v -0.03174 -0.13165 -0.08244
v -0.04227 -0.12382 -0.09147
v -0.04876 -0.11363 -0.10203
v -0.05052 -0.10264 -0.11317
v -0.04862 -0.09293 -0.12350
v -0.04364 -0.08453 -0.13261
v -0.03662 -0.07647 -0.14082
v -0.02599 -0.06938 -0.14725
v -0.01312 -0.06479 -0.15061
v -0.00013 -0.06299 -0.15151
v 0.01329 -0.06360 -0.15045
v 0.02680 -0.06668 -0.14713
v 0.03959 -0.07347 -0.14049
v 0.04892 -0.08275 -0.13104
v 0.05294 -0.09216 -0.12143
v 0.05421 -0.10262 -0.11203
v 0.05232 -0.11425 -0.10251
v 0.05780 -0.12158 -0.07642
v 0.04429 -0.13142 -0.06620
v 0.02916 -0.13783 -0.05870
v 0.01520 -0.14026 -0.05476
v 0.00213 -0.14070 -0.05303
v -0.01140 -0.13975 -0.05363
v -0.02515 -0.13646 -0.05728
v -0.03962 -0.12948 -0.06467
v -0.05226 -0.11921 -0.07569
v -0.06048 -0.10708 -0.08839
v -0.06298 -0.09434 -0.10187
v -0.06102 -0.08169 -0.11493
v -0.05460 -0.07083 -0.12638
v -0.04504 -0.06107 -0.13668
v -0.03190 -0.05356 -0.14435
v -0.01619 -0.04803 -0.14873
v -0.00007 -0.04528 -0.14986
v 0.01619 -0.04571 -0.14840
v 0.03234 -0.04966 -0.14428
v 0.04859 -0.05708 -0.13685
v 0.06198 -0.06799 -0.12533
v 0.06800 -0.08019 -0.11297
v 0.06845 -0.09407 -0.10047
v 0.06497 -0.10854 -0.08807
v -0.00137 -0.11175 -0.44380
v -0.00234 -0.10643 -0.44243
v -0.00268 -0.10115 -0.44207
v -0.00332 -0.09599 -0.44258
v -0.00252 -0.09027 -0.44358
v 0.00233 -0.08973 -0.44262
v 0.00152 -0.09597 -0.44165
v 0.00194 -0.10103 -0.44119
v 0.00182 -0.10622 -0.44167
v 0.00287 -0.11192 -0.44315
v 0.00827 -0.11185 -0.44247
v 0.00773 -0.10607 -0.44089
v 0.00774 -0.10103 -0.44029
v 0.00728 -0.09600 -0.44070
v 0.00730 -0.08935 -0.44182
v 0.01343 -0.08971 -0.44091
v 0.01423 -0.09605 -0.43969
v 0.01497 -0.10109 -0.43925
v 0.01503 -0.10613 -0.43985
v 0.01415 -0.11168 -0.44154
v 0.01953 -0.11158 -0.44044
v 0.02068 -0.10630 -0.43893
v 0.02123 -0.10120 -0.43833
v 0.02128 -0.09604 -0.43865
v 0.02038 -0.09012 -0.43976
v 0.00835 -0.13679 -0.13516
v 0.01148 -0.13561 -0.13608
v 0.01400 -0.13377 -0.13761
v 0.01566 -0.13146 -0.13960
v 0.01629 -0.12889 -0.14185
v 0.01584 -0.12633 -0.14415
v 0.01435 -0.12401 -0.14627
v 0.01196 -0.12218 -0.14799
v 0.00891 -0.12100 -0.14916
v 0.00550 -0.12059 -0.14966
v 0.00206 -0.12100 -0.14944
v -0.00107 -0.12218 -0.14852
v -0.00359 -0.12401 -0.14699
v -0.00525 -0.12633 -0.14500
v -0.00588 -0.12889 -0.14275
v -0.00543 -0.13145 -0.14045
v -0.00394 -0.13377 -0.13833
v -0.00155 -0.13561 -0.13661
v 0.00150 -0.13678 -0.13544
v 0.00491 -0.13719 -0.13494
v 0.01134 -0.14276 -0.12625
v 0.01753 -0.14043 -0.12807
v 0.02250 -0.13680 -0.13110
v 0.02578 -0.13223 -0.13502
v 0.02703 -0.12717 -0.13948
v 0.02614 -0.12210 -0.14401
v 0.02319 -0.11753 -0.14819
v 0.01848 -0.11390 -0.15160
v 0.01246 -0.11157 -0.15392
v 0.00571 -0.11077 -0.15490
v -0.00108 -0.11157 -0.15446
v -0.00727 -0.11390 -0.15264
v -0.01225 -0.11753 -0.14962
v -0.01552 -0.12210 -0.14569
v -0.01678 -0.12716 -0.14124
v -0.01589 -0.13223 -0.13670
v -0.01294 -0.13680 -0.13252
v -0.00822 -0.14043 -0.12911
v -0.00220 -0.14276 -0.12680
v 0.00454 -0.14356 -0.12581
v 0.01412 -0.14725 -0.11645
v 0.02322 -0.14383 -0.11913
v 0.03053 -0.13850 -0.12357
v 0.03534 -0.13178 -0.12934
v 0.03718 -0.12434 -0.13588
v 0.03587 -0.11690 -0.14254
v 0.03154 -0.11018 -0.14868
v 0.02461 -0.10485 -0.15370
v 0.01576 -0.10143 -0.15709
v 0.00586 -0.10025 -0.15854
v -0.00413 -0.10143 -0.15789
v -0.01322 -0.10485 -0.15522
v -0.02053 -0.11018 -0.15078
v -0.02534 -0.11689 -0.14501
v -0.02718 -0.12433 -0.13847
v -0.02587 -0.13178 -0.13180
v -0.02154 -0.13849 -0.12566
v -0.01462 -0.14382 -0.12065
v -0.00577 -0.14724 -0.11725
v 0.00414 -0.14842 -0.11581
v 0.01664 -0.15014 -0.10600
v 0.02841 -0.14571 -0.10946
v 0.03788 -0.13881 -0.11521
v 0.04411 -0.13012 -0.12268
v 0.04649 -0.12048 -0.13115
v 0.04480 -0.11084 -0.13978
v 0.03919 -0.10215 -0.14773
v 0.03022 -0.09525 -0.15422
v 0.01876 -0.09082 -0.15862
v 0.00594 -0.08929 -0.16049
v -0.00699 -0.09082 -0.15965
v -0.01876 -0.09524 -0.15619
v -0.02823 -0.10214 -0.15044
v -0.03446 -0.11083 -0.14297
v -0.03684 -0.12047 -0.13450
v -0.03515 -0.13011 -0.12587
v -0.02954 -0.13880 -0.11793
v -0.02057 -0.14570 -0.11143
v -0.00911 -0.15013 -0.10704
v 0.00371 -0.15166 -0.10517
v 0.01882 -0.15136 -0.09515
v 0.03298 -0.14603 -0.09932
v 0.04437 -0.13773 -0.10623
v 0.05187 -0.12727 -0.11522
v 0.05473 -0.11568 -0.12541
v 0.05270 -0.10409 -0.13579
v 0.04595 -0.09363 -0.14535
v 0.03516 -0.08533 -0.15316
v 0.02138 -0.08000 -0.15845
v 0.00595 -0.07816 -0.16070
v -0.00960 -0.07999 -0.15970
v -0.02377 -0.08532 -0.15553
v -0.03515 -0.09362 -0.14862
v -0.04265 -0.10408 -0.13963
v -0.04552 -0.11567 -0.12944
v -0.04348 -0.12726 -0.11906
v -0.03673 -0.13772 -0.10950
v -0.02594 -0.14602 -0.10169
v -0.01216 -0.15135 -0.09640
v 0.00326 -0.15319 -0.09415
v 0.02061 -0.15088 -0.08418
v 0.03682 -0.14479 -0.08894
v 0.04985 -0.13529 -0.09685
v 0.05842 -0.12333 -0.10714
v 0.06170 -0.11006 -0.11879
v 0.05937 -0.09680 -0.13067
v 0.05165 -0.08483 -0.14161
v 0.03931 -0.07533 -0.15054
v 0.02354 -0.06924 -0.15659
v 0.00589 -0.06713 -0.15917
v -0.01191 -0.06923 -0.15802
v -0.02811 -0.07533 -0.15326
v -0.04114 -0.08482 -0.14535
v -0.04971 -0.09679 -0.13506
v -0.05300 -0.11005 -0.12341
v -0.05066 -0.12331 -0.11153
v -0.04295 -0.13528 -0.10059
v -0.03060 -0.14478 -0.09165
v -0.01483 -0.15088 -0.08560
v 0.00282 -0.15298 -0.08303
v 0.02198 -0.14872 -0.07334
v 0.03982 -0.14200 -0.07859
v 0.05417 -0.13155 -0.08730
v 0.06362 -0.11837 -0.09863
v 0.06723 -0.10376 -0.11146
v 0.06466 -0.08915 -0.12454
v 0.05616 -0.07597 -0.13660
v 0.04256 -0.06551 -0.14643
v 0.02520 -0.05880 -0.15310
v 0.00576 -0.05648 -0.15594
v -0.01384 -0.05879 -0.15467
v -0.03169 -0.06551 -0.14942
v -0.04604 -0.07596 -0.14071
v -0.05548 -0.08914 -0.12938
v -0.05909 -0.10375 -0.11655
v -0.05653 -0.11836 -0.10347
v -0.04803 -0.13154 -0.09142
v -0.03443 -0.14200 -0.08158
v -0.01706 -0.14871 -0.07491
v 0.00238 -0.15103 -0.07207
v 0.02287 -0.14492 -0.06291
v 0.04193 -0.13775 -0.06852
v 0.05724 -0.12659 -0.07782
v 0.06732 -0.11253 -0.08991
v 0.07118 -0.09693 -0.10361
v 0.06844 -0.08134 -0.11757
v 0.05937 -0.06727 -0.13043
v 0.04485 -0.05611 -0.14093
v 0.02631 -0.04894 -0.14805
v 0.00557 -0.04647 -0.15108
v -0.01535 -0.04893 -0.14973
v -0.03441 -0.05610 -0.14413
v -0.04972 -0.06726 -0.13482
v -0.05980 -0.08133 -0.12273
v -0.06366 -0.09692 -0.10903
v -0.06092 -0.11251 -0.09507
v -0.05185 -0.12658 -0.08221
v -0.03733 -0.13774 -0.07171
v -0.01879 -0.14491 -0.06459
v 0.00195 -0.14739 -0.06156
v 0.02329 -0.13958 -0.05315
v 0.04307 -0.13214 -0.05897
v 0.05898 -0.12055 -0.06863
v 0.06944 -0.10594 -0.08119
v 0.07345 -0.08975 -0.09541
v 0.07060 -0.07355 -0.10991
v 0.06118 -0.05894 -0.12327
v 0.04611 -0.04735 -0.13418
v 0.02686 -0.03990 -0.14157
v 0.00531 -0.03734 -0.14471
v -0.01642 -0.03990 -0.14331
v -0.03620 -0.04734 -0.13749
v -0.05211 -0.05893 -0.12783
v -0.06257 -0.07354 -0.11528
v -0.06658 -0.08973 -0.10105
v -0.06373 -0.10593 -0.08655
v -0.05431 -0.12054 -0.07319
v -0.03924 -0.13213 -0.06228
v -0.01999 -0.13958 -0.05490
v 0.00156 -0.14214 -0.05175
v 0.02320 -0.13283 -0.04430
v 0.04323 -0.12530 -0.05019
v 0.05934 -0.11356 -0.05997
v 0.06993 -0.09877 -0.07268
v 0.07399 -0.08238 -0.08708
v 0.07111 -0.06598 -0.10177
v 0.06157 -0.05119 -0.11529
v 0.04631 -0.03945 -0.12633
v 0.02682 -0.03191 -0.13381
v 0.00500 -0.02932 -0.13700
v -0.01700 -0.03191 -0.13558
v -0.03703 -0.03944 -0.12969
v -0.05313 -0.05118 -0.11991
v -0.06373 -0.06597 -0.10720
v -0.06779 -0.08236 -0.09279
v -0.06490 -0.09876 -0.07811
v -0.05536 -0.11355 -0.06459
v -0.04010 -0.12529 -0.05354
v -0.02061 -0.13283 -0.04606
v 0.00120 -0.13543 -0.04288
v 0.02262 -0.12484 -0.03657
v 0.04240 -0.11740 -0.04238
v 0.05831 -0.10581 -0.05204
v 0.06878 -0.09120 -0.06460
v 0.07278 -0.07501 -0.07883
v 0.06994 -0.05882 -0.09333
v 0.06052 -0.04421 -0.10669
v 0.04544 -0.03261 -0.11759
v 0.02619 -0.02517 -0.12498
v 0.00465 -0.02260 -0.12813
v -0.01708 -0.02516 -0.12672
v -0.03687 -0.03260 -0.12091
v -0.05277 -0.04420 -0.11125
v -0.06324 -0.05880 -0.09869
v -0.06725 -0.07500 -0.08446
v -0.06440 -0.09119 -0.06996
v -0.05498 -0.10580 -0.05660
v -0.03990 -0.11739 -0.04570
v -0.02065 -0.12484 -0.03831
v 0.00089 -0.12741 -0.03516
v 0.02156 -0.11581 -0.03015
v 0.04061 -0.10864 -0.03575
v 0.05592 -0.09748 -0.04505
v 0.06600 -0.08342 -0.05714
v 0.06986 -0.06782 -0.07084
v 0.06712 -0.05223 -0.08481
v 0.05805 -0.03816 -0.09767
v 0.04353 -0.02700 -0.10817
v 0.02500 -0.01983 -0.11528
v 0.00425 -0.01736 -0.11831
v -0.01667 -0.01983 -0.11696
v -0.03572 -0.02699 -0.11136
v -0.05104 -0.03815 -0.10206
v -0.06112 -0.05222 -0.08997
v -0.06497 -0.06781 -0.07627
v -0.06223 -0.08340 -0.06231
v -0.05316 -0.09747 -0.04944
v -0.03865 -0.10864 -0.03894
v -0.02011 -0.11581 -0.03183
v 0.00064 -0.11828 -0.02880
v 0.02004 -0.10595 -0.02521
v 0.03789 -0.09924 -0.03045
v 0.05224 -0.08878 -0.03917
v 0.06168 -0.07560 -0.05049
v 0.06530 -0.06100 -0.06333
v 0.06273 -0.04639 -0.07641
v 0.05423 -0.03321 -0.08846
v 0.04063 -0.02275 -0.09830
v 0.02326 -0.01603 -0.10496
v 0.00383 -0.01372 -0.10780
v -0.01577 -0.01603 -0.10654
v -0.03362 -0.02274 -0.10129
v -0.04797 -0.03320 -0.09257
v -0.05741 -0.04637 -0.08125
v -0.06103 -0.06098 -0.06841
v -0.05846 -0.07559 -0.05533
v -0.04996 -0.08877 -0.04328
v -0.03636 -0.09923 -0.03344
v -0.01899 -0.10595 -0.02678
v 0.00044 -0.10826 -0.02394
v 0.01811 -0.09551 -0.02185
v 0.03432 -0.08942 -0.02662
v 0.04734 -0.07992 -0.03453
v 0.05592 -0.06796 -0.04482
v 0.05920 -0.05469 -0.05647
v 0.05687 -0.04143 -0.06835
v 0.04915 -0.02946 -0.07929
v 0.03680 -0.01997 -0.08822
v 0.02103 -0.01387 -0.09427
v 0.00339 -0.01176 -0.09685
v -0.01441 -0.01386 -0.09570
v -0.03062 -0.01996 -0.09094
v -0.04364 -0.02945 -0.08302
v -0.05222 -0.04142 -0.07274
v -0.05550 -0.05468 -0.06109
v -0.05317 -0.06795 -0.04921
v -0.04545 -0.07991 -0.03827
v -0.03310 -0.08941 -0.02933
v -0.01733 -0.09551 -0.02328
v 0.00031 -0.09761 -0.02070
v 0.01581 -0.08475 -0.02018
v 0.02997 -0.07942 -0.02434
v 0.04136 -0.07112 -0.03126
v 0.04885 -0.06067 -0.04025
v 0.05172 -0.04907 -0.05043
v 0.04968 -0.03748 -0.06082
v 0.04294 -0.02702 -0.07038
v 0.03215 -0.01872 -0.07819
v 0.01836 -0.01339 -0.08348
v 0.00294 -0.01155 -0.08573
v -0.01262 -0.01339 -0.08472
v -0.02678 -0.01871 -0.08056
v -0.03817 -0.02701 -0.07364
v -0.04566 -0.03747 -0.06465
v -0.04853 -0.04906 -0.05447
v -0.04649 -0.06066 -0.04409
v -0.03975 -0.07112 -0.03452
v -0.02895 -0.07942 -0.02672
v -0.01517 -0.08475 -0.02143
v 0.00025 -0.08658 -0.01917
v 0.01319 -0.07393 -0.02022
v 0.02497 -0.06950 -0.02368
v 0.03443 -0.06260 -0.02943
v 0.04066 -0.05391 -0.03691
v 0.04305 -0.04427 -0.04537
v 0.04135 -0.03463 -0.05400
v 0.03575 -0.02594 -0.06195
v 0.02677 -0.01904 -0.06844
v 0.01532 -0.01461 -0.07284
v 0.00250 -0.01308 -0.07471
v -0.01043 -0.01461 -0.07388
v -0.02221 -0.01904 -0.07041
v -0.03167 -0.02593 -0.06467
v -0.03790 -0.03463 -0.05719
v -0.04029 -0.04426 -0.04873
v -0.03859 -0.05390 -0.04010
v -0.03299 -0.06259 -0.03215
v -0.02402 -0.06950 -0.02566
v -0.01256 -0.07393 -0.02126
v 0.00026 -0.07545 -0.01939
v 0.01033 -0.06332 -0.02198
v 0.01942 -0.05990 -0.02466
v 0.02673 -0.05457 -0.02910
v 0.03155 -0.04785 -0.03487
v 0.03339 -0.04041 -0.04141
v 0.03208 -0.03297 -0.04807
v 0.02775 -0.02625 -0.05421
v 0.02082 -0.02092 -0.05923
v 0.01197 -0.01750 -0.06262
v 0.00207 -0.01632 -0.06407
v -0.00792 -0.01750 -0.06342
v -0.01701 -0.02092 -0.06075
v -0.02432 -0.02625 -0.05631
v -0.02914 -0.03296 -0.05054
v -0.03098 -0.04040 -0.04400
v -0.02967 -0.04785 -0.03733
v -0.02534 -0.05456 -0.03119
v -0.01841 -0.05989 -0.02618
v -0.00956 -0.06331 -0.02278
v 0.00034 -0.06449 -0.02134
v 0.00729 -0.05317 -0.02542
v 0.01348 -0.05084 -0.02724
v 0.01845 -0.04722 -0.03026
v 0.02173 -0.04265 -0.03419
v 0.02298 -0.03758 -0.03864
v 0.02209 -0.03251 -0.04317
v 0.01914 -0.02794 -0.04735
v 0.01443 -0.02432 -0.05077
v 0.00840 -0.02199 -0.05308
v 0.00166 -0.02118 -0.05406
v -0.00513 -0.02198 -0.05362
v -0.01132 -0.02431 -0.05180
v -0.01630 -0.02794 -0.04878
v -0.01958 -0.03251 -0.04485
v -0.02083 -0.03758 -0.04040
v -0.01994 -0.04264 -0.03586
v -0.01699 -0.04721 -0.03168
v -0.01227 -0.05084 -0.02827
v -0.00625 -0.05317 -0.02596
v 0.00049 -0.05397 -0.02498
v 0.00414 -0.04375 -0.03044
v 0.00728 -0.04257 -0.03136
v 0.00980 -0.04073 -0.03289
v 0.01145 -0.03842 -0.03488
v 0.01209 -0.03585 -0.03713
v 0.01164 -0.03329 -0.03943
v 0.01015 -0.03097 -0.04154
v 0.00776 -0.02914 -0.04327
v 0.00471 -0.02796 -0.04444
v 0.00130 -0.02755 -0.04494
v -0.00215 -0.02796 -0.04472
v -0.00528 -0.02914 -0.04380
v -0.00780 -0.03097 -0.04227
v -0.00946 -0.03329 -0.04028
v -0.01009 -0.03585 -0.03802
v -0.00964 -0.03842 -0.03573
v -0.00815 -0.04073 -0.03361
v -0.00576 -0.04257 -0.03188
v -0.00271 -0.04375 -0.03071
v 0.00070 -0.04415 -0.03021
v 0.00523 -0.12947 -0.14295
v 0.00097 -0.03527 -0.03692
v 0.06519 -0.10428 -0.89450
v 0.06705 -0.10303 -0.89468
v 0.06830 -0.10116 -0.89480
v 0.06873 -0.09896 -0.89486
v 0.06830 -0.09676 -0.89483
v 0.06705 -0.09489 -0.89472
v 0.06519 -0.09364 -0.89456
v 0.06300 -0.09320 -0.89436
v 0.06080 -0.09363 -0.89415
v 0.05894 -0.09488 -0.89397
v 0.05770 -0.09675 -0.89384
v 0.05726 -0.09895 -0.89379
v 0.05770 -0.10116 -0.89382
v 0.05894 -0.10303 -0.89392
v 0.06080 -0.10428 -0.89409
v 0.06300 -0.10472 -0.89429
v 0.06746 -0.10939 -0.89299
v 0.07111 -0.10694 -0.89334
v 0.07355 -0.10328 -0.89359
v 0.07440 -0.09895 -0.89370
v 0.07355 -0.09463 -0.89364
v 0.07111 -0.09096 -0.89344
v 0.06746 -0.08851 -0.89311
v 0.06315 -0.08765 -0.89271
v 0.05885 -0.08851 -0.89231
v 0.05520 -0.09095 -0.89196
v 0.05276 -0.09462 -0.89171
v 0.05190 -0.09894 -0.89160
v 0.05276 -0.10327 -0.89166
v 0.05520 -0.10693 -0.89187
v 0.05885 -0.10938 -0.89219
v 0.06315 -0.11025 -0.89259
v 0.06966 -0.11409 -0.89043
v 0.07496 -0.11054 -0.89094
v 0.07850 -0.10522 -0.89130
v 0.07974 -0.09894 -0.89145
v 0.07850 -0.09266 -0.89137
v 0.07495 -0.08734 -0.89107
v 0.06966 -0.08378 -0.89060
v 0.06340 -0.08253 -0.89003
v 0.05715 -0.08377 -0.88944
v 0.05186 -0.08733 -0.88893
v 0.04832 -0.09265 -0.88857
v 0.04707 -0.09892 -0.88842
v 0.04832 -0.10520 -0.88850
v 0.05186 -0.11053 -0.88879
v 0.05716 -0.11408 -0.88927
v 0.06341 -0.11534 -0.88984
v 0.07170 -0.11820 -0.88691
v 0.07845 -0.11368 -0.88756
v 0.08295 -0.10691 -0.88802
v 0.08453 -0.09892 -0.88821
v 0.08295 -0.09093 -0.88811
v 0.07844 -0.08416 -0.88773
v 0.07170 -0.07963 -0.88713
v 0.06374 -0.07803 -0.88640
v 0.05579 -0.07962 -0.88565
v 0.04905 -0.08414 -0.88500
v 0.04454 -0.09091 -0.88454
v 0.04296 -0.09890 -0.88434
v 0.04454 -0.10689 -0.88445
v 0.04905 -0.11367 -0.88483
v 0.05579 -0.11820 -0.88543
v 0.06375 -0.11979 -0.88616
v 0.07351 -0.12157 -0.88256
v 0.08145 -0.11625 -0.88333
v 0.08674 -0.10829 -0.88387
v 0.08860 -0.09890 -0.88410
v 0.08674 -0.08950 -0.88398
v 0.08144 -0.08154 -0.88353
v 0.07351 -0.07621 -0.88282
v 0.06416 -0.07434 -0.88196
v 0.05480 -0.07620 -0.88108
v 0.04687 -0.08152 -0.88031
v 0.04158 -0.08948 -0.87978
v 0.03971 -0.09887 -0.87955
v 0.04158 -0.10827 -0.87967
v 0.04688 -0.11624 -0.88012
v 0.05481 -0.12156 -0.88082
v 0.06416 -0.12344 -0.88168
v 0.07503 -0.12406 -0.87756
v 0.08384 -0.11815 -0.87842
v 0.08973 -0.10931 -0.87901
v 0.09179 -0.09887 -0.87927
v 0.08973 -0.08843 -0.87913
v 0.08384 -0.07958 -0.87864
v 0.07503 -0.07366 -0.87785
v 0.06463 -0.07158 -0.87690
v 0.05424 -0.07365 -0.87592
v 0.04543 -0.07956 -0.87506
v 0.03954 -0.08841 -0.87447
v 0.03747 -0.09884 -0.87421
v 0.03954 -0.10928 -0.87435
v 0.04543 -0.11814 -0.87484
v 0.05424 -0.12405 -0.87563
v 0.06463 -0.12613 -0.87658
v 0.07618 -0.12558 -0.87210
v 0.08553 -0.11931 -0.87300
v 0.09178 -0.10992 -0.87364
v 0.09398 -0.09884 -0.87391
v 0.09178 -0.08776 -0.87376
v 0.08553 -0.07836 -0.87324
v 0.07618 -0.07208 -0.87240
v 0.06514 -0.06987 -0.87139
v 0.05411 -0.07207 -0.87035
v 0.04476 -0.07834 -0.86945
v 0.03850 -0.08773 -0.86881
v 0.03631 -0.09881 -0.86854
v 0.03851 -0.10989 -0.86869
v 0.04476 -0.11929 -0.86921
v 0.05411 -0.12557 -0.87005
v 0.06515 -0.12778 -0.87106
v 0.07693 -0.12608 -0.86638
v 0.08647 -0.11968 -0.86730
v 0.09284 -0.11010 -0.86795
v 0.09508 -0.09881 -0.86822
v 0.09284 -0.08751 -0.86808
v 0.08647 -0.07793 -0.86754
v 0.07693 -0.07152 -0.86669
v 0.06568 -0.06927 -0.86566
v 0.05443 -0.07151 -0.86460
v 0.04489 -0.07790 -0.86368
v 0.03852 -0.08748 -0.86303
v 0.03628 -0.09878 -0.86276
v 0.03852 -0.11008 -0.86290
v 0.04489 -0.11966 -0.86344
v 0.05443 -0.12606 -0.86429
v 0.06568 -0.12832 -0.86532
v 0.07725 -0.12552 -0.86063
v 0.08660 -0.11925 -0.86153
v 0.09285 -0.10985 -0.86217
v 0.09505 -0.09877 -0.86243
v 0.09285 -0.08769 -0.86229
v 0.08660 -0.07829 -0.86177
v 0.07724 -0.07201 -0.86093
v 0.06621 -0.06980 -0.85992
v 0.05518 -0.07200 -0.85888
v 0.04582 -0.07827 -0.85798
v 0.03957 -0.08766 -0.85734
v 0.03738 -0.09875 -0.85707
v 0.03957 -0.10983 -0.85721
v 0.04582 -0.11923 -0.85774
v 0.05518 -0.12551 -0.85858
v 0.06621 -0.12772 -0.85959
v 0.07712 -0.12394 -0.85506
v 0.08593 -0.11803 -0.85591
v 0.09182 -0.10918 -0.85651
v 0.09389 -0.09874 -0.85676
v 0.09182 -0.08830 -0.85663
v 0.08593 -0.07945 -0.85613
v 0.07712 -0.07353 -0.85535
v 0.06672 -0.07145 -0.85439
v 0.05633 -0.07352 -0.85342
v 0.04752 -0.07943 -0.85256
v 0.04163 -0.08828 -0.85197
v 0.03956 -0.09871 -0.85171
v 0.04163 -0.10915 -0.85185
v 0.04752 -0.11801 -0.85234
v 0.05633 -0.12392 -0.85313
v 0.06672 -0.12601 -0.85408
v 0.07655 -0.12138 -0.84990
v 0.08448 -0.11607 -0.85066
v 0.08978 -0.10811 -0.85120
v 0.09164 -0.09871 -0.85143
v 0.08978 -0.08932 -0.85131
v 0.08448 -0.08135 -0.85086
v 0.07655 -0.07602 -0.85016
v 0.06720 -0.07415 -0.84930
v 0.05784 -0.07601 -0.84842
v 0.04991 -0.08133 -0.84765
v 0.04461 -0.08929 -0.84711
v 0.04275 -0.09869 -0.84688
v 0.04461 -0.10808 -0.84700
v 0.04991 -0.11605 -0.84745
v 0.05784 -0.12138 -0.84816
v 0.06720 -0.12325 -0.84902
v 0.07557 -0.11797 -0.84533
v 0.08231 -0.11344 -0.84598
v 0.08682 -0.10667 -0.84644
v 0.08840 -0.09868 -0.84663
v 0.08682 -0.09069 -0.84653
v 0.08231 -0.08392 -0.84615
v 0.07557 -0.07939 -0.84555
v 0.06761 -0.07780 -0.84482
v 0.05965 -0.07938 -0.84407
v 0.05291 -0.08390 -0.84342
v 0.04840 -0.09067 -0.84296
v 0.04682 -0.09866 -0.84277
v 0.04840 -0.10665 -0.84287
v 0.05291 -0.11343 -0.84325
v 0.05966 -0.11796 -0.84385
v 0.06761 -0.11955 -0.84458
v 0.07420 -0.11381 -0.84154
v 0.07950 -0.11026 -0.84205
v 0.08304 -0.10494 -0.84241
v 0.08428 -0.09866 -0.84256
v 0.08304 -0.09238 -0.84248
v 0.07950 -0.08706 -0.84219
v 0.07420 -0.08350 -0.84171
v 0.06795 -0.08225 -0.84114
v 0.06170 -0.08349 -0.84055
v 0.05640 -0.08705 -0.84004
v 0.05286 -0.09237 -0.83968
v 0.05162 -0.09864 -0.83953
v 0.05286 -0.10492 -0.83961
v 0.05640 -0.11025 -0.83991
v 0.06170 -0.11380 -0.84038
v 0.06795 -0.11506 -0.84095
v 0.07251 -0.10908 -0.83867
v 0.07616 -0.10663 -0.83902
v 0.07860 -0.10297 -0.83927
v 0.07945 -0.09864 -0.83937
v 0.07860 -0.09432 -0.83932
v 0.07616 -0.09065 -0.83911
v 0.07251 -0.08820 -0.83879
v 0.06820 -0.08734 -0.83839
v 0.06390 -0.08820 -0.83799
v 0.06025 -0.09064 -0.83763
v 0.05781 -0.09431 -0.83739
v 0.05695 -0.09863 -0.83728
v 0.05781 -0.10296 -0.83734
v 0.06025 -0.10662 -0.83754
v 0.06390 -0.10907 -0.83787
v 0.06820 -0.10994 -0.83826
v 0.07055 -0.10395 -0.83683
v 0.07241 -0.10270 -0.83701
v 0.07366 -0.10083 -0.83714
v 0.07409 -0.09863 -0.83719
v 0.07366 -0.09643 -0.83716
v 0.07241 -0.09456 -0.83706
v 0.07055 -0.09331 -0.83689
v 0.06836 -0.09287 -0.83669
v 0.06616 -0.09331 -0.83648
v 0.06430 -0.09455 -0.83630
v 0.06306 -0.09642 -0.83618
v 0.06262 -0.09863 -0.83612
v 0.06306 -0.10083 -0.83615
v 0.06430 -0.10270 -0.83626
v 0.06616 -0.10395 -0.83642
v 0.06836 -0.10439 -0.83662
v 0.06294 -0.09896 -0.89489
v 0.06841 -0.09862 -0.83609
v 0.01813 -0.10711 -0.50651
v 0.02067 -0.10541 -0.50642
v 0.02236 -0.10287 -0.50637
v 0.02296 -0.09987 -0.50636
v 0.02237 -0.09688 -0.50640
v 0.02067 -0.09434 -0.50649
v 0.01813 -0.09264 -0.50660
v 0.01514 -0.09204 -0.50672
v 0.01215 -0.09264 -0.50684
v 0.00961 -0.09434 -0.50693
v 0.00791 -0.09688 -0.50698
v 0.00732 -0.09987 -0.50699
v 0.00791 -0.10287 -0.50695
v 0.00961 -0.10541 -0.50687
v 0.01214 -0.10710 -0.50676
v 0.01514 -0.10770 -0.50663
v 0.02091 -0.11405 -0.50408
v 0.02589 -0.11072 -0.50390
v 0.02922 -0.10574 -0.50379
v 0.03039 -0.09986 -0.50378
v 0.02923 -0.09398 -0.50386
v 0.02590 -0.08900 -0.50402
v 0.02092 -0.08567 -0.50424
v 0.01505 -0.08450 -0.50448
v 0.00918 -0.08567 -0.50471
v 0.00420 -0.08900 -0.50489
v 0.00087 -0.09398 -0.50500
v -0.00030 -0.09986 -0.50501
v 0.00087 -0.10573 -0.50493
v 0.00419 -0.11072 -0.50477
v 0.00917 -0.11405 -0.50455
v 0.01504 -0.11522 -0.50431
v 0.02342 -0.12044 -0.50023
v 0.03064 -0.11560 -0.49997
v 0.03548 -0.10837 -0.49981
v 0.03717 -0.09984 -0.49979
v 0.03548 -0.09131 -0.49991
v 0.03066 -0.08408 -0.50015
v 0.02343 -0.07924 -0.50046
v 0.01491 -0.07754 -0.50082
v 0.00638 -0.07924 -0.50115
v -0.00085 -0.08407 -0.50141
v -0.00568 -0.09130 -0.50157
v -0.00738 -0.09984 -0.50159
v -0.00569 -0.10837 -0.50147
v -0.00086 -0.11560 -0.50123
v 0.00637 -0.12043 -0.50092
v 0.01489 -0.12213 -0.50056
v 0.02554 -0.12603 -0.49512
v 0.03474 -0.11988 -0.49478
v 0.04089 -0.11067 -0.49459
v 0.04305 -0.09981 -0.49456
v 0.04090 -0.08895 -0.49471
v 0.03475 -0.07975 -0.49501
v 0.02556 -0.07360 -0.49542
v 0.01471 -0.07143 -0.49586
v 0.00386 -0.07359 -0.49629
v -0.00534 -0.07974 -0.49662
v -0.01149 -0.08895 -0.49682
v -0.01366 -0.09981 -0.49684
v -0.01150 -0.11067 -0.49670
v -0.00536 -0.11987 -0.49640
v 0.00384 -0.12602 -0.49599
v 0.01469 -0.12818 -0.49554
v 0.02720 -0.13060 -0.48894
v 0.03802 -0.12337 -0.48854
v 0.04525 -0.11255 -0.48831
v 0.04779 -0.09978 -0.48828
v 0.04526 -0.08701 -0.48846
v 0.03803 -0.07618 -0.48881
v 0.02722 -0.06895 -0.48929
v 0.01446 -0.06641 -0.48982
v 0.00170 -0.06895 -0.49032
v -0.00911 -0.07618 -0.49071
v -0.01634 -0.08700 -0.49094
v -0.01889 -0.09977 -0.49097
v -0.01635 -0.11254 -0.49079
v -0.00913 -0.12337 -0.49044
v 0.00168 -0.13060 -0.48997
v 0.01444 -0.13314 -0.48944
v 0.02834 -0.13399 -0.48193
v 0.04036 -0.12595 -0.48149
v 0.04839 -0.11393 -0.48124
v 0.05122 -0.09974 -0.48120
v 0.04840 -0.08555 -0.48140
v 0.04038 -0.07352 -0.48179
v 0.02836 -0.06549 -0.48232
v 0.01419 -0.06266 -0.48291
v 0.00001 -0.06548 -0.48346
v -0.01201 -0.07352 -0.48390
v -0.02005 -0.08554 -0.48415
v -0.02287 -0.09973 -0.48419
v -0.02006 -0.11392 -0.48399
v -0.01203 -0.12595 -0.48360
v -0.00001 -0.13399 -0.48307
v 0.01416 -0.13681 -0.48248
v 0.02891 -0.13606 -0.47436
v 0.04167 -0.12753 -0.47390
v 0.05020 -0.11476 -0.47362
v 0.05320 -0.09970 -0.47359
v 0.05021 -0.08463 -0.47380
v 0.04169 -0.07187 -0.47421
v 0.02893 -0.06333 -0.47477
v 0.01388 -0.06033 -0.47540
v -0.00117 -0.06333 -0.47599
v -0.01393 -0.07186 -0.47645
v -0.02246 -0.08463 -0.47672
v -0.02546 -0.09969 -0.47676
v -0.02247 -0.11475 -0.47655
v -0.01395 -0.12752 -0.47613
v -0.00119 -0.13605 -0.47557
v 0.01386 -0.13905 -0.47495
v 0.02889 -0.13672 -0.46652
v 0.04190 -0.12803 -0.46605
v 0.05060 -0.11501 -0.46577
v 0.05365 -0.09965 -0.46574
v 0.05061 -0.08430 -0.46595
v 0.04192 -0.07128 -0.46637
v 0.02891 -0.06258 -0.46694
v 0.01357 -0.05952 -0.46758
v -0.00178 -0.06257 -0.46818
v -0.01479 -0.07127 -0.46865
v -0.02348 -0.08429 -0.46893
v -0.02654 -0.09964 -0.46897
v -0.02349 -0.11500 -0.46875
v -0.01481 -0.12802 -0.46833
v -0.00180 -0.13672 -0.46776
v 0.01354 -0.13978 -0.46712
v 0.02828 -0.13597 -0.45872
v 0.04104 -0.12744 -0.45825
v 0.04957 -0.11467 -0.45798
v 0.05257 -0.09961 -0.45795
v 0.04958 -0.08455 -0.45815
v 0.04106 -0.07178 -0.45857
v 0.02830 -0.06324 -0.45913
v 0.01325 -0.06025 -0.45975
v -0.00180 -0.06324 -0.46034
v -0.01456 -0.07177 -0.46081
v -0.02309 -0.08454 -0.46108
v -0.02609 -0.09960 -0.46111
v -0.02310 -0.11466 -0.46091
v -0.01458 -0.12743 -0.46049
v -0.00182 -0.13596 -0.45993
v 0.01323 -0.13896 -0.45930
v 0.02710 -0.13381 -0.45124
v 0.03912 -0.12578 -0.45080
v 0.04716 -0.11375 -0.45055
v 0.04998 -0.09956 -0.45052
v 0.04717 -0.08538 -0.45071
v 0.03914 -0.07335 -0.45110
v 0.02713 -0.06531 -0.45163
v 0.01295 -0.06249 -0.45222
v -0.00123 -0.06531 -0.45277
v -0.01325 -0.07334 -0.45321
v -0.02128 -0.08537 -0.45347
v -0.02411 -0.09956 -0.45350
v -0.02129 -0.11374 -0.45330
v -0.01327 -0.12577 -0.45291
v -0.00125 -0.13381 -0.45238
v 0.01293 -0.13663 -0.45180
v 0.02541 -0.13035 -0.44439
v 0.03623 -0.12312 -0.44399
v 0.04346 -0.11229 -0.44376
v 0.04600 -0.09952 -0.44373
v 0.04346 -0.08676 -0.44391
v 0.03624 -0.07593 -0.44426
v 0.02543 -0.06870 -0.44474
v 0.01267 -0.06615 -0.44526
v -0.00009 -0.06869 -0.44576
v -0.01091 -0.07593 -0.44616
v -0.01814 -0.08675 -0.44639
v -0.02068 -0.09952 -0.44642
v -0.01815 -0.11229 -0.44624
v -0.01092 -0.12311 -0.44589
v -0.00011 -0.13034 -0.44541
v 0.01265 -0.13289 -0.44488
v 0.02326 -0.12570 -0.43841
v 0.03246 -0.11955 -0.43808
v 0.03860 -0.11035 -0.43788
v 0.04077 -0.09949 -0.43786
v 0.03861 -0.08863 -0.43801
v 0.03247 -0.07942 -0.43831
v 0.02327 -0.07327 -0.43871
v 0.01242 -0.07111 -0.43916
v 0.00157 -0.07327 -0.43959
v -0.00763 -0.07942 -0.43992
v -0.01378 -0.08862 -0.44012
v -0.01594 -0.09948 -0.44014
v -0.01378 -0.11034 -0.43999
v -0.00764 -0.11955 -0.43969
v 0.00156 -0.12570 -0.43929
v 0.01240 -0.12786 -0.43884
v 0.02073 -0.12006 -0.43355
v 0.02796 -0.11522 -0.43329
v 0.03279 -0.10799 -0.43314
v 0.03449 -0.09946 -0.43312
v 0.03280 -0.09093 -0.43323
v 0.02797 -0.08369 -0.43347
v 0.02075 -0.07886 -0.43379
v 0.01222 -0.07716 -0.43414
v 0.00370 -0.07886 -0.43447
v -0.00353 -0.08369 -0.43474
v -0.00836 -0.09092 -0.43489
v -0.01006 -0.09946 -0.43491
v -0.00837 -0.10799 -0.43479
v -0.00354 -0.11522 -0.43456
v 0.00368 -0.12005 -0.43424
v 0.01221 -0.12175 -0.43389
v 0.01793 -0.11362 -0.42999
v 0.02291 -0.11030 -0.42981
v 0.02624 -0.10531 -0.42970
v 0.02741 -0.09944 -0.42969
v 0.02624 -0.09356 -0.42977
v 0.02292 -0.08858 -0.42993
v 0.01794 -0.08525 -0.43015
v 0.01207 -0.08408 -0.43039
v 0.00620 -0.08525 -0.43062
v 0.00122 -0.08858 -0.43081
v -0.00211 -0.09356 -0.43091
v -0.00328 -0.09943 -0.43092
v -0.00211 -0.10531 -0.43084
v 0.00121 -0.11029 -0.43068
v 0.00619 -0.11362 -0.43046
v 0.01206 -0.11479 -0.43022
v 0.01496 -0.10666 -0.42786
v 0.01750 -0.10496 -0.42777
v 0.01920 -0.10242 -0.42772
v 0.01979 -0.09942 -0.42771
v 0.01920 -0.09643 -0.42775
v 0.01751 -0.09389 -0.42783
v 0.01497 -0.09219 -0.42795
v 0.01198 -0.09159 -0.42807
v 0.00898 -0.09219 -0.42819
v 0.00644 -0.09389 -0.42828
v 0.00475 -0.09643 -0.42833
v 0.00415 -0.09942 -0.42834
v 0.00474 -0.10242 -0.42830
v 0.00644 -0.10496 -0.42822
v 0.00898 -0.10666 -0.42810
v 0.01197 -0.10725 -0.42798
v 0.01517 -0.09988 -0.50745
v 0.01194 -0.09942 -0.42726
v 0.00835 0.13343 -0.13487
v 0.01148 0.13226 -0.13580
v 0.01400 0.13043 -0.13734
v 0.01566 0.12813 -0.13934
v 0.01629 0.12557 -0.14161
v 0.01584 0.12302 -0.14392
v 0.01435 0.12072 -0.14605
v 0.01196 0.11889 -0.14778
v 0.00891 0.11772 -0.14896
v 0.00550 0.11731 -0.14946
v 0.00206 0.11772 -0.14923
v -0.00107 0.11889 -0.14831
v -0.00359 0.12072 -0.14677
v -0.00525 0.12302 -0.14477
v -0.00588 0.12558 -0.14250
v -0.00543 0.12813 -0.14019
v -0.00394 0.13043 -0.13806
v -0.00155 0.13226 -0.13633
v 0.00150 0.13343 -0.13515
v 0.00491 0.13384 -0.13465
v 0.01134 0.13936 -0.12594
v 0.01753 0.13704 -0.12777
v 0.02250 0.13343 -0.13081
v 0.02578 0.12888 -0.13476
v 0.02703 0.12384 -0.13924
v 0.02614 0.11880 -0.14380
v 0.02319 0.11425 -0.14801
v 0.01848 0.11064 -0.15144
v 0.01246 0.10832 -0.15376
v 0.00571 0.10752 -0.15475
v -0.00108 0.10832 -0.15431
v -0.00727 0.11064 -0.15247
v -0.01225 0.11425 -0.14943
v -0.01552 0.11880 -0.14548
v -0.01678 0.12384 -0.14100
v -0.01589 0.12889 -0.13644
v -0.01294 0.13343 -0.13224
v -0.00822 0.13704 -0.12880
v -0.00220 0.13936 -0.12648
v 0.00454 0.14016 -0.12549
v 0.01412 0.14380 -0.11611
v 0.02322 0.14039 -0.11880
v 0.03053 0.13508 -0.12327
v 0.03534 0.12840 -0.12908
v 0.03718 0.12099 -0.13566
v 0.03587 0.11358 -0.14236
v 0.03154 0.10690 -0.14854
v 0.02461 0.10160 -0.15358
v 0.01576 0.09819 -0.15699
v 0.00586 0.09702 -0.15844
v -0.00413 0.09820 -0.15779
v -0.01322 0.10160 -0.15510
v -0.02053 0.10691 -0.15063
v -0.02534 0.11359 -0.14483
v -0.02718 0.12100 -0.13825
v -0.02587 0.12841 -0.13154
v -0.02154 0.13509 -0.12537
v -0.01462 0.14039 -0.12033
v -0.00577 0.14380 -0.11691
v 0.00414 0.14497 -0.11546
v 0.01664 0.14663 -0.10564
v 0.02841 0.14222 -0.10913
v 0.03788 0.13535 -0.11491
v 0.04411 0.12670 -0.12243
v 0.04649 0.11711 -0.13095
v 0.04480 0.10751 -0.13963
v 0.03919 0.09886 -0.14762
v 0.03022 0.09200 -0.15415
v 0.01876 0.08759 -0.15857
v 0.00594 0.08607 -0.16045
v -0.00699 0.08759 -0.15961
v -0.01876 0.09200 -0.15612
v -0.02823 0.09887 -0.15034
v -0.03446 0.10752 -0.14282
v -0.03684 0.11712 -0.13430
v -0.03515 0.12671 -0.12562
v -0.02954 0.13536 -0.11763
v -0.02057 0.14223 -0.11110
v -0.00911 0.14663 -0.10668
v 0.00371 0.14815 -0.10480
v 0.01882 0.14779 -0.09479
v 0.03298 0.14249 -0.09898
v 0.04437 0.13423 -0.10594
v 0.05187 0.12382 -0.11499
v 0.05473 0.11228 -0.12523
v 0.05270 0.10074 -0.13567
v 0.04595 0.09033 -0.14529
v 0.03516 0.08207 -0.15314
v 0.02138 0.07677 -0.15846
v 0.00595 0.07494 -0.16072
v -0.00960 0.07677 -0.15971
v -0.02377 0.08208 -0.15552
v -0.03515 0.09034 -0.14856
v -0.04265 0.10075 -0.13951
v -0.04552 0.11229 -0.12927
v -0.04348 0.12383 -0.11882
v -0.03673 0.13424 -0.10921
v -0.02594 0.14250 -0.10135
v -0.01216 0.14780 -0.09604
v 0.00326 0.14962 -0.09378
v 0.02061 0.14726 -0.08382
v 0.03682 0.14119 -0.08861
v 0.04985 0.13174 -0.09657
v 0.05842 0.11983 -0.10692
v 0.06170 0.10662 -0.11864
v 0.05937 0.09342 -0.13059
v 0.05165 0.08151 -0.14160
v 0.03931 0.07206 -0.15058
v 0.02354 0.06600 -0.15666
v 0.00589 0.06391 -0.15925
v -0.01191 0.06600 -0.15809
v -0.02811 0.07207 -0.15329
v -0.04114 0.08152 -0.14533
v -0.04971 0.09343 -0.13498
v -0.05300 0.10664 -0.12326
v -0.05066 0.11984 -0.11131
v -0.04295 0.13175 -0.10031
v -0.03060 0.14120 -0.09133
v -0.01483 0.14726 -0.08524
v 0.00282 0.14935 -0.08265
v 0.02198 0.14504 -0.07299
v 0.03982 0.13835 -0.07827
v 0.05417 0.12794 -0.08704
v 0.06362 0.11482 -0.09844
v 0.06723 0.10028 -0.11135
v 0.06466 0.08574 -0.12451
v 0.05616 0.07263 -0.13663
v 0.04256 0.06222 -0.14652
v 0.02520 0.05554 -0.15322
v 0.00576 0.05324 -0.15607
v -0.01384 0.05554 -0.15479
v -0.03169 0.06223 -0.14951
v -0.04604 0.07264 -0.14074
v -0.05548 0.08576 -0.12935
v -0.05909 0.10030 -0.11644
v -0.05653 0.11484 -0.10328
v -0.04803 0.12795 -0.09116
v -0.03443 0.13836 -0.08126
v -0.01706 0.14504 -0.07456
v 0.00238 0.14734 -0.07171
v 0.02287 0.14119 -0.06259
v 0.04193 0.13405 -0.06822
v 0.05724 0.12294 -0.07758
v 0.06732 0.10894 -0.08975
v 0.07118 0.09342 -0.10353
v 0.06844 0.07790 -0.11757
v 0.05937 0.06390 -0.13051
v 0.04485 0.05279 -0.14107
v 0.02631 0.04565 -0.14822
v 0.00557 0.04320 -0.15127
v -0.01535 0.04566 -0.14990
v -0.03441 0.05279 -0.14426
v -0.04972 0.06391 -0.13490
v -0.05980 0.07791 -0.12274
v -0.06366 0.09343 -0.10896
v -0.06092 0.10895 -0.09491
v -0.05185 0.12295 -0.08198
v -0.03733 0.13406 -0.07142
v -0.01879 0.14119 -0.06426
v 0.00195 0.14365 -0.06122
v 0.02329 0.13580 -0.05285
v 0.04307 0.12839 -0.05871
v 0.05898 0.11685 -0.06843
v 0.06944 0.10230 -0.08106
v 0.07345 0.08619 -0.09537
v 0.07060 0.07007 -0.10996
v 0.06118 0.05553 -0.12339
v 0.04611 0.04399 -0.13436
v 0.02686 0.03659 -0.14179
v 0.00531 0.03403 -0.14495
v -0.01642 0.03659 -0.14353
v -0.03620 0.04400 -0.13768
v -0.05211 0.05554 -0.12796
v -0.06257 0.07008 -0.11532
v -0.06658 0.08620 -0.10101
v -0.06373 0.10232 -0.08642
v -0.05431 0.11686 -0.07299
v -0.03924 0.12839 -0.06202
v -0.01999 0.13580 -0.05460
v 0.00156 0.13835 -0.05144
v 0.02320 0.12900 -0.04403
v 0.04323 0.12150 -0.04996
v 0.05934 0.10982 -0.05980
v 0.06993 0.09509 -0.07260
v 0.07399 0.07877 -0.08708
v 0.07111 0.06246 -0.10185
v 0.06157 0.04774 -0.11545
v 0.04631 0.03605 -0.12656
v 0.02682 0.02856 -0.13408
v 0.00500 0.02597 -0.13728
v -0.01700 0.02856 -0.13584
v -0.03703 0.03606 -0.12991
v -0.05313 0.04775 -0.12007
v -0.06373 0.06247 -0.10728
v -0.06779 0.07879 -0.09279
v -0.06490 0.09511 -0.07802
v -0.05536 0.10983 -0.06442
v -0.04010 0.12151 -0.05332
v -0.02061 0.12901 -0.04580
v 0.00120 0.13159 -0.04260
v 0.02262 0.12097 -0.03634
v 0.04240 0.11356 -0.04220
v 0.05831 0.10202 -0.05192
v 0.06878 0.08748 -0.06455
v 0.07278 0.07136 -0.07886
v 0.06994 0.05525 -0.09345
v 0.06052 0.04071 -0.10689
v 0.04544 0.02917 -0.11785
v 0.02619 0.02176 -0.12528
v 0.00465 0.01921 -0.12844
v -0.01708 0.02177 -0.12702
v -0.03687 0.02918 -0.12117
v -0.05277 0.04072 -0.11145
v -0.06324 0.05526 -0.09881
v -0.06725 0.07138 -0.08450
v -0.06440 0.08750 -0.06992
v -0.05498 0.10203 -0.05648
v -0.03990 0.11357 -0.04551
v -0.02065 0.12098 -0.03809
v 0.00089 0.12353 -0.03493
v 0.02156 0.11190 -0.02998
v 0.04061 0.10477 -0.03561
v 0.05592 0.09366 -0.04497
v 0.06600 0.07965 -0.05714
v 0.06986 0.06413 -0.07092
v 0.06712 0.04861 -0.08496
v 0.05805 0.03461 -0.09790
v 0.04353 0.02351 -0.10846
v 0.02500 0.01637 -0.11561
v 0.00425 0.01392 -0.11865
v -0.01667 0.01638 -0.11729
v -0.03572 0.02351 -0.11165
v -0.05104 0.03463 -0.10229
v -0.06112 0.04863 -0.09013
v -0.06497 0.06415 -0.07635
v -0.06223 0.07967 -0.06230
v -0.05316 0.09367 -0.04937
v -0.03865 0.10478 -0.03880
v -0.02011 0.11191 -0.03165
v 0.00064 0.11437 -0.02861
v 0.02004 0.10202 -0.02508
v 0.03789 0.09534 -0.03036
v 0.05224 0.08492 -0.03913
v 0.06168 0.07181 -0.05053
v 0.06530 0.05727 -0.06344
v 0.06273 0.04273 -0.07660
v 0.05423 0.02961 -0.08872
v 0.04063 0.01920 -0.09861
v 0.02326 0.01252 -0.10531
v 0.00383 0.01022 -0.10816
v -0.01577 0.01253 -0.10688
v -0.03362 0.01921 -0.10160
v -0.04797 0.02962 -0.09283
v -0.05741 0.04274 -0.08144
v -0.06103 0.05728 -0.06853
v -0.05846 0.07182 -0.05537
v -0.04996 0.08494 -0.04325
v -0.03636 0.09534 -0.03335
v -0.01899 0.10202 -0.02665
v 0.00044 0.10433 -0.02380
v 0.01811 0.09156 -0.02179
v 0.03432 0.08549 -0.02658
v 0.04734 0.07604 -0.03454
v 0.05592 0.06413 -0.04489
v 0.05920 0.05093 -0.05661
v 0.05687 0.03773 -0.06856
v 0.04915 0.02582 -0.07957
v 0.03680 0.01637 -0.08855
v 0.02103 0.01030 -0.09463
v 0.00339 0.00821 -0.09722
v -0.01441 0.01030 -0.09606
v -0.03062 0.01637 -0.09126
v -0.04364 0.02583 -0.08330
v -0.05222 0.03774 -0.07295
v -0.05550 0.05094 -0.06123
v -0.05317 0.06414 -0.04928
v -0.04545 0.07605 -0.03828
v -0.03310 0.08550 -0.02930
v -0.01733 0.09157 -0.02321
v 0.00031 0.09366 -0.02063
v 0.01581 0.08079 -0.02017
v 0.02997 0.07549 -0.02436
v 0.04136 0.06723 -0.03132
v 0.04885 0.05681 -0.04036
v 0.05172 0.04528 -0.05061
v 0.04968 0.03374 -0.06105
v 0.04294 0.02333 -0.07067
v 0.03215 0.01507 -0.07852
v 0.01836 0.00977 -0.08384
v 0.00294 0.00794 -0.08610
v -0.01262 0.00977 -0.08509
v -0.02678 0.01507 -0.08089
v -0.03817 0.02334 -0.07394
v -0.04566 0.03375 -0.06489
v -0.04853 0.04529 -0.05465
v -0.04649 0.05683 -0.04420
v -0.03975 0.06723 -0.03458
v -0.02895 0.07549 -0.02673
v -0.01517 0.08080 -0.02142
v 0.00025 0.08262 -0.01915
v 0.01319 0.06997 -0.02027
v 0.02497 0.06556 -0.02375
v 0.03443 0.05869 -0.02954
v 0.04066 0.05004 -0.03706
v 0.04305 0.04045 -0.04557
v 0.04135 0.03086 -0.05425
v 0.03575 0.02220 -0.06225
v 0.02677 0.01534 -0.06878
v 0.01532 0.01093 -0.07319
v 0.00250 0.00941 -0.07508
v -0.01043 0.01093 -0.07423
v -0.02221 0.01534 -0.07075
v -0.03167 0.02221 -0.06496
v -0.03790 0.03086 -0.05744
v -0.04029 0.04046 -0.04893
v -0.03859 0.05005 -0.04025
v -0.03299 0.05870 -0.03225
v -0.02402 0.06557 -0.02572
v -0.01256 0.06997 -0.02130
v 0.00026 0.07149 -0.01942
v 0.01033 0.05937 -0.02208
v 0.01942 0.05596 -0.02478
v 0.02673 0.05066 -0.02924
v 0.03155 0.04397 -0.03505
v 0.03339 0.03656 -0.04163
v 0.03208 0.02916 -0.04833
v 0.02775 0.02247 -0.05451
v 0.02082 0.01717 -0.05955
v 0.01197 0.01377 -0.06296
v 0.00207 0.01259 -0.06442
v -0.00792 0.01377 -0.06376
v -0.01701 0.01717 -0.06107
v -0.02432 0.02248 -0.05660
v -0.02914 0.02916 -0.05080
v -0.03098 0.03657 -0.04422
v -0.02967 0.04398 -0.03751
v -0.02534 0.05066 -0.03134
v -0.01841 0.05597 -0.02630
v -0.00956 0.05937 -0.02288
v 0.00034 0.06054 -0.02143
v 0.00729 0.04924 -0.02557
v 0.01348 0.04692 -0.02740
v 0.01845 0.04331 -0.03044
v 0.02173 0.03876 -0.03440
v 0.02298 0.03372 -0.03887
v 0.02209 0.02868 -0.04344
v 0.01914 0.02413 -0.04764
v 0.01443 0.02052 -0.05107
v 0.00840 0.01820 -0.05340
v 0.00166 0.01740 -0.05438
v -0.00513 0.01820 -0.05394
v -0.01132 0.02052 -0.05211
v -0.01630 0.02413 -0.04907
v -0.01958 0.02868 -0.04511
v -0.02083 0.03373 -0.04064
v -0.01994 0.03877 -0.03607
v -0.01699 0.04332 -0.03187
v -0.01227 0.04693 -0.02844
v -0.00625 0.04924 -0.02612
v 0.00049 0.05004 -0.02513
v 0.00414 0.03984 -0.03064
v 0.00728 0.03867 -0.03157
v 0.00980 0.03684 -0.03311
v 0.01145 0.03454 -0.03511
v 0.01209 0.03199 -0.03738
v 0.01164 0.02943 -0.03969
v 0.01015 0.02713 -0.04181
v 0.00776 0.02530 -0.04355
v 0.00471 0.02413 -0.04473
v 0.00130 0.02373 -0.04523
v -0.00215 0.02413 -0.04500
v -0.00528 0.02531 -0.04408
v -0.00780 0.02713 -0.04254
v -0.00946 0.02944 -0.04054
v -0.01009 0.03199 -0.03827
v -0.00964 0.03454 -0.03596
v -0.00815 0.03684 -0.03383
v -0.00576 0.03867 -0.03209
v -0.00271 0.03984 -0.03092
v 0.00070 0.04025 -0.03042
v 0.00523 0.12616 -0.14270
v 0.00097 0.03140 -0.03717
v 0.06519 0.10492 -0.89437
v 0.06705 0.10367 -0.89456
v 0.06830 0.10180 -0.89469
v 0.06873 0.09960 -0.89476
v 0.06830 0.09740 -0.89474
v 0.06705 0.09553 -0.89465
v 0.06519 0.09428 -0.89449
v 0.06300 0.09384 -0.89429
v 0.06080 0.09427 -0.89408
v 0.05894 0.09552 -0.89389
v 0.05770 0.09739 -0.89376
v 0.05726 0.09959 -0.89369
v 0.05770 0.10179 -0.89371
v 0.05894 0.10366 -0.89380
v 0.06080 0.10491 -0.89396
v 0.06300 0.10535 -0.89416
v 0.06746 0.11002 -0.89284
v 0.07111 0.10757 -0.89320
v 0.07355 0.10391 -0.89347
v 0.07440 0.09959 -0.89360
v 0.07355 0.09526 -0.89357
v 0.07111 0.09160 -0.89338
v 0.06746 0.08914 -0.89307
v 0.06315 0.08828 -0.89268
v 0.05885 0.08913 -0.89227
v 0.05520 0.09158 -0.89190
v 0.05276 0.09524 -0.89163
v 0.05190 0.09957 -0.89151
v 0.05276 0.10389 -0.89154
v 0.05520 0.10756 -0.89173
v 0.05885 0.11001 -0.89204
v 0.06315 0.11088 -0.89243
v 0.06966 0.11471 -0.89025
v 0.07496 0.11116 -0.89078
v 0.07850 0.10584 -0.89117
v 0.07974 0.09956 -0.89135
v 0.07850 0.09328 -0.89131
v 0.07495 0.08796 -0.89104
v 0.06966 0.08440 -0.89058
v 0.06340 0.08314 -0.89002
v 0.05715 0.08439 -0.88942
v 0.05186 0.08794 -0.88889
v 0.04832 0.09325 -0.88850
v 0.04707 0.09953 -0.88832
v 0.04832 0.10581 -0.88836
v 0.05186 0.11113 -0.88864
v 0.05716 0.11469 -0.88909
v 0.06341 0.11595 -0.88966
v 0.07170 0.11880 -0.88671
v 0.07845 0.11428 -0.88738
v 0.08295 0.10752 -0.88788
v 0.08453 0.09953 -0.88811
v 0.08295 0.09154 -0.88805
v 0.07844 0.08476 -0.88771
v 0.07170 0.08023 -0.88713
v 0.06374 0.07863 -0.88641
v 0.05579 0.08021 -0.88565
v 0.04905 0.08473 -0.88498
v 0.04454 0.09150 -0.88448
v 0.04296 0.09949 -0.88425
v 0.04454 0.10748 -0.88431
v 0.04905 0.11425 -0.88465
v 0.05579 0.11879 -0.88523
v 0.06375 0.12038 -0.88595
v 0.07351 0.12215 -0.88235
v 0.08144 0.11683 -0.88314
v 0.08674 0.10887 -0.88372
v 0.08860 0.09948 -0.88400
v 0.08674 0.09009 -0.88393
v 0.08144 0.08212 -0.88352
v 0.07351 0.07679 -0.88284
v 0.06416 0.07491 -0.88199
v 0.05480 0.07677 -0.88110
v 0.04687 0.08208 -0.88031
v 0.04158 0.09004 -0.87973
v 0.03971 0.09943 -0.87945
v 0.04158 0.10883 -0.87952
v 0.04688 0.11680 -0.87993
v 0.05481 0.12213 -0.88061
v 0.06416 0.12401 -0.88146
v 0.07503 0.12461 -0.87733
v 0.08384 0.11871 -0.87822
v 0.08973 0.10987 -0.87886
v 0.09179 0.09943 -0.87917
v 0.08973 0.08899 -0.87909
v 0.08384 0.08013 -0.87864
v 0.07503 0.07421 -0.87789
v 0.06463 0.07213 -0.87694
v 0.05424 0.07419 -0.87595
v 0.04543 0.08010 -0.87507
v 0.03954 0.08894 -0.87442
v 0.03747 0.09938 -0.87412
v 0.03954 0.10982 -0.87420
v 0.04543 0.11867 -0.87465
v 0.05424 0.12459 -0.87540
v 0.06463 0.12668 -0.87634
v 0.07618 0.12611 -0.87186
v 0.08553 0.11984 -0.87280
v 0.09178 0.11045 -0.87348
v 0.09398 0.09937 -0.87381
v 0.09178 0.08829 -0.87373
v 0.08553 0.07889 -0.87325
v 0.07618 0.07260 -0.87245
v 0.06514 0.07038 -0.87145
v 0.05411 0.07258 -0.87040
v 0.04476 0.07885 -0.86946
v 0.03850 0.08823 -0.86877
v 0.03631 0.09931 -0.86845
v 0.03851 0.11040 -0.86853
v 0.04476 0.11980 -0.86901
v 0.05411 0.12608 -0.86981
v 0.06515 0.12830 -0.87081
v 0.07693 0.12657 -0.86614
v 0.08647 0.12018 -0.86710
v 0.09284 0.11060 -0.86779
v 0.09508 0.09931 -0.86813
v 0.09284 0.08801 -0.86804
v 0.08647 0.07842 -0.86755
v 0.07693 0.07201 -0.86674
v 0.06568 0.06975 -0.86572
v 0.05443 0.07199 -0.86465
v 0.04489 0.07838 -0.86369
v 0.03852 0.08795 -0.86299
v 0.03628 0.09925 -0.86266
v 0.03852 0.11055 -0.86274
v 0.04489 0.12014 -0.86323
v 0.05443 0.12654 -0.86405
v 0.06568 0.12880 -0.86507
v 0.07725 0.12598 -0.86039
v 0.08660 0.11971 -0.86133
v 0.09285 0.11032 -0.86201
v 0.09505 0.09924 -0.86234
v 0.09285 0.08816 -0.86226
v 0.08660 0.07876 -0.86178
v 0.07724 0.07247 -0.86098
v 0.06621 0.07026 -0.85997
v 0.05518 0.07245 -0.85892
v 0.04582 0.07872 -0.85799
v 0.03957 0.08811 -0.85730
v 0.03738 0.09919 -0.85698
v 0.03957 0.11027 -0.85706
v 0.04582 0.11967 -0.85754
v 0.05518 0.12596 -0.85834
v 0.06621 0.12817 -0.85934
v 0.07712 0.12437 -0.85483
v 0.08593 0.11846 -0.85572
v 0.09182 0.10962 -0.85636
v 0.09389 0.09918 -0.85667
v 0.09182 0.08874 -0.85659
v 0.08593 0.07989 -0.85614
v 0.07712 0.07397 -0.85539
v 0.06672 0.07188 -0.85444
v 0.05633 0.07394 -0.85345
v 0.04752 0.07985 -0.85257
v 0.04163 0.08869 -0.85192
v 0.03956 0.09913 -0.85162
v 0.04163 0.10957 -0.85170
v 0.04752 0.11842 -0.85215
v 0.05633 0.12435 -0.85290
v 0.06672 0.12643 -0.85384
v 0.07655 0.12179 -0.84968
v 0.08448 0.11648 -0.85048
v 0.08978 0.10852 -0.85106
v 0.09164 0.09912 -0.85133
v 0.08978 0.08973 -0.85126
v 0.08448 0.08176 -0.85086
v 0.07655 0.07643 -0.85018
v 0.06720 0.07455 -0.84933
v 0.05784 0.07641 -0.84844
v 0.04991 0.08172 -0.84764
v 0.04461 0.08968 -0.84706
v 0.04275 0.09908 -0.84679
v 0.04461 0.10847 -0.84686
v 0.04991 0.11644 -0.84726
v 0.05784 0.12177 -0.84794
v 0.06720 0.12365 -0.84879
v 0.07557 0.11835 -0.84513
v 0.08231 0.11383 -0.84581
v 0.08682 0.10706 -0.84630
v 0.08840 0.09907 -0.84654
v 0.08682 0.09108 -0.84648
v 0.08231 0.08430 -0.84613
v 0.07557 0.07977 -0.84556
v 0.06761 0.07817 -0.84483
v 0.05965 0.07976 -0.84408
v 0.05291 0.08427 -0.84340
v 0.04840 0.09104 -0.84291
v 0.04682 0.09903 -0.84267
v 0.04840 0.10702 -0.84273
v 0.05291 0.11380 -0.84308
v 0.05966 0.11833 -0.84365
v 0.06761 0.11993 -0.84438
v 0.07420 0.11417 -0.84136
v 0.07950 0.11062 -0.84190
v 0.08304 0.10530 -0.84228
v 0.08428 0.09903 -0.84247
v 0.08304 0.09275 -0.84242
v 0.07950 0.08742 -0.84215
v 0.07420 0.08386 -0.84170
v 0.06795 0.08261 -0.84113
v 0.06170 0.08385 -0.84053
v 0.05640 0.08740 -0.84000
v 0.05286 0.09272 -0.83962
v 0.05162 0.09899 -0.83943
v 0.05286 0.10527 -0.83948
v 0.05640 0.11060 -0.83975
v 0.06170 0.11416 -0.84020
v 0.06795 0.11541 -0.84077
v 0.07251 0.10942 -0.83852
v 0.07616 0.10698 -0.83888
v 0.07860 0.10332 -0.83915
v 0.07945 0.09899 -0.83928
v 0.07860 0.09467 -0.83925
v 0.07616 0.09100 -0.83906
v 0.07251 0.08855 -0.83875
v 0.06820 0.08768 -0.83836
v 0.06390 0.08854 -0.83795
v 0.06025 0.09098 -0.83758
v 0.05781 0.09465 -0.83731
v 0.05695 0.09897 -0.83719
v 0.05781 0.10329 -0.83722
v 0.06025 0.10696 -0.83741
v 0.06390 0.10942 -0.83772
v 0.06820 0.11028 -0.83811
v 0.07055 0.10429 -0.83671
v 0.07241 0.10304 -0.83689
v 0.07366 0.10117 -0.83703
v 0.07409 0.09897 -0.83709
v 0.07366 0.09676 -0.83708
v 0.07241 0.09489 -0.83698
v 0.07055 0.09364 -0.83682
v 0.06836 0.09320 -0.83662
v 0.06616 0.09364 -0.83641
v 0.06430 0.09489 -0.83623
v 0.06306 0.09675 -0.83609
v 0.06262 0.09896 -0.83603
v 0.06306 0.10116 -0.83604
v 0.06430 0.10303 -0.83614
v 0.06616 0.10428 -0.83630
v 0.06836 0.10472 -0.83650
v 0.06294 0.09960 -0.89479
v 0.06841 0.09896 -0.83600
v 0.01813 0.10570 -0.50638
v 0.02067 0.10401 -0.50630
v 0.02236 0.10147 -0.50626
v 0.02296 0.09847 -0.50626
v 0.02237 0.09548 -0.50632
v 0.02067 0.09294 -0.50642
v 0.01813 0.09124 -0.50654
v 0.01514 0.09064 -0.50666
v 0.01215 0.09124 -0.50678
v 0.00961 0.09294 -0.50686
v 0.00791 0.09548 -0.50690
v 0.00732 0.09847 -0.50689
v 0.00791 0.10147 -0.50684
v 0.00961 0.10401 -0.50674
v 0.01214 0.10571 -0.50662
v 0.01514 0.10630 -0.50649
v 0.02091 0.11263 -0.50391
v 0.02589 0.10930 -0.50374
v 0.02922 0.10432 -0.50366
v 0.03039 0.09845 -0.50368
v 0.02923 0.09257 -0.50379
v 0.02590 0.08759 -0.50398
v 0.02092 0.08426 -0.50422
v 0.01505 0.08309 -0.50447
v 0.00918 0.08426 -0.50469
v 0.00420 0.08759 -0.50485
v 0.00087 0.09257 -0.50493
v -0.00030 0.09845 -0.50492
v 0.00087 0.10433 -0.50480
v 0.00419 0.10931 -0.50462
v 0.00917 0.11264 -0.50438
v 0.01504 0.11380 -0.50413
v 0.02342 0.11900 -0.50002
v 0.03064 0.11417 -0.49979
v 0.03548 0.10694 -0.49967
v 0.03717 0.09840 -0.49970
v 0.03548 0.08987 -0.49986
v 0.03066 0.08264 -0.50013
v 0.02343 0.07781 -0.50047
v 0.01491 0.07611 -0.50084
v 0.00638 0.07781 -0.50116
v -0.00085 0.08264 -0.50140
v -0.00568 0.08988 -0.50151
v -0.00738 0.09841 -0.50149
v -0.00569 0.10694 -0.50133
v -0.00086 0.11417 -0.50105
v 0.00637 0.11900 -0.50071
v 0.01489 0.12070 -0.50035
v 0.02554 0.12457 -0.49488
v 0.03474 0.11841 -0.49458
v 0.04089 0.10921 -0.49443
v 0.04305 0.09835 -0.49446
v 0.04090 0.08749 -0.49467
v 0.03475 0.07829 -0.49502
v 0.02556 0.07214 -0.49546
v 0.01471 0.06998 -0.49592
v 0.00386 0.07214 -0.49633
v -0.00534 0.07829 -0.49663
v -0.01149 0.08750 -0.49678
v -0.01366 0.09836 -0.49675
v -0.01150 0.10921 -0.49654
v -0.00536 0.11842 -0.49619
v 0.00384 0.12457 -0.49576
v 0.01469 0.12673 -0.49530
v 0.02720 0.12911 -0.48868
v 0.03802 0.12188 -0.48832
v 0.04525 0.11105 -0.48815
v 0.04779 0.09828 -0.48819
v 0.04526 0.08551 -0.48843
v 0.03803 0.07469 -0.48884
v 0.02722 0.06746 -0.48935
v 0.01446 0.06492 -0.48990
v 0.00170 0.06746 -0.49038
v -0.00911 0.07470 -0.49074
v -0.01634 0.08552 -0.49091
v -0.01889 0.09829 -0.49087
v -0.01635 0.11106 -0.49063
v -0.00913 0.12188 -0.49022
v 0.00168 0.12911 -0.48971
v 0.01444 0.13165 -0.48916
v 0.02834 0.13246 -0.48165
v 0.04036 0.12442 -0.48126
v 0.04839 0.11239 -0.48107
v 0.05122 0.09821 -0.48111
v 0.04840 0.08402 -0.48138
v 0.04038 0.07199 -0.48183
v 0.02836 0.06396 -0.48240
v 0.01419 0.06114 -0.48300
v 0.00001 0.06396 -0.48354
v -0.01201 0.07200 -0.48394
v -0.02005 0.08403 -0.48413
v -0.02287 0.09821 -0.48409
v -0.02006 0.11240 -0.48382
v -0.01203 0.12443 -0.48337
v -0.00001 0.13246 -0.48279
v 0.01416 0.13528 -0.48219
v 0.02891 0.13449 -0.47407
v 0.04167 0.12595 -0.47365
v 0.05020 0.11318 -0.47345
v 0.05320 0.09812 -0.47349
v 0.05021 0.08306 -0.47378
v 0.04169 0.07030 -0.47426
v 0.02893 0.06177 -0.47487
v 0.01388 0.05877 -0.47551
v -0.00117 0.06177 -0.47608
v -0.01393 0.07030 -0.47650
v -0.02246 0.08307 -0.47670
v -0.02546 0.09813 -0.47666
v -0.02247 0.11319 -0.47637
v -0.01395 0.12596 -0.47589
v -0.00119 0.13449 -0.47528
v 0.01386 0.13748 -0.47465
v 0.02889 0.13511 -0.46623
v 0.04190 0.12641 -0.46580
v 0.05060 0.11339 -0.46560
v 0.05365 0.09804 -0.46564
v 0.05061 0.08268 -0.46593
v 0.04192 0.06966 -0.46642
v 0.02891 0.06097 -0.46704
v 0.01357 0.05791 -0.46769
v -0.00178 0.06097 -0.46828
v -0.01479 0.06967 -0.46871
v -0.02348 0.08269 -0.46891
v -0.02654 0.09805 -0.46887
v -0.02349 0.11340 -0.46858
v -0.01481 0.12642 -0.46809
v -0.00180 0.13512 -0.46747
v 0.01354 0.13817 -0.46682
v 0.02828 0.13431 -0.45843
v 0.04104 0.12578 -0.45801
v 0.04957 0.11301 -0.45781
v 0.05257 0.09795 -0.45785
v 0.04958 0.08289 -0.45814
v 0.04106 0.07012 -0.45862
v 0.02830 0.06159 -0.45923
v 0.01325 0.05860 -0.45986
v -0.00180 0.06160 -0.46044
v -0.01456 0.07013 -0.46086
v -0.02309 0.08290 -0.46106
v -0.02609 0.09796 -0.46102
v -0.02310 0.11302 -0.46073
v -0.01458 0.12579 -0.46025
v -0.00182 0.13432 -0.45964
v 0.01323 0.13731 -0.45900
v 0.02710 0.13212 -0.45097
v 0.03912 0.12408 -0.45057
v 0.04716 0.11206 -0.45038
v 0.04998 0.09787 -0.45042
v 0.04717 0.08368 -0.45069
v 0.03914 0.07166 -0.45114
v 0.02713 0.06362 -0.45172
v 0.01295 0.06080 -0.45232
v -0.00123 0.06362 -0.45286
v -0.01325 0.07166 -0.45325
v -0.02128 0.08369 -0.45344
v -0.02411 0.09788 -0.45340
v -0.02129 0.11206 -0.45313
v -0.01327 0.12409 -0.45268
v -0.00125 0.13212 -0.45211
v 0.01293 0.13495 -0.45151
v 0.02541 0.12862 -0.44413
v 0.03623 0.12139 -0.44377
v 0.04346 0.11056 -0.44360
v 0.04600 0.09779 -0.44364
v 0.04346 0.08503 -0.44388
v 0.03624 0.07420 -0.44429
v 0.02543 0.06697 -0.44480
v 0.01267 0.06443 -0.44535
v -0.00009 0.06697 -0.44583
v -0.01091 0.07421 -0.44619
v -0.01814 0.08503 -0.44636
v -0.02068 0.09780 -0.44632
v -0.01815 0.11057 -0.44608
v -0.01092 0.12139 -0.44567
v -0.00011 0.12862 -0.44516
v 0.01265 0.13116 -0.44461
v 0.02326 0.12394 -0.43818
v 0.03246 0.11779 -0.43788
v 0.03860 0.10859 -0.43773
v 0.04077 0.09773 -0.43776
v 0.03861 0.08687 -0.43797
v 0.03247 0.07766 -0.43832
v 0.02327 0.07152 -0.43875
v 0.01242 0.06936 -0.43921
v 0.00157 0.07152 -0.43963
v -0.00763 0.07767 -0.43993
v -0.01378 0.08688 -0.44008
v -0.01594 0.09773 -0.44005
v -0.01378 0.10859 -0.43984
v -0.00764 0.11780 -0.43949
v 0.00156 0.12395 -0.43905
v 0.01240 0.12610 -0.43859
v 0.02073 0.11827 -0.43335
v 0.02796 0.11344 -0.43311
v 0.03279 0.10620 -0.43300
v 0.03449 0.09767 -0.43302
v 0.03280 0.08914 -0.43318
v 0.02797 0.08191 -0.43346
v 0.02075 0.07708 -0.43380
v 0.01222 0.07538 -0.43416
v 0.00370 0.07708 -0.43449
v -0.00353 0.08191 -0.43472
v -0.00836 0.08915 -0.43484
v -0.01006 0.09768 -0.43481
v -0.00837 0.10621 -0.43465
v -0.00354 0.11344 -0.43438
v 0.00368 0.11827 -0.43404
v 0.01221 0.11997 -0.43367
v 0.01793 0.11182 -0.42982
v 0.02291 0.10849 -0.42966
v 0.02624 0.10351 -0.42958
v 0.02741 0.09763 -0.42960
v 0.02624 0.09176 -0.42971
v 0.02292 0.08678 -0.42989
v 0.01794 0.08345 -0.43013
v 0.01207 0.08228 -0.43038
v 0.00620 0.08345 -0.43060
v 0.00122 0.08678 -0.43077
v -0.00211 0.09176 -0.43085
v -0.00328 0.09764 -0.43083
v -0.00211 0.10351 -0.43072
v 0.00121 0.10849 -0.43053
v 0.00619 0.11182 -0.43029
v 0.01206 0.11299 -0.43004
v 0.01496 0.10484 -0.42773
v 0.01750 0.10314 -0.42765
v 0.01920 0.10061 -0.42761
v 0.01979 0.09761 -0.42762
v 0.01920 0.09461 -0.42767
v 0.01751 0.09207 -0.42777
v 0.01497 0.09038 -0.42789
v 0.01198 0.08978 -0.42802
v 0.00898 0.09038 -0.42813
v 0.00644 0.09208 -0.42821
v 0.00475 0.09462 -0.42825
v 0.00415 0.09761 -0.42825
v 0.00474 0.10061 -0.42819
v 0.00644 0.10315 -0.42809
v 0.00898 0.10484 -0.42797
v 0.01197 0.10544 -0.42785
v 0.01517 0.09848 -0.50735
v 0.01194 0.09760 -0.42716
vt 0.00000 0.00000
vt 0.00000 0.00000
vt 0.00000 0.00000
vt 0.00000 0.00000
vt 0.00000 0.00000
vt 0.00000 0.00000
vt 0.00000 0.00000
vt 0.00000 0.00000
vt 0.00000 0.00000
vt 0.00000 0.00000
vt 0.00000 0.00000
vt 0.00000 0.00000
vt 0.00000 0.00000
vt 0.00000 0.00000
vt 0.00000 0.00000
vt 0.00000 0.00000
vt 0.00000 0.00000
vt 0.00000 0.00000
vt 0.00000 0.00000
vt 0.00000 0.00000
vt 0.00000 0.00000
vt 0.00000 0.00000
vt 0.00000 0.00000
vt 0.00000 0.00000
vt 0.00000 0.00000
vt 0.00000 0.00000
vt 0.00000 0.00000
vt 0.00000 0.00000
vt 0.00000 0.00000
vt 0.00000 0.00000
vt 0.00000 0.00000
vt 0.00000 0.00000
vt 0.00000 0.00000
vt 0.00000 0.00000
vt 0.00000 0.00000
vt 0.00000 0.00000
vt 0.00000 0.00000
vt 0.00000 0.00000
vt 0.00000 0.00000
vt 0.00000 0.00000
vt 0.00000 0.00000
vt 0.00000 0.00000
vt 0.00000 0.00000
vt 0.00000 0.00000
vt 0.00000 0.00000
vt 0.00000 0.00000
vt 0.00000 0.00000
vt 0.00000 0.00000
vt 0.00000 0.00000
vt 0.00000 0.00000
vt 0.00000 0.00000
vt 0.00000 0.00000
vt 0.00000 0.00000
vt 0.00000 0.00000
vt 0.00000 0.00000
vt 0.00000 0.00000
vt 0.00000 0.00000
vt 0.00000 0.00000
vt 0.00000 0.00000
vt 0.00000 0.00000
vt 0.00000 0.00000
vt 0.00000 0.00000
vt 0.00000 0.00000
vt 0.00000 0.00000
vt 0.00000 0.00000
vt 0.00000 0.00000
vt 0.00000 0.00000
vt 0.00000 0.00000
vt 0.00000 0.00000
vt 0.00000 0.00000
vt 0.00000 0.00000
vt 0.00000 0.00000
vt 0.00000 0.00000
vt 0.00000 0.00000
vt 0.00000 0.00000
vt 0.00000 0.00000
vt 0.00000 0.00000
vt 0.00000 0.00000
vt 0.00000 0.00000
vt 0.00000 0.00000
vt 0.00000 0.00000
vt 0.00000 0.00000
vt 0.00000 0.00000
vt 0.00000 0.00000
vt 0.00000 0.00000
vt 0.00000 0.00000
vt 0.00000 0.00000
vt 0.00000 0.00000
vt 0.00000 0.00000
vt 0.00000 0.00000
vt 0.00000 0.00000
vt 0.00000 0.00000
vt 0.00000 0.00000
vt 0.00000 0.00000
vt 0.00000 0.00000
vt 0.00000 0.00000
vt 0.00000 0.00000
vt 0.00000 0.00000
vt 0.00000 0.00000
vt 0.00000 0.00000
vt 0.00000 0.00000
vt 0.00000 0.00000
vt 0.00000 0.00000
vt 0.00000 0.00000
vt 0.00000 0.00000
vt 0.00000 0.00000
vt 0.00000 0.00000
vt 0.00000 0.00000
vt 0.00000 0.00000
vt 0.00000 0.00000
vt 0.00000 0.00000
vt 0.00000 0.00000
vt 0.00000 0.00000
vt 0.00000 0.00000
vt 0.00000 0.00000
vt 0.00000 0.00000
vt 0.00000 0.00000
vt 0.00000 0.00000
vt 0.00000 0.00000
vt 0.00000 0.00000
vt 0.00000 0.00000
vt 0.00000 0.00000
vt 0.00000 0.00000
vt 0.00000 0.00000
vt 0.00000 0.00000
vt 0.00000 0.00000
vt 0.00000 0.00000
vt 0.00000 0.00000
vt 0.00000 0.00000
vt 0.00000 0.00000
vt 0.00000 0.00000
vt 0.00000 0.00000
vt 0.00000 0.00000
vt 0.00000 0.00000
vt 0.00000 0.00000
vt 0.00000 0.00000
vt 0.00000 0.00000
vt 0.00000 0.00000
vt 0.00000 0.00000
vt 0.00000 0.00000
vt 0.00000 0.00000
vt 0.00000 0.00000
vt 0.00000 0.00000
vt 0.00000 0.00000
vt 0.00000 0.00000
vt 0.00000 0.00000
vt 0.00000 0.00000
vt 0.00000 0.00000
vt 0.00000 0.00000
vt 0.00000 0.00000
vt 0.00000 0.00000
vt 0.00000 0.00000
vt 0.00000 0.00000
vt 0.00000 0.00000
vt 0.00000 0.00000
vt 0.00000 0.00000
vt 0.00000 0.00000
vt 0.00000 0.00000
vt 0.00000 0.00000
vt 0.00000 0.00000
vt 0.00000 0.00000
vt 0.00000 0.00000
vt 0.00000 0.00000
vt 0.00000 0.00000
vt 0.00000 0.00000
vt 0.00000 0.00000
vt 0.00000 0.00000
vt 0.00000 0.00000
vt 0.00000 0.00000
vt 0.00000 0.00000
vt 0.00000 0.00000
vt 0.00000 0.00000
vt 0.00000 0.00000
vt 0.00000 0.00000
vt 0.00000 0.00000
vt 0.00000 0.00000
vt 0.00000 0.00000
vt 0.00000 0.00000
vt 0.00000 0.00000
vt 0.00000 0.00000
vt 0.00000 0.00000
vt 0.00000 0.00000
vt 0.00000 0.00000
vt 0.00000 0.00000
vt 0.00000 0.00000
vt 0.00000 0.00000
vt 0.00000 0.00000
vt 0.00000 0.00000
vt 0.00000 0.00000
vt 0.00000 0.00000
vt 0.00000 0.00000
vt 0.00000 0.00000
vt 0.00000 0.00000
vt 0.00000 0.00000
vt 0.00000 0.00000
vt 0.00000 0.00000
vt 0.00000 0.00000
vt 0.00000 0.00000
vt 0.00000 0.00000
vt 0.00000 0.00000
vt 0.00000 0.00000
vt 0.00000 0.00000
vt 0.00000 0.00000
vt 0.00000 0.00000
vt 0.00000 0.00000
vt 0.00000 0.00000
vt 0.00000 0.00000
vt 0.00000 0.00000
vt 0.00000 0.00000
vt 0.00000 0.00000
vt 0.00000 0.00000
vt 0.00000 0.00000
vt 0.00000 0.00000
vt 0.00000 0.00000
vt 0.00000 0.00000
vt 0.00000 0.00000
vt 0.00000 0.00000
vt 0.00000 0.00000
vt 0.00000 0.00000
vt 0.00000 0.00000
vt 0.00000 0.00000
vt 0.00000 0.00000
vt 0.00000 0.00000
vt 0.00000 0.00000
vt 0.00000 0.00000
vt 0.00000 0.00000
vt 0.00000 0.00000
vt 0.00000 0.00000
vt 0.00000 0.00000
vt 0.00000 0.00000
vt 0.00000 0.00000
vt 0.00000 0.00000
vt 0.00000 0.00000
vt 0.00000 0.00000
vt 0.00000 0.00000
vt 0.00000 0.00000
vt 0.00000 0.00000
vt 0.00000 0.00000
vt 0.00000 0.00000
vt 0.00000 0.00000
vt 0.00000 0.00000
vt 0.00000 0.00000
vt 0.00000 0.00000
vt 0.00000 0.00000
vt 0.00000 0.00000
vt 0.00000 0.00000
vt 0.00000 0.00000
vt 0.00000 0.00000
vt 0.00000 0.00000
vt 0.00000 0.00000
vt 0.00000 0.00000
vt 0.00000 0.00000
vt 0.00000 0.00000
vt 0.00000 0.00000
vt 0.00000 0.00000
vt 0.00000 0.00000
vt 0.00000 0.00000
vt 0.00000 0.00000
vt 0.00000 0.00000
vt 0.00000 0.00000
vt 0.00000 0.00000
vt 0.00000 0.00000
vt 0.00000 0.00000
vt 0.00000 0.00000
vt 0.00000 0.00000
vt 0.00000 0.00000
vt 0.00000 0.00000
vt 0.00000 0.00000
vt 0.00000 0.00000
vt 0.00000 0.00000
vt 0.00000 0.00000
vt 0.00000 0.00000
vt 0.00000 0.00000
vt 0.00000 0.00000
vt 0.00000 0.00000
vt 0.00000 0.00000
vt 0.00000 0.00000
vt 0.00000 0.00000
vt 0.00000 0.00000
vt 0.00000 0.00000
vt 0.00000 0.00000
vt 0.00000 0.00000
vt 0.00000 0.00000
vt 0.00000 0.00000
vt 0.00000 0.00000
vt 0.00000 0.00000
vt 0.00000 0.00000
vt 0.00000 0.00000
vt 0.00000 0.00000
vt 0.00000 0.00000
vt 0.00000 0.00000
vt 0.00000 0.00000
vt 0.00000 0.00000
vt 0.00000 0.00000
vt 0.00000 0.00000
vt 0.00000 0.00000
vt 0.00000 0.00000
vt 0.00000 0.00000
vt 0.00000 0.00000
vt 0.00000 0.00000
vt 0.00000 0.00000
vt 0.00000 0.00000
vt 0.00000 0.00000
vt 0.00000 0.00000
vt 0.00000 0.00000
vt 0.00000 0.00000
vt 0.00000 0.00000
vt 0.00000 0.00000
vt 0.00000 0.00000
vt 0.00000 0.00000
vt 0.00000 0.00000
vt 0.00000 0.00000
vt 0.00000 0.00000
vt 0.00000 0.00000
vt 0.00000 0.00000
vt 0.00000 0.00000
vt 0.00000 0.00000
vt 0.00000 0.00000
vt 0.00000 0.00000
vt 0.00000 0.00000
vt 0.00000 0.00000
vt 0.00000 0.00000
vt 0.00000 0.00000
vt 0.00000 0.00000
vt 0.00000 0.00000
vt 0.00000 0.00000
vt 0.00000 0.00000
vt 0.00000 0.00000
vt 0.00000 0.00000
vt 0.00000 0.00000
vt 0.00000 0.00000
vt 0.00000 0.00000
vt 0.00000 0.00000
vt 0.00000 0.00000
vt 0.00000 0.00000
vt 0.00000 0.00000
vt 0.00000 0.00000
vt 0.00000 0.00000
vt 0.00000 0.00000
vt 0.00000 0.00000
vt 0.00000 0.00000
vt 0.00000 0.00000
vt 0.00000 0.00000
vt 0.00000 0.00000
vt 0.00000 0.00000
vt 0.00000 0.00000
vt 0.00000 0.00000
vt 0.00000 0.00000
vt 0.00000 0.00000
vt 0.00000 0.00000
vt 0.00000 0.00000
vt 0.00000 0.00000
vt 0.00000 0.00000
vt 0.00000 0.00000
vt 0.00000 0.00000
vt 0.00000 0.00000
vt 0.00000 0.00000
vt 0.00000 0.00000
vt 0.00000 0.00000
vt 0.00000 0.00000
vt 0.00000 0.00000
vt 0.00000 0.00000
vt 0.00000 0.00000
vt 0.00000 0.00000
vt 0.00000 0.00000
vt 0.00000 0.00000
vt 0.00000 0.00000
vt 0.00000 0.00000
vt 0.00000 0.00000
vt 0.00000 0.00000
vt 0.00000 0.00000
vt 0.00000 0.00000
vt 0.00000 0.00000
vt 0.00000 0.00000
vt 0.00000 0.00000
vt 0.00000 0.00000
vt 0.00000 0.00000
vt 0.00000 0.00000
vt 0.00000 0.00000
vt 0.00000 0.00000
vt 0.00000 0.00000
vt 0.00000 0.00000
vt 0.00000 0.00000
vt 0.00000 0.00000
vt 0.00000 0.00000
vt 0.00000 0.00000
vt 0.00000 0.00000
vt 0.00000 0.00000
vt 0.00000 0.00000
vt 0.00000 0.00000
vt 0.00000 0.00000
vt 0.00000 0.00000
vt 0.00000 0.00000
vt 0.00000 0.00000
vt 0.00000 0.00000
vt 0.00000 0.00000
vt 0.00000 0.00000
vt 0.00000 0.00000
vt 0.00000 0.00000
vt 0.00000 0.00000
vt 0.00000 0.00000
vt 0.00000 0.00000
vt 0.00000 0.00000
vt 0.00000 0.00000
vt 0.00000 0.00000
vt 0.00000 0.00000
vt 0.00000 0.00000
vt 0.00000 0.00000
vt 0.00000 0.00000
vt 0.00000 0.00000
vt 0.00000 0.00000
vt 0.00000 0.00000
vt 0.00000 0.00000
vt 0.00000 0.00000
vt 0.00000 0.00000
vt 0.00000 0.00000
vt 0.00000 0.00000
vt 0.00000 0.00000
vt 0.00000 0.00000
vt 0.00000 0.00000
vt 0.00000 0.00000
vt 0.00000 0.00000
vt 0.00000 0.00000
vt 0.00000 0.00000
vt 0.00000 0.00000
vt 0.00000 0.00000
vt 0.00000 0.00000
vt 0.00000 0.00000
vt 0.00000 0.00000
vt 0.00000 0.00000
vt 0.00000 0.00000
vt 0.00000 0.00000
vt 0.00000 0.00000
vt 0.00000 0.00000
vt 0.00000 0.00000
vt 0.00000 0.00000
vt 0.00000 0.00000
vt 0.00000 0.00000
vt 0.00000 0.00000
vt 0.00000 0.00000
vt 0.00000 0.00000
vt 0.00000 0.00000
vt 0.00000 0.00000
vt 0.00000 0.00000
vt 0.00000 0.00000
vt 0.00000 0.00000
vt 0.00000 0.00000
vt 0.00000 0.00000
vt 0.00000 0.00000
vt 0.00000 0.00000
vt 0.00000 0.00000
vt 0.00000 0.00000
vt 0.00000 0.00000
vt 0.00000 0.00000
vt 0.00000 0.00000
vt 0.00000 0.00000
vt 0.00000 0.00000
vt 0.00000 0.00000
vt 0.00000 0.00000
vt 0.00000 0.00000
vt 0.00000 0.00000
vt 0.00000 0.00000
vt 0.00000 0.00000
vt 0.00000 0.00000
vt 0.00000 0.00000
vt 0.00000 0.00000
vt 0.00000 0.00000
vt 0.00000 0.00000
vt 0.00000 0.00000
vt 0.00000 0.00000
vt 0.00000 0.00000
vt 0.00000 0.00000
vt 0.00000 0.00000
vt 0.00000 0.00000
vt 0.00000 0.00000
vt 0.00000 0.00000
vt 0.00000 0.00000
vt 0.00000 0.00000
vt 0.00000 0.00000
vt 0.00000 0.00000
vt 0.00000 0.00000
vt 0.00000 0.00000
vt 0.00000 0.00000
vt 0.00000 0.00000
vt 0.00000 0.00000
vt 0.00000 0.00000
vt 0.00000 0.00000
vt 0.00000 0.00000
vt 0.00000 0.00000
vt 0.00000 0.00000
vt 0.00000 0.00000
vt 0.00000 0.00000
vt 0.00000 0.00000
vt 0.00000 0.00000
vt 0.00000 0.00000
vt 0.00000 0.00000
vt 0.00000 0.00000
vt 0.00000 0.00000
vt 0.00000 0.00000
vt 0.00000 0.00000
vt 0.00000 0.00000
vt 0.00000 0.00000
vt 0.00000 0.00000
vt 0.00000 0.00000
vt 0.00000 0.00000
vt 0.00000 0.00000
vt 0.00000 0.00000
vt 0.00000 0.00000
vt 0.00000 0.00000
vt 0.00000 0.00000
vt 0.00000 0.00000
vt 0.00000 0.00000
vt 0.00000 0.00000
vt 0.00000 0.00000
vt 0.00000 0.00000
vt 0.00000 0.00000
vt 0.00000 0.00000
vt 0.00000 0.00000
vt 0.00000 0.00000
vt 0.00000 0.00000
vt 0.00000 0.00000
vt 0.00000 0.00000
vt 0.00000 0.00000
vt 0.00000 0.00000
vt 0.00000 0.00000
vt 0.00000 0.00000
vt 0.00000 0.00000
vt 0.00000 0.00000
vt 0.00000 0.00000
vt 0.00000 0.00000
vt 0.00000 0.00000
vt 0.00000 0.00000
vt 0.00000 0.00000
vt 0.00000 0.00000
vt 0.00000 0.00000
vt 0.00000 0.00000
vt 0.00000 0.00000
vt 0.00000 0.00000
vt 0.00000 0.00000
vt 0.00000 0.00000
vt 0.00000 0.00000
vt 0.00000 0.00000
vt 0.00000 0.00000
vt 0.00000 0.00000
vt 0.00000 0.00000
vt 0.00000 0.00000
vt 0.00000 0.00000
vt 0.00000 0.00000
vt 0.00000 0.00000
vt 0.00000 0.00000
vt 0.00000 0.00000
vt 0.00000 0.00000
vt 0.00000 0.00000
vt 0.00000 0.00000
vt 0.00000 0.00000
vt 0.00000 0.00000
vt 0.00000 0.00000
vt 0.00000 0.00000
vt 0.00000 0.00000
vt 0.00000 0.00000
vt 0.00000 0.00000
vt 0.00000 0.00000
vt 0.00000 0.00000
vt 0.00000 0.00000
vt 0.00000 0.00000
vt 0.00000 0.00000
vt 0.00000 0.00000
vt 0.00000 0.00000
vt 0.00000 0.00000
vt 0.00000 0.00000
vt 0.00000 0.00000
vt 0.00000 0.00000
vt 0.00000 0.00000
vt 0.00000 0.00000
vt 0.00000 0.00000
vt 0.00000 0.00000
vt 0.00000 0.00000
vt 0.00000 0.00000
vt 0.00000 0.00000
vt 0.00000 0.00000
vt 0.00000 0.00000
vt 0.00000 0.00000
vt 0.00000 0.00000
vt 0.00000 0.00000
vt 0.00000 0.00000
vt 0.00000 0.00000
vt 0.00000 0.00000
vt 0.00000 0.00000
vt 0.00000 0.00000
vt 0.00000 0.00000
vt 0.00000 0.00000
vt 0.00000 0.00000
vt 0.00000 0.00000
vt 0.00000 0.00000
vt 0.00000 0.00000
vt 0.00000 0.00000
vt 0.00000 0.00000
vt 0.00000 0.00000
vt 0.00000 0.00000
vt 0.00000 0.00000
vt 0.00000 0.00000
vt 0.00000 0.00000
vt 0.00000 0.00000
vt 0.00000 0.00000
vt 0.00000 0.00000
vt 0.00000 0.00000
vt 0.00000 0.00000
vt 0.00000 0.00000
vt 0.00000 0.00000
vt 0.00000 0.00000
vt 0.00000 0.00000
vt 0.00000 0.00000
vt 0.00000 0.00000
vt 0.00000 0.00000
vt 0.00000 0.00000
vt 0.00000 0.00000
vt 0.00000 0.00000
vt 0.00000 0.00000
vt 0.00000 0.00000
vt 0.00000 0.00000
vt 0.00000 0.00000
vt 0.00000 0.00000
vt 0.00000 0.00000
vt 0.00000 0.00000
vt 0.00000 0.00000
vt 0.00000 0.00000
vt 0.00000 0.00000
vt 0.00000 0.00000
vt 0.00000 0.00000
vt 0.00000 0.00000
vt 0.00000 0.00000
vt 0.00000 0.00000
vt 0.00000 0.00000
vt 0.00000 0.00000
vt 0.00000 0.00000
vt 0.00000 0.00000
vt 0.00000 0.00000
vt 0.00000 0.00000
vt 0.00000 0.00000
vt 0.00000 0.00000
vt 0.00000 0.00000
vt 0.00000 0.00000
vt 0.00000 0.00000
vt 0.00000 0.00000
vt 0.00000 0.00000
vt 0.00000 0.00000
vt 0.00000 0.00000
vt 0.00000 0.00000
vt 0.00000 0.00000
vt 0.00000 0.00000
vt 0.00000 0.00000
vt 0.00000 0.00000
vt 0.00000 0.00000
vt 0.00000 0.00000
vt 0.00000 0.00000
vt 0.00000 0.00000
vt 0.00000 0.00000
vt 0.00000 0.00000
vt 0.00000 0.00000
vt 0.00000 0.00000
vt 0.00000 0.00000
vt 0.00000 0.00000
vt 0.00000 0.00000
vt 0.00000 0.00000
vt 0.00000 0.00000
vt 0.00000 0.00000
vt 0.00000 0.00000
vt 0.00000 0.00000
vt 0.00000 0.00000
vt 0.00000 0.00000
vt 0.00000 0.00000
vt 0.00000 0.00000
vt 0.00000 0.00000
vt 0.00000 0.00000
vt 0.00000 0.00000
vt 0.00000 0.00000
vt 0.00000 0.00000
vt 0.00000 0.00000
vt 0.00000 0.00000
vt 0.00000 0.00000
vt 0.00000 0.00000
vt 0.00000 0.00000
vt 0.00000 0.00000
vt 0.00000 0.00000
vt 0.00000 0.00000
vt 0.00000 0.00000
vt 0.00000 0.00000
vt 0.00000 0.00000
vt 0.00000 0.00000
vt 0.00000 0.00000
vt 0.00000 0.00000
vt 0.00000 0.00000
vt 0.00000 0.00000
vt 0.00000 0.00000
vt 0.00000 0.00000
vt 0.00000 0.00000
vt 0.00000 0.00000
vt 0.00000 0.00000
vt 0.00000 0.00000
vt 0.00000 0.00000
vt 0.00000 0.00000
vt 0.00000 0.00000
vt 0.00000 0.00000
vt 0.00000 0.00000
vt 0.00000 0.00000
vt 0.00000 0.00000
vt 0.00000 0.00000
vt 0.00000 0.00000
vt 0.00000 0.00000
vt 0.00000 0.00000
vt 0.00000 0.00000
vt 0.00000 0.00000
vt 0.00000 0.00000
vt 0.00000 0.00000
vt 0.00000 0.00000
vt 0.00000 0.00000
vt 0.00000 0.00000
vt 0.00000 0.00000
vt 0.00000 0.00000
vt 0.00000 0.00000
vt 0.00000 0.00000
vt 0.00000 0.00000
vt 0.00000 0.00000
vt 0.00000 0.00000
vt 0.00000 0.00000
vt 0.00000 0.00000
vt 0.00000 0.00000
vt 0.00000 0.00000
vt 0.00000 0.00000
vt 0.00000 0.00000
vt 0.00000 0.00000
vt 0.00000 0.00000
vt 0.00000 0.00000
vt 0.00000 0.00000
vt 0.00000 0.00000
vt 0.00000 0.00000
vt 0.00000 0.00000
vt 0.00000 0.00000
vt 0.00000 0.00000
vt 0.00000 0.00000
vt 0.00000 0.00000
vt 0.00000 0.00000
vt 0.00000 0.00000
vt 0.00000 0.00000
vt 0.00000 0.00000
vt 0.00000 0.00000
vt 0.00000 0.00000
vt 0.00000 0.00000
vt 0.00000 0.00000
vt 0.00000 0.00000
vt 0.00000 0.00000
vt 0.00000 0.00000
vt 0.00000 0.00000
vt 0.00000 0.00000
vt 0.00000 0.00000
vt 0.00000 0.00000
vt 0.00000 0.00000
vt 0.00000 0.00000
vt 0.00000 0.00000
vt 0.00000 0.00000
vt 0.00000 0.00000
vt 0.00000 0.00000
vt 0.00000 0.00000
vt 0.00000 0.00000
vt 0.00000 0.00000
vt 0.00000 0.00000
vt 0.00000 0.00000
vt 0.00000 0.00000
vt 0.00000 0.00000
vt 0.00000 0.00000
vt 0.00000 0.00000
vt 0.00000 0.00000
vt 0.00000 0.00000
vt 0.00000 0.00000
vt 0.00000 0.00000
vt 0.00000 0.00000
vt 0.00000 0.00000
vt 0.00000 0.00000
vt 0.00000 0.00000
vt 0.00000 0.00000
vt 0.00000 0.00000
vt 0.00000 0.00000
vt 0.00000 0.00000
vt 0.00000 0.00000
vt 0.00000 0.00000
vt 0.00000 0.00000
vt 0.00000 0.00000
vt 0.00000 0.00000
vt 0.00000 0.00000
vt 0.00000 0.00000
vt 0.00000 0.00000
vt 0.00000 0.00000
vt 0.00000 0.00000
vt 0.00000 0.00000
vt 0.00000 0.00000
vt 0.00000 0.00000
vt 0.00000 0.00000
vt 0.00000 0.00000
vt 0.00000 0.00000
vt 0.00000 0.00000
vt 0.00000 0.00000
vt 0.00000 0.00000
vt 0.00000 0.00000
vt 0.00000 0.00000
vt 0.00000 0.00000
vt 0.00000 0.00000
vt 0.00000 0.00000
vt 0.00000 0.00000
vt 0.00000 0.00000
vt 0.00000 0.00000
vt 0.00000 0.00000
vt 0.00000 0.00000
vt 0.00000 0.00000
vt 0.00000 0.00000
vt 0.00000 0.00000
vt 0.00000 0.00000
vt 0.00000 0.00000
vt 0.00000 0.00000
vt 0.00000 0.00000
vt 0.00000 0.00000
vt 0.00000 0.00000
vt 0.00000 0.00000
vt 0.00000 0.00000
vt 0.00000 0.00000
vt 0.00000 0.00000
vt 0.00000 0.00000
vt 0.00000 0.00000
vt 0.00000 0.00000
vt 0.00000 0.00000
vt 0.00000 0.00000
vt 0.00000 0.00000
vt 0.00000 0.00000
vt 0.00000 0.00000
vt 0.00000 0.00000
vt 0.00000 0.00000
vt 0.00000 0.00000
vt 0.00000 0.00000
vt 0.00000 0.00000
vt 0.00000 0.00000
vt 0.00000 0.00000
vt 0.00000 0.00000
vt 0.00000 0.00000
vt 0.00000 0.00000
vt 0.00000 0.00000
vt 0.00000 0.00000
vt 0.00000 0.00000
vt 0.00000 0.00000
vt 0.00000 0.00000
vt 0.00000 0.00000
vt 0.00000 0.00000
vt 0.00000 0.00000
vt 0.00000 0.00000
vt 0.00000 0.00000
vt 0.00000 0.00000
vt 0.00000 0.00000
vt 0.00000 0.00000
vt 0.00000 0.00000
vt 0.00000 0.00000
vt 0.00000 0.00000
vt 0.00000 0.00000
vt 0.00000 0.00000
vt 0.00000 0.00000
vt 0.00000 0.00000
vt 0.00000 0.00000
vt 0.00000 0.00000
vt 0.00000 0.00000
vt 0.00000 0.00000
vt 0.00000 0.00000
vt 0.00000 0.00000
vt 0.00000 0.00000
vt 0.00000 0.00000
vt 0.00000 0.00000
vt 0.00000 0.00000
vt 0.00000 0.00000
vt 0.00000 0.00000
vt 0.00000 0.00000
vt 0.00000 0.00000
vt 0.00000 0.00000
vt 0.00000 0.00000
vt 0.00000 0.00000
vt 0.00000 0.00000
vt 0.00000 0.00000
vt 0.00000 0.00000
vt 0.00000 0.00000
vt 0.00000 0.00000
vt 0.00000 0.00000
vt 0.00000 0.00000
vt 0.00000 0.00000
vt 0.00000 0.00000
vt 0.00000 0.00000
vt 0.00000 0.00000
vt 0.00000 0.00000
vt 0.00000 0.00000
vt 0.00000 0.00000
vt 0.00000 0.00000
vt 0.00000 0.00000
vt 0.00000 0.00000
vt 0.00000 0.00000
vt 0.00000 0.00000
vt 0.00000 0.00000
vt 0.00000 0.00000
vt 0.00000 0.00000
vt 0.00000 0.00000
vt 0.00000 0.00000
vt 0.00000 0.00000
vt 0.00000 0.00000
vt 0.00000 0.00000
vt 0.00000 0.00000
vt 0.00000 0.00000
vt 0.00000 0.00000
vt 0.00000 0.00000
vt 0.00000 0.00000
vt 0.00000 0.00000
vt 0.00000 0.00000
vt 0.00000 0.00000
vt 0.00000 0.00000
vt 0.00000 0.00000
vt 0.00000 0.00000
vt 0.00000 0.00000
vt 0.00000 0.00000
vt 0.00000 0.00000
vt 0.00000 0.00000
vt 0.00000 0.00000
vt 0.00000 0.00000
vt 0.00000 0.00000
vt 0.00000 0.00000
vt 0.00000 0.00000
vt 0.00000 0.00000
vt 0.00000 0.00000
vt 0.00000 0.00000
vt 0.00000 0.00000
vt 0.00000 0.00000
vt 0.00000 0.00000
vt 0.00000 0.00000
vt 0.00000 0.00000
vt 0.00000 0.00000
vt 0.00000 0.00000
vt 0.00000 0.00000
vt 0.00000 0.00000
vt 0.00000 0.00000
vt 0.00000 0.00000
vt 0.00000 0.00000
vt 0.00000 0.00000
vt 0.00000 0.00000
vt 0.00000 0.00000
vt 0.00000 0.00000
vt 0.00000 0.00000
vt 0.00000 0.00000
vt 0.00000 0.00000
vt 0.00000 0.00000
vt 0.00000 0.00000
vt 0.00000 0.00000
vt 0.00000 0.00000
vt 0.00000 0.00000
vt 0.00000 0.00000
vt 0.00000 0.00000
vt 0.00000 0.00000
vt 0.00000 0.00000
vt 0.00000 0.00000
vt 0.00000 0.00000
vt 0.00000 0.00000
vt 0.00000 0.00000
vt 0.00000 0.00000
vt 0.00000 0.00000
vt 0.00000 0.00000
vt 0.00000 0.00000
vt 0.00000 0.00000
vt 0.00000 0.00000
vt 0.00000 0.00000
vt 0.00000 0.00000
vt 0.00000 0.00000
vt 0.00000 0.00000
vt 0.00000 0.00000
vt 0.00000 0.00000
vt 0.00000 0.00000
vt 0.00000 0.00000
vt 0.00000 0.00000
vt 0.00000 0.00000
vt 0.00000 0.00000
vt 0.00000 0.00000
vt 0.00000 0.00000
vt 0.00000 0.00000
vt 0.00000 0.00000
vt 0.00000 0.00000
vt 0.00000 0.00000
vt 0.00000 0.00000
vt 0.00000 0.00000
vt 0.00000 0.00000
vt 0.00000 0.00000
vt 0.00000 0.00000
vt 0.00000 0.00000
vt 0.00000 0.00000
vt 0.00000 0.00000
vt 0.00000 0.00000
vt 0.00000 0.00000
vt 0.00000 0.00000
vt 0.00000 0.00000
vt 0.00000 0.00000
vt 0.00000 0.00000
vt 0.00000 0.00000
vt 0.00000 0.00000
vt 0.00000 0.00000
vt 0.00000 0.00000
vt 0.00000 0.00000
vt 0.00000 0.00000
vt 0.00000 0.00000
vt 0.00000 0.00000
vt 0.00000 0.00000
vt 0.00000 0.00000
vt 0.00000 0.00000
vt 0.00000 0.00000
vt 0.00000 0.00000
vt 0.00000 0.00000
vt 0.00000 0.00000
vt 0.00000 0.00000
vt 0.00000 0.00000
vt 0.00000 0.00000
vt 0.00000 0.00000
vt 0.00000 0.00000
vt 0.00000 0.00000
vt 0.00000 0.00000
vt 0.00000 0.00000
vt 0.00000 0.00000
vt 0.00000 0.00000
vt 0.00000 0.00000
vt 0.00000 0.00000
vt 0.00000 0.00000
vt 0.00000 0.00000
vt 0.00000 0.00000
vt 0.00000 0.00000
vt 0.00000 0.00000
vt 0.00000 0.00000
vt 0.00000 0.00000
vt 0.00000 0.00000
vt 0.00000 0.00000
vt 0.00000 0.00000
vt 0.00000 0.00000
vt 0.00000 0.00000
vt 0.00000 0.00000
vt 0.00000 0.00000
vt 0.00000 0.00000
vt 0.00000 0.00000
vt 0.00000 0.00000
vt 0.00000 0.00000
vt 0.00000 0.00000
vt 0.00000 0.00000
vt 0.00000 0.00000
vt 0.00000 0.00000
vt 0.00000 0.00000
vt 0.00000 0.00000
vt 0.00000 0.00000
vt 0.00000 0.00000
vt 0.00000 0.00000
vt 0.00000 0.00000
vt 0.00000 0.00000
vt 0.00000 0.00000
vt 0.00000 0.00000
vt 0.00000 0.00000
vt 0.00000 0.00000
vt 0.00000 0.00000
vt 0.00000 0.00000
vt 0.00000 0.00000
vt 0.00000 0.00000
vt 0.00000 0.00000
vt 0.00000 0.00000
vt 0.00000 0.00000
vt 0.00000 0.00000
vt 0.00000 0.00000
vt 0.00000 0.00000
vt 0.00000 0.00000
vt 0.00000 0.00000
vt 0.00000 0.00000
vt 0.00000 0.00000
vt 0.00000 0.00000
vt 0.00000 0.00000
vt 0.00000 0.00000
vt 0.00000 0.00000
vt 0.00000 0.00000
vt 0.00000 0.00000
vt 0.00000 0.00000
vt 0.00000 0.00000
vt 0.00000 0.00000
vt 0.00000 0.00000
vt 0.00000 0.00000
vt 0.00000 0.00000
vt 0.00000 0.00000
vt 0.00000 0.00000
vt 0.00000 0.00000
vt 0.00000 0.00000
vt 0.00000 0.00000
vt 0.00000 0.00000
vt 0.00000 0.00000
vt 0.00000 0.00000
vt 0.00000 0.00000
vt 0.00000 0.00000
vt 0.00000 0.00000
vt 0.00000 0.00000
vt 0.00000 0.00000
vt 0.00000 0.00000
vt 0.00000 0.00000
vt 0.00000 0.00000
vt 0.00000 0.00000
vt 0.00000 0.00000
vt 0.00000 0.00000
vt 0.00000 0.00000
vt 0.00000 0.00000
vt 0.00000 0.00000
vt 0.00000 0.00000
vt 0.00000 0.00000
vt 0.00000 0.00000
vt 0.00000 0.00000
vt 0.00000 0.00000
vt 0.00000 0.00000
vt 0.00000 0.00000
vt 0.00000 0.00000
vt 0.00000 0.00000
vt 0.00000 0.00000
vt 0.00000 0.00000
vt 0.00000 0.00000
vt 0.00000 0.00000
vt 0.00000 0.00000
vt 0.00000 0.00000
vt 0.00000 0.00000
vt 0.00000 0.00000
vt 0.00000 0.00000
vt 0.00000 0.00000
vt 0.00000 0.00000
vt 0.00000 0.00000
vt 0.00000 0.00000
vt 0.00000 0.00000
vt 0.00000 0.00000
vt 0.00000 0.00000
vt 0.00000 0.00000
vt 0.00000 0.00000
vt 0.00000 0.00000
vt 0.00000 0.00000
vt 0.00000 0.00000
vt 0.00000 0.00000
vt 0.00000 0.00000
vt 0.00000 0.00000
vt 0.00000 0.00000
vt 0.00000 0.00000
vt 0.00000 0.00000
vt 0.00000 0.00000
vt 0.00000 0.00000
vt 0.00000 0.00000
vt 0.00000 0.00000
vt 0.00000 0.00000
vt 0.00000 0.00000
vt 0.00000 0.00000
vt 0.00000 0.00000
vt 0.00000 0.00000
vt 0.00000 0.00000
vt 0.00000 0.00000
vt 0.00000 0.00000
vt 0.00000 0.00000
vt 0.00000 0.00000
vt 0.00000 0.00000
vt 0.00000 0.00000
vt 0.00000 0.00000
vt 0.00000 0.00000
vt 0.00000 0.00000
vt 0.00000 0.00000
vt 0.00000 0.00000
vt 0.00000 0.00000
vt 0.00000 0.00000
vt 0.00000 0.00000
vt 0.00000 0.00000
vt 0.00000 0.00000
vt 0.00000 0.00000
vt 0.00000 0.00000
vt 0.00000 0.00000
vt 0.00000 0.00000
vt 0.00000 0.00000
vt 0.00000 0.00000
vt 0.00000 0.00000
vt 0.00000 0.00000
vt 0.00000 0.00000
vt 0.00000 0.00000
vt 0.00000 0.00000
vt 0.00000 0.00000
vt 0.00000 0.00000
vt 0.00000 0.00000
vt 0.00000 0.00000
vt 0.00000 0.00000
vt 0.00000 0.00000
vt 0.00000 0.00000
vt 0.00000 0.00000
vt 0.00000 0.00000
vt 0.00000 0.00000
vt 0.00000 0.00000
vt 0.00000 0.00000
vt 0.00000 0.00000
vt 0.00000 0.00000
vt 0.00000 0.00000
vt 0.00000 0.00000
vt 0.00000 0.00000
vt 0.00000 0.00000
vt 0.00000 0.00000
vt 0.00000 0.00000
vt 0.00000 0.00000
vt 0.00000 0.00000
vt 0.00000 0.00000
vt 0.00000 0.00000
vt 0.00000 0.00000
vt 0.00000 0.00000
vt 0.00000 0.00000
vt 0.00000 0.00000
vt 0.00000 0.00000
vt 0.00000 0.00000
vt 0.00000 0.00000
vt 0.00000 0.00000
vt 0.00000 0.00000
vt 0.00000 0.00000
vt 0.00000 0.00000
vt 0.00000 0.00000
vt 0.00000 0.00000
vt 0.00000 0.00000
vt 0.00000 0.00000
vt 0.00000 0.00000
vt 0.00000 0.00000
vt 0.00000 0.00000
vt 0.00000 0.00000
vt 0.00000 0.00000
vt 0.00000 0.00000
vt 0.00000 0.00000
vt 0.00000 0.00000
vt 0.00000 0.00000
vt 0.00000 0.00000
vt 0.00000 0.00000
vt 0.00000 0.00000
vt 0.00000 0.00000
vt 0.00000 0.00000
vt 0.00000 0.00000
vt 0.00000 0.00000
vt 0.00000 0.00000
vt 0.00000 0.00000
vt 0.00000 0.00000
vt 0.00000 0.00000
vt 0.00000 0.00000
vt 0.00000 0.00000
vt 0.00000 0.00000
vt 0.00000 0.00000
vt 0.00000 0.00000
vt 0.00000 0.00000
vt 0.00000 0.00000
vt 0.00000 0.00000
vt 0.00000 0.00000
vt 0.00000 0.00000
vt 0.00000 0.00000
vt 0.00000 0.00000
vt 0.00000 0.00000
vt 0.00000 0.00000
vt 0.00000 0.00000
vt 0.00000 0.00000
vt 0.00000 0.00000
vt 0.00000 0.00000
vt 0.00000 0.00000
vt 0.00000 0.00000
vt 0.00000 0.00000
vt 0.00000 0.00000
vt 0.00000 0.00000
vt 0.00000 0.00000
vt 0.00000 0.00000
vt 0.00000 0.00000
vt 0.00000 0.00000
vt 0.00000 0.00000
vt 0.00000 0.00000
vt 0.00000 0.00000
vt 0.00000 0.00000
vt 0.00000 0.00000
vt 0.00000 0.00000
vt 0.00000 0.00000
vt 0.00000 0.00000
vt 0.00000 0.00000
vt 0.00000 0.00000
vt 0.00000 0.00000
vt 0.00000 0.00000
vt 0.00000 0.00000
vt 0.00000 0.00000
vt 0.00000 0.00000
vt 0.00000 0.00000
vt 0.00000 0.00000
vt 0.00000 0.00000
vt 0.00000 0.00000
vt 0.00000 0.00000
vt 0.00000 0.00000
vt 0.00000 0.00000
vt 0.00000 0.00000
vt 0.00000 0.00000
vt 0.00000 0.00000
vt 0.00000 0.00000
vt 0.00000 0.00000
vt 0.00000 0.00000
vt 0.00000 0.00000
vt 0.00000 0.00000
vt 0.00000 0.00000
vt 0.00000 0.00000
vt 0.00000 0.00000
vt 0.00000 0.00000
vt 0.00000 0.00000
vt 0.00000 0.00000
vt 0.00000 0.00000
vt 0.00000 0.00000
vt 0.00000 0.00000
vt 0.00000 0.00000
vt 0.00000 0.00000
vt 0.00000 0.00000
vt 0.00000 0.00000
vt 0.00000 0.00000
vt 0.00000 0.00000
vt 0.00000 0.00000
vt 0.00000 0.00000
vt 0.00000 0.00000
vt 0.00000 0.00000
vt 0.00000 0.00000
vt 0.00000 0.00000
vt 0.00000 0.00000
vt 0.00000 0.00000
vt 0.00000 0.00000
vt 0.00000 0.00000
vt 0.00000 0.00000
vt 0.00000 0.00000
vt 0.00000 0.00000
vt 0.00000 0.00000
vt 0.00000 0.00000
vt 0.00000 0.00000
vt 0.00000 0.00000
vt 0.00000 0.00000
vt 0.00000 0.00000
vt 0.00000 0.00000
vt 0.00000 0.00000
vt 0.00000 0.00000
vt 0.00000 0.00000
vt 0.00000 0.00000
vt 0.00000 0.00000
vt 0.00000 0.00000
vt 0.00000 0.00000
vt 0.00000 0.00000
vt 0.00000 0.00000
vt 0.00000 0.00000
vt 0.00000 0.00000
vt 0.00000 0.00000
vt 0.00000 0.00000
vt 0.00000 0.00000
vt 0.00000 0.00000
vt 0.00000 0.00000
vt 0.00000 0.00000
vt 0.00000 0.00000
vt 0.00000 0.00000
vt 0.00000 0.00000
vt 0.00000 0.00000
vt 0.00000 0.00000
vt 0.00000 0.00000
vt 0.00000 0.00000
vt 0.00000 0.00000
vt 0.00000 0.00000
vt 0.00000 0.00000
vt 0.00000 0.00000
vt 0.00000 0.00000
vt 0.00000 0.00000
vt 0.00000 0.00000
vt 0.00000 0.00000
vt 0.00000 0.00000
vt 0.00000 0.00000
vt 0.00000 0.00000
vt 0.00000 0.00000
vt 0.00000 0.00000
vt 0.00000 0.00000
vt 0.00000 0.00000
vt 0.00000 0.00000
vt 0.00000 0.00000
vt 0.00000 0.00000
vt 0.00000 0.00000
vt 0.00000 0.00000
vt 0.00000 0.00000
vt 0.00000 0.00000
vt 0.00000 0.00000
vt 0.00000 0.00000
vt 0.00000 0.00000
vt 0.00000 0.00000
vt 0.00000 0.00000
vt 0.00000 0.00000
vt 0.00000 0.00000
vt 0.00000 0.00000
vt 0.00000 0.00000
vt 0.00000 0.00000
vt 0.00000 0.00000
vt 0.00000 0.00000
vt 0.00000 0.00000
vt 0.00000 0.00000
vt 0.00000 0.00000
vt 0.00000 0.00000
vt 0.00000 0.00000
vt 0.00000 0.00000
vt 0.00000 0.00000
vt 0.00000 0.00000
vt 0.00000 0.00000
vt 0.00000 0.00000
vt 0.00000 0.00000
vt 0.00000 0.00000
vt 0.00000 0.00000
vt 0.00000 0.00000
vt 0.00000 0.00000
vt 0.00000 0.00000
vt 0.00000 0.00000
vt 0.00000 0.00000
vt 0.00000 0.00000
vt 0.00000 0.00000
vt 0.00000 0.00000
vt 0.00000 0.00000
vt 0.00000 0.00000
vt 0.00000 0.00000
vt 0.00000 0.00000
vt 0.00000 0.00000
vt 0.00000 0.00000
vt 0.00000 0.00000
vt 0.00000 0.00000
vt 0.00000 0.00000
vt 0.00000 0.00000
vt 0.00000 0.00000
vt 0.00000 0.00000
vt 0.00000 0.00000
vt 0.00000 0.00000
vt 0.00000 0.00000
vt 0.00000 0.00000
vt 0.00000 0.00000
vt 0.00000 0.00000
vt 0.00000 0.00000
vt 0.00000 0.00000
vt 0.00000 0.00000
vt 0.00000 0.00000
vt 0.00000 0.00000
vt 0.00000 0.00000
vt 0.00000 0.00000
vt 0.00000 0.00000
vt 0.00000 0.00000
vt 0.00000 0.00000
vt 0.00000 0.00000
vt 0.00000 0.00000
vt 0.00000 0.00000
vt 0.00000 0.00000
vt 0.00000 0.00000
vt 0.00000 0.00000
vt 0.00000 0.00000
vt 0.00000 0.00000
vt 0.00000 0.00000
vt 0.00000 0.00000
vt 0.00000 0.00000
vt 0.00000 0.00000
vt 0.00000 0.00000
vt 0.00000 0.00000
vt 0.00000 0.00000
vt 0.00000 0.00000
vt 0.00000 0.00000
vt 0.00000 0.00000
vt 0.00000 0.00000
vt 0.00000 0.00000
vt 0.00000 0.00000
vt 0.00000 0.00000
vt 0.00000 0.00000
vt 0.00000 0.00000
vt 0.00000 0.00000
vt 0.00000 0.00000
vt 0.00000 0.00000
vt 0.00000 0.00000
vt 0.00000 0.00000
vt 0.00000 0.00000
vt 0.00000 0.00000
vt 0.00000 0.00000
vt 0.00000 0.00000
vt 0.00000 0.00000
vt 0.00000 0.00000
vt 0.00000 0.00000
vt 0.00000 0.00000
vt 0.00000 0.00000
vt 0.00000 0.00000
vt 0.00000 0.00000
vt 0.00000 0.00000
vt 0.00000 0.00000
vt 0.00000 0.00000
vt 0.00000 0.00000
vt 0.00000 0.00000
vt 0.00000 0.00000
vt 0.00000 0.00000
vt 0.00000 0.00000
vt 0.00000 0.00000
vt 0.00000 0.00000
vt 0.00000 0.00000
vt 0.00000 0.00000
vt 0.00000 0.00000
vt 0.00000 0.00000
vt 0.00000 0.00000
vt 0.00000 0.00000
vt 0.00000 0.00000
vt 0.00000 0.00000
vt 0.00000 0.00000
vt 0.00000 0.00000
vt 0.00000 0.00000
vt 0.00000 0.00000
vt 0.00000 0.00000
vt 0.00000 0.00000
vt 0.00000 0.00000
vt 0.00000 0.00000
vt 0.00000 0.00000
vt 0.00000 0.00000
vt 0.00000 0.00000
vt 0.00000 0.00000
vt 0.00000 0.00000
vt 0.00000 0.00000
vt 0.00000 0.00000
vt 0.00000 0.00000
vt 0.00000 0.00000
vt 0.00000 0.00000
vt 0.00000 0.00000
vt 0.00000 0.00000
vt 0.00000 0.00000
vt 0.00000 0.00000
vt 0.00000 0.00000
vt 0.00000 0.00000
vt 0.00000 0.00000
vt 0.00000 0.00000
vt 0.00000 0.00000
vt 0.00000 0.00000
vt 0.00000 0.00000
vt 0.00000 0.00000
vt 0.00000 0.00000
vt 0.00000 0.00000
vt 0.00000 0.00000
vt 0.00000 0.00000
vt 0.00000 0.00000
vt 0.00000 0.00000
vt 0.00000 0.00000
vt 0.00000 0.00000
vt 0.00000 0.00000
vt 0.00000 0.00000
vt 0.00000 0.00000
vt 0.00000 0.00000
vt 0.00000 0.00000
vt 0.00000 0.00000
vt 0.00000 0.00000
vt 0.00000 0.00000
vt 0.00000 0.00000
vt 0.00000 0.00000
vt 0.00000 0.00000
vt 0.00000 0.00000
vt 0.00000 0.00000
vt 0.00000 0.00000
vt 0.00000 0.00000
vt 0.00000 0.00000
vt 0.00000 0.00000
vt 0.00000 0.00000
vt 0.00000 0.00000
vt 0.00000 0.00000
vt 0.00000 0.00000
vt 0.00000 0.00000
vt 0.00000 0.00000
vt 0.00000 0.00000
vt 0.00000 0.00000
vt 0.00000 0.00000
vt 0.00000 0.00000
vt 0.00000 0.00000
vt 0.00000 0.00000
vt 0.00000 0.00000
vt 0.00000 0.00000
vt 0.00000 0.00000
vt 0.00000 0.00000
vt 0.00000 0.00000
vt 0.00000 0.00000
vt 0.00000 0.00000
vt 0.00000 0.00000
vt 0.00000 0.00000
vt 0.00000 0.00000
vt 0.00000 0.00000
vt 0.00000 0.00000
vt 0.00000 0.00000
vt 0.00000 0.00000
vt 0.00000 0.00000
vt 0.00000 0.00000
vt 0.00000 0.00000
vt 0.00000 0.00000
vt 0.00000 0.00000
vt 0.00000 0.00000
vt 0.00000 0.00000
vt 0.00000 0.00000
vt 0.00000 0.00000
vt 0.00000 0.00000
vt 0.00000 0.00000
vt 0.00000 0.00000
vt 0.00000 0.00000
vt 0.00000 0.00000
vt 0.00000 0.00000
vt 0.00000 0.00000
vt 0.00000 0.00000
vt 0.00000 0.00000
vt 0.00000 0.00000
vt 0.00000 0.00000
vt 0.00000 0.00000
vt 0.00000 0.00000
vt 0.00000 0.00000
vt 0.00000 0.00000
vt 0.00000 0.00000
vt 0.00000 0.00000
vt 0.00000 0.00000
vt 0.00000 0.00000
vt 0.00000 0.00000
vt 0.00000 0.00000
vt 0.00000 0.00000
vt 0.00000 0.00000
vt 0.00000 0.00000
vt 0.00000 0.00000
vt 0.00000 0.00000
vt 0.00000 0.00000
vt 0.00000 0.00000
vt 0.00000 0.00000
vt 0.00000 0.00000
vt 0.00000 0.00000
vt 0.00000 0.00000
vt 0.00000 0.00000
vt 0.00000 0.00000
vt 0.00000 0.00000
vt 0.00000 0.00000
vt 0.00000 0.00000
vt 0.00000 0.00000
vt 0.00000 0.00000
vt 0.00000 0.00000
vt 0.00000 0.00000
vt 0.00000 0.00000
vt 0.00000 0.00000
vt 0.00000 0.00000
vt 0.00000 0.00000
vt 0.00000 0.00000
vt 0.00000 0.00000
vt 0.00000 0.00000
vt 0.00000 0.00000
vt 0.00000 0.00000
vt 0.00000 0.00000
vt 0.00000 0.00000
vt 0.00000 0.00000
vt 0.00000 0.00000
vt 0.00000 0.00000
vt 0.00000 0.00000
vt 0.00000 0.00000
vt 0.00000 0.00000
vt 0.00000 0.00000
vt 0.00000 0.00000
vt 0.00000 0.00000
vt 0.00000 0.00000
vt 0.00000 0.00000
vt 0.00000 0.00000
vt 0.00000 0.00000
vt 0.00000 0.00000
vt 0.00000 0.00000
vt 0.00000 0.00000
vt 0.00000 0.00000
vt 0.00000 0.00000
vt 0.00000 0.00000
vt 0.00000 0.00000
vt 0.00000 0.00000
vt 0.00000 0.00000
vt 0.00000 0.00000
vt 0.00000 0.00000
vt 0.00000 0.00000
vt 0.00000 0.00000
vt 0.00000 0.00000
vt 0.00000 0.00000
vt 0.00000 0.00000
vt 0.00000 0.00000
vt 0.00000 0.00000
vt 0.00000 0.00000
vt 0.00000 0.00000
vt 0.00000 0.00000
vt 0.00000 0.00000
vt 0.00000 0.00000
vt 0.00000 0.00000
vt 0.00000 0.00000
vt 0.00000 0.00000
vt 0.00000 0.00000
vt 0.00000 0.00000
vt 0.00000 0.00000
vt 0.00000 0.00000
vt 0.00000 0.00000
vt 0.00000 0.00000
vt 0.00000 0.00000
vt 0.00000 0.00000
vt 0.00000 0.00000
vt 0.00000 0.00000
vt 0.00000 0.00000
vt 0.00000 0.00000
vt 0.00000 0.00000
vt 0.00000 0.00000
vt 0.00000 0.00000
vt 0.00000 0.00000
vt 0.00000 0.00000
vt 0.00000 0.00000
vt 0.00000 0.00000
vt 0.00000 0.00000
vt 0.00000 0.00000
vt 0.00000 0.00000
vt 0.00000 0.00000
vt 0.00000 0.00000
vt 0.00000 0.00000
vt 0.00000 0.00000
vt 0.00000 0.00000
vt 0.00000 0.00000
vt 0.00000 0.00000
vt 0.00000 0.00000
vt 0.00000 0.00000
vt 0.00000 0.00000
vt 0.00000 0.00000
vt 0.00000 0.00000
vt 0.00000 0.00000
vt 0.00000 0.00000
vt 0.00000 0.00000
vt 0.00000 0.00000
vt 0.00000 0.00000
vt 0.00000 0.00000
vt 0.00000 0.00000
vt 0.00000 0.00000
vt 0.00000 0.00000
vt 0.00000 0.00000
vt 0.00000 0.00000
vt 0.00000 0.00000
vt 0.00000 0.00000
vt 0.00000 0.00000
vt 0.00000 0.00000
vt 0.00000 0.00000
vt 0.00000 0.00000
vt 0.00000 0.00000
vt 0.00000 0.00000
vt 0.00000 0.00000
vt 0.00000 0.00000
vt 0.00000 0.00000
vt 0.00000 0.00000
vt 0.00000 0.00000
vt 0.00000 0.00000
vt 0.00000 0.00000
vt 0.00000 0.00000
vt 0.00000 0.00000
vt 0.00000 0.00000
vt 0.00000 0.00000
vt 0.00000 0.00000
vt 0.00000 0.00000
vt 0.00000 0.00000
vt 0.00000 0.00000
vt 0.00000 0.00000
vt 0.00000 0.00000
vt 0.00000 0.00000
vt 0.00000 0.00000
vt 0.00000 0.00000
vt 0.00000 0.00000
vt 0.00000 0.00000
vt 0.00000 0.00000
vt 0.00000 0.00000
vt 0.00000 0.00000
vt 0.00000 0.00000
vt 0.00000 0.00000
vt 0.00000 0.00000
vt 0.00000 0.00000
vt 0.00000 0.00000
vt 0.00000 0.00000
vt 0.00000 0.00000
vt 0.00000 0.00000
vt 0.00000 0.00000
vt 0.00000 0.00000
vt 0.00000 0.00000
vt 0.00000 0.00000
vt 0.00000 0.00000
vt 0.00000 0.00000
vt 0.00000 0.00000
vt 0.00000 0.00000
vt 0.00000 0.00000
vt 0.00000 0.00000
vt 0.00000 0.00000
vt 0.00000 0.00000
vt 0.00000 0.00000
vt 0.00000 0.00000
vt 0.00000 0.00000
vt 0.00000 0.00000
vt 0.00000 0.00000
vt 0.00000 0.00000
vt 0.00000 0.00000
vt 0.00000 0.00000
vt 0.00000 0.00000
vt 0.00000 0.00000
vt 0.00000 0.00000
vt 0.00000 0.00000
vt 0.00000 0.00000
vt 0.00000 0.00000
vt 0.00000 0.00000
vt 0.00000 0.00000
vt 0.00000 0.00000
vt 0.00000 0.00000
vt 0.00000 0.00000
vt 0.00000 0.00000
vt 0.00000 0.00000
vt 0.00000 0.00000
vt 0.00000 0.00000
vt 0.00000 0.00000
vt 0.00000 0.00000
vt 0.00000 0.00000
vt 0.00000 0.00000
vt 0.00000 0.00000
vt 0.00000 0.00000
vt 0.00000 0.00000
vt 0.00000 0.00000
vt 0.00000 0.00000
vt 0.00000 0.00000
vt 0.00000 0.00000
vt 0.00000 0.00000
vt 0.00000 0.00000
vt 0.00000 0.00000
vt 0.00000 0.00000
vt 0.00000 0.00000
vt 0.00000 0.00000
vt 0.00000 0.00000
vt 0.00000 0.00000
vt 0.00000 0.00000
vt 0.00000 0.00000
vt 0.00000 0.00000
vt 0.00000 0.00000
vt 0.00000 0.00000
vt 0.00000 0.00000
vt 0.00000 0.00000
vt 0.00000 0.00000
vt 0.00000 0.00000
vt 0.00000 0.00000
vt 0.00000 0.00000
vt 0.00000 0.00000
vt 0.00000 0.00000
vt 0.00000 0.00000
vt 0.00000 0.00000
vt 0.00000 0.00000
vt 0.00000 0.00000
vt 0.00000 0.00000
vt 0.00000 0.00000
vt 0.00000 0.00000
vt 0.00000 0.00000
vt 0.00000 0.00000
vt 0.00000 0.00000
vt 0.00000 0.00000
vt 0.00000 0.00000
vt 0.00000 0.00000
vt 0.00000 0.00000
vt 0.00000 0.00000
vt 0.00000 0.00000
vt 0.00000 0.00000
vt 0.00000 0.00000
vt 0.00000 0.00000
vt 0.00000 0.00000
vt 0.00000 0.00000
vt 0.00000 0.00000
vt 0.00000 0.00000
vt 0.00000 0.00000
vt 0.00000 0.00000
vt 0.00000 0.00000
vt 0.00000 0.00000
vt 0.00000 0.00000
vt 0.00000 0.00000
vt 0.00000 0.00000
vt 0.00000 0.00000
vt 0.00000 0.00000
vt 0.00000 0.00000
vt 0.00000 0.00000
vt 0.00000 0.00000
vt 0.00000 0.00000
vt 0.00000 0.00000
vt 0.00000 0.00000
vt 0.00000 0.00000
vt 0.00000 0.00000
vt 0.00000 0.00000
vt 0.00000 0.00000
vt 0.00000 0.00000
vt 0.00000 0.00000
vt 0.00000 0.00000
vt 0.00000 0.00000
vt 0.00000 0.00000
vt 0.00000 0.00000
vt 0.00000 0.00000
vt 0.00000 0.00000
vt 0.00000 0.00000
vt 0.00000 0.00000
vt 0.00000 0.00000
vt 0.00000 0.00000
vt 0.00000 0.00000
vt 0.00000 0.00000
vt 0.00000 0.00000
vt 0.00000 0.00000
vt 0.00000 0.00000
vt 0.00000 0.00000
vt 0.00000 0.00000
vt 0.00000 0.00000
vt 0.00000 0.00000
vt 0.00000 0.00000
vt 0.00000 0.00000
vt 0.00000 0.00000
vt 0.00000 0.00000
vt 0.00000 0.00000
vt 0.00000 0.00000
vt 0.00000 0.00000
vt 0.00000 0.00000
vt 0.00000 0.00000
vt 0.00000 0.00000
vt 0.00000 0.00000
vt 0.00000 0.00000
vt 0.00000 0.00000
vt 0.00000 0.00000
vt 0.00000 0.00000
vt 0.00000 0.00000
vt 0.00000 0.00000
vt 0.00000 0.00000
vt 0.00000 0.00000
vt 0.00000 0.00000
vt 0.00000 0.00000
vt 0.00000 0.00000
vt 0.00000 0.00000
vt 0.00000 0.00000
vt 0.00000 0.00000
vt 0.00000 0.00000
vt 0.00000 0.00000
vt 0.00000 0.00000
vt 0.00000 0.00000
vt 0.00000 0.00000
vt 0.00000 0.00000
vt 0.00000 0.00000
vt 0.00000 0.00000
vt 0.00000 0.00000
vt 0.00000 0.00000
vt 0.00000 0.00000
vt 0.00000 0.00000
vt 0.00000 0.00000
vt 0.00000 0.00000
vt 0.00000 0.00000
vt 0.00000 0.00000
vt 0.00000 0.00000
vt 0.00000 0.00000
vt 0.00000 0.00000
vt 0.00000 0.00000
vt 0.00000 0.00000
vt 0.00000 0.00000
vt 0.00000 0.00000
vt 0.00000 0.00000
vt 0.00000 0.00000
vt 0.00000 0.00000
vt 0.00000 0.00000
vt 0.00000 0.00000
vt 0.00000 0.00000
vt 0.00000 0.00000
vt 0.00000 0.00000
vt 0.00000 0.00000
vt 0.00000 0.00000
vt 0.00000 0.00000
vt 0.00000 0.00000
vt 0.00000 0.00000
vt 0.00000 0.00000
vt 0.00000 0.00000
vt 0.00000 0.00000
vt 0.00000 0.00000
vt 0.00000 0.00000
vt 0.00000 0.00000
vt 0.00000 0.00000
vt 0.00000 0.00000
vt 0.00000 0.00000
vt 0.00000 0.00000
vt 0.00000 0.00000
vt 0.00000 0.00000
vt 0.00000 0.00000
vt 0.00000 0.00000
vt 0.00000 0.00000
vt 0.00000 0.00000
vt 0.00000 0.00000
vt 0.00000 0.00000
vt 0.00000 0.00000
vt 0.00000 0.00000
vt 0.00000 0.00000
vt 0.00000 0.00000
vt 0.00000 0.00000
vt 0.00000 0.00000
vt 0.00000 0.00000
vt 0.00000 0.00000
vt 0.00000 0.00000
vt 0.00000 0.00000
vt 0.00000 0.00000
vt 0.00000 0.00000
vt 0.00000 0.00000
vt 0.00000 0.00000
vt 0.00000 0.00000
vt 0.00000 0.00000
vt 0.00000 0.00000
vt 0.00000 0.00000
vt 0.00000 0.00000
vt 0.00000 0.00000
vt 0.00000 0.00000
vt 0.00000 0.00000
vt 0.00000 0.00000
vt 0.00000 0.00000
vt 0.00000 0.00000
vt 0.00000 0.00000
vt 0.00000 0.00000
vt 0.00000 0.00000
vt 0.00000 0.00000
vt 0.00000 0.00000
vt 0.00000 0.00000
vt 0.00000 0.00000
vt 0.00000 0.00000
vt 0.00000 0.00000
vt 0.00000 0.00000
vt 0.00000 0.00000
vt 0.00000 0.00000
vt 0.00000 0.00000
vt 0.00000 0.00000
vt 0.00000 0.00000
vt 0.00000 0.00000
vt 0.00000 0.00000
vt 0.00000 0.00000
vt 0.00000 0.00000
vt 0.00000 0.00000
vt 0.00000 0.00000
vt 0.00000 0.00000
vt 0.00000 0.00000
vt 0.00000 0.00000
vt 0.00000 0.00000
vt 0.00000 0.00000
vt 0.00000 0.00000
vt 0.00000 0.00000
vt 0.00000 0.00000
vt 0.00000 0.00000
vt 0.00000 0.00000
vt 0.00000 0.00000
vt 0.00000 0.00000
vt 0.00000 0.00000
vt 0.00000 0.00000
vt 0.00000 0.00000
vt 0.00000 0.00000
vt 0.00000 0.00000
vt 0.00000 0.00000
vt 0.00000 0.00000
vt 0.00000 0.00000
vt 0.00000 0.00000
vt 0.00000 0.00000
vt 0.00000 0.00000
vt 0.00000 0.00000
vt 0.00000 0.00000
vt 0.00000 0.00000
vt 0.00000 0.00000
vt 0.00000 0.00000
vt 0.00000 0.00000
vt 0.00000 0.00000
vt 0.00000 0.00000
vt 0.00000 0.00000
vt 0.00000 0.00000
vt 0.00000 0.00000
vt 0.00000 0.00000
vt 0.00000 0.00000
vt 0.00000 0.00000
vt 0.00000 0.00000
vt 0.00000 0.00000
vt 0.00000 0.00000
vt 0.00000 0.00000
vt 0.00000 0.00000
vt 0.00000 0.00000
vt 0.00000 0.00000
vt 0.00000 0.00000
vt 0.00000 0.00000
vt 0.00000 0.00000
vt 0.00000 0.00000
vt 0.00000 0.00000
vt 0.00000 0.00000
vt 0.00000 0.00000
vt 0.00000 0.00000
vt 0.00000 0.00000
vt 0.00000 0.00000
vt 0.00000 0.00000
vt 0.00000 0.00000
vt 0.00000 0.00000
vt 0.00000 0.00000
vt 0.00000 0.00000
vt 0.00000 0.00000
vt 0.00000 0.00000
vt 0.00000 0.00000
vt 0.00000 0.00000
vt 0.00000 0.00000
vt 0.00000 0.00000
vt 0.00000 0.00000
vt 0.00000 0.00000
vt 0.00000 0.00000
vt 0.00000 0.00000
vt 0.00000 0.00000
vt 0.00000 0.00000
vt 0.00000 0.00000
vt 0.00000 0.00000
vt 0.00000 0.00000
vt 0.00000 0.00000
vt 0.00000 0.00000
vt 0.00000 0.00000
vt 0.00000 0.00000
vt 0.00000 0.00000
vt 0.00000 0.00000
vt 0.00000 0.00000
vt 0.00000 0.00000
vt 0.00000 0.00000
vt 0.00000 0.00000
vt 0.00000 0.00000
vt 0.00000 0.00000
vt 0.00000 0.00000
vt 0.00000 0.00000
vt 0.00000 0.00000
vt 0.00000 0.00000
vt 0.00000 0.00000
vt 0.00000 0.00000
vt 0.00000 0.00000
vt 0.00000 0.00000
vt 0.00000 0.00000
vt 0.00000 0.00000
vt 0.00000 0.00000
vt 0.00000 0.00000
vt 0.00000 0.00000
vt 0.00000 0.00000
vt 0.00000 0.00000
vt 0.00000 0.00000
vt 0.00000 0.00000
vt 0.00000 0.00000
vt 0.00000 0.00000
vt 0.00000 0.00000
vt 0.00000 0.00000
vt 0.00000 0.00000
vt 0.00000 0.00000
vt 0.00000 0.00000
vt 0.00000 0.00000
vt 0.00000 0.00000
vt 0.00000 0.00000
vt 0.00000 0.00000
vt 0.00000 0.00000
vt 0.00000 0.00000
vt 0.00000 0.00000
vt 0.00000 0.00000
vt 0.00000 0.00000
vt 0.00000 0.00000
vt 0.00000 0.00000
vt 0.00000 0.00000
vt 0.00000 0.00000
vt 0.00000 0.00000
vt 0.00000 0.00000
vt 0.00000 0.00000
vt 0.00000 0.00000
vt 0.00000 0.00000
vt 0.00000 0.00000
vt 0.00000 0.00000
vt 0.00000 0.00000
vt 0.00000 0.00000
vt 0.00000 0.00000
vt 0.00000 0.00000
vt 0.00000 0.00000
vt 0.00000 0.00000
vt 0.00000 0.00000
vt 0.00000 0.00000
vt 0.00000 0.00000
vt 0.00000 0.00000
vt 0.00000 0.00000
vt 0.00000 0.00000
vt 0.00000 0.00000
vt 0.00000 0.00000
vt 0.00000 0.00000
vt 0.00000 0.00000
vt 0.00000 0.00000
vt 0.00000 0.00000
vt 0.00000 0.00000
vt 0.00000 0.00000
vt 0.00000 0.00000
vt 0.00000 0.00000
vt 0.00000 0.00000
vt 0.00000 0.00000
vt 0.00000 0.00000
vt 0.00000 0.00000
vt 0.00000 0.00000
vt 0.00000 0.00000
vt 0.00000 0.00000
vt 0.00000 0.00000
vt 0.00000 0.00000
vt 0.00000 0.00000
vt 0.00000 0.00000
vt 0.00000 0.00000
vt 0.00000 0.00000
vt 0.00000 0.00000
vt 0.00000 0.00000
vt 0.00000 0.00000
vt 0.00000 0.00000
vt 0.00000 0.00000
vt 0.00000 0.00000
vt 0.00000 0.00000
vt 0.00000 0.00000
vt 0.00000 0.00000
vt 0.00000 0.00000
vt 0.00000 0.00000
vt 0.00000 0.00000
vt 0.00000 0.00000
vt 0.00000 0.00000
vt 0.00000 0.00000
vt 0.00000 0.00000
vt 0.00000 0.00000
vt 0.00000 0.00000
vt 0.00000 0.00000
vt 0.00000 0.00000
vt 0.00000 0.00000
vt 0.00000 0.00000
vt 0.00000 0.00000
vt 0.00000 0.00000
vt 0.00000 0.00000
vt 0.00000 0.00000
vt 0.00000 0.00000
vt 0.00000 0.00000
vt 0.00000 0.00000
vt 0.00000 0.00000
vt 0.00000 0.00000
vt 0.00000 0.00000
vt 0.00000 0.00000
vt 0.00000 0.00000
vt 0.00000 0.00000
vt 0.00000 0.00000
vt 0.00000 0.00000
vt 0.00000 0.00000
vt 0.00000 0.00000
vt 0.00000 0.00000
vt 0.00000 0.00000
vt 0.00000 0.00000
vt 0.00000 0.00000
vt 0.00000 0.00000
vt 0.00000 0.00000
vt 0.00000 0.00000
vt 0.00000 0.00000
vt 0.00000 0.00000
vt 0.00000 0.00000
vt 0.00000 0.00000
vt 0.00000 0.00000
vt 0.00000 0.00000
vt 0.00000 0.00000
vt 0.00000 0.00000
vt 0.00000 0.00000
vt 0.00000 0.00000
vt 0.00000 0.00000
vt 0.00000 0.00000
vt 0.00000 0.00000
vt 0.00000 0.00000
vt 0.00000 0.00000
vt 0.00000 0.00000
vt 0.00000 0.00000
vt 0.00000 0.00000
vt 0.00000 0.00000
vt 0.00000 0.00000
vt 0.00000 0.00000
vt 0.00000 0.00000
vt 0.00000 0.00000
vt 0.00000 0.00000
vt 0.00000 0.00000
vt 0.00000 0.00000
vt 0.00000 0.00000
vt 0.00000 0.00000
vt 0.00000 0.00000
vt 0.00000 0.00000
vt 0.00000 0.00000
vt 0.00000 0.00000
vt 0.00000 0.00000
vt 0.00000 0.00000
vt 0.00000 0.00000
vt 0.00000 0.00000
vt 0.00000 0.00000
vt 0.00000 0.00000
vt 0.00000 0.00000
vt 0.00000 0.00000
vt 0.00000 0.00000
vt 0.00000 0.00000
vt 0.00000 0.00000
vt 0.00000 0.00000
vt 0.00000 0.00000
vt 0.00000 0.00000
vt 0.00000 0.00000
vt 0.00000 0.00000
vt 0.00000 0.00000
vt 0.00000 0.00000
vt 0.00000 0.00000
vt 0.00000 0.00000
vt 0.00000 0.00000
vt 0.00000 0.00000
vt 0.00000 0.00000
vt 0.00000 0.00000
vt 0.00000 0.00000
vt 0.00000 0.00000
vt 0.00000 0.00000
vt 0.00000 0.00000
vt 0.00000 0.00000
vt 0.00000 0.00000
vt 0.00000 0.00000
vt 0.00000 0.00000
vt 0.00000 0.00000
vt 0.00000 0.00000
vt 0.00000 0.00000
vt 0.00000 0.00000
vt 0.00000 0.00000
vt 0.00000 0.00000
vt 0.00000 0.00000
vt 0.00000 0.00000
vt 0.00000 0.00000
vt 0.00000 0.00000
vt 0.00000 0.00000
vt 0.00000 0.00000
vt 0.00000 0.00000
vt 0.00000 0.00000
vt 0.00000 0.00000
vt 0.00000 0.00000
vt 0.00000 0.00000
vt 0.00000 0.00000
vt 0.00000 0.00000
vt 0.00000 0.00000
vt 0.00000 0.00000
vt 0.00000 0.00000
vt 0.00000 0.00000
vt 0.00000 0.00000
vt 0.00000 0.00000
vt 0.00000 0.00000
vt 0.00000 0.00000
vt 0.00000 0.00000
vt 0.00000 0.00000
vt 0.00000 0.00000
vt 0.00000 0.00000
vt 0.00000 0.00000
vt 0.00000 0.00000
vt 0.00000 0.00000
vt 0.00000 0.00000
vt 0.00000 0.00000
vt 0.00000 0.00000
vt 0.00000 0.00000
vt 0.00000 0.00000
vt 0.00000 0.00000
vt 0.00000 0.00000
vt 0.00000 0.00000
vt 0.00000 0.00000
vt 0.00000 0.00000
vt 0.00000 0.00000
vt 0.00000 0.00000
vt 0.00000 0.00000
vt 0.00000 0.00000
vt 0.00000 0.00000
vt 0.00000 0.00000
vt 0.00000 0.00000
vt 0.00000 0.00000
vt 0.00000 0.00000
vt 0.00000 0.00000
vt 0.00000 0.00000
vt 0.00000 0.00000
vt 0.00000 0.00000
vt 0.00000 0.00000
vt 0.00000 0.00000
vt 0.00000 0.00000
vt 0.00000 0.00000
vt 0.00000 0.00000
vt 0.00000 0.00000
vt 0.00000 0.00000
vt 0.00000 0.00000
vt 0.00000 0.00000
vt 0.00000 0.00000
vt 0.00000 0.00000
vt 0.00000 0.00000
vt 0.00000 0.00000
vt 0.00000 0.00000
vt 0.00000 0.00000
vt 0.00000 0.00000
vt 0.00000 0.00000
vt 0.00000 0.00000
vt 0.00000 0.00000
vt 0.00000 0.00000
vt 0.00000 0.00000
vt 0.00000 0.00000
vt 0.00000 0.00000
vt 0.00000 0.00000
vt 0.00000 0.00000
vt 0.00000 0.00000
vt 0.00000 0.00000
vt 0.00000 0.00000
vt 0.00000 0.00000
vt 0.00000 0.00000
vt 0.00000 0.00000
vt 0.00000 0.00000
vt 0.00000 0.00000
vt 0.00000 0.00000
vt 0.00000 0.00000
vt 0.00000 0.00000
vt 0.00000 0.00000
vt 0.00000 0.00000
vt 0.00000 0.00000
vt 0.00000 0.00000
vt 0.00000 0.00000
vt 0.00000 0.00000
vt 0.00000 0.00000
vt 0.00000 0.00000
vt 0.00000 0.00000
vt 0.00000 0.00000
vt 0.00000 0.00000
vt 0.00000 0.00000
vt 0.00000 0.00000
vt 0.00000 0.00000
vt 0.00000 0.00000
vt 0.00000 0.00000
vt 0.00000 0.00000
vt 0.00000 0.00000
vt 0.00000 0.00000
vt 0.00000 0.00000
vt 0.00000 0.00000
vt 0.00000 0.00000
vt 0.00000 0.00000
vt 0.00000 0.00000
vt 0.00000 0.00000
vt 0.00000 0.00000
vt 0.00000 0.00000
vt 0.00000 0.00000
vt 0.00000 0.00000
vt 0.00000 0.00000
vt 0.00000 0.00000
vt 0.00000 0.00000
vt 0.00000 0.00000
vt 0.00000 0.00000
vt 0.00000 0.00000
vt 0.00000 0.00000
vt 0.00000 0.00000
vt 0.00000 0.00000
vt 0.00000 0.00000
vt 0.00000 0.00000
vt 0.00000 0.00000
vt 0.00000 0.00000
vt 0.00000 0.00000
vt 0.00000 0.00000
vt 0.00000 0.00000
vt 0.00000 0.00000
vt 0.00000 0.00000
vt 0.00000 0.00000
vt 0.00000 0.00000
vt 0.00000 0.00000
vt 0.00000 0.00000
vt 0.00000 0.00000
vt 0.00000 0.00000
vt 0.00000 0.00000
vt 0.00000 0.00000
vt 0.00000 0.00000
vt 0.00000 0.00000
vt 0.00000 0.00000
vt 0.00000 0.00000
vt 0.00000 0.00000
vt 0.00000 0.00000
vt 0.00000 0.00000
vt 0.00000 0.00000
vt 0.00000 0.00000
vt 0.00000 0.00000
vt 0.00000 0.00000
vt 0.00000 0.00000
vt 0.00000 0.00000
vt 0.00000 0.00000
vt 0.00000 0.00000
vt 0.00000 0.00000
vt 0.00000 0.00000
vt 0.00000 0.00000
vt 0.00000 0.00000
vt 0.00000 0.00000
vt 0.00000 0.00000
vt 0.00000 0.00000
vt 0.00000 0.00000
vt 0.00000 0.00000
vt 0.00000 0.00000
vt 0.00000 0.00000
vt 0.00000 0.00000
vt 0.00000 0.00000
vt 0.00000 0.00000
vt 0.00000 0.00000
vt 0.00000 0.00000
vt 0.00000 0.00000
vt 0.00000 0.00000
vt 0.00000 0.00000
vt 0.00000 0.00000
vt 0.00000 0.00000
vt 0.00000 0.00000
vt 0.00000 0.00000
vt 0.00000 0.00000
vt 0.00000 0.00000
vt 0.00000 0.00000
vt 0.00000 0.00000
vt 0.00000 0.00000
vt 0.00000 0.00000
vt 0.00000 0.00000
vt 0.00000 0.00000
vt 0.00000 0.00000
vt 0.00000 0.00000
vt 0.00000 0.00000
vt 0.00000 0.00000
vt 0.00000 0.00000
vt 0.00000 0.00000
vt 0.00000 0.00000
vt 0.00000 0.00000
vt 0.00000 0.00000
vt 0.00000 0.00000
vt 0.00000 0.00000
vt 0.00000 0.00000
vt 0.00000 0.00000
vt 0.00000 0.00000
vt 0.00000 0.00000
vt 0.00000 0.00000
vt 0.00000 0.00000
vt 0.00000 0.00000
vt 0.00000 0.00000
vt 0.00000 0.00000
vt 0.00000 0.00000
vt 0.00000 0.00000
vt 0.00000 0.00000
vt 0.00000 0.00000
vt 0.00000 0.00000
vt 0.00000 0.00000
vt 0.00000 0.00000
vt 0.00000 0.00000
vt 0.00000 0.00000
vt 0.00000 0.00000
vt 0.00000 0.00000
vt 0.00000 0.00000
vt 0.00000 0.00000
vt 0.00000 0.00000
vt 0.00000 0.00000
vt 0.00000 0.00000
vt 0.00000 0.00000
vt 0.00000 0.00000
vt 0.00000 0.00000
vt 0.00000 0.00000
vt 0.00000 0.00000
vt 0.00000 0.00000
vt 0.00000 0.00000
vt 0.00000 0.00000
vt 0.00000 0.00000
vt 0.00000 0.00000
vt 0.00000 0.00000
vt 0.00000 0.00000
vt 0.00000 0.00000
vt 0.00000 0.00000
vt 0.00000 0.00000
vt 0.00000 0.00000
vt 0.00000 0.00000
vt 0.00000 0.00000
vt 0.00000 0.00000
vt 0.00000 0.00000
vt 0.00000 0.00000
vt 0.00000 0.00000
vt 0.00000 0.00000
vt 0.00000 0.00000
vt 0.00000 0.00000
vt 0.00000 0.00000
vt 0.00000 0.00000
vt 0.00000 0.00000
vt 0.00000 0.00000
vt 0.00000 0.00000
vt 0.00000 0.00000
vt 0.00000 0.00000
vt 0.00000 0.00000
vt 0.00000 0.00000
vt 0.00000 0.00000
vt 0.00000 0.00000
vt 0.00000 0.00000
vt 0.00000 0.00000
vt 0.00000 0.00000
vt 0.00000 0.00000
vt 0.00000 0.00000
vt 0.00000 0.00000
vt 0.00000 0.00000
vt 0.00000 0.00000
vt 0.00000 0.00000
vt 0.00000 0.00000
vt 0.00000 0.00000
vt 0.00000 0.00000
vt 0.00000 0.00000
vt 0.00000 0.00000
vt 0.00000 0.00000
vt 0.00000 0.00000
vt 0.00000 0.00000
vt 0.00000 0.00000
vt 0.00000 0.00000
vt 0.00000 0.00000
vt 0.00000 0.00000
vt 0.00000 0.00000
vt 0.00000 0.00000
vt 0.00000 0.00000
vt 0.00000 0.00000
vt 0.00000 0.00000
vt 0.00000 0.00000
vt 0.00000 0.00000
vt 0.00000 0.00000
vt 0.00000 0.00000
vt 0.00000 0.00000
vt 0.00000 0.00000
vt 0.00000 0.00000
vt 0.00000 0.00000
vt 0.00000 0.00000
vt 0.00000 0.00000
vt 0.00000 0.00000
vt 0.00000 0.00000
vt 0.00000 0.00000
vt 0.00000 0.00000
vt 0.00000 0.00000
vt 0.00000 0.00000
vt 0.00000 0.00000
vt 0.00000 0.00000
vt 0.00000 0.00000
vt 0.00000 0.00000
vt 0.00000 0.00000
vt 0.00000 0.00000
vt 0.00000 0.00000
vt 0.00000 0.00000
vt 0.00000 0.00000
vt 0.00000 0.00000
vt 0.00000 0.00000
vt 0.00000 0.00000
vt 0.00000 0.00000
vt 0.00000 0.00000
vt 0.00000 0.00000
vt 0.00000 0.00000
vt 0.00000 0.00000
vt 0.00000 0.00000
vt 0.00000 0.00000
vt 0.00000 0.00000
vt 0.00000 0.00000
vt 0.00000 0.00000
vt 0.00000 0.00000
vt 0.00000 0.00000
vt 0.00000 0.00000
vt 0.00000 0.00000
vt 0.00000 0.00000
vt 0.00000 0.00000
vt 0.00000 0.00000
vt 0.00000 0.00000
vt 0.00000 0.00000
vt 0.00000 0.00000
vt 0.00000 0.00000
vt 0.00000 0.00000
vt 0.00000 0.00000
vt 0.00000 0.00000
vt 0.00000 0.00000
vt 0.00000 0.00000
vt 0.00000 0.00000
vt 0.00000 0.00000
vt 0.00000 0.00000
vt 0.00000 0.00000
vt 0.00000 0.00000
vt 0.00000 0.00000
vt 0.00000 0.00000
vt 0.00000 0.00000
vt 0.00000 0.00000
vt 0.00000 0.00000
vt 0.00000 0.00000
vt 0.00000 0.00000
vt 0.00000 0.00000
vt 0.00000 0.00000
vt 0.00000 0.00000
vt 0.00000 0.00000
vt 0.00000 0.00000
vt 0.00000 0.00000
vt 0.00000 0.00000
vt 0.00000 0.00000
vt 0.00000 0.00000
vt 0.00000 0.00000
vt 0.00000 0.00000
vt 0.00000 0.00000
vt 0.00000 0.00000
vt 0.00000 0.00000
vt 0.00000 0.00000
vt 0.00000 0.00000
vt 0.00000 0.00000
vt 0.00000 0.00000
vt 0.00000 0.00000
vt 0.00000 0.00000
vt 0.00000 0.00000
vt 0.00000 0.00000
vt 0.00000 0.00000
vt 0.00000 0.00000
vt 0.00000 0.00000
vt 0.00000 0.00000
vt 0.00000 0.00000
vt 0.00000 0.00000
vt 0.00000 0.00000
vt 0.00000 0.00000
vt 0.00000 0.00000
vt 0.00000 0.00000
vt 0.00000 0.00000
vt 0.00000 0.00000
vt 0.00000 0.00000
vt 0.00000 0.00000
vt 0.00000 0.00000
vt 0.00000 0.00000
vt 0.00000 0.00000
vt 0.00000 0.00000
vt 0.00000 0.00000
vt 0.00000 0.00000
vt 0.00000 0.00000
vt 0.00000 0.00000
vt 0.00000 0.00000
vt 0.00000 0.00000
vt 0.00000 0.00000
vt 0.00000 0.00000
vt 0.00000 0.00000
vt 0.00000 0.00000
vt 0.00000 0.00000
vt 0.00000 0.00000
vt 0.00000 0.00000
vt 0.00000 0.00000
vt 0.00000 0.00000
vt 0.00000 0.00000
vt 0.00000 0.00000
vt 0.00000 0.00000
vt 0.00000 0.00000
vt 0.00000 0.00000
vt 0.00000 0.00000
vt 0.00000 0.00000
vt 0.00000 0.00000
vt 0.00000 0.00000
vt 0.00000 0.00000
vt 0.00000 0.00000
vt 0.00000 0.00000
vt 0.00000 0.00000
vt 0.00000 0.00000
vt 0.00000 0.00000
vt 0.00000 0.00000
vt 0.00000 0.00000
vt 0.00000 0.00000
vt 0.00000 0.00000
vt 0.00000 0.00000
vt 0.00000 0.00000
vt 0.00000 0.00000
vt 0.00000 0.00000
vt 0.00000 0.00000
vt 0.00000 0.00000
vt 0.00000 0.00000
vt 0.00000 0.00000
vt 0.00000 0.00000
vt 0.00000 0.00000
vt 0.00000 0.00000
vt 0.00000 0.00000
vt 0.00000 0.00000
vt 0.00000 0.00000
vt 0.00000 0.00000
vt 0.00000 0.00000
vt 0.00000 0.00000
vt 0.00000 0.00000
vt 0.00000 0.00000
vt 0.00000 0.00000
vt 0.00000 0.00000
vt 0.00000 0.00000
vt 0.00000 0.00000
vt 0.00000 0.00000
vt 0.00000 0.00000
vt 0.00000 0.00000
vt 0.00000 0.00000
vt 0.00000 0.00000
vt 0.00000 0.00000
vt 0.00000 0.00000
vt 0.00000 0.00000
vt 0.00000 0.00000
vt 0.00000 0.00000
vt 0.00000 0.00000
vt 0.00000 0.00000
vt 0.00000 0.00000
vt 0.00000 0.00000
vt 0.00000 0.00000
vt 0.00000 0.00000
vt 0.00000 0.00000
vt 0.00000 0.00000
vt 0.00000 0.00000
vt 0.00000 0.00000
vt 0.00000 0.00000
vt 0.00000 0.00000
vt 0.00000 0.00000
vt 0.00000 0.00000
vt 0.00000 0.00000
vt 0.00000 0.00000
vt 0.00000 0.00000
vt 0.00000 0.00000
vt 0.00000 0.00000
vt 0.00000 0.00000
vt 0.00000 0.00000
vt 0.00000 0.00000
vt 0.00000 0.00000
vt 0.00000 0.00000
vt 0.00000 0.00000
vt 0.00000 0.00000
vt 0.00000 0.00000
vt 0.00000 0.00000
vt 0.00000 0.00000
vt 0.00000 0.00000
vt 0.00000 0.00000
vt 0.00000 0.00000
vt 0.00000 0.00000
vt 0.00000 0.00000
vt 0.00000 0.00000
vt 0.00000 0.00000
vt 0.00000 0.00000
vt 0.00000 0.00000
vt 0.00000 0.00000
vt 0.00000 0.00000
vt 0.00000 0.00000
vt 0.00000 0.00000
vt 0.00000 0.00000
vt 0.00000 0.00000
vt 0.00000 0.00000
vt 0.00000 0.00000
vt 0.00000 0.00000
vt 0.00000 0.00000
vt 0.00000 0.00000
vt 0.00000 0.00000
vt 0.00000 0.00000
vt 0.00000 0.00000
vt 0.00000 0.00000
vt 0.00000 0.00000
vt 0.00000 0.00000
vt 0.00000 0.00000
vt 0.00000 0.00000
vt 0.00000 0.00000
vt 0.00000 0.00000
vt 0.00000 0.00000
vt 0.00000 0.00000
vt 0.00000 0.00000
vt 0.00000 0.00000
vt 0.00000 0.00000
vt 0.00000 0.00000
vt 0.00000 0.00000
vt 0.00000 0.00000
vt 0.00000 0.00000
vt 0.00000 0.00000
vt 0.00000 0.00000
vt 0.00000 0.00000
vt 0.00000 0.00000
vt 0.00000 0.00000
vt 0.00000 0.00000
vt 0.00000 0.00000
vt 0.00000 0.00000
vt 0.00000 0.00000
vt 0.00000 0.00000
vt 0.00000 0.00000
vt 0.00000 0.00000
vt 0.00000 0.00000
vt 0.00000 0.00000
vt 0.00000 0.00000
vt 0.00000 0.00000
vt 0.00000 0.00000
vt 0.00000 0.00000
vt 0.00000 0.00000
vt 0.00000 0.00000
vt 0.00000 0.00000
vt 0.00000 0.00000
vt 0.00000 0.00000
vt 0.00000 0.00000
vt 0.00000 0.00000
vt 0.00000 0.00000
vt 0.00000 0.00000
vt 0.00000 0.00000
vt 0.00000 0.00000
vt 0.00000 0.00000
vt 0.00000 0.00000
vt 0.00000 0.00000
vt 0.00000 0.00000
vt 0.00000 0.00000
vt 0.00000 0.00000
vt 0.00000 0.00000
vt 0.00000 0.00000
vt 0.00000 0.00000
vt 0.00000 0.00000
vt 0.00000 0.00000
vt 0.00000 0.00000
vt 0.00000 0.00000
vt 0.00000 0.00000
vt 0.00000 0.00000
vt 0.00000 0.00000
vt 0.00000 0.00000
vt 0.00000 0.00000
vt 0.00000 0.00000
vt 0.00000 0.00000
vt 0.00000 0.00000
vt 0.00000 0.00000
vt 0.00000 0.00000
vt 0.00000 0.00000
vt 0.00000 0.00000
vt 0.00000 0.00000
vt 0.00000 0.00000
vt 0.00000 0.00000
vt 0.00000 0.00000
vt 0.00000 0.00000
vt 0.00000 0.00000
vt 0.00000 0.00000
vt 0.00000 0.00000
vt 0.00000 0.00000
vt 0.00000 0.00000
vt 0.00000 0.00000
vt 0.00000 0.00000
vt 0.00000 0.00000
vt 0.00000 0.00000
vt 0.00000 0.00000
vt 0.00000 0.00000
vt 0.00000 0.00000
vt 0.00000 0.00000
vt 0.00000 0.00000
vt 0.00000 0.00000
vt 0.00000 0.00000
vt 0.00000 0.00000
vt 0.00000 0.00000
vt 0.00000 0.00000
vt 0.00000 0.00000
vt 0.00000 0.00000
vt 0.00000 0.00000
vt 0.00000 0.00000
vt 0.00000 0.00000
vt 0.00000 0.00000
vt 0.00000 0.00000
vt 0.00000 0.00000
vt 0.00000 0.00000
vt 0.00000 0.00000
vt 0.00000 0.00000
vt 0.00000 0.00000
vt 0.00000 0.00000
vt 0.00000 0.00000
vt 0.00000 0.00000
vt 0.00000 0.00000
vt 0.00000 0.00000
vt 0.00000 0.00000
vt 0.00000 0.00000
vt 0.00000 0.00000
vt 0.00000 0.00000
vt 0.00000 0.00000
vt 0.00000 0.00000
vt 0.00000 0.00000
vt 0.00000 0.00000
vt 0.00000 0.00000
vt 0.00000 0.00000
vt 0.00000 0.00000
vt 0.00000 0.00000
vt 0.00000 0.00000
vt 0.00000 0.00000
vt 0.00000 0.00000
vt 0.00000 0.00000
vt 0.00000 0.00000
vt 0.00000 0.00000
vt 0.00000 0.00000
vt 0.00000 0.00000
vt 0.00000 0.00000
vt 0.00000 0.00000
vt 0.00000 0.00000
vt 0.00000 0.00000
vt 0.00000 0.00000
vt 0.00000 0.00000
vt 0.00000 0.00000
vt 0.00000 0.00000
vt 0.00000 0.00000
vt 0.00000 0.00000
vt 0.00000 0.00000
vt 0.00000 0.00000
vt 0.00000 0.00000
vt 0.00000 0.00000
vt 0.00000 0.00000
vt 0.00000 0.00000
vt 0.00000 0.00000
vt 0.00000 0.00000
vt 0.00000 0.00000
vt 0.00000 0.00000
vt 0.00000 0.00000
vt 0.00000 0.00000
vt 0.00000 0.00000
vt 0.00000 0.00000
vt 0.00000 0.00000
vt 0.00000 0.00000
vt 0.00000 0.00000
vt 0.00000 0.00000
vt 0.00000 0.00000
vt 0.00000 0.00000
vt 0.00000 0.00000
vt 0.00000 0.00000
vt 0.00000 0.00000
vt 0.00000 0.00000
vt 0.00000 0.00000
vt 0.00000 0.00000
vt 0.00000 0.00000
vt 0.00000 0.00000
vt 0.00000 0.00000
vt 0.00000 0.00000
vt 0.00000 0.00000
vt 0.00000 0.00000
vt 0.00000 0.00000
vt 0.00000 0.00000
vt 0.00000 0.00000
vt 0.00000 0.00000
vt 0.00000 0.00000
vt 0.00000 0.00000
vt 0.00000 0.00000
vt 0.00000 0.00000
vt 0.00000 0.00000
vt 0.00000 0.00000
vt 0.00000 0.00000
vt 0.00000 0.00000
vt 0.00000 0.00000
vt 0.00000 0.00000
vt 0.00000 0.00000
vt 0.00000 0.00000
vt 0.00000 0.00000
vt 0.00000 0.00000
vt 0.00000 0.00000
vt 0.00000 0.00000
vt 0.00000 0.00000
vt 0.00000 0.00000
vt 0.00000 0.00000
vt 0.00000 0.00000
vt 0.00000 0.00000
vt 0.00000 0.00000
vt 0.00000 0.00000
vt 0.00000 0.00000
vt 0.00000 0.00000
vt 0.00000 0.00000
vt 0.00000 0.00000
vt 0.00000 0.00000
vt 0.00000 0.00000
vt 0.00000 0.00000
vt 0.00000 0.00000
vt 0.00000 0.00000
vt 0.00000 0.00000
vt 0.00000 0.00000
vt 0.00000 0.00000
vt 0.00000 0.00000
vt 0.00000 0.00000
vt 0.00000 0.00000
vt 0.00000 0.00000
vt 0.00000 0.00000
vt 0.00000 0.00000
vt 0.00000 0.00000
vt 0.00000 0.00000
vt 0.00000 0.00000
vt 0.00000 0.00000
vt 0.00000 0.00000
vt 0.00000 0.00000
vt 0.00000 0.00000
vt 0.00000 0.00000
vt 0.00000 0.00000
vt 0.00000 0.00000
vt 0.00000 0.00000
vt 0.00000 0.00000
vt 0.00000 0.00000
vt 0.00000 0.00000
vt 0.00000 0.00000
vt 0.00000 0.00000
vt 0.00000 0.00000
vt 0.00000 0.00000
vt 0.00000 0.00000
vt 0.00000 0.00000
vt 0.00000 0.00000
vt 0.00000 0.00000
vt 0.00000 0.00000
vt 0.00000 0.00000
vt 0.00000 0.00000
vt 0.00000 0.00000
vt 0.00000 0.00000
vt 0.00000 0.00000
vt 0.00000 0.00000
vt 0.00000 0.00000
vt 0.00000 0.00000
vt 0.00000 0.00000
vt 0.00000 0.00000
vt 0.00000 0.00000
vt 0.00000 0.00000
vt 0.00000 0.00000
vt 0.00000 0.00000
vt 0.00000 0.00000
vt 0.00000 0.00000
vt 0.00000 0.00000
vt 0.00000 0.00000
vt 0.00000 0.00000
vt 0.00000 0.00000
vt 0.00000 0.00000
vt 0.00000 0.00000
vt 0.00000 0.00000
vt 0.00000 0.00000
vt 0.00000 0.00000
vt 0.00000 0.00000
vt 0.00000 0.00000
vt 0.00000 0.00000
vt 0.00000 0.00000
vt 0.00000 0.00000
vt 0.00000 0.00000
vt 0.00000 0.00000
vt 0.00000 0.00000
vt 0.00000 0.00000
vt 0.00000 0.00000
vt 0.00000 0.00000
vt 0.00000 0.00000
vt 0.00000 0.00000
vt 0.00000 0.00000
vt 0.00000 0.00000
vt 0.00000 0.00000
vt 0.00000 0.00000
vt 0.00000 0.00000
vt 0.00000 0.00000
vt 0.00000 0.00000
vt 0.00000 0.00000
vt 0.00000 0.00000
vt 0.00000 0.00000
vt 0.00000 0.00000
vt 0.00000 0.00000
vt 0.00000 0.00000
vt 0.00000 0.00000
vt 0.00000 0.00000
vt 0.00000 0.00000
vt 0.00000 0.00000
vt 0.00000 0.00000
vt 0.00000 0.00000
vt 0.00000 0.00000
vt 0.00000 0.00000
vt 0.00000 0.00000
vt 0.00000 0.00000
vt 0.00000 0.00000
vt 0.00000 0.00000
vt 0.00000 0.00000
vt 0.00000 0.00000
vt 0.00000 0.00000
vt 0.00000 0.00000
vt 0.00000 0.00000
vt 0.00000 0.00000
vt 0.00000 0.00000
vt 0.00000 0.00000
vt 0.00000 0.00000
vt 0.00000 0.00000
vt 0.00000 0.00000
vt 0.00000 0.00000
vt 0.00000 0.00000
vt 0.00000 0.00000
vt 0.00000 0.00000
vt 0.00000 0.00000
vt 0.00000 0.00000
vt 0.00000 0.00000
vt 0.00000 0.00000
vt 0.00000 0.00000
vt 0.00000 0.00000
vt 0.00000 0.00000
vt 0.00000 0.00000
vt 0.00000 0.00000
vt 0.00000 0.00000
vt 0.00000 0.00000
vt 0.00000 0.00000
vt 0.00000 0.00000
vt 0.00000 0.00000
vt 0.00000 0.00000
vt 0.00000 0.00000
vt 0.00000 0.00000
vt 0.00000 0.00000
vt 0.00000 0.00000
vt 0.00000 0.00000
vt 0.00000 0.00000
vt 0.00000 0.00000
vt 0.00000 0.00000
vt 0.00000 0.00000
vt 0.00000 0.00000
vt 0.00000 0.00000
vt 0.00000 0.00000
vt 0.00000 0.00000
vt 0.00000 0.00000
vt 0.00000 0.00000
vt 0.00000 0.00000
vt 0.00000 0.00000
vt 0.00000 0.00000
vt 0.00000 0.00000
vt 0.00000 0.00000
vt 0.00000 0.00000
vt 0.00000 0.00000
vt 0.00000 0.00000
vt 0.00000 0.00000
vt 0.00000 0.00000
vt 0.00000 0.00000
vt 0.00000 0.00000
vt 0.00000 0.00000
vt 0.00000 0.00000
vt 0.00000 0.00000
vt 0.00000 0.00000
vt 0.00000 0.00000
vt 0.00000 0.00000
vt 0.00000 0.00000
vt 0.00000 0.00000
vt 0.00000 0.00000
vt 0.00000 0.00000
vt 0.00000 0.00000
vt 0.00000 0.00000
vt 0.00000 0.00000
vt 0.00000 0.00000
vt 0.00000 0.00000
vt 0.00000 0.00000
vt 0.00000 0.00000
vt 0.00000 0.00000
vt 0.00000 0.00000
vt 0.00000 0.00000
vt 0.00000 0.00000
vt 0.00000 0.00000
vt 0.00000 0.00000
vt 0.00000 0.00000
vt 0.00000 0.00000
vt 0.00000 0.00000
vt 0.00000 0.00000
vt 0.00000 0.00000
vt 0.00000 0.00000
vt 0.00000 0.00000
vt 0.00000 0.00000
vt 0.00000 0.00000
vt 0.00000 0.00000
vt 0.00000 0.00000
vt 0.00000 0.00000
vt 0.00000 0.00000
vt 0.00000 0.00000
vt 0.00000 0.00000
vt 0.00000 0.00000
vt 0.00000 0.00000
vt 0.00000 0.00000
vt 0.00000 0.00000
vt 0.00000 0.00000
vt 0.00000 0.00000
vt 0.00000 0.00000
vt 0.00000 0.00000
vt 0.00000 0.00000
vt 0.00000 0.00000
vt 0.00000 0.00000
vt 0.00000 0.00000
vt 0.00000 0.00000
vt 0.00000 0.00000
vt 0.00000 0.00000
vt 0.00000 0.00000
vt 0.00000 0.00000
vt 0.00000 0.00000
vt 0.00000 0.00000
vt 0.00000 0.00000
vt 0.00000 0.00000
vt 0.00000 0.00000
vt 0.00000 0.00000
vt 0.00000 0.00000
vt 0.00000 0.00000
vt 0.00000 0.00000
vt 0.00000 0.00000
vt 0.00000 0.00000
vt 0.00000 0.00000
vt 0.00000 0.00000
vt 0.00000 0.00000
vt 0.00000 0.00000
vt 0.00000 0.00000
vt 0.00000 0.00000
vt 0.00000 0.00000
vt 0.00000 0.00000
vt 0.00000 0.00000
vt 0.00000 0.00000
vt 0.00000 0.00000
vt 0.00000 0.00000
vt 0.00000 0.00000
vt 0.00000 0.00000
vt 0.00000 0.00000
vt 0.00000 0.00000
vt 0.00000 0.00000
vt 0.00000 0.00000
vt 0.00000 0.00000
vt 0.00000 0.00000
vt 0.00000 0.00000
vt 0.00000 0.00000
vt 0.00000 0.00000
vt 0.00000 0.00000
vt 0.00000 0.00000
vt 0.00000 0.00000
vt 0.00000 0.00000
vt 0.00000 0.00000
vt 0.00000 0.00000
vt 0.00000 0.00000
vt 0.00000 0.00000
vt 0.00000 0.00000
vt 0.00000 0.00000
vt 0.00000 0.00000
vt 0.00000 0.00000
vt 0.00000 0.00000
vt 0.00000 0.00000
vt 0.00000 0.00000
vt 0.00000 0.00000
vt 0.00000 0.00000
vt 0.00000 0.00000
vt 0.00000 0.00000
vt 0.00000 0.00000
vt 0.00000 0.00000
vt 0.00000 0.00000
vt 0.00000 0.00000
vt 0.00000 0.00000
vt 0.00000 0.00000
vt 0.00000 0.00000
vt 0.00000 0.00000
vt 0.00000 0.00000
vt 0.00000 0.00000
vt 0.00000 0.00000
vt 0.00000 0.00000
vt 0.00000 0.00000
vt 0.00000 0.00000
vt 0.00000 0.00000
vt 0.00000 0.00000
vt 0.00000 0.00000
vt 0.00000 0.00000
vt 0.00000 0.00000
vt 0.00000 0.00000
vt 0.00000 0.00000
vt 0.00000 0.00000
vt 0.00000 0.00000
vt 0.00000 0.00000
vt 0.00000 0.00000
vt 0.00000 0.00000
vt 0.00000 0.00000
vt 0.00000 0.00000
vt 0.00000 0.00000
vt 0.00000 0.00000
vt 0.00000 0.00000
vt 0.00000 0.00000
vt 0.00000 0.00000
vt 0.00000 0.00000
vt 0.00000 0.00000
vt 0.00000 0.00000
vt 0.00000 0.00000
vt 0.00000 0.00000
vt 0.00000 0.00000
vt 0.00000 0.00000
vt 0.00000 0.00000
vt 0.00000 0.00000
vt 0.00000 0.00000
vt 0.00000 0.00000
vt 0.00000 0.00000
vt 0.00000 0.00000
vt 0.00000 0.00000
vt 0.00000 0.00000
vt 0.00000 0.00000
vt 0.00000 0.00000
vt 0.00000 0.00000
vt 0.00000 0.00000
vt 0.00000 0.00000
vt 0.00000 0.00000
vt 0.00000 0.00000
vt 0.00000 0.00000
vt 0.00000 0.00000
vt 0.00000 0.00000
vt 0.00000 0.00000
vt 0.00000 0.00000
vt 0.00000 0.00000
vt 0.00000 0.00000
vt 0.00000 0.00000
vt 0.00000 0.00000
vt 0.00000 0.00000
vt 0.00000 0.00000
vt 0.00000 0.00000
vt 0.00000 0.00000
vt 0.00000 0.00000
vt 0.00000 0.00000
vt 0.00000 0.00000
vt 0.00000 0.00000
vt 0.00000 0.00000
vt 0.00000 0.00000
vt 0.00000 0.00000
vt 0.00000 0.00000
vt 0.00000 0.00000
vt 0.00000 0.00000
vt 0.00000 0.00000
vt 0.00000 0.00000
vt 0.00000 0.00000
vt 0.00000 0.00000
vt 0.00000 0.00000
vt 0.00000 0.00000
vt 0.00000 0.00000
vt 0.00000 0.00000
vt 0.00000 0.00000
vt 0.00000 0.00000
vt 0.00000 0.00000
vt 0.00000 0.00000
vt 0.00000 0.00000
vt 0.00000 0.00000
vt 0.00000 0.00000
vt 0.00000 0.00000
vt 0.00000 0.00000
vt 0.00000 0.00000
vt 0.00000 0.00000
vt 0.00000 0.00000
vt 0.00000 0.00000
vt 0.00000 0.00000
vt 0.00000 0.00000
vt 0.00000 0.00000
vt 0.00000 0.00000
vt 0.00000 0.00000
vt 0.00000 0.00000
vt 0.00000 0.00000
vt 0.00000 0.00000
vt 0.00000 0.00000
vt 0.00000 0.00000
vt 0.00000 0.00000
vt 0.00000 0.00000
vt 0.00000 0.00000
vt 0.00000 0.00000
vt 0.00000 0.00000
vt 0.00000 0.00000
vt 0.00000 0.00000
vt 0.00000 0.00000
vt 0.00000 0.00000
vt 0.00000 0.00000
vt 0.00000 0.00000
vt 0.00000 0.00000
vt 0.00000 0.00000
vt 0.00000 0.00000
vt 0.00000 0.00000
vt 0.00000 0.00000
vt 0.00000 0.00000
vt 0.00000 0.00000
vt 0.00000 0.00000
vt 0.00000 0.00000
vt 0.00000 0.00000
vt 0.00000 0.00000
vt 0.00000 0.00000
vt 0.00000 0.00000
vt 0.00000 0.00000
vt 0.00000 0.00000
vt 0.00000 0.00000
vt 0.00000 0.00000
vt 0.00000 0.00000
vt 0.00000 0.00000
vt 0.00000 0.00000
vt 0.00000 0.00000
vt 0.00000 0.00000
vt 0.00000 0.00000
vt 0.00000 0.00000
vt 0.00000 0.00000
vt 0.00000 0.00000
vt 0.00000 0.00000
vt 0.00000 0.00000
vt 0.00000 0.00000
vt 0.00000 0.00000
vt 0.00000 0.00000
vt 0.00000 0.00000
vt 0.00000 0.00000
vt 0.00000 0.00000
vt 0.00000 0.00000
vt 0.00000 0.00000
vt 0.00000 0.00000
vt 0.00000 0.00000
vt 0.00000 0.00000
vt 0.00000 0.00000
vt 0.00000 0.00000
vt 0.00000 0.00000
vt 0.00000 0.00000
vt 0.00000 0.00000
vt 0.00000 0.00000
vt 0.00000 0.00000
vt 0.00000 0.00000
vt 0.00000 0.00000
vt 0.00000 0.00000
vt 0.00000 0.00000
vt 0.00000 0.00000
vt 0.00000 0.00000
vt 0.00000 0.00000
vt 0.00000 0.00000
vt 0.00000 0.00000
vt 0.00000 0.00000
vt 0.00000 0.00000
vt 0.00000 0.00000
vt 0.00000 0.00000
vt 0.00000 0.00000
vt 0.00000 0.00000
vt 0.00000 0.00000
vt 0.00000 0.00000
vt 0.00000 0.00000
vt 0.00000 0.00000
vt 0.00000 0.00000
vt 0.00000 0.00000
vt 0.00000 0.00000
vt 0.00000 0.00000
vt 0.00000 0.00000
vt 0.00000 0.00000
vt 0.00000 0.00000
vt 0.00000 0.00000
vt 0.00000 0.00000
vt 0.00000 0.00000
vt 0.00000 0.00000
vt 0.00000 0.00000
vt 0.00000 0.00000
vt 0.00000 0.00000
vt 0.00000 0.00000
vt 0.00000 0.00000
vt 0.00000 0.00000
vt 0.00000 0.00000
vt 0.00000 0.00000
vt 0.00000 0.00000
vt 0.00000 0.00000
vt 0.00000 0.00000
vt 0.00000 0.00000
vt 0.00000 0.00000
vt 0.00000 0.00000
vt 0.00000 0.00000
vt 0.00000 0.00000
vt 0.00000 0.00000
vt 0.00000 0.00000
vt 0.00000 0.00000
vt 0.00000 0.00000
vt 0.00000 0.00000
vt 0.00000 0.00000
vt 0.00000 0.00000
vt 0.00000 0.00000
vt 0.00000 0.00000
vt 0.00000 0.00000
vt 0.00000 0.00000
vt 0.00000 0.00000
vt 0.00000 0.00000
vt 0.00000 0.00000
vt 0.00000 0.00000
vt 0.00000 0.00000
vt 0.00000 0.00000
vt 0.00000 0.00000
vt 0.00000 0.00000
vt 0.00000 0.00000
vt 0.00000 0.00000
vt 0.00000 0.00000
vt 0.00000 0.00000
vt 0.00000 0.00000
vt 0.00000 0.00000
vt 0.00000 0.00000
vt 0.00000 0.00000
vt 0.00000 0.00000
vt 0.00000 0.00000
vt 0.00000 0.00000
vt 0.00000 0.00000
vt 0.00000 0.00000
vt 0.00000 0.00000
vt 0.00000 0.00000
vt 0.00000 0.00000
vt 0.00000 0.00000
vt 0.00000 0.00000
vt 0.00000 0.00000
vt 0.00000 0.00000
vt 0.00000 0.00000
vt 0.00000 0.00000
vt 0.00000 0.00000
vt 0.00000 0.00000
vt 0.00000 0.00000
vt 0.00000 0.00000
vt 0.00000 0.00000
vt 0.00000 0.00000
vt 0.00000 0.00000
vt 0.00000 0.00000
vt 0.00000 0.00000
vt 0.00000 0.00000
vt 0.00000 0.00000
vt 0.00000 0.00000
vt 0.00000 0.00000
vt 0.00000 0.00000
vt 0.00000 0.00000
vt 0.00000 0.00000
vt 0.00000 0.00000
vt 0.00000 0.00000
vt 0.00000 0.00000
vt 0.00000 0.00000
vt 0.00000 0.00000
vt 0.00000 0.00000
vt 0.00000 0.00000
vt 0.00000 0.00000
vt 0.00000 0.00000
vt 0.00000 0.00000
vt 0.00000 0.00000
vt 0.00000 0.00000
vt 0.00000 0.00000
vt 0.00000 0.00000
vt 0.00000 0.00000
vt 0.00000 0.00000
vt 0.00000 0.00000
vt 0.00000 0.00000
vt 0.00000 0.00000
vt 0.00000 0.00000
vt 0.00000 0.00000
vt 0.00000 0.00000
vt 0.00000 0.00000
vt 0.00000 0.00000
vt 0.00000 0.00000
vt 0.00000 0.00000
vt 0.00000 0.00000
vt 0.00000 0.00000
vt 0.00000 0.00000
vt 0.00000 0.00000
vt 0.00000 0.00000
vt 0.00000 0.00000
vt 0.00000 0.00000
vt 0.00000 0.00000
vt 0.00000 0.00000
vt 0.00000 0.00000
vt 0.00000 0.00000
vt 0.00000 0.00000
vt 0.00000 0.00000
vt 0.00000 0.00000
vt 0.00000 0.00000
vt 0.00000 0.00000
vt 0.00000 0.00000
vt 0.00000 0.00000
vt 0.00000 0.00000
vt 0.00000 0.00000
vt 0.00000 0.00000
vt 0.00000 0.00000
vt 0.00000 0.00000
vt 0.00000 0.00000
vt 0.00000 0.00000
vt 0.00000 0.00000
vt 0.00000 0.00000
vt 0.00000 0.00000
vt 0.00000 0.00000
vt 0.00000 0.00000
vt 0.00000 0.00000
vt 0.00000 0.00000
vt 0.00000 0.00000
vt 0.00000 0.00000
vt 0.00000 0.00000
vt 0.00000 0.00000
vt 0.00000 0.00000
vt 0.00000 0.00000
vt 0.00000 0.00000
vt 0.00000 0.00000
vt 0.00000 0.00000
vt 0.00000 0.00000
vt 0.00000 0.00000
vt 0.00000 0.00000
vt 0.00000 0.00000
vt 0.00000 0.00000
vt 0.00000 0.00000
vt 0.00000 0.00000
vt 0.00000 0.00000
vt 0.00000 0.00000
vt 0.00000 0.00000
vt 0.00000 0.00000
vt 0.00000 0.00000
vt 0.00000 0.00000
vt 0.00000 0.00000
vt 0.00000 0.00000
vt 0.00000 0.00000
vt 0.00000 0.00000
vt 0.00000 0.00000
vt 0.00000 0.00000
vt 0.00000 0.00000
vt 0.00000 0.00000
vt 0.00000 0.00000
vt 0.00000 0.00000
vt 0.00000 0.00000
vt 0.00000 0.00000
vt 0.00000 0.00000
vt 0.00000 0.00000
vt 0.00000 0.00000
vt 0.00000 0.00000
vt 0.00000 0.00000
vt 0.00000 0.00000
vt 0.00000 0.00000
vt 0.00000 0.00000
vt 0.00000 0.00000
vt 0.00000 0.00000
vt 0.00000 0.00000
vt 0.00000 0.00000
vt 0.00000 0.00000
vt 0.00000 0.00000
vt 0.00000 0.00000
vt 0.00000 0.00000
vt 0.00000 0.00000
vt 0.00000 0.00000
vt 0.00000 0.00000
vt 0.00000 0.00000
vt 0.00000 0.00000
vt 0.00000 0.00000
vt 0.00000 0.00000
vt 0.00000 0.00000
vt 0.00000 0.00000
vt 0.00000 0.00000
vt 0.00000 0.00000
vt 0.00000 0.00000
vt 0.00000 0.00000
vt 0.00000 0.00000
vt 0.00000 0.00000
vt 0.00000 0.00000
vt 0.00000 0.00000
vt 0.00000 0.00000
vt 0.00000 0.00000
vt 0.00000 0.00000
vt 0.00000 0.00000
vt 0.00000 0.00000
vt 0.00000 0.00000
vt 0.00000 0.00000
vt 0.00000 0.00000
vt 0.00000 0.00000
vt 0.00000 0.00000
vt 0.00000 0.00000
vt 0.00000 0.00000
vt 0.00000 0.00000
vt 0.00000 0.00000
vt 0.00000 0.00000
vt 0.00000 0.00000
vt 0.00000 0.00000
vt 0.00000 0.00000
vt 0.00000 0.00000
vt 0.00000 0.00000
vt 0.00000 0.00000
vt 0.00000 0.00000
vt 0.00000 0.00000
vt 0.00000 0.00000
vt 0.00000 0.00000
vt 0.00000 0.00000
vt 0.00000 0.00000
vt 0.00000 0.00000
vt 0.00000 0.00000
vt 0.00000 0.00000
vt 0.00000 0.00000
vt 0.00000 0.00000
vt 0.00000 0.00000
vt 0.00000 0.00000
vt 0.00000 0.00000
vt 0.00000 0.00000
vt 0.00000 0.00000
vt 0.00000 0.00000
vt 0.00000 0.00000
vt 0.00000 0.00000
vt 0.00000 0.00000
vt 0.00000 0.00000
vt 0.00000 0.00000
vt 0.00000 0.00000
vt 0.00000 0.00000
vt 0.00000 0.00000
vt 0.00000 0.00000
vt 0.00000 0.00000
vt 0.00000 0.00000
vt 0.00000 0.00000
vt 0.00000 0.00000
vt 0.00000 0.00000
vt 0.00000 0.00000
vt 0.00000 0.00000
vt 0.00000 0.00000
vt 0.00000 0.00000
vt 0.00000 0.00000
vt 0.00000 0.00000
vt 0.00000 0.00000
vt 0.00000 0.00000
vt 0.00000 0.00000
vt 0.00000 0.00000
vt 0.00000 0.00000
vt 0.00000 0.00000
vt 0.00000 0.00000
vt 0.00000 0.00000
vt 0.00000 0.00000
vt 0.00000 0.00000
vt 0.00000 0.00000
vt 0.00000 0.00000
vt 0.00000 0.00000
vt 0.00000 0.00000
vt 0.00000 0.00000
vt 0.00000 0.00000
vt 0.00000 0.00000
vt 0.00000 0.00000
vt 0.00000 0.00000
vt 0.00000 0.00000
vt 0.00000 0.00000
vt 0.00000 0.00000
vt 0.00000 0.00000
vt 0.00000 0.00000
vt 0.00000 0.00000
vt 0.00000 0.00000
vt 0.00000 0.00000
vt 0.00000 0.00000
vt 0.00000 0.00000
vt 0.00000 0.00000
vt 0.00000 0.00000
vt 0.00000 0.00000
vt 0.00000 0.00000
vt 0.00000 0.00000
vt 0.00000 0.00000
vt 0.00000 0.00000
vt 0.00000 0.00000
vt 0.00000 0.00000
vt 0.00000 0.00000
vt 0.00000 0.00000
vt 0.00000 0.00000
vt 0.00000 0.00000
vt 0.00000 0.00000
vt 0.00000 0.00000
vt 0.00000 0.00000
vt 0.00000 0.00000
vt 0.00000 0.00000
vt 0.00000 0.00000
vt 0.00000 0.00000
vt 0.00000 0.00000
vt 0.00000 0.00000
vt 0.00000 0.00000
vt 0.00000 0.00000
vt 0.00000 0.00000
vt 0.00000 0.00000
vt 0.00000 0.00000
vt 0.00000 0.00000
vt 0.00000 0.00000
vt 0.00000 0.00000
vt 0.00000 0.00000
vt 0.00000 0.00000
vt 0.00000 0.00000
vt 0.00000 0.00000
vt 0.00000 0.00000
vt 0.00000 0.00000
vt 0.00000 0.00000
vt 0.00000 0.00000
vt 0.00000 0.00000
vt 0.00000 0.00000
vt 0.00000 0.00000
vt 0.00000 0.00000
vt 0.00000 0.00000
vt 0.00000 0.00000
vt 0.00000 0.00000
vt 0.00000 0.00000
vt 0.00000 0.00000
vt 0.00000 0.00000
vt 0.00000 0.00000
vt 0.00000 0.00000
vt 0.00000 0.00000
vt 0.00000 0.00000
vt 0.00000 0.00000
vt 0.00000 0.00000
vt 0.00000 0.00000
vt 0.00000 0.00000
vt 0.00000 0.00000
vt 0.00000 0.00000
vt 0.00000 0.00000
vt 0.00000 0.00000
vt 0.00000 0.00000
vt 0.00000 0.00000
vt 0.00000 0.00000
vt 0.00000 0.00000
vt 0.00000 0.00000
vt 0.00000 0.00000
vt 0.00000 0.00000
vt 0.00000 0.00000
vt 0.00000 0.00000
vt 0.00000 0.00000
vt 0.00000 0.00000
vt 0.00000 0.00000
vt 0.00000 0.00000
vt 0.00000 0.00000
vt 0.00000 0.00000
vt 0.00000 0.00000
vt 0.00000 0.00000
vt 0.00000 0.00000
vt 0.00000 0.00000
vt 0.00000 0.00000
vt 0.00000 0.00000
vt 0.00000 0.00000
vt 0.00000 0.00000
vt 0.00000 0.00000
vt 0.00000 0.00000
vt 0.00000 0.00000
vt 0.00000 0.00000
vt 0.00000 0.00000
vt 0.00000 0.00000
vt 0.00000 0.00000
vt 0.00000 0.00000
vt 0.00000 0.00000
vt 0.00000 0.00000
vt 0.00000 0.00000
vt 0.00000 0.00000
vt 0.00000 0.00000
vt 0.00000 0.00000
vt 0.00000 0.00000
vt 0.00000 0.00000
vt 0.00000 0.00000
vt 0.00000 0.00000
vt 0.00000 0.00000
vt 0.00000 0.00000
vt 0.00000 0.00000
vt 0.00000 0.00000
vt 0.00000 0.00000
vt 0.00000 0.00000
vt 0.00000 0.00000
vt 0.00000 0.00000
vt 0.00000 0.00000
vt 0.00000 0.00000
vt 0.00000 0.00000
vt 0.00000 0.00000
vt 0.00000 0.00000
vt 0.00000 0.00000
vt 0.00000 0.00000
vt 0.00000 0.00000
vt 0.00000 0.00000
vt 0.00000 0.00000
vt 0.00000 0.00000
vt 0.00000 0.00000
vt 0.00000 0.00000
vt 0.00000 0.00000
vt 0.00000 0.00000
vt 0.00000 0.00000
vt 0.00000 0.00000
vt 0.00000 0.00000
vt 0.00000 0.00000
vt 0.00000 0.00000
vt 0.00000 0.00000
vt 0.00000 0.00000
vt 0.00000 0.00000
vt 0.00000 0.00000
vt 0.00000 0.00000
vt 0.00000 0.00000
vt 0.00000 0.00000
vt 0.00000 0.00000
vt 0.00000 0.00000
vt 0.00000 0.00000
vt 0.00000 0.00000
vt 0.00000 0.00000
vt 0.00000 0.00000
vt 0.00000 0.00000
vt 0.00000 0.00000
vt 0.00000 0.00000
vt 0.00000 0.00000
vt 0.00000 0.00000
vt 0.00000 0.00000
vt 0.00000 0.00000
vt 0.00000 0.00000
vt 0.00000 0.00000
vt 0.00000 0.00000
vt 0.00000 0.00000
vt 0.00000 0.00000
vt 0.00000 0.00000
vt 0.00000 0.00000
vt 0.00000 0.00000
vt 0.00000 0.00000
vt 0.00000 0.00000
vt 0.00000 0.00000
vt 0.00000 0.00000
vt 0.00000 0.00000
vt 0.00000 0.00000
vt 0.00000 0.00000
vt 0.00000 0.00000
vt 0.00000 0.00000
vt 0.00000 0.00000
vt 0.00000 0.00000
vt 0.00000 0.00000
vt 0.00000 0.00000
vt 0.00000 0.00000
vt 0.00000 0.00000
vt 0.00000 0.00000
vt 0.00000 0.00000
vt 0.00000 0.00000
vt 0.00000 0.00000
vt 0.00000 0.00000
vt 0.00000 0.00000
vt 0.00000 0.00000
vt 0.00000 0.00000
vt 0.00000 0.00000
vt 0.00000 0.00000
vt 0.00000 0.00000
vt 0.00000 0.00000
vt 0.00000 0.00000
vt 0.00000 0.00000
vt 0.00000 0.00000
vt 0.00000 0.00000
vt 0.00000 0.00000
vt 0.00000 0.00000
vt 0.00000 0.00000
vt 0.00000 0.00000
vt 0.00000 0.00000
vt 0.00000 0.00000
vt 0.00000 0.00000
vt 0.00000 0.00000
vt 0.00000 0.00000
vt 0.00000 0.00000
vt 0.00000 0.00000
vt 0.00000 0.00000
vt 0.00000 0.00000
vt 0.00000 0.00000
vt 0.00000 0.00000
vt 0.00000 0.00000
vt 0.00000 0.00000
vt 0.00000 0.00000
vt 0.00000 0.00000
vt 0.00000 0.00000
vt 0.00000 0.00000
vt 0.00000 0.00000
vt 0.00000 0.00000
vt 0.00000 0.00000
vt 0.00000 0.00000
vt 0.00000 0.00000
vt 0.00000 0.00000
vt 0.00000 0.00000
vt 0.00000 0.00000
vt 0.00000 0.00000
vt 0.00000 0.00000
vt 0.00000 0.00000
vt 0.00000 0.00000
vt 0.00000 0.00000
vt 0.00000 0.00000
vt 0.00000 0.00000
vt 0.00000 0.00000
vt 0.00000 0.00000
vt 0.00000 0.00000
vt 0.00000 0.00000
vt 0.00000 0.00000
vt 0.00000 0.00000
vt 0.00000 0.00000
vt 0.00000 0.00000
vt 0.00000 0.00000
vt 0.00000 0.00000
vt 0.00000 0.00000
vt 0.00000 0.00000
vt 0.00000 0.00000
vt 0.00000 0.00000
vt 0.00000 0.00000
vt 0.00000 0.00000
vt 0.00000 0.00000
vt 0.00000 0.00000
vt 0.00000 0.00000
vt 0.00000 0.00000
vt 0.00000 0.00000
vt 0.00000 0.00000
vt 0.00000 0.00000
vt 0.00000 0.00000
vt 0.00000 0.00000
vt 0.00000 0.00000
vt 0.00000 0.00000
vt 0.00000 0.00000
vt 0.00000 0.00000
vt 0.00000 0.00000
vt 0.00000 0.00000
vt 0.00000 0.00000
vt 0.00000 0.00000
vt 0.00000 0.00000
vt 0.00000 0.00000
vt 0.00000 0.00000
vt 0.00000 0.00000
vt 0.00000 0.00000
vt 0.00000 0.00000
vt 0.00000 0.00000
vt 0.00000 0.00000
vt 0.00000 0.00000
vt 0.00000 0.00000
vt 0.00000 0.00000
vt 0.00000 0.00000
vt 0.00000 0.00000
vt 0.00000 0.00000
vt 0.00000 0.00000
vt 0.00000 0.00000
vt 0.00000 0.00000
vt 0.00000 0.00000
vt 0.00000 0.00000
vt 0.00000 0.00000
vt 0.00000 0.00000
vt 0.00000 0.00000
vt 0.00000 0.00000
vt 0.00000 0.00000
vt 0.00000 0.00000
vt 0.00000 0.00000
vt 0.00000 0.00000
vt 0.00000 0.00000
vt 0.00000 0.00000
vt 0.00000 0.00000
vt 0.00000 0.00000
vt 0.00000 0.00000
vt 0.00000 0.00000
vt 0.00000 0.00000
vt 0.00000 0.00000
vt 0.00000 0.00000
vt 0.00000 0.00000
vt 0.00000 0.00000
vt 0.00000 0.00000
vt 0.00000 0.00000
vt 0.00000 0.00000
vt 0.00000 0.00000
vt 0.00000 0.00000
vt 0.00000 0.00000
vt 0.00000 0.00000
vt 0.00000 0.00000
vt 0.00000 0.00000
vt 0.00000 0.00000
vt 0.00000 0.00000
vt 0.00000 0.00000
vt 0.00000 0.00000
vt 0.00000 0.00000
vt 0.00000 0.00000
vt 0.00000 0.00000
vt 0.00000 0.00000
vt 0.00000 0.00000
vt 0.00000 0.00000
vt 0.00000 0.00000
vt 0.00000 0.00000
vt 0.00000 0.00000
vt 0.00000 0.00000
vt 0.00000 0.00000
vt 0.00000 0.00000
vt 0.00000 0.00000
vt 0.00000 0.00000
vt 0.00000 0.00000
vt 0.00000 0.00000
vt 0.00000 0.00000
vt 0.00000 0.00000
vt 0.00000 0.00000
vt 0.00000 0.00000
vt 0.00000 0.00000
vt 0.00000 0.00000
vt 0.00000 0.00000
vt 0.00000 0.00000
vt 0.00000 0.00000
vt 0.00000 0.00000
vt 0.00000 0.00000
vt 0.00000 0.00000
vt 0.00000 0.00000
vt 0.00000 0.00000
vt 0.00000 0.00000
vt 0.00000 0.00000
vt 0.00000 0.00000
vt 0.00000 0.00000
vt 0.00000 0.00000
vt 0.00000 0.00000
vt 0.00000 0.00000
vt 0.00000 0.00000
vt 0.00000 0.00000
vt 0.00000 0.00000
vt 0.00000 0.00000
vt 0.00000 0.00000
vt 0.00000 0.00000
vt 0.00000 0.00000
vt 0.00000 0.00000
vt 0.00000 0.00000
vt 0.00000 0.00000
vt 0.00000 0.00000
vt 0.00000 0.00000
vt 0.00000 0.00000
vt 0.00000 0.00000
vt 0.00000 0.00000
vt 0.00000 0.00000
vt 0.00000 0.00000
vt 0.00000 0.00000
vt 0.00000 0.00000
vt 0.00000 0.00000
vt 0.00000 0.00000
vt 0.00000 0.00000
vt 0.00000 0.00000
vt 0.00000 0.00000
vt 0.00000 0.00000
vt 0.00000 0.00000
vt 0.00000 0.00000
vt 0.00000 0.00000
vt 0.00000 0.00000
vt 0.00000 0.00000
vt 0.00000 0.00000
vt 0.00000 0.00000
vt 0.00000 0.00000
vt 0.00000 0.00000
vt 0.00000 0.00000
vt 0.00000 0.00000
vt 0.00000 0.00000
vt 0.00000 0.00000
vt 0.00000 0.00000
vt 0.00000 0.00000
vt 0.00000 0.00000
vt 0.00000 0.00000
vt 0.00000 0.00000
vt 0.00000 0.00000
vt 0.00000 0.00000
vt 0.00000 0.00000
vt 0.00000 0.00000
vt 0.00000 0.00000
vt 0.00000 0.00000
vt 0.00000 0.00000
vt 0.00000 0.00000
vt 0.00000 0.00000
vt 0.00000 0.00000
vt 0.00000 0.00000
vt 0.00000 0.00000
vt 0.00000 0.00000
vt 0.00000 0.00000
vt 0.00000 0.00000
vt 0.00000 0.00000
vt 0.00000 0.00000
vt 0.00000 0.00000
vt 0.00000 0.00000
vt 0.00000 0.00000
vt 0.00000 0.00000
vt 0.00000 0.00000
vt 0.00000 0.00000
vt 0.00000 0.00000
vt 0.00000 0.00000
vt 0.00000 0.00000
vt 0.00000 0.00000
vt 0.00000 0.00000
vt 0.00000 0.00000
vt 0.00000 0.00000
vt 0.00000 0.00000
vt 0.00000 0.00000
vt 0.00000 0.00000
vt 0.00000 0.00000
vt 0.00000 0.00000
vt 0.00000 0.00000
vt 0.00000 0.00000
vt 0.00000 0.00000
vt 0.00000 0.00000
vt 0.00000 0.00000
vt 0.00000 0.00000
vt 0.00000 0.00000
vt 0.00000 0.00000
vt 0.00000 0.00000
vt 0.00000 0.00000
vt 0.00000 0.00000
vt 0.00000 0.00000
vt 0.00000 0.00000
vt 0.00000 0.00000
vt 0.00000 0.00000
vt 0.00000 0.00000
vt 0.00000 0.00000
vt 0.00000 0.00000
vt 0.00000 0.00000
vt 0.00000 0.00000
vt 0.00000 0.00000
vt 0.00000 0.00000
vt 0.00000 0.00000
vt 0.00000 0.00000
vt 0.00000 0.00000
vt 0.00000 0.00000
vt 0.00000 0.00000
vt 0.00000 0.00000
vt 0.00000 0.00000
vt 0.00000 0.00000
vt 0.00000 0.00000
vt 0.00000 0.00000
vt 0.00000 0.00000
vt 0.00000 0.00000
vt 0.00000 0.00000
vt 0.00000 0.00000
vt 0.00000 0.00000
vt 0.00000 0.00000
vt 0.00000 0.00000
vt 0.00000 0.00000
vt 0.00000 0.00000
vt 0.00000 0.00000
vt 0.00000 0.00000
vt 0.00000 0.00000
vt 0.00000 0.00000
vt 0.00000 0.00000
vt 0.00000 0.00000
vt 0.00000 0.00000
vt 0.00000 0.00000
vt 0.00000 0.00000
vt 0.00000 0.00000
vt 0.00000 0.00000
vt 0.00000 0.00000
vt 0.00000 0.00000
vt 0.00000 0.00000
vt 0.00000 0.00000
vt 0.00000 0.00000
vt 0.00000 0.00000
vt 0.00000 0.00000
vt 0.00000 0.00000
vt 0.00000 0.00000
vt 0.00000 0.00000
vt 0.00000 0.00000
vt 0.00000 0.00000
vt 0.00000 0.00000
vt 0.00000 0.00000
vt 0.00000 0.00000
vt 0.00000 0.00000
vt 0.00000 0.00000
vt 0.00000 0.00000
vt 0.00000 0.00000
vt 0.00000 0.00000
vt 0.00000 0.00000
vt 0.00000 0.00000
vt 0.00000 0.00000
vt 0.00000 0.00000
vt 0.00000 0.00000
vt 0.00000 0.00000
vt 0.00000 0.00000
vt 0.00000 0.00000
vt 0.00000 0.00000
vt 0.00000 0.00000
vt 0.00000 0.00000
vt 0.00000 0.00000
vt 0.00000 0.00000
vt 0.00000 0.00000
vt 0.00000 0.00000
vt 0.00000 0.00000
vt 0.00000 0.00000
vt 0.00000 0.00000
vt 0.00000 0.00000
vt 0.00000 0.00000
vt 0.00000 0.00000
vt 0.00000 0.00000
vt 0.00000 0.00000
vt 0.00000 0.00000
vt 0.00000 0.00000
vt 0.00000 0.00000
vt 0.00000 0.00000
vt 0.00000 0.00000
vt 0.00000 0.00000
vt 0.00000 0.00000
vt 0.00000 0.00000
vt 0.00000 0.00000
vt 0.00000 0.00000
vt 0.00000 0.00000
vt 0.00000 0.00000
vt 0.00000 0.00000
vt 0.00000 0.00000
vt 0.00000 0.00000
vt 0.00000 0.00000
vt 0.00000 0.00000
vt 0.00000 0.00000
vt 0.00000 0.00000
vt 0.00000 0.00000
vt 0.00000 0.00000
vt 0.00000 0.00000
vt 0.00000 0.00000
vt 0.00000 0.00000
vt 0.00000 0.00000
vt 0.00000 0.00000
vt 0.00000 0.00000
vt 0.00000 0.00000
vt 0.00000 0.00000
vt 0.00000 0.00000
vt 0.00000 0.00000
vt 0.00000 0.00000
vt 0.00000 0.00000
vt 0.00000 0.00000
vt 0.00000 0.00000
vt 0.00000 0.00000
vt 0.00000 0.00000
vt 0.00000 0.00000
vt 0.00000 0.00000
vt 0.00000 0.00000
vt 0.00000 0.00000
vt 0.00000 0.00000
vt 0.00000 0.00000
vt 0.00000 0.00000
vt 0.00000 0.00000
vt 0.00000 0.00000
vt 0.00000 0.00000
vt 0.00000 0.00000
vt 0.00000 0.00000
vt 0.00000 0.00000
vt 0.00000 0.00000
vt 0.00000 0.00000
vt 0.00000 0.00000
vt 0.00000 0.00000
vt 0.00000 0.00000
vt 0.00000 0.00000
vt 0.00000 0.00000
vt 0.00000 0.00000
vt 0.00000 0.00000
vt 0.00000 0.00000
vt 0.00000 0.00000
vt 0.00000 0.00000
vt 0.00000 0.00000
vt 0.00000 0.00000
vt 0.00000 0.00000
vt 0.00000 0.00000
vt 0.00000 0.00000
vt 0.00000 0.00000
vt 0.00000 0.00000
vt 0.00000 0.00000
vt 0.00000 0.00000
vt 0.00000 0.00000
vt 0.00000 0.00000
vt 0.00000 0.00000
vt 0.00000 0.00000
vt 0.00000 0.00000
vt 0.00000 0.00000
vt 0.00000 0.00000
vt 0.00000 0.00000
vt 0.00000 0.00000
vt 0.00000 0.00000
vt 0.00000 0.00000
vt 0.00000 0.00000
vt 0.00000 0.00000
vt 0.00000 0.00000
vt 0.00000 0.00000
vt 0.00000 0.00000
vt 0.00000 0.00000
vt 0.00000 0.00000
vt 0.00000 0.00000
vt 0.00000 0.00000
vt 0.00000 0.00000
vt 0.00000 0.00000
vt 0.00000 0.00000
vt 0.00000 0.00000
vt 0.00000 0.00000
vt 0.00000 0.00000
vt 0.00000 0.00000
vt 0.00000 0.00000
vt 0.00000 0.00000
vt 0.00000 0.00000
vt 0.00000 0.00000
vt 0.00000 0.00000
vt 0.00000 0.00000
vt 0.00000 0.00000
vt 0.00000 0.00000
vt 0.00000 0.00000
vt 0.00000 0.00000
vt 0.00000 0.00000
vt 0.00000 0.00000
vt 0.00000 0.00000
vt 0.00000 0.00000
vt 0.00000 0.00000
vt 0.00000 0.00000
vt 0.00000 0.00000
vt 0.00000 0.00000
vt 0.00000 0.00000
vt 0.00000 0.00000
vt 0.00000 0.00000
vt 0.00000 0.00000
vt 0.00000 0.00000
vt 0.00000 0.00000
vt 0.00000 0.00000
vt 0.00000 0.00000
vt 0.00000 0.00000
vt 0.00000 0.00000
vt 0.00000 0.00000
vt 0.00000 0.00000
vt 0.00000 0.00000
vt 0.00000 0.00000
vt 0.00000 0.00000
vt 0.00000 0.00000
vt 0.00000 0.00000
vt 0.00000 0.00000
vt 0.00000 0.00000
vt 0.00000 0.00000
vt 0.00000 0.00000
vt 0.00000 0.00000
vt 0.00000 0.00000
vt 0.00000 0.00000
vt 0.00000 0.00000
vt 0.00000 0.00000
vt 0.00000 0.00000
vt 0.00000 0.00000
vt 0.00000 0.00000
vt 0.00000 0.00000
vt 0.00000 0.00000
vt 0.00000 0.00000
vt 0.00000 0.00000
vt 0.00000 0.00000
vt 0.00000 0.00000
vt 0.00000 0.00000
vt 0.00000 0.00000
vt 0.00000 0.00000
vt 0.00000 0.00000
vt 0.00000 0.00000
vt 0.00000 0.00000
vt 0.00000 0.00000
vt 0.00000 0.00000
vt 0.00000 0.00000
vt 0.00000 0.00000
vt 0.00000 0.00000
vt 0.00000 0.00000
vt 0.00000 0.00000
vt 0.00000 0.00000
vt 0.00000 0.00000
vt 0.00000 0.00000
vt 0.00000 0.00000
vt 0.00000 0.00000
vt 0.00000 0.00000
vt 0.00000 0.00000
vt 0.00000 0.00000
vt 0.00000 0.00000
vt 0.00000 0.00000
vt 0.00000 0.00000
vt 0.00000 0.00000
vt 0.00000 0.00000
vt 0.00000 0.00000
vt 0.00000 0.00000
vt 0.00000 0.00000
vt 0.00000 0.00000
vt 0.00000 0.00000
vt 0.00000 0.00000
vt 0.00000 0.00000
vt 0.00000 0.00000
vt 0.00000 0.00000
vt 0.00000 0.00000
vt 0.00000 0.00000
vt 0.00000 0.00000
vt 0.00000 0.00000
vt 0.00000 0.00000
vt 0.00000 0.00000
vt 0.00000 0.00000
vt 0.00000 0.00000
vt 0.00000 0.00000
vt 0.00000 0.00000
vt 0.00000 0.00000
vt 0.00000 0.00000
vt 0.00000 0.00000
vt 0.00000 0.00000
vt 0.00000 0.00000
vt 0.00000 0.00000
vt 0.00000 0.00000
vt 0.00000 0.00000
vt 0.00000 0.00000
vt 0.00000 0.00000
vt 0.00000 0.00000
vt 0.00000 0.00000
vt 0.00000 0.00000
vt 0.00000 0.00000
vt 0.00000 0.00000
vt 0.00000 0.00000
vt 0.00000 0.00000
vt 0.00000 0.00000
vt 0.00000 0.00000
vt 0.00000 0.00000
vt 0.00000 0.00000
vt 0.00000 0.00000
vt 0.00000 0.00000
vt 0.00000 0.00000
vt 0.00000 0.00000
vt 0.00000 0.00000
vt 0.00000 0.00000
vt 0.00000 0.00000
vt 0.00000 0.00000
vt 0.00000 0.00000
vt 0.00000 0.00000
vt 0.00000 0.00000
vt 0.00000 0.00000
vt 0.00000 0.00000
vt 0.00000 0.00000
vt 0.00000 0.00000
vt 0.00000 0.00000
vt 0.00000 0.00000
vt 0.00000 0.00000
vt 0.00000 0.00000
vt 0.00000 0.00000
vt 0.00000 0.00000
vt 0.00000 0.00000
vt 0.00000 0.00000
vt 0.00000 0.00000
vt 0.00000 0.00000
vt 0.00000 0.00000
vt 0.00000 0.00000
vt 0.00000 0.00000
vt 0.00000 0.00000
vt 0.00000 0.00000
vt 0.00000 0.00000
vt 0.00000 0.00000
vt 0.00000 0.00000
vt 0.00000 0.00000
vt 0.00000 0.00000
vt 0.00000 0.00000
vt 0.00000 0.00000
vt 0.00000 0.00000
vt 0.00000 0.00000
vt 0.00000 0.00000
vt 0.00000 0.00000
vt 0.00000 0.00000
vt 0.00000 0.00000
vt 0.00000 0.00000
vt 0.00000 0.00000
vt 0.00000 0.00000
vt 0.00000 0.00000
vt 0.00000 0.00000
vt 0.00000 0.00000
vt 0.00000 0.00000
vt 0.00000 0.00000
vt 0.00000 0.00000
vt 0.00000 0.00000
vt 0.00000 0.00000
vt 0.00000 0.00000
vt 0.00000 0.00000
vt 0.00000 0.00000
vt 0.00000 0.00000
vt 0.00000 0.00000
vt 0.00000 0.00000
vt 0.00000 0.00000
vt 0.00000 0.00000
vt 0.00000 0.00000
vt 0.00000 0.00000
vt 0.00000 0.00000
vt 0.00000 0.00000
vt 0.00000 0.00000
vt 0.00000 0.00000
vt 0.00000 0.00000
vt 0.00000 0.00000
vt 0.00000 0.00000
vt 0.00000 0.00000
vt 0.00000 0.00000
vt 0.00000 0.00000
vt 0.00000 0.00000
vt 0.00000 0.00000
vt 0.00000 0.00000
vt 0.00000 0.00000
vt 0.00000 0.00000
vt 0.00000 0.00000
vt 0.00000 0.00000
vt 0.00000 0.00000
vt 0.00000 0.00000
vt 0.00000 0.00000
vt 0.00000 0.00000
vt 0.00000 0.00000
vt 0.00000 0.00000
vt 0.00000 0.00000
vt 0.00000 0.00000
vt 0.00000 0.00000
vt 0.00000 0.00000
vt 0.00000 0.00000
vt 0.00000 0.00000
vt 0.00000 0.00000
vt 0.00000 0.00000
vt 0.00000 0.00000
vt 0.00000 0.00000
vt 0.00000 0.00000
vt 0.00000 0.00000
vt 0.00000 0.00000
vt 0.00000 0.00000
vt 0.00000 0.00000
vt 0.00000 0.00000
vt 0.00000 0.00000
vt 0.00000 0.00000
vt 0.00000 0.00000
vt 0.00000 0.00000
vt 0.00000 0.00000
vt 0.00000 0.00000
vt 0.00000 0.00000
vt 0.00000 0.00000
vt 0.00000 0.00000
vt 0.00000 0.00000
vt 0.00000 0.00000
vt 0.00000 0.00000
vt 0.00000 0.00000
vt 0.00000 0.00000
vt 0.00000 0.00000
vt 0.00000 0.00000
vt 0.00000 0.00000
vt 0.00000 0.00000
vt 0.00000 0.00000
vt 0.00000 0.00000
vt 0.00000 0.00000
vt 0.00000 0.00000
vt 0.00000 0.00000
vt 0.00000 0.00000
vt 0.00000 0.00000
vt 0.00000 0.00000
vt 0.00000 0.00000
vt 0.00000 0.00000
vt 0.00000 0.00000
vt 0.00000 0.00000
vt 0.00000 0.00000
vt 0.00000 0.00000
vt 0.00000 0.00000
vt 0.00000 0.00000
vt 0.00000 0.00000
vt 0.00000 0.00000
vt 0.00000 0.00000
vt 0.00000 0.00000
vt 0.00000 0.00000
vt 0.00000 0.00000
vt 0.00000 0.00000
vt 0.00000 0.00000
vt 0.00000 0.00000
vt 0.00000 0.00000
vt 0.00000 0.00000
vt 0.00000 0.00000
vt 0.00000 0.00000
vt 0.00000 0.00000
vt 0.00000 0.00000
vt 0.00000 0.00000
vt 0.00000 0.00000
vt 0.00000 0.00000
vt 0.00000 0.00000
vt 0.00000 0.00000
vt 0.00000 0.00000
vt 0.00000 0.00000
vt 0.00000 0.00000
vt 0.00000 0.00000
vt 0.00000 0.00000
vt 0.00000 0.00000
vt 0.00000 0.00000
vt 0.00000 0.00000
vt 0.00000 0.00000
vt 0.00000 0.00000
vt 0.00000 0.00000
vt 0.00000 0.00000
vt 0.00000 0.00000
vt 0.00000 0.00000
vt 0.00000 0.00000
vt 0.00000 0.00000
vt 0.00000 0.00000
vt 0.00000 0.00000
vt 0.00000 0.00000
vt 0.00000 0.00000
vt 0.00000 0.00000
vt 0.00000 0.00000
vt 0.00000 0.00000
vt 0.00000 0.00000
vt 0.00000 0.00000
vt 0.00000 0.00000
vt 0.00000 0.00000
vt 0.00000 0.00000
vt 0.00000 0.00000
vt 0.00000 0.00000
vt 0.00000 0.00000
vt 0.00000 0.00000
vt 0.00000 0.00000
vt 0.00000 0.00000
vt 0.00000 0.00000
vt 0.00000 0.00000
vt 0.00000 0.00000
vt 0.00000 0.00000
vt 0.00000 0.00000
vt 0.00000 0.00000
vt 0.00000 0.00000
vt 0.00000 0.00000
vt 0.00000 0.00000
vt 0.00000 0.00000
vt 0.00000 0.00000
vt 0.00000 0.00000
vt 0.00000 0.00000
vt 0.00000 0.00000
vt 0.00000 0.00000
vt 0.00000 0.00000
vt 0.00000 0.00000
vt 0.00000 0.00000
vt 0.00000 0.00000
vt 0.00000 0.00000
vt 0.00000 0.00000
vt 0.00000 0.00000
vt 0.00000 0.00000
vt 0.00000 0.00000
vt 0.00000 0.00000
vt 0.00000 0.00000
vt 0.00000 0.00000
vt 0.00000 0.00000
vt 0.00000 0.00000
vt 0.00000 0.00000
vt 0.00000 0.00000
vt 0.00000 0.00000
vt 0.00000 0.00000
vt 0.00000 0.00000
vt 0.00000 0.00000
vt 0.00000 0.00000
vt 0.00000 0.00000
vt 0.00000 0.00000
vt 0.00000 0.00000
vt 0.00000 0.00000
vt 0.00000 0.00000
vt 0.00000 0.00000
vt 0.00000 0.00000
vt 0.00000 0.00000
vt 0.00000 0.00000
vt 0.00000 0.00000
vt 0.00000 0.00000
vt 0.00000 0.00000
vt 0.00000 0.00000
vt 0.00000 0.00000
vt 0.00000 0.00000
vt 0.00000 0.00000
vt 0.00000 0.00000
vt 0.00000 0.00000
vt 0.00000 0.00000
vt 0.00000 0.00000
vt 0.00000 0.00000
vt 0.00000 0.00000
vt 0.00000 0.00000
vt 0.00000 0.00000
vt 0.00000 0.00000
vt 0.00000 0.00000
vt 0.00000 0.00000
vt 0.00000 0.00000
vt 0.00000 0.00000
vt 0.00000 0.00000
vt 0.00000 0.00000
vt 0.00000 0.00000
vt 0.00000 0.00000
vt 0.00000 0.00000
vt 0.00000 0.00000
vt 0.00000 0.00000
vt 0.00000 0.00000
vt 0.00000 0.00000
vt 0.00000 0.00000
vt 0.00000 0.00000
vt 0.00000 0.00000
vt 0.00000 0.00000
vt 0.00000 0.00000
vt 0.00000 0.00000
vt 0.00000 0.00000
vt 0.00000 0.00000
vt 0.00000 0.00000
vt 0.00000 0.00000
vt 0.00000 0.00000
vt 0.00000 0.00000
vt 0.00000 0.00000
vt 0.00000 0.00000
vt 0.00000 0.00000
vt 0.00000 0.00000
vt 0.00000 0.00000
vt 0.00000 0.00000
vt 0.00000 0.00000
vt 0.00000 0.00000
vt 0.00000 0.00000
vt 0.00000 0.00000
vt 0.00000 0.00000
vt 0.00000 0.00000
vt 0.00000 0.00000
vt 0.00000 0.00000
vt 0.00000 0.00000
vt 0.00000 0.00000
vt 0.00000 0.00000
vt 0.00000 0.00000
vt 0.00000 0.00000
vt 0.00000 0.00000
vt 0.00000 0.00000
vt 0.00000 0.00000
vt 0.00000 0.00000
vt 0.00000 0.00000
vt 0.00000 0.00000
vt 0.00000 0.00000
vt 0.00000 0.00000
vt 0.00000 0.00000
vt 0.00000 0.00000
vt 0.00000 0.00000
vt 0.00000 0.00000
vt 0.00000 0.00000
vt 0.00000 0.00000
vt 0.00000 0.00000
vt 0.00000 0.00000
vt 0.00000 0.00000
vt 0.00000 0.00000
vt 0.00000 0.00000
vt 0.00000 0.00000
vt 0.00000 0.00000
vt 0.00000 0.00000
vt 0.00000 0.00000
vt 0.00000 0.00000
vt 0.00000 0.00000
vt 0.00000 0.00000
vt 0.00000 0.00000
vt 0.00000 0.00000
vt 0.00000 0.00000
vt 0.00000 0.00000
vt 0.00000 0.00000
vt 0.00000 0.00000
vt 0.00000 0.00000
vt 0.00000 0.00000
vt 0.00000 0.00000
vt 0.00000 0.00000
vt 0.00000 0.00000
vt 0.00000 0.00000
vt 0.00000 0.00000
vt 0.00000 0.00000
vt 0.00000 0.00000
vt 0.00000 0.00000
vt 0.00000 0.00000
vt 0.00000 0.00000
vt 0.00000 0.00000
vt 0.00000 0.00000
vt 0.00000 0.00000
vt 0.00000 0.00000
vt 0.00000 0.00000
vt 0.00000 0.00000
vt 0.00000 0.00000
vt 0.00000 0.00000
vt 0.00000 0.00000
vt 0.00000 0.00000
vt 0.00000 0.00000
vt 0.00000 0.00000
vt 0.00000 0.00000
vt 0.00000 0.00000
vt 0.00000 0.00000
vt 0.00000 0.00000
vt 0.00000 0.00000
vt 0.00000 0.00000
vt 0.00000 0.00000
vt 0.00000 0.00000
vt 0.00000 0.00000
vt 0.00000 0.00000
vt 0.00000 0.00000
vt 0.00000 0.00000
vt 0.00000 0.00000
vt 0.00000 0.00000
vt 0.00000 0.00000
vt 0.00000 0.00000
vt 0.00000 0.00000
vt 0.00000 0.00000
vt 0.00000 0.00000
vt 0.00000 0.00000
vt 0.00000 0.00000
vt 0.00000 0.00000
vt 0.00000 0.00000
vt 0.00000 0.00000
vt 0.00000 0.00000
vt 0.00000 0.00000
vt 0.00000 0.00000
vt 0.00000 0.00000
vt 0.00000 0.00000
vt 0.00000 0.00000
vt 0.00000 0.00000
vt 0.00000 0.00000
vt 0.00000 0.00000
vt 0.00000 0.00000
vt 0.00000 0.00000
vt 0.00000 0.00000
vt 0.00000 0.00000
vt 0.00000 0.00000
vt 0.00000 0.00000
vt 0.00000 0.00000
vt 0.00000 0.00000
vt 0.00000 0.00000
vt 0.00000 0.00000
vt 0.00000 0.00000
vt 0.00000 0.00000
vt 0.00000 0.00000
vt 0.00000 0.00000
vt 0.00000 0.00000
vt 0.00000 0.00000
vt 0.00000 0.00000
vt 0.00000 0.00000
vt 0.00000 0.00000
vt 0.00000 0.00000
vt 0.00000 0.00000
vt 0.00000 0.00000
vt 0.00000 0.00000
vt 0.00000 0.00000
vt 0.00000 0.00000
vt 0.00000 0.00000
vt 0.00000 0.00000
vt 0.00000 0.00000
vt 0.00000 0.00000
vt 0.00000 0.00000
vt 0.00000 0.00000
vt 0.00000 0.00000
vt 0.00000 0.00000
vt 0.00000 0.00000
vt 0.00000 0.00000
vt 0.00000 0.00000
vt 0.00000 0.00000
vt 0.00000 0.00000
vt 0.00000 0.00000
vt 0.00000 0.00000
vt 0.00000 0.00000
vt 0.00000 0.00000
vt 0.00000 0.00000
vt 0.00000 0.00000
vt 0.00000 0.00000
vt 0.00000 0.00000
vt 0.00000 0.00000
vt 0.00000 0.00000
vt 0.00000 0.00000
vt 0.00000 0.00000
vt 0.00000 0.00000
vt 0.00000 0.00000
vt 0.00000 0.00000
vt 0.00000 0.00000
vt 0.00000 0.00000
vt 0.00000 0.00000
vt 0.00000 0.00000
vt 0.00000 0.00000
vt 0.00000 0.00000
vt 0.00000 0.00000
vt 0.00000 0.00000
vt 0.00000 0.00000
vt 0.00000 0.00000
vt 0.00000 0.00000
vt 0.00000 0.00000
vt 0.00000 0.00000
vt 0.00000 0.00000
vt 0.00000 0.00000
vt 0.00000 0.00000
vt 0.00000 0.00000
vt 0.00000 0.00000
vt 0.00000 0.00000
vt 0.00000 0.00000
vt 0.00000 0.00000
vt 0.00000 0.00000
vt 0.00000 0.00000
vt 0.00000 0.00000
vt 0.00000 0.00000
vt 0.00000 0.00000
vt 0.00000 0.00000
vt 0.00000 0.00000
vt 0.00000 0.00000
vt 0.00000 0.00000
vt 0.00000 0.00000
vt 0.00000 0.00000
vt 0.00000 0.00000
vt 0.00000 0.00000
vt 0.00000 0.00000
vt 0.00000 0.00000
vt 0.00000 0.00000
vt 0.00000 0.00000
vt 0.00000 0.00000
vt 0.00000 0.00000
vt 0.00000 0.00000
vt 0.00000 0.00000
vt 0.00000 0.00000
vt 0.00000 0.00000
vt 0.00000 0.00000
vt 0.00000 0.00000
vt 0.00000 0.00000
vt 0.00000 0.00000
vt 0.00000 0.00000
vt 0.00000 0.00000
vt 0.00000 0.00000
vt 0.00000 0.00000
vt 0.00000 0.00000
vt 0.00000 0.00000
vt 0.00000 0.00000
vt 0.00000 0.00000
vt 0.00000 0.00000
vt 0.00000 0.00000
vt 0.00000 0.00000
vt 0.00000 0.00000
vt 0.00000 0.00000
vt 0.00000 0.00000
vt 0.00000 0.00000
vt 0.00000 0.00000
vt 0.00000 0.00000
vt 0.00000 0.00000
vt 0.00000 0.00000
vt 0.00000 0.00000
vt 0.00000 0.00000
vt 0.00000 0.00000
vt 0.00000 0.00000
vt 0.00000 0.00000
vt 0.00000 0.00000
vt 0.00000 0.00000
vt 0.00000 0.00000
vt 0.00000 0.00000
vt 0.00000 0.00000
vt 0.00000 0.00000
vt 0.00000 0.00000
vt 0.00000 0.00000
vt 0.00000 0.00000
vt 0.00000 0.00000
vt 0.00000 0.00000
vt 0.00000 0.00000
vt 0.00000 0.00000
vt 0.00000 0.00000
vt 0.00000 0.00000
vt 0.00000 0.00000
vt 0.00000 0.00000
vt 0.00000 0.00000
vt 0.00000 0.00000
vt 0.00000 0.00000
vt 0.00000 0.00000
vt 0.00000 0.00000
vt 0.00000 0.00000
vt 0.00000 0.00000
vt 0.00000 0.00000
vt 0.00000 0.00000
vt 0.00000 0.00000
vt 0.00000 0.00000
vt 0.00000 0.00000
vt 0.00000 0.00000
vt 0.00000 0.00000
vt 0.00000 0.00000
vt 0.00000 0.00000
vt 0.00000 0.00000
vt 0.00000 0.00000
vt 0.00000 0.00000
vt 0.00000 0.00000
vt 0.00000 0.00000
vt 0.00000 0.00000
vt 0.00000 0.00000
vt 0.00000 0.00000
vt 0.00000 0.00000
vt 0.00000 0.00000
vt 0.00000 0.00000
vt 0.00000 0.00000
vt 0.00000 0.00000
vt 0.00000 0.00000
vt 0.00000 0.00000
vt 0.00000 0.00000
vt 0.00000 0.00000
vt 0.00000 0.00000
vt 0.00000 0.00000
vt 0.00000 0.00000
vt 0.00000 0.00000
vt 0.00000 0.00000
vt 0.00000 0.00000
vt 0.00000 0.00000
vt 0.00000 0.00000
vt 0.00000 0.00000
vt 0.00000 0.00000
vt 0.00000 0.00000
vt 0.00000 0.00000
vt 0.00000 0.00000
vt 0.00000 0.00000
vt 0.00000 0.00000
vt 0.00000 0.00000
vt 0.00000 0.00000
vt 0.00000 0.00000
vt 0.00000 0.00000
vt 0.00000 0.00000
vt 0.00000 0.00000
vt 0.00000 0.00000
vt 0.00000 0.00000
vt 0.00000 0.00000
vt 0.00000 0.00000
vt 0.00000 0.00000
vt 0.00000 0.00000
vt 0.00000 0.00000
vt 0.00000 0.00000
vt 0.00000 0.00000
vt 0.00000 0.00000
vt 0.00000 0.00000
vt 0.00000 0.00000
vt 0.00000 0.00000
vt 0.00000 0.00000
vt 0.00000 0.00000
vt 0.00000 0.00000
vt 0.00000 0.00000
vt 0.00000 0.00000
vt 0.00000 0.00000
vt 0.00000 0.00000
vt 0.00000 0.00000
vt 0.00000 0.00000
vt 0.00000 0.00000
vt 0.00000 0.00000
vt 0.00000 0.00000
vt 0.00000 0.00000
vt 0.00000 0.00000
vt 0.00000 0.00000
vt 0.00000 0.00000
vt 0.00000 0.00000
vt 0.00000 0.00000
vt 0.00000 0.00000
vt 0.00000 0.00000
vt 0.00000 0.00000
vt 0.00000 0.00000
vt 0.00000 0.00000
vt 0.00000 0.00000
vt 0.00000 0.00000
vt 0.00000 0.00000
vt 0.00000 0.00000
vt 0.00000 0.00000
vt 0.00000 0.00000
vt 0.00000 0.00000
vt 0.00000 0.00000
vt 0.00000 0.00000
vt 0.00000 0.00000
vt 0.00000 0.00000
vt 0.00000 0.00000
vt 0.00000 0.00000
vt 0.00000 0.00000
vt 0.00000 0.00000
vt 0.00000 0.00000
vt 0.00000 0.00000
vt 0.00000 0.00000
vt 0.00000 0.00000
vt 0.00000 0.00000
vt 0.00000 0.00000
vt 0.00000 0.00000
vt 0.00000 0.00000
vt 0.00000 0.00000
vt 0.00000 0.00000
vt 0.00000 0.00000
vt 0.00000 0.00000
vt 0.00000 0.00000
vt 0.00000 0.00000
vt 0.00000 0.00000
vt 0.00000 0.00000
vt 0.00000 0.00000
vt 0.00000 0.00000
vt 0.00000 0.00000
vt 0.00000 0.00000
vt 0.00000 0.00000
vt 0.00000 0.00000
vt 0.00000 0.00000
vt 0.00000 0.00000
vt 0.00000 0.00000
vt 0.00000 0.00000
vt 0.00000 0.00000
vt 0.00000 0.00000
vt 0.00000 0.00000
vt 0.00000 0.00000
vt 0.00000 0.00000
vt 0.00000 0.00000
vt 0.00000 0.00000
vt 0.00000 0.00000
vt 0.00000 0.00000
vt 0.00000 0.00000
vt 0.00000 0.00000
vt 0.00000 0.00000
vt 0.00000 0.00000
vt 0.00000 0.00000
vt 0.00000 0.00000
vt 0.00000 0.00000
vt 0.00000 0.00000
vt 0.00000 0.00000
vt 0.00000 0.00000
vt 0.00000 0.00000
vt 0.00000 0.00000
vt 0.00000 0.00000
vt 0.00000 0.00000
vt 0.00000 0.00000
vt 0.00000 0.00000
vt 0.00000 0.00000
vt 0.00000 0.00000
vt 0.00000 0.00000
vt 0.00000 0.00000
vt 0.00000 0.00000
vt 0.00000 0.00000
vt 0.00000 0.00000
vt 0.00000 0.00000
vt 0.00000 0.00000
vt 0.00000 0.00000
vt 0.00000 0.00000
vt 0.00000 0.00000
vt 0.00000 0.00000
vt 0.00000 0.00000
vt 0.00000 0.00000
vt 0.00000 0.00000
vt 0.00000 0.00000
vt 0.00000 0.00000
vt 0.00000 0.00000
vt 0.00000 0.00000
vt 0.00000 0.00000
vt 0.00000 0.00000
vt 0.00000 0.00000
vt 0.00000 0.00000
vt 0.00000 0.00000
vt 0.00000 0.00000
vt 0.00000 0.00000
vt 0.00000 0.00000
vt 0.00000 0.00000
vt 0.00000 0.00000
vt 0.00000 0.00000
vt 0.00000 0.00000
vt 0.00000 0.00000
vt 0.00000 0.00000
vt 0.00000 0.00000
vt 0.00000 0.00000
vt 0.00000 0.00000
vt 0.00000 0.00000
vt 0.00000 0.00000
vt 0.00000 0.00000
vt 0.00000 0.00000
vt 0.00000 0.00000
vt 0.00000 0.00000
vt 0.00000 0.00000
vt 0.00000 0.00000
vt 0.00000 0.00000
vt 0.00000 0.00000
vt 0.00000 0.00000
vt 0.00000 0.00000
vt 0.00000 0.00000
vt 0.00000 0.00000
vt 0.00000 0.00000
vt 0.00000 0.00000
vt 0.00000 0.00000
vt 0.00000 0.00000
vt 0.00000 0.00000
vt 0.00000 0.00000
vt 0.00000 0.00000
vt 0.00000 0.00000
vt 0.00000 0.00000
vt 0.00000 0.00000
vt 0.00000 0.00000
vt 0.00000 0.00000
vt 0.00000 0.00000
vt 0.00000 0.00000
vt 0.00000 0.00000
vt 0.00000 0.00000
vt 0.00000 0.00000
vt 0.00000 0.00000
vt 0.00000 0.00000
vt 0.00000 0.00000
vt 0.00000 0.00000
vt 0.00000 0.00000
vt 0.00000 0.00000
vt 0.00000 0.00000
vt 0.00000 0.00000
vt 0.00000 0.00000
vt 0.00000 0.00000
vt 0.00000 0.00000
vt 0.00000 0.00000
vt 0.00000 0.00000
vt 0.00000 0.00000
vt 0.00000 0.00000
vt 0.00000 0.00000
vt 0.00000 0.00000
vt 0.00000 0.00000
vt 0.00000 0.00000
vt 0.00000 0.00000
vt 0.00000 0.00000
vt 0.00000 0.00000
vt 0.00000 0.00000
vt 0.00000 0.00000
vt 0.00000 0.00000
vt 0.00000 0.00000
vt 0.00000 0.00000
vt 0.00000 0.00000
vt 0.00000 0.00000
vt 0.00000 0.00000
vt 0.00000 0.00000
vt 0.00000 0.00000
vt 0.00000 0.00000
vt 0.00000 0.00000
vt 0.00000 0.00000
vt 0.00000 0.00000
vt 0.00000 0.00000
vt 0.00000 0.00000
vt 0.00000 0.00000
vt 0.00000 0.00000
vt 0.00000 0.00000
vt 0.00000 0.00000
vt 0.00000 0.00000
vt 0.00000 0.00000
vt 0.00000 0.00000
vt 0.00000 0.00000
vt 0.00000 0.00000
vt 0.00000 0.00000
vt 0.00000 0.00000
vt 0.00000 0.00000
vt 0.00000 0.00000
vt 0.00000 0.00000
vt 0.00000 0.00000
vt 0.00000 0.00000
vt 0.00000 0.00000
vt 0.00000 0.00000
vt 0.00000 0.00000
vt 0.00000 0.00000
vt 0.00000 0.00000
vt 0.00000 0.00000
vt 0.00000 0.00000
vt 0.00000 0.00000
vt 0.00000 0.00000
vt 0.00000 0.00000
vt 0.00000 0.00000
vt 0.00000 0.00000
vt 0.00000 0.00000
vt 0.00000 0.00000
vt 0.00000 0.00000
vt 0.00000 0.00000
vt 0.00000 0.00000
vt 0.00000 0.00000
vt 0.00000 0.00000
vt 0.00000 0.00000
vt 0.00000 0.00000
vt 0.00000 0.00000
vt 0.00000 0.00000
vt 0.00000 0.00000
vt 0.00000 0.00000
vt 0.00000 0.00000
vt 0.00000 0.00000
vt 0.00000 0.00000
vt 0.00000 0.00000
vt 0.00000 0.00000
vt 0.00000 0.00000
vt 0.00000 0.00000
vt 0.00000 0.00000
vt 0.00000 0.00000
vt 0.00000 0.00000
vt 0.00000 0.00000
vt 0.00000 0.00000
vt 0.00000 0.00000
vt 0.00000 0.00000
vt 0.00000 0.00000
vt 0.00000 0.00000
vt 0.00000 0.00000
vt 0.00000 0.00000
vt 0.00000 0.00000
vt 0.00000 0.00000
vt 0.00000 0.00000
vt 0.00000 0.00000
vt 0.00000 0.00000
vt 0.00000 0.00000
vt 0.00000 0.00000
vt 0.00000 0.00000
vt 0.00000 0.00000
vt 0.00000 0.00000
vt 0.00000 0.00000
vt 0.00000 0.00000
vt 0.00000 0.00000
vt 0.00000 0.00000
vt 0.00000 0.00000
vt 0.00000 0.00000
vt 0.00000 0.00000
vt 0.00000 0.00000
vt 0.00000 0.00000
vt 0.00000 0.00000
vt 0.00000 0.00000
vt 0.00000 0.00000
vt 0.00000 0.00000
vt 0.00000 0.00000
vt 0.00000 0.00000
vt 0.00000 0.00000
vt 0.00000 0.00000
vt 0.00000 0.00000
vt 0.00000 0.00000
vt 0.00000 0.00000
vt 0.00000 0.00000
vt 0.00000 0.00000
vt 0.00000 0.00000
vt 0.00000 0.00000
vt 0.00000 0.00000
vt 0.00000 0.00000
vt 0.00000 0.00000
vt 0.00000 0.00000
vt 0.00000 0.00000
vt 0.00000 0.00000
vt 0.00000 0.00000
vt 0.00000 0.00000
vt 0.00000 0.00000
vt 0.00000 0.00000
vt 0.00000 0.00000
vt 0.00000 0.00000
vt 0.00000 0.00000
vt 0.00000 0.00000
vt 0.00000 0.00000
vt 0.00000 0.00000
vt 0.00000 0.00000
vt 0.00000 0.00000
vt 0.00000 0.00000
vt 0.00000 0.00000
vt 0.00000 0.00000
vt 0.00000 0.00000
vt 0.00000 0.00000
vt 0.00000 0.00000
vt 0.00000 0.00000
vt 0.00000 0.00000
vt 0.00000 0.00000
vt 0.00000 0.00000
vt 0.00000 0.00000
vt 0.00000 0.00000
vt 0.00000 0.00000
vt 0.00000 0.00000
vt 0.00000 0.00000
vt 0.00000 0.00000
vt 0.00000 0.00000
vt 0.00000 0.00000
vt 0.00000 0.00000
vt 0.00000 0.00000
vt 0.00000 0.00000
vt 0.00000 0.00000
vt 0.00000 0.00000
vt 0.00000 0.00000
vt 0.00000 0.00000
vt 0.00000 0.00000
vt 0.00000 0.00000
vt 0.00000 0.00000
vt 0.00000 0.00000
vt 0.00000 0.00000
vt 0.00000 0.00000
vt 0.00000 0.00000
vt 0.00000 0.00000
vt 0.00000 0.00000
vt 0.00000 0.00000
vt 0.00000 0.00000
vt 0.00000 0.00000
vt 0.00000 0.00000
vt 0.00000 0.00000
vt 0.00000 0.00000
vt 0.00000 0.00000
vt 0.00000 0.00000
vt 0.00000 0.00000
vt 0.00000 0.00000
vt 0.00000 0.00000
vt 0.00000 0.00000
vt 0.00000 0.00000
vt 0.00000 0.00000
vt 0.00000 0.00000
vt 0.00000 0.00000
vt 0.00000 0.00000
vt 0.00000 0.00000
vt 0.00000 0.00000
vt 0.00000 0.00000
vt 0.00000 0.00000
vt 0.00000 0.00000
vt 0.00000 0.00000
vt 0.00000 0.00000
vt 0.00000 0.00000
vt 0.00000 0.00000
vt 0.00000 0.00000
vt 0.00000 0.00000
vt 0.00000 0.00000
vt 0.00000 0.00000
vt 0.00000 0.00000
vt 0.00000 0.00000
vt 0.00000 0.00000
vt 0.00000 0.00000
vt 0.00000 0.00000
vt 0.00000 0.00000
vt 0.00000 0.00000
vt 0.00000 0.00000
vt 0.00000 0.00000
vt 0.00000 0.00000
vt 0.00000 0.00000
vt 0.00000 0.00000
vt 0.00000 0.00000
vt 0.00000 0.00000
vt 0.00000 0.00000
vt 0.00000 0.00000
vt 0.00000 0.00000
vt 0.00000 0.00000
vt 0.00000 0.00000
vt 0.00000 0.00000
vt 0.00000 0.00000
vt 0.00000 0.00000
vt 0.00000 0.00000
vt 0.00000 0.00000
vt 0.00000 0.00000
vt 0.00000 0.00000
vt 0.00000 0.00000
vt 0.00000 0.00000
vt 0.00000 0.00000
vt 0.00000 0.00000
vt 0.00000 0.00000
vt 0.00000 0.00000
vt 0.00000 0.00000
vt 0.00000 0.00000
vt 0.00000 0.00000
vt 0.00000 0.00000
vt 0.00000 0.00000
vt 0.00000 0.00000
vt 0.00000 0.00000
vt 0.00000 0.00000
vt 0.00000 0.00000
vt 0.00000 0.00000
vt 0.00000 0.00000
vt 0.00000 0.00000
vt 0.00000 0.00000
vt 0.00000 0.00000
vt 0.00000 0.00000
vt 0.00000 0.00000
vt 0.00000 0.00000
vt 0.00000 0.00000
vt 0.00000 0.00000
vt 0.00000 0.00000
vt 0.00000 0.00000
vt 0.00000 0.00000
vt 0.00000 0.00000
vt 0.00000 0.00000
vt 0.00000 0.00000
vt 0.00000 0.00000
vt 0.00000 0.00000
vt 0.00000 0.00000
vt 0.00000 0.00000
vt 0.00000 0.00000
vt 0.00000 0.00000
vt 0.00000 0.00000
vt 0.00000 0.00000
vt 0.00000 0.00000
vt 0.00000 0.00000
vt 0.00000 0.00000
vt 0.00000 0.00000
vt 0.00000 0.00000
vt 0.00000 0.00000
vt 0.00000 0.00000
vt 0.00000 0.00000
vt 0.00000 0.00000
vt 0.00000 0.00000
vt 0.00000 0.00000
vt 0.00000 0.00000
vt 0.00000 0.00000
vt 0.00000 0.00000
vt 0.00000 0.00000
vt 0.00000 0.00000
vt 0.00000 0.00000
vt 0.00000 0.00000
vt 0.00000 0.00000
vt 0.00000 0.00000
vt 0.00000 0.00000
vt 0.00000 0.00000
vt 0.00000 0.00000
vt 0.00000 0.00000
vt 0.00000 0.00000
vt 0.00000 0.00000
vt 0.00000 0.00000
vt 0.00000 0.00000
vt 0.00000 0.00000
vt 0.00000 0.00000
vt 0.00000 0.00000
vt 0.00000 0.00000
vt 0.00000 0.00000
vt 0.00000 0.00000
vt 0.00000 0.00000
vt 0.00000 0.00000
vt 0.00000 0.00000
vt 0.00000 0.00000
vt 0.00000 0.00000
vt 0.00000 0.00000
vt 0.00000 0.00000
vt 0.00000 0.00000
vt 0.00000 0.00000
vt 0.00000 0.00000
vt 0.00000 0.00000
vt 0.00000 0.00000
vt 0.00000 0.00000
vt 0.00000 0.00000
vt 0.00000 0.00000
vt 0.00000 0.00000
vt 0.00000 0.00000
vt 0.00000 0.00000
vt 0.00000 0.00000
vt 0.00000 0.00000
vt 0.00000 0.00000
vt 0.00000 0.00000
vt 0.00000 0.00000
vt 0.00000 0.00000
vt 0.00000 0.00000
vt 0.00000 0.00000
vt 0.00000 0.00000
vt 0.00000 0.00000
vt 0.00000 0.00000
vt 0.00000 0.00000
vt 0.00000 0.00000
vt 0.00000 0.00000
vt 0.00000 0.00000
vt 0.00000 0.00000
vt 0.00000 0.00000
vt 0.00000 0.00000
vt 0.00000 0.00000
vt 0.00000 0.00000
vt 0.00000 0.00000
vt 0.00000 0.00000
vt 0.00000 0.00000
vt 0.00000 0.00000
vt 0.00000 0.00000
vt 0.00000 0.00000
vt 0.00000 0.00000
vt 0.00000 0.00000
vt 0.00000 0.00000
vt 0.00000 0.00000
vt 0.00000 0.00000
vt 0.00000 0.00000
vt 0.00000 0.00000
vt 0.00000 0.00000
vt 0.00000 0.00000
vt 0.00000 0.00000
vt 0.00000 0.00000
vt 0.00000 0.00000
vt 0.00000 0.00000
vt 0.00000 0.00000
vt 0.00000 0.00000
vt 0.00000 0.00000
vt 0.00000 0.00000
vt 0.00000 0.00000
vt 0.00000 0.00000
vt 0.00000 0.00000
vt 0.00000 0.00000
vt 0.00000 0.00000
vt 0.00000 0.00000
vt 0.00000 0.00000
vt 0.00000 0.00000
vt 0.00000 0.00000
vt 0.00000 0.00000
vt 0.00000 0.00000
vt 0.00000 0.00000
vt 0.00000 0.00000
vt 0.00000 0.00000
vt 0.00000 0.00000
vt 0.00000 0.00000
vt 0.00000 0.00000
vt 0.00000 0.00000
vt 0.00000 0.00000
vt 0.00000 0.00000
vt 0.00000 0.00000
vt 0.00000 0.00000
vt 0.00000 0.00000
vt 0.00000 0.00000
vt 0.00000 0.00000
vt 0.00000 0.00000
vt 0.00000 0.00000
vt 0.00000 0.00000
vt 0.00000 0.00000
vt 0.00000 0.00000
vt 0.00000 0.00000
vt 0.00000 0.00000
vt 0.00000 0.00000
vt 0.00000 0.00000
vt 0.00000 0.00000
vt 0.00000 0.00000
vt 0.00000 0.00000
vt 0.00000 0.00000
vt 0.00000 0.00000
vt 0.00000 0.00000
vt 0.00000 0.00000
vt 0.00000 0.00000
vt 0.00000 0.00000
vt 0.00000 0.00000
vt 0.00000 0.00000
vt 0.00000 0.00000
vt 0.00000 0.00000
vt 0.00000 0.00000
vt 0.00000 0.00000
vt 0.00000 0.00000
vt 0.00000 0.00000
vt 0.00000 0.00000
vt 0.00000 0.00000
vt 0.00000 0.00000
vt 0.00000 0.00000
vt 0.00000 0.00000
vt 0.00000 0.00000
vt 0.00000 0.00000
vt 0.00000 0.00000
vt 0.00000 0.00000
vt 0.00000 0.00000
vt 0.00000 0.00000
vt 0.00000 0.00000
vt 0.00000 0.00000
vt 0.00000 0.00000
vt 0.00000 0.00000
vt 0.00000 0.00000
vt 0.00000 0.00000
vt 0.00000 0.00000
vt 0.00000 0.00000
vt 0.00000 0.00000
vt 0.00000 0.00000
vt 0.00000 0.00000
vt 0.00000 0.00000
vt 0.00000 0.00000
vt 0.00000 0.00000
vt 0.00000 0.00000
vt 0.00000 0.00000
vt 0.00000 0.00000
vt 0.00000 0.00000
vt 0.00000 0.00000
vt 0.00000 0.00000
vt 0.00000 0.00000
vt 0.00000 0.00000
vt 0.00000 0.00000
vt 0.00000 0.00000
vt 0.00000 0.00000
vt 0.00000 0.00000
vt 0.00000 0.00000
vt 0.00000 0.00000
vt 0.00000 0.00000
vt 0.00000 0.00000
vt 0.00000 0.00000
vt 0.00000 0.00000
vt 0.00000 0.00000
vt 0.00000 0.00000
vt 0.00000 0.00000
vt 0.00000 0.00000
vt 0.00000 0.00000
vt 0.00000 0.00000
vt 0.00000 0.00000
vt 0.00000 0.00000
vt 0.00000 0.00000
vt 0.00000 0.00000
vt 0.00000 0.00000
vt 0.00000 0.00000
vt 0.00000 0.00000
vt 0.00000 0.00000
vt 0.00000 0.00000
vt 0.00000 0.00000
vt 0.00000 0.00000
vt 0.00000 0.00000
vt 0.00000 0.00000
vt 0.00000 0.00000
vt 0.00000 0.00000
vt 0.00000 0.00000
vt 0.00000 0.00000
vt 0.00000 0.00000
vt 0.00000 0.00000
vt 0.00000 0.00000
vt 0.00000 0.00000
vt 0.00000 0.00000
vt 0.00000 0.00000
vt 0.00000 0.00000
vt 0.00000 0.00000
vt 0.00000 0.00000
vt 0.00000 0.00000
vt 0.00000 0.00000
vt 0.00000 0.00000
vt 0.00000 0.00000
vt 0.00000 0.00000
vt 0.00000 0.00000
vt 0.00000 0.00000
vt 0.00000 0.00000
vt 0.00000 0.00000
vt 0.00000 0.00000
vt 0.00000 0.00000
vt 0.00000 0.00000
vt 0.00000 0.00000
vt 0.00000 0.00000
vt 0.00000 0.00000
vt 0.00000 0.00000
vt 0.00000 0.00000
vt 0.00000 0.00000
vt 0.00000 0.00000
vt 0.00000 0.00000
vt 0.00000 0.00000
vt 0.00000 0.00000
vt 0.00000 0.00000
vt 0.00000 0.00000
vt 0.00000 0.00000
vt 0.00000 0.00000
vt 0.00000 0.00000
vt 0.00000 0.00000
vt 0.00000 0.00000
vt 0.00000 0.00000
vt 0.00000 0.00000
vt 0.00000 0.00000
vt 0.00000 0.00000
vt 0.00000 0.00000
vt 0.00000 0.00000
vt 0.00000 0.00000
vt 0.00000 0.00000
vt 0.00000 0.00000
vt 0.00000 0.00000
vt 0.00000 0.00000
vt 0.00000 0.00000
vt 0.00000 0.00000
vt 0.00000 0.00000
vt 0.00000 0.00000
vt 0.00000 0.00000
vt 0.00000 0.00000
vt 0.00000 0.00000
vt 0.00000 0.00000
vt 0.00000 0.00000
vt 0.00000 0.00000
vt 0.00000 0.00000
vt 0.00000 0.00000
vt 0.00000 0.00000
vt 0.00000 0.00000
vt 0.00000 0.00000
vt 0.00000 0.00000
vt 0.00000 0.00000
vt 0.00000 0.00000
vt 0.00000 0.00000
vt 0.00000 0.00000
vt 0.00000 0.00000
vt 0.00000 0.00000
vt 0.00000 0.00000
vt 0.00000 0.00000
vt 0.00000 0.00000
vt 0.00000 0.00000
vt 0.00000 0.00000
vt 0.00000 0.00000
vt 0.00000 0.00000
vt 0.00000 0.00000
vt 0.00000 0.00000
vt 0.00000 0.00000
vt 0.00000 0.00000
vt 0.00000 0.00000
vt 0.00000 0.00000
vt 0.00000 0.00000
vt 0.00000 0.00000
vt 0.00000 0.00000
vt 0.00000 0.00000
vt 0.00000 0.00000
vt 0.00000 0.00000
vt 0.00000 0.00000
vt 0.00000 0.00000
vt 0.00000 0.00000
vt 0.00000 0.00000
vt 0.00000 0.00000
vt 0.00000 0.00000
vt 0.00000 0.00000
vt 0.00000 0.00000
vt 0.00000 0.00000
vt 0.00000 0.00000
vt 0.00000 0.00000
vt 0.00000 0.00000
vt 0.00000 0.00000
vt 0.00000 0.00000
vt 0.00000 0.00000
vt 0.00000 0.00000
vt 0.00000 0.00000
vt 0.00000 0.00000
vt 0.00000 0.00000
vt 0.00000 0.00000
vt 0.00000 0.00000
vt 0.00000 0.00000
vt 0.00000 0.00000
vt 0.00000 0.00000
vt 0.00000 0.00000
vt 0.00000 0.00000
vt 0.00000 0.00000
vt 0.00000 0.00000
vt 0.00000 0.00000
vt 0.00000 0.00000
vt 0.00000 0.00000
vt 0.00000 0.00000
vt 0.00000 0.00000
vt 0.00000 0.00000
vt 0.00000 0.00000
vt 0.00000 0.00000
vt 0.00000 0.00000
vt 0.00000 0.00000
vt 0.00000 0.00000
vt 0.00000 0.00000
vt 0.00000 0.00000
vt 0.00000 0.00000
vt 0.00000 0.00000
vt 0.00000 0.00000
vt 0.00000 0.00000
vt 0.00000 0.00000
vt 0.00000 0.00000
vt 0.00000 0.00000
vt 0.00000 0.00000
vt 0.00000 0.00000
vt 0.00000 0.00000
vt 0.00000 0.00000
vt 0.00000 0.00000
vt 0.00000 0.00000
vt 0.00000 0.00000
vt 0.00000 0.00000
vt 0.00000 0.00000
vt 0.00000 0.00000
vt 0.00000 0.00000
vt 0.00000 0.00000
vt 0.00000 0.00000
vt 0.00000 0.00000
vt 0.00000 0.00000
vt 0.00000 0.00000
vt 0.00000 0.00000
vt 0.00000 0.00000
vt 0.00000 0.00000
vt 0.00000 0.00000
vt 0.00000 0.00000
vt 0.00000 0.00000
vt 0.00000 0.00000
vt 0.00000 0.00000
vt 0.00000 0.00000
vt 0.00000 0.00000
vt 0.00000 0.00000
vt 0.00000 0.00000
vt 0.00000 0.00000
vt 0.00000 0.00000
vt 0.00000 0.00000
vt 0.00000 0.00000
vt 0.00000 0.00000
vt 0.00000 0.00000
vt 0.00000 0.00000
vt 0.00000 0.00000
vt 0.00000 0.00000
vt 0.00000 0.00000
vt 0.00000 0.00000
vt 0.00000 0.00000
vt 0.00000 0.00000
vt 0.00000 0.00000
vt 0.00000 0.00000
vt 0.00000 0.00000
vt 0.00000 0.00000
vt 0.00000 0.00000
vt 0.00000 0.00000
vt 0.00000 0.00000
vt 0.00000 0.00000
vt 0.00000 0.00000
vt 0.00000 0.00000
vt 0.00000 0.00000
vt 0.00000 0.00000
vt 0.00000 0.00000
vt 0.00000 0.00000
vt 0.00000 0.00000
vt 0.00000 0.00000
vt 0.00000 0.00000
vt 0.00000 0.00000
vt 0.00000 0.00000
vt 0.00000 0.00000
vt 0.00000 0.00000
vt 0.00000 0.00000
vt 0.00000 0.00000
vt 0.00000 0.00000
vt 0.00000 0.00000
vt 0.00000 0.00000
vt 0.00000 0.00000
vt 0.00000 0.00000
vt 0.00000 0.00000
vt 0.00000 0.00000
vt 0.00000 0.00000
vt 0.00000 0.00000
vt 0.00000 0.00000
vt 0.00000 0.00000
vt 0.00000 0.00000
vt 0.00000 0.00000
vt 0.00000 0.00000
vt 0.00000 0.00000
vt 0.00000 0.00000
vt 0.00000 0.00000
vt 0.00000 0.00000
vt 0.00000 0.00000
vt 0.00000 0.00000
vt 0.00000 0.00000
vt 0.00000 0.00000
vt 0.00000 0.00000
vt 0.00000 0.00000
vt 0.00000 0.00000
vt 0.00000 0.00000
vt 0.00000 0.00000
vt 0.00000 0.00000
vt 0.00000 0.00000
vt 0.00000 0.00000
vt 0.00000 0.00000
vt 0.00000 0.00000
vt 0.00000 0.00000
vt 0.00000 0.00000
vt 0.00000 0.00000
vt 0.00000 0.00000
vt 0.00000 0.00000
vt 0.00000 0.00000
vt 0.00000 0.00000
vt 0.00000 0.00000
vt 0.00000 0.00000
vt 0.00000 0.00000
vt 0.00000 0.00000
vt 0.00000 0.00000
vt 0.00000 0.00000
vt 0.00000 0.00000
vt 0.00000 0.00000
vt 0.00000 0.00000
vt 0.00000 0.00000
vt 0.00000 0.00000
vt 0.00000 0.00000
vt 0.00000 0.00000
vt 0.00000 0.00000
vt 0.00000 0.00000
vt 0.00000 0.00000
vt 0.00000 0.00000
vt 0.00000 0.00000
vt 0.00000 0.00000
vt 0.00000 0.00000
vt 0.00000 0.00000
vt 0.00000 0.00000
vt 0.00000 0.00000
vt 0.00000 0.00000
vt 0.00000 0.00000
vt 0.00000 0.00000
vt 0.00000 0.00000
vt 0.00000 0.00000
vt 0.00000 0.00000
vt 0.00000 0.00000
vt 0.00000 0.00000
vt 0.00000 0.00000
vt 0.00000 0.00000
vt 0.00000 0.00000
vt 0.00000 0.00000
vt 0.00000 0.00000
vt 0.00000 0.00000
vt 0.00000 0.00000
vt 0.00000 0.00000
vt 0.00000 0.00000
vt 0.00000 0.00000
vt 0.00000 0.00000
vt 0.00000 0.00000
vt 0.00000 0.00000
vt 0.00000 0.00000
vt 0.00000 0.00000
vt 0.00000 0.00000
vt 0.00000 0.00000
vt 0.00000 0.00000
vt 0.00000 0.00000
vt 0.00000 0.00000
vt 0.00000 0.00000
vt 0.00000 0.00000
vt 0.00000 0.00000
vt 0.00000 0.00000
vt 0.00000 0.00000
vt 0.00000 0.00000
vt 0.00000 0.00000
vt 0.00000 0.00000
vt 0.00000 0.00000
vt 0.00000 0.00000
vt 0.00000 0.00000
vt 0.00000 0.00000
vt 0.00000 0.00000
vt 0.00000 0.00000
vt 0.00000 0.00000
vt 0.00000 0.00000
vt 0.00000 0.00000
vt 0.00000 0.00000
vt 0.00000 0.00000
vt 0.00000 0.00000
vt 0.00000 0.00000
vt 0.00000 0.00000
vt 0.00000 0.00000
vt 0.00000 0.00000
vt 0.00000 0.00000
vt 0.00000 0.00000
vt 0.00000 0.00000
vt 0.00000 0.00000
vt 0.00000 0.00000
vt 0.00000 0.00000
vt 0.00000 0.00000
vt 0.00000 0.00000
vt 0.00000 0.00000
vt 0.00000 0.00000
vt 0.00000 0.00000
vt 0.00000 0.00000
vt 0.00000 0.00000
vt 0.00000 0.00000
vt 0.00000 0.00000
vt 0.00000 0.00000
vt 0.00000 0.00000
vt 0.00000 0.00000
vt 0.00000 0.00000
vt 0.00000 0.00000
vt 0.00000 0.00000
vt 0.00000 0.00000
vt 0.00000 0.00000
vt 0.00000 0.00000
vt 0.00000 0.00000
vt 0.00000 0.00000
vt 0.00000 0.00000
vt 0.00000 0.00000
vt 0.00000 0.00000
vt 0.00000 0.00000
vt 0.00000 0.00000
vt 0.00000 0.00000
vt 0.00000 0.00000
vt 0.00000 0.00000
vt 0.00000 0.00000
vt 0.00000 0.00000
vt 0.00000 0.00000
vt 0.00000 0.00000
vt 0.00000 0.00000
vt 0.00000 0.00000
vt 0.00000 0.00000
vt 0.00000 0.00000
vt 0.00000 0.00000
vt 0.00000 0.00000
vt 0.00000 0.00000
vt 0.00000 0.00000
vt 0.00000 0.00000
vt 0.00000 0.00000
vt 0.00000 0.00000
vt 0.00000 0.00000
vt 0.00000 0.00000
vt 0.00000 0.00000
vt 0.00000 0.00000
vt 0.00000 0.00000
vt 0.00000 0.00000
vt 0.00000 0.00000
vt 0.00000 0.00000
vt 0.00000 0.00000
vt 0.00000 0.00000
vt 0.00000 0.00000
vt 0.00000 0.00000
vt 0.00000 0.00000
vt 0.00000 0.00000
vt 0.00000 0.00000
vt 0.00000 0.00000
vt 0.00000 0.00000
vt 0.00000 0.00000
vt 0.00000 0.00000
vt 0.00000 0.00000
vt 0.00000 0.00000
vt 0.00000 0.00000
vt 0.00000 0.00000
vt 0.00000 0.00000
vt 0.00000 0.00000
vt 0.00000 0.00000
vt 0.00000 0.00000
vt 0.00000 0.00000
vt 0.00000 0.00000
vt 0.00000 0.00000
vt 0.00000 0.00000
vt 0.00000 0.00000
vt 0.00000 0.00000
vt 0.00000 0.00000
vt 0.00000 0.00000
vt 0.00000 0.00000
vt 0.00000 0.00000
vt 0.00000 0.00000
vt 0.00000 0.00000
vt 0.00000 0.00000
vt 0.00000 0.00000
vt 0.00000 0.00000
vt 0.00000 0.00000
vt 0.00000 0.00000
vt 0.00000 0.00000
vt 0.00000 0.00000
vt 0.00000 0.00000
vt 0.00000 0.00000
vt 0.00000 0.00000
vt 0.00000 0.00000
vt 0.00000 0.00000
vt 0.00000 0.00000
vt 0.00000 0.00000
vt 0.00000 0.00000
vt 0.00000 0.00000
vt 0.00000 0.00000
vt 0.00000 0.00000
vt 0.00000 0.00000
vt 0.00000 0.00000
vt 0.00000 0.00000
vt 0.00000 0.00000
vt 0.00000 0.00000
vt 0.00000 0.00000
vt 0.00000 0.00000
vt 0.00000 0.00000
vt 0.00000 0.00000
vt 0.00000 0.00000
vt 0.00000 0.00000
vt 0.00000 0.00000
vt 0.00000 0.00000
vt 0.00000 0.00000
vt 0.00000 0.00000
vt 0.00000 0.00000
vt 0.00000 0.00000
vt 0.00000 0.00000
vt 0.00000 0.00000
vt 0.00000 0.00000
vt 0.00000 0.00000
vt 0.00000 0.00000
vt 0.00000 0.00000
vt 0.00000 0.00000
vt 0.00000 0.00000
vt 0.00000 0.00000
vt 0.00000 0.00000
vt 0.00000 0.00000
vt 0.00000 0.00000
vt 0.00000 0.00000
vt 0.00000 0.00000
vt 0.00000 0.00000
vt 0.00000 0.00000
vt 0.00000 0.00000
vt 0.00000 0.00000
vt 0.00000 0.00000
vt 0.00000 0.00000
vt 0.00000 0.00000
vt 0.00000 0.00000
vt 0.00000 0.00000
vt 0.00000 0.00000
vt 0.00000 0.00000
vt 0.00000 0.00000
vt 0.00000 0.00000
vt 0.00000 0.00000
vt 0.00000 0.00000
vt 0.00000 0.00000
vt 0.00000 0.00000
vt 0.00000 0.00000
vt 0.00000 0.00000
vt 0.00000 0.00000
vt 0.00000 0.00000
vt 0.00000 0.00000
vt 0.00000 0.00000
vt 0.00000 0.00000
vt 0.00000 0.00000
vt 0.00000 0.00000
vt 0.00000 0.00000
vt 0.00000 0.00000
vt 0.00000 0.00000
vt 0.00000 0.00000
vt 0.00000 0.00000
vt 0.00000 0.00000
vt 0.00000 0.00000
vt 0.00000 0.00000
vt 0.00000 0.00000
vt 0.00000 0.00000
vt 0.00000 0.00000
vt 0.00000 0.00000
vt 0.00000 0.00000
vt 0.00000 0.00000
vt 0.00000 0.00000
vt 0.00000 0.00000
vt 0.00000 0.00000
vt 0.00000 0.00000
vt 0.00000 0.00000
vt 0.00000 0.00000
vt 0.00000 0.00000
vt 0.00000 0.00000
vt 0.00000 0.00000
vt 0.00000 0.00000
vt 0.00000 0.00000
vt 0.00000 0.00000
vt 0.00000 0.00000
vt 0.00000 0.00000
vt 0.00000 0.00000
vt 0.00000 0.00000
vt 0.00000 0.00000
vt 0.00000 0.00000
vt 0.00000 0.00000
vt 0.00000 0.00000
vt 0.00000 0.00000
vt 0.00000 0.00000
vt 0.00000 0.00000
vt 0.00000 0.00000
vt 0.00000 0.00000
vt 0.00000 0.00000
vt 0.00000 0.00000
vt 0.00000 0.00000
vt 0.00000 0.00000
vt 0.00000 0.00000
vt 0.00000 0.00000
vt 0.00000 0.00000
vt 0.00000 0.00000
vt 0.00000 0.00000
vt 0.00000 0.00000
vt 0.00000 0.00000
vt 0.00000 0.00000
vt 0.00000 0.00000
vt 0.00000 0.00000
vt 0.00000 0.00000
vt 0.00000 0.00000
vt 0.00000 0.00000
vt 0.00000 0.00000
vt 0.00000 0.00000
vt 0.00000 0.00000
vt 0.00000 0.00000
vt 0.00000 0.00000
vt 0.00000 0.00000
vt 0.00000 0.00000
vt 0.00000 0.00000
vt 0.00000 0.00000
vt 0.00000 0.00000
vt 0.00000 0.00000
vt 0.00000 0.00000
vt 0.00000 0.00000
vt 0.00000 0.00000
vt 0.00000 0.00000
vt 0.00000 0.00000
vt 0.00000 0.00000
vt 0.00000 0.00000
vt 0.00000 0.00000
vt 0.00000 0.00000
vt 0.00000 0.00000
vt 0.00000 0.00000
vt 0.00000 0.00000
vt 0.00000 0.00000
vt 0.00000 0.00000
vt 0.00000 0.00000
vt 0.00000 0.00000
vt 0.00000 0.00000
vt 0.00000 0.00000
vt 0.00000 0.00000
vt 0.00000 0.00000
vt 0.00000 0.00000
vt 0.00000 0.00000
vt 0.00000 0.00000
vt 0.00000 0.00000
vt 0.00000 0.00000
vt 0.00000 0.00000
vt 0.00000 0.00000
vt 0.00000 0.00000
vt 0.00000 0.00000
vt 0.00000 0.00000
vt 0.00000 0.00000
vt 0.00000 0.00000
vt 0.00000 0.00000
vt 0.00000 0.00000
vt 0.00000 0.00000
vt 0.00000 0.00000
vt 0.00000 0.00000
vt 0.00000 0.00000
vt 0.00000 0.00000
vt 0.00000 0.00000
vt 0.00000 0.00000
vt 0.00000 0.00000
vt 0.00000 0.00000
vt 0.00000 0.00000
vt 0.00000 0.00000
vt 0.00000 0.00000
vt 0.00000 0.00000
vt 0.00000 0.00000
vt 0.00000 0.00000
vt 0.00000 0.00000
vt 0.00000 0.00000
vt 0.00000 0.00000
vt 0.00000 0.00000
vt 0.00000 0.00000
vt 0.00000 0.00000
vt 0.00000 0.00000
vt 0.00000 0.00000
vt 0.00000 0.00000
vt 0.00000 0.00000
vt 0.00000 0.00000
vt 0.00000 0.00000
vt 0.00000 0.00000
vt 0.00000 0.00000
vt 0.00000 0.00000
vt 0.00000 0.00000
vt 0.00000 0.00000
vt 0.00000 0.00000
vt 0.00000 0.00000
vt 0.00000 0.00000
vt 0.00000 0.00000
vt 0.00000 0.00000
vt 0.00000 0.00000
vt 0.00000 0.00000
vt 0.00000 0.00000
vt 0.00000 0.00000
vt 0.00000 0.00000
vt 0.00000 0.00000
vt 0.00000 0.00000
vt 0.00000 0.00000
vt 0.00000 0.00000
vt 0.00000 0.00000
vt 0.00000 0.00000
vt 0.00000 0.00000
vt 0.00000 0.00000
vt 0.00000 0.00000
vt 0.00000 0.00000
vt 0.00000 0.00000
vt 0.00000 0.00000
vt 0.00000 0.00000
vt 0.00000 0.00000
vt 0.00000 0.00000
vt 0.00000 0.00000
vt 0.00000 0.00000
vt 0.00000 0.00000
vt 0.00000 0.00000
vt 0.00000 0.00000
vt 0.00000 0.00000
vt 0.00000 0.00000
vt 0.00000 0.00000
vt 0.00000 0.00000
vt 0.00000 0.00000
vt 0.00000 0.00000
vt 0.00000 0.00000
vt 0.00000 0.00000
vt 0.00000 0.00000
vt 0.00000 0.00000
vt 0.00000 0.00000
vt 0.00000 0.00000
vt 0.00000 0.00000
vt 0.00000 0.00000
vt 0.00000 0.00000
vt 0.00000 0.00000
vt 0.00000 0.00000
vt 0.00000 0.00000
vt 0.00000 0.00000
vt 0.00000 0.00000
vt 0.00000 0.00000
vt 0.00000 0.00000
vt 0.00000 0.00000
vt 0.00000 0.00000
vt 0.00000 0.00000
vt 0.00000 0.00000
vt 0.00000 0.00000
vt 0.00000 0.00000
vt 0.00000 0.00000
vt 0.00000 0.00000
vt 0.00000 0.00000
vt 0.00000 0.00000
vt 0.00000 0.00000
vt 0.00000 0.00000
vt 0.00000 0.00000
vt 0.00000 0.00000
vt 0.00000 0.00000
vt 0.00000 0.00000
vt 0.00000 0.00000
vt 0.00000 0.00000
vt 0.00000 0.00000
vt 0.00000 0.00000
vt 0.00000 0.00000
vt 0.00000 0.00000
vt 0.00000 0.00000
vt 0.00000 0.00000
vt 0.00000 0.00000
vt 0.00000 0.00000
vt 0.00000 0.00000
vt 0.00000 0.00000
vt 0.00000 0.00000
vt 0.00000 0.00000
vt 0.00000 0.00000
vt 0.00000 0.00000
vt 0.00000 0.00000
vt 0.00000 0.00000
vt 0.00000 0.00000
vt 0.00000 0.00000
vt 0.00000 0.00000
vt 0.00000 0.00000
vt 0.00000 0.00000
vt 0.00000 0.00000
vt 0.00000 0.00000
vt 0.00000 0.00000
vt 0.00000 0.00000
vt 0.00000 0.00000
vt 0.00000 0.00000
vt 0.00000 0.00000
vt 0.00000 0.00000
vt 0.00000 0.00000
vt 0.00000 0.00000
vt 0.00000 0.00000
vt 0.00000 0.00000
vt 0.00000 0.00000
vt 0.00000 0.00000
vt 0.00000 0.00000
vt 0.00000 0.00000
vt 0.00000 0.00000
vt 0.00000 0.00000
vt 0.00000 0.00000
vt 0.00000 0.00000
vt 0.00000 0.00000
vt 0.00000 0.00000
vt 0.00000 0.00000
vt 0.00000 0.00000
vt 0.00000 0.00000
vt 0.00000 0.00000
vt 0.00000 0.00000
vt 0.00000 0.00000
vt 0.00000 0.00000
vt 0.00000 0.00000
vt 0.00000 0.00000
vt 0.00000 0.00000
vt 0.00000 0.00000
vt 0.00000 0.00000
vt 0.00000 0.00000
vt 0.00000 0.00000
vt 0.00000 0.00000
vt 0.00000 0.00000
vt 0.00000 0.00000
vt 0.00000 0.00000
vt 0.00000 0.00000
vt 0.00000 0.00000
vt 0.00000 0.00000
vt 0.00000 0.00000
vt 0.00000 0.00000
vt 0.00000 0.00000
vt 0.00000 0.00000
vt 0.00000 0.00000
vt 0.00000 0.00000
vt 0.00000 0.00000
vt 0.00000 0.00000
vt 0.00000 0.00000
vt 0.00000 0.00000
vt 0.00000 0.00000
vt 0.00000 0.00000
vt 0.00000 0.00000
vt 0.00000 0.00000
vt 0.00000 0.00000
vt 0.00000 0.00000
vt 0.00000 0.00000
vt 0.00000 0.00000
vt 0.00000 0.00000
vt 0.00000 0.00000
vt 0.00000 0.00000
vt 0.00000 0.00000
vt 0.00000 0.00000
vt 0.00000 0.00000
vt 0.00000 0.00000
vt 0.00000 0.00000
vt 0.00000 0.00000
vt 0.00000 0.00000
vt 0.00000 0.00000
vt 0.00000 0.00000
vt 0.00000 0.00000
vt 0.00000 0.00000
vt 0.00000 0.00000
vt 0.00000 0.00000
vt 0.00000 0.00000
vt 0.00000 0.00000
vt 0.00000 0.00000
vt 0.00000 0.00000
vt 0.00000 0.00000
vt 0.00000 0.00000
vt 0.00000 0.00000
vt 0.00000 0.00000
vt 0.00000 0.00000
vt 0.00000 0.00000
vt 0.00000 0.00000
vt 0.00000 0.00000
vt 0.00000 0.00000
vt 0.00000 0.00000
vt 0.00000 0.00000
vt 0.00000 0.00000
vt 0.00000 0.00000
vt 0.00000 0.00000
vt 0.00000 0.00000
vt 0.00000 0.00000
vt 0.00000 0.00000
vt 0.00000 0.00000
vt 0.00000 0.00000
vt 0.00000 0.00000
vt 0.00000 0.00000
vt 0.00000 0.00000
vt 0.00000 0.00000
vt 0.00000 0.00000
vt 0.00000 0.00000
vt 0.00000 0.00000
vt 0.00000 0.00000
vt 0.00000 0.00000
vt 0.00000 0.00000
vt 0.00000 0.00000
vt 0.00000 0.00000
vt 0.00000 0.00000
vt 0.00000 0.00000
vt 0.00000 0.00000
vt 0.00000 0.00000
vt 0.00000 0.00000
vt 0.00000 0.00000
vt 0.00000 0.00000
vt 0.00000 0.00000
vt 0.00000 0.00000
vt 0.00000 0.00000
vt 0.00000 0.00000
vt 0.00000 0.00000
vt 0.00000 0.00000
vt 0.00000 0.00000
vt 0.00000 0.00000
vt 0.00000 0.00000
vt 0.00000 0.00000
vt 0.00000 0.00000
vt 0.00000 0.00000
vt 0.00000 0.00000
vt 0.00000 0.00000
vt 0.00000 0.00000
vt 0.00000 0.00000
vt 0.00000 0.00000
vt 0.00000 0.00000
vt 0.00000 0.00000
vt 0.00000 0.00000
vt 0.00000 0.00000
vt 0.00000 0.00000
vt 0.00000 0.00000
vt 0.00000 0.00000
vt 0.00000 0.00000
vt 0.00000 0.00000
vt 0.00000 0.00000
vt 0.00000 0.00000
vt 0.00000 0.00000
vt 0.00000 0.00000
vt 0.00000 0.00000
vt 0.00000 0.00000
vt 0.00000 0.00000
vt 0.00000 0.00000
vt 0.00000 0.00000
vt 0.00000 0.00000
vt 0.00000 0.00000
vt 0.00000 0.00000
vt 0.00000 0.00000
vt 0.00000 0.00000
vt 0.00000 0.00000
vt 0.00000 0.00000
vt 0.00000 0.00000
vt 0.00000 0.00000
vt 0.00000 0.00000
vt 0.00000 0.00000
vt 0.00000 0.00000
vt 0.00000 0.00000
vt 0.00000 0.00000
vt 0.00000 0.00000
vt 0.00000 0.00000
vt 0.00000 0.00000
vt 0.00000 0.00000
vt 0.00000 0.00000
vt 0.00000 0.00000
vt 0.00000 0.00000
vt 0.00000 0.00000
vt 0.00000 0.00000
vt 0.00000 0.00000
vt 0.00000 0.00000
vt 0.00000 0.00000
vt 0.00000 0.00000
vt 0.00000 0.00000
vt 0.00000 0.00000
vt 0.00000 0.00000
vt 0.00000 0.00000
vt 0.00000 0.00000
vt 0.00000 0.00000
vt 0.00000 0.00000
vt 0.00000 0.00000
vt 0.00000 0.00000
vt 0.00000 0.00000
vt 0.00000 0.00000
vt 0.00000 0.00000
vt 0.00000 0.00000
vt 0.00000 0.00000
vt 0.00000 0.00000
vt 0.00000 0.00000
vt 0.00000 0.00000
vt 0.00000 0.00000
vt 0.00000 0.00000
vt 0.00000 0.00000
vt 0.00000 0.00000
vt 0.00000 0.00000
vt 0.00000 0.00000
vt 0.00000 0.00000
vt 0.00000 0.00000
vt 0.00000 0.00000
vt 0.00000 0.00000
vt 0.00000 0.00000
vt 0.00000 0.00000
vt 0.00000 0.00000
vt 0.00000 0.00000
vt 0.00000 0.00000
vt 0.00000 0.00000
vt 0.00000 0.00000
vt 0.00000 0.00000
vt 0.00000 0.00000
vt 0.00000 0.00000
vt 0.00000 0.00000
vt 0.00000 0.00000
vt 0.00000 0.00000
vt 0.00000 0.00000
vt 0.00000 0.00000
vt 0.00000 0.00000
vt 0.00000 0.00000
vt 0.00000 0.00000
vt 0.00000 0.00000
vt 0.00000 0.00000
vt 0.00000 0.00000
vt 0.00000 0.00000
vt 0.00000 0.00000
vt 0.00000 0.00000
vt 0.00000 0.00000
vt 0.00000 0.00000
vt 0.00000 0.00000
vt 0.00000 0.00000
vt 0.00000 0.00000
vt 0.00000 0.00000
vt 0.00000 0.00000
vt 0.00000 0.00000
vt 0.00000 0.00000
vt 0.00000 0.00000
vt 0.00000 0.00000
vt 0.00000 0.00000
vt 0.00000 0.00000
vt 0.00000 0.00000
vt 0.00000 0.00000
vt 0.00000 0.00000
vt 0.00000 0.00000
vt 0.00000 0.00000
vt 0.00000 0.00000
vt 0.00000 0.00000
vt 0.00000 0.00000
vt 0.00000 0.00000
vt 0.00000 0.00000
vt 0.00000 0.00000
vt 0.00000 0.00000
vt 0.00000 0.00000
vt 0.00000 0.00000
vt 0.00000 0.00000
vt 0.00000 0.00000
vt 0.00000 0.00000
vt 0.00000 0.00000
vt 0.00000 0.00000
vt 0.00000 0.00000
vt 0.00000 0.00000
vt 0.00000 0.00000
vt 0.00000 0.00000
vt 0.00000 0.00000
vt 0.00000 0.00000
vt 0.00000 0.00000
vt 0.00000 0.00000
vt 0.00000 0.00000
vt 0.00000 0.00000
vt 0.00000 0.00000
vt 0.00000 0.00000
vt 0.00000 0.00000
vt 0.00000 0.00000
vt 0.00000 0.00000
vt 0.00000 0.00000
vt 0.00000 0.00000
vt 0.00000 0.00000
vt 0.00000 0.00000
vt 0.00000 0.00000
vt 0.00000 0.00000
vt 0.00000 0.00000
vt 0.00000 0.00000
vt 0.00000 0.00000
vt 0.00000 0.00000
vt 0.00000 0.00000
vt 0.00000 0.00000
vt 0.00000 0.00000
vt 0.00000 0.00000
vt 0.00000 0.00000
vt 0.00000 0.00000
vt 0.00000 0.00000
vt 0.00000 0.00000
vt 0.00000 0.00000
vt 0.00000 0.00000
vt 0.00000 0.00000
vt 0.00000 0.00000
vt 0.00000 0.00000
vt 0.00000 0.00000
vt 0.00000 0.00000
vt 0.00000 0.00000
vt 0.00000 0.00000
vt 0.00000 0.00000
vt 0.00000 0.00000
vt 0.00000 0.00000
vt 0.00000 0.00000
vt 0.00000 0.00000
vt 0.00000 0.00000
vt 0.00000 0.00000
vt 0.00000 0.00000
vt 0.00000 0.00000
vt 0.00000 0.00000
vt 0.00000 0.00000
vt 0.00000 0.00000
vt 0.00000 0.00000
vt 0.00000 0.00000
vt 0.00000 0.00000
vt 0.00000 0.00000
vt 0.00000 0.00000
vt 0.00000 0.00000
vt 0.00000 0.00000
vt 0.00000 0.00000
vt 0.00000 0.00000
vt 0.00000 0.00000
vt 0.00000 0.00000
vt 0.00000 0.00000
vt 0.00000 0.00000
vt 0.00000 0.00000
vt 0.00000 0.00000
vt 0.00000 0.00000
vt 0.00000 0.00000
vt 0.00000 0.00000
vt 0.00000 0.00000
vt 0.00000 0.00000
vt 0.00000 0.00000
vt 0.00000 0.00000
vt 0.00000 0.00000
vt 0.00000 0.00000
vt 0.00000 0.00000
vt 0.00000 0.00000
vt 0.00000 0.00000
vt 0.00000 0.00000
vt 0.00000 0.00000
vt 0.00000 0.00000
vt 0.00000 0.00000
vt 0.00000 0.00000
vt 0.00000 0.00000
vt 0.00000 0.00000
vt 0.00000 0.00000
vt 0.00000 0.00000
vt 0.00000 0.00000
vt 0.00000 0.00000
vt 0.00000 0.00000
vt 0.00000 0.00000
vt 0.00000 0.00000
vt 0.00000 0.00000
vt 0.00000 0.00000
vt 0.00000 0.00000
vt 0.00000 0.00000
vt 0.00000 0.00000
vt 0.00000 0.00000
vt 0.00000 0.00000
vt 0.00000 0.00000
vt 0.00000 0.00000
vt 0.00000 0.00000
vt 0.00000 0.00000
vt 0.00000 0.00000
vt 0.00000 0.00000
vt 0.00000 0.00000
vt 0.00000 0.00000
vt 0.00000 0.00000
vt 0.00000 0.00000
vt 0.00000 0.00000
vt 0.00000 0.00000
vt 0.00000 0.00000
vt 0.00000 0.00000
vt 0.00000 0.00000
vt 0.00000 0.00000
vt 0.00000 0.00000
vt 0.00000 0.00000
vt 0.00000 0.00000
vt 0.00000 0.00000
vt 0.00000 0.00000
vt 0.00000 0.00000
vt 0.00000 0.00000
vt 0.00000 0.00000
vt 0.00000 0.00000
vt 0.00000 0.00000
vt 0.00000 0.00000
vt 0.00000 0.00000
vt 0.00000 0.00000
vt 0.00000 0.00000
vt 0.00000 0.00000
vt 0.00000 0.00000
vt 0.00000 0.00000
vt 0.00000 0.00000
vt 0.00000 0.00000
vt 0.00000 0.00000
vt 0.00000 0.00000
vt 0.00000 0.00000
vt 0.00000 0.00000
vt 0.00000 0.00000
vt 0.00000 0.00000
vt 0.00000 0.00000
vt 0.00000 0.00000
vt 0.00000 0.00000
vt 0.00000 0.00000
vt 0.00000 0.00000
vt 0.00000 0.00000
vt 0.00000 0.00000
vt 0.00000 0.00000
vt 0.00000 0.00000
vt 0.00000 0.00000
vt 0.00000 0.00000
vt 0.00000 0.00000
vt 0.00000 0.00000
vt 0.00000 0.00000
vt 0.00000 0.00000
vt 0.00000 0.00000
vt 0.00000 0.00000
vt 0.00000 0.00000
vt 0.00000 0.00000
vt 0.00000 0.00000
vt 0.00000 0.00000
vt 0.00000 0.00000
vt 0.00000 0.00000
vt 0.00000 0.00000
vt 0.00000 0.00000
vt 0.00000 0.00000
vt 0.00000 0.00000
vt 0.00000 0.00000
vt 0.00000 0.00000
vt 0.00000 0.00000
vt 0.00000 0.00000
vt 0.00000 0.00000
vt 0.00000 0.00000
vt 0.00000 0.00000
vt 0.00000 0.00000
vt 0.00000 0.00000
vt 0.00000 0.00000
vt 0.00000 0.00000
vt 0.00000 0.00000
vt 0.00000 0.00000
vt 0.00000 0.00000
vt 0.00000 0.00000
vt 0.00000 0.00000
vt 0.00000 0.00000
vt 0.00000 0.00000
vt 0.00000 0.00000
vt 0.00000 0.00000
vt 0.00000 0.00000
vt 0.00000 0.00000
vt 0.00000 0.00000
vt 0.00000 0.00000
vt 0.00000 0.00000
vt 0.00000 0.00000
vt 0.00000 0.00000
vt 0.00000 0.00000
vt 0.00000 0.00000
vt 0.00000 0.00000
vt 0.00000 0.00000
vt 0.00000 0.00000
vt 0.00000 0.00000
vt 0.00000 0.00000
vt 0.00000 0.00000
vt 0.00000 0.00000
vt 0.00000 0.00000
vt 0.00000 0.00000
vt 0.00000 0.00000
vt 0.00000 0.00000
vt 0.00000 0.00000
vt 0.00000 0.00000
vt 0.00000 0.00000
vt 0.00000 0.00000
vt 0.00000 0.00000
vt 0.00000 0.00000
vt 0.00000 0.00000
vt 0.00000 0.00000
vt 0.00000 0.00000
vt 0.00000 0.00000
vt 0.00000 0.00000
vt 0.00000 0.00000
vt 0.00000 0.00000
vt 0.00000 0.00000
vt 0.00000 0.00000
vt 0.00000 0.00000
vt 0.00000 0.00000
vt 0.00000 0.00000
vt 0.00000 0.00000
vt 0.00000 0.00000
vt 0.00000 0.00000
vt 0.00000 0.00000
vt 0.00000 0.00000
vt 0.00000 0.00000
vt 0.00000 0.00000
vt 0.00000 0.00000
vt 0.00000 0.00000
vt 0.00000 0.00000
vt 0.00000 0.00000
vt 0.00000 0.00000
vt 0.00000 0.00000
vt 0.00000 0.00000
vt 0.00000 0.00000
vt 0.00000 0.00000
vt 0.00000 0.00000
vt 0.00000 0.00000
vt 0.00000 0.00000
vt 0.00000 0.00000
vt 0.00000 0.00000
vt 0.00000 0.00000
vt 0.00000 0.00000
vt 0.00000 0.00000
vt 0.00000 0.00000
vt 0.00000 0.00000
vt 0.00000 0.00000
vt 0.00000 0.00000
vt 0.00000 0.00000
vt 0.00000 0.00000
vt 0.00000 0.00000
vt 0.00000 0.00000
vt 0.00000 0.00000
vt 0.00000 0.00000
vt 0.00000 0.00000
vt 0.00000 0.00000
vt 0.00000 0.00000
vt 0.00000 0.00000
vt 0.00000 0.00000
vt 0.00000 0.00000
vt 0.00000 0.00000
vt 0.00000 0.00000
vt 0.00000 0.00000
vt 0.00000 0.00000
vt 0.00000 0.00000
vt 0.00000 0.00000
vt 0.00000 0.00000
vt 0.00000 0.00000
vt 0.00000 0.00000
vt 0.00000 0.00000
vt 0.00000 0.00000
vt 0.00000 0.00000
vt 0.00000 0.00000
vt 0.00000 0.00000
vt 0.00000 0.00000
vt 0.00000 0.00000
vt 0.00000 0.00000
vt 0.00000 0.00000
vt 0.00000 0.00000
vt 0.00000 0.00000
vt 0.00000 0.00000
vt 0.00000 0.00000
vt 0.00000 0.00000
vt 0.00000 0.00000
vt 0.00000 0.00000
vt 0.00000 0.00000
vt 0.00000 0.00000
vt 0.00000 0.00000
vt 0.00000 0.00000
vt 0.00000 0.00000
vt 0.00000 0.00000
vt 0.00000 0.00000
vt 0.00000 0.00000
vt 0.00000 0.00000
vt 0.00000 0.00000
vt 0.00000 0.00000
vt 0.00000 0.00000
vt 0.00000 0.00000
vt 0.00000 0.00000
vt 0.00000 0.00000
vt 0.00000 0.00000
vt 0.00000 0.00000
vt 0.00000 0.00000
vt 0.00000 0.00000
vt 0.00000 0.00000
vt 0.00000 0.00000
vt 0.00000 0.00000
vt 0.00000 0.00000
vt 0.00000 0.00000
vt 0.00000 0.00000
vt 0.00000 0.00000
vt 0.00000 0.00000
vt 0.00000 0.00000
vt 0.00000 0.00000
vt 0.00000 0.00000
vt 0.00000 0.00000
vt 0.00000 0.00000
vt 0.00000 0.00000
vt 0.00000 0.00000
vt 0.00000 0.00000
vt 0.00000 0.00000
vt 0.00000 0.00000
vt 0.00000 0.00000
vt 0.00000 0.00000
vt 0.00000 0.00000
vt 0.00000 0.00000
vt 0.00000 0.00000
vt 0.00000 0.00000
vt 0.00000 0.00000
vt 0.00000 0.00000
vt 0.00000 0.00000
vt 0.00000 0.00000
vt 0.00000 0.00000
vt 0.00000 0.00000
vt 0.00000 0.00000
vt 0.00000 0.00000
vt 0.00000 0.00000
vt 0.00000 0.00000
vt 0.00000 0.00000
vt 0.00000 0.00000
vt 0.00000 0.00000
vt 0.00000 0.00000
vt 0.00000 0.00000
vt 0.00000 0.00000
vt 0.00000 0.00000
vt 0.00000 0.00000
vt 0.00000 0.00000
vt 0.00000 0.00000
vt 0.00000 0.00000
vt 0.00000 0.00000
vt 0.00000 0.00000
vt 0.00000 0.00000
vt 0.00000 0.00000
vt 0.00000 0.00000
vt 0.00000 0.00000
vt 0.00000 0.00000
vt 0.00000 0.00000
vt 0.00000 0.00000
vt 0.00000 0.00000
vt 0.00000 0.00000
vt 0.00000 0.00000
vt 0.00000 0.00000
vt 0.00000 0.00000
vt 0.00000 0.00000
vt 0.00000 0.00000
vt 0.00000 0.00000
vt 0.00000 0.00000
vt 0.00000 0.00000
vt 0.00000 0.00000
vt 0.00000 0.00000
vt 0.00000 0.00000
vt 0.00000 0.00000
vt 0.00000 0.00000
vt 0.00000 0.00000
vt 0.00000 0.00000
vt 0.00000 0.00000
vt 0.00000 0.00000
vt 0.00000 0.00000
vt 0.00000 0.00000
vt 0.00000 0.00000
vt 0.00000 0.00000
vt 0.00000 0.00000
vt 0.00000 0.00000
vt 0.00000 0.00000
vt 0.00000 0.00000
vt 0.00000 0.00000
vt 0.00000 0.00000
vt 0.00000 0.00000
vt 0.00000 0.00000
vt 0.00000 0.00000
vt 0.00000 0.00000
vt 0.00000 0.00000
vt 0.00000 0.00000
vt 0.00000 0.00000
vt 0.00000 0.00000
vt 0.00000 0.00000
vt 0.00000 0.00000
vt 0.00000 0.00000
vt 0.00000 0.00000
vt 0.00000 0.00000
vt 0.00000 0.00000
vt 0.00000 0.00000
vt 0.00000 0.00000
vt 0.00000 0.00000
vt 0.00000 0.00000
vt 0.00000 0.00000
vt 0.00000 0.00000
vt 0.00000 0.00000
vt 0.00000 0.00000
vt 0.00000 0.00000
vt 0.00000 0.00000
vt 0.00000 0.00000
vt 0.00000 0.00000
vt 0.00000 0.00000
vt 0.00000 0.00000
vt 0.00000 0.00000
vt 0.00000 0.00000
vt 0.00000 0.00000
vt 0.00000 0.00000
vt 0.00000 0.00000
vt 0.00000 0.00000
vt 0.00000 0.00000
vt 0.00000 0.00000
vt 0.00000 0.00000
vt 0.00000 0.00000
vt 0.00000 0.00000
vt 0.00000 0.00000
vt 0.00000 0.00000
vt 0.00000 0.00000
vt 0.00000 0.00000
vt 0.00000 0.00000
vt 0.00000 0.00000
vt 0.00000 0.00000
vt 0.00000 0.00000
vt 0.00000 0.00000
vt 0.00000 0.00000
vt 0.00000 0.00000
vt 0.00000 0.00000
vt 0.00000 0.00000
vt 0.00000 0.00000
vt 0.00000 0.00000
vt 0.00000 0.00000
vt 0.00000 0.00000
vt 0.00000 0.00000
vt 0.00000 0.00000
vt 0.00000 0.00000
vt 0.00000 0.00000
vt 0.00000 0.00000
vt 0.00000 0.00000
vt 0.00000 0.00000
vt 0.00000 0.00000
vt 0.00000 0.00000
vt 0.00000 0.00000
vt 0.00000 0.00000
vt 0.00000 0.00000
vt 0.00000 0.00000
vt 0.00000 0.00000
vt 0.00000 0.00000
vt 0.00000 0.00000
vt 0.00000 0.00000
vt 0.00000 0.00000
vt 0.00000 0.00000
vt 0.00000 0.00000
vt 0.00000 0.00000
vt 0.00000 0.00000
vt 0.00000 0.00000
vt 0.00000 0.00000
vt 0.00000 0.00000
vt 0.00000 0.00000
vt 0.00000 0.00000
vt 0.00000 0.00000
vt 0.00000 0.00000
vt 0.00000 0.00000
vt 0.00000 0.00000
vt 0.00000 0.00000
vt 0.00000 0.00000
vt 0.00000 0.00000
vt 0.00000 0.00000
vt 0.00000 0.00000
vt 0.00000 0.00000
vt 0.00000 0.00000
vt 0.00000 0.00000
vt 0.00000 0.00000
vt 0.00000 0.00000
vt 0.00000 0.00000
vt 0.00000 0.00000
vt 0.00000 0.00000
vt 0.00000 0.00000
vt 0.00000 0.00000
vt 0.00000 0.00000
vt 0.00000 0.00000
vt 0.00000 0.00000
vt 0.00000 0.00000
vt 0.00000 0.00000
vt 0.00000 0.00000
vt 0.00000 0.00000
vt 0.00000 0.00000
vt 0.00000 0.00000
vt 0.00000 0.00000
vt 0.00000 0.00000
vt 0.00000 0.00000
vt 0.00000 0.00000
vt 0.00000 0.00000
vt 0.00000 0.00000
vt 0.00000 0.00000
vt 0.00000 0.00000
vt 0.00000 0.00000
vt 0.00000 0.00000
vt 0.00000 0.00000
vt 0.00000 0.00000
vt 0.00000 0.00000
vt 0.00000 0.00000
vt 0.00000 0.00000
vt 0.00000 0.00000
vt 0.00000 0.00000
vt 0.00000 0.00000
vt 0.00000 0.00000
vt 0.00000 0.00000
vt 0.00000 0.00000
vt 0.00000 0.00000
vt 0.00000 0.00000
vt 0.00000 0.00000
vt 0.00000 0.00000
vt 0.00000 0.00000
vt 0.00000 0.00000
vt 0.00000 0.00000
vt 0.00000 0.00000
vt 0.00000 0.00000
vt 0.00000 0.00000
vt 0.00000 0.00000
vt 0.00000 0.00000
vt 0.00000 0.00000
vt 0.00000 0.00000
vt 0.00000 0.00000
vt 0.00000 0.00000
vt 0.00000 0.00000
vt 0.00000 0.00000
vt 0.00000 0.00000
vt 0.00000 0.00000
vt 0.00000 0.00000
vt 0.00000 0.00000
vt 0.00000 0.00000
vt 0.00000 0.00000
vt 0.00000 0.00000
vt 0.00000 0.00000
vt 0.00000 0.00000
vt 0.00000 0.00000
vt 0.00000 0.00000
vt 0.00000 0.00000
vt 0.00000 0.00000
vt 0.00000 0.00000
vt 0.00000 0.00000
vt 0.00000 0.00000
vt 0.00000 0.00000
vt 0.00000 0.00000
vt 0.00000 0.00000
vt 0.00000 0.00000
vt 0.00000 0.00000
vt 0.00000 0.00000
vt 0.00000 0.00000
vt 0.00000 0.00000
vt 0.00000 0.00000
vt 0.00000 0.00000
vt 0.00000 0.00000
vt 0.00000 0.00000
vt 0.00000 0.00000
vt 0.00000 0.00000
vt 0.00000 0.00000
vt 0.00000 0.00000
vt 0.00000 0.00000
vt 0.00000 0.00000
vt 0.00000 0.00000
vt 0.00000 0.00000
vt 0.00000 0.00000
vt 0.00000 0.00000
vt 0.00000 0.00000
vt 0.00000 0.00000
vt 0.00000 0.00000
vt 0.00000 0.00000
vt 0.00000 0.00000
vt 0.00000 0.00000
vt 0.00000 0.00000
vt 0.00000 0.00000
vt 0.00000 0.00000
vt 0.00000 0.00000
vt 0.00000 0.00000
vt 0.00000 0.00000
vt 0.00000 0.00000
vt 0.00000 0.00000
vt 0.00000 0.00000
vt 0.00000 0.00000
vt 0.00000 0.00000
vt 0.00000 0.00000
vt 0.00000 0.00000
vt 0.00000 0.00000
vt 0.00000 0.00000
vt 0.00000 0.00000
vt 0.00000 0.00000
vt 0.00000 0.00000
vt 0.00000 0.00000
vt 0.00000 0.00000
vt 0.00000 0.00000
vt 0.00000 0.00000
vt 0.00000 0.00000
vt 0.00000 0.00000
vt 0.00000 0.00000
vt 0.00000 0.00000
vt 0.00000 0.00000
vt 0.00000 0.00000
vt 0.00000 0.00000
vt 0.00000 0.00000
vt 0.00000 0.00000
vt 0.00000 0.00000
vt 0.00000 0.00000
vt 0.00000 0.00000
vt 0.00000 0.00000
vt 0.00000 0.00000
vt 0.00000 0.00000
vt 0.00000 0.00000
vt 0.00000 0.00000
vt 0.00000 0.00000
vt 0.00000 0.00000
vt 0.00000 0.00000
vt 0.00000 0.00000
vt 0.00000 0.00000
vt 0.00000 0.00000
vt 0.00000 0.00000
vt 0.00000 0.00000
vt 0.00000 0.00000
vt 0.00000 0.00000
vt 0.00000 0.00000
vt 0.00000 0.00000
vt 0.00000 0.00000
vt 0.00000 0.00000
vt 0.00000 0.00000
vt 0.00000 0.00000
vt 0.00000 0.00000
vt 0.00000 0.00000
vt 0.00000 0.00000
vt 0.00000 0.00000
vt 0.00000 0.00000
vt 0.00000 0.00000
vt 0.00000 0.00000
vt 0.00000 0.00000
vt 0.00000 0.00000
vt 0.00000 0.00000
vt 0.00000 0.00000
vt 0.00000 0.00000
vt 0.00000 0.00000
vt 0.00000 0.00000
vt 0.00000 0.00000
vt 0.00000 0.00000
vt 0.00000 0.00000
vt 0.00000 0.00000
vt 0.00000 0.00000
vt 0.00000 0.00000
vt 0.00000 0.00000
vt 0.00000 0.00000
vt 0.00000 0.00000
vt 0.00000 0.00000
vt 0.00000 0.00000
vt 0.00000 0.00000
vt 0.00000 0.00000
vt 0.00000 0.00000
vt 0.00000 0.00000
vt 0.00000 0.00000
vt 0.00000 0.00000
vt 0.00000 0.00000
vt 0.00000 0.00000
vt 0.00000 0.00000
vt 0.00000 0.00000
vt 0.00000 0.00000
vt 0.00000 0.00000
vt 0.00000 0.00000
vt 0.00000 0.00000
vt 0.00000 0.00000
vt 0.00000 0.00000
vt 0.00000 0.00000
vt 0.00000 0.00000
vt 0.00000 0.00000
vt 0.00000 0.00000
vt 0.00000 0.00000
vt 0.00000 0.00000
vt 0.00000 0.00000
vt 0.00000 0.00000
vt 0.00000 0.00000
vt 0.00000 0.00000
vt 0.00000 0.00000
vt 0.00000 0.00000
vt 0.00000 0.00000
vt 0.00000 0.00000
vt 0.00000 0.00000
vt 0.00000 0.00000
vt 0.00000 0.00000
vt 0.00000 0.00000
vt 0.00000 0.00000
vt 0.00000 0.00000
vt 0.00000 0.00000
vt 0.00000 0.00000
vt 0.00000 0.00000
vt 0.00000 0.00000
vt 0.00000 0.00000
vt 0.00000 0.00000
vt 0.00000 0.00000
vt 0.00000 0.00000
vt 0.00000 0.00000
vt 0.00000 0.00000
vt 0.00000 0.00000
vt 0.00000 0.00000
vt 0.00000 0.00000
vt 0.00000 0.00000
vt 0.00000 0.00000
vt 0.00000 0.00000
vt 0.00000 0.00000
vt 0.00000 0.00000
vt 0.00000 0.00000
vt 0.00000 0.00000
vt 0.00000 0.00000
vt 0.00000 0.00000
vt 0.00000 0.00000
vt 0.00000 0.00000
vt 0.00000 0.00000
vt 0.00000 0.00000
vt 0.00000 0.00000
vt 0.00000 0.00000
vt 0.00000 0.00000
vt 0.00000 0.00000
vt 0.00000 0.00000
vt 0.00000 0.00000
vt 0.00000 0.00000
vt 0.00000 0.00000
vt 0.00000 0.00000
vt 0.00000 0.00000
vt 0.00000 0.00000
vt 0.00000 0.00000
vt 0.00000 0.00000
vt 0.00000 0.00000
vt 0.00000 0.00000
vt 0.00000 0.00000
vt 0.00000 0.00000
vt 0.00000 0.00000
vt 0.00000 0.00000
vt 0.00000 0.00000
vt 0.00000 0.00000
vt 0.00000 0.00000
vt 0.00000 0.00000
vt 0.00000 0.00000
vt 0.00000 0.00000
vt 0.00000 0.00000
vt 0.00000 0.00000
vt 0.00000 0.00000
vt 0.00000 0.00000
vt 0.00000 0.00000
vt 0.00000 0.00000
vt 0.00000 0.00000
vt 0.00000 0.00000
vt 0.00000 0.00000
vt 0.00000 0.00000
vt 0.00000 0.00000
vt 0.00000 0.00000
vt 0.00000 0.00000
vt 0.00000 0.00000
vt 0.00000 0.00000
vt 0.00000 0.00000
vt 0.00000 0.00000
vt 0.00000 0.00000
vt 0.00000 0.00000
vt 0.00000 0.00000
vt 0.00000 0.00000
vt 0.00000 0.00000
vt 0.00000 0.00000
vt 0.00000 0.00000
vt 0.00000 0.00000
vt 0.00000 0.00000
vt 0.00000 0.00000
vt 0.00000 0.00000
vt 0.00000 0.00000
vt 0.00000 0.00000
vt 0.00000 0.00000
vt 0.00000 0.00000
vt 0.00000 0.00000
vt 0.00000 0.00000
vt 0.00000 0.00000
vt 0.00000 0.00000
vt 0.00000 0.00000
vt 0.00000 0.00000
vt 0.00000 0.00000
vt 0.00000 0.00000
vt 0.00000 0.00000
vt 0.00000 0.00000
vt 0.00000 0.00000
vt 0.00000 0.00000
vt 0.00000 0.00000
vt 0.00000 0.00000
vt 0.00000 0.00000
vt 0.00000 0.00000
vt 0.00000 0.00000
vt 0.00000 0.00000
vt 0.00000 0.00000
vt 0.00000 0.00000
vt 0.00000 0.00000
vt 0.00000 0.00000
vt 0.00000 0.00000
vt 0.00000 0.00000
vt 0.00000 0.00000
vt 0.00000 0.00000
vt 0.00000 0.00000
vt 0.00000 0.00000
vt 0.00000 0.00000
vt 0.00000 0.00000
vt 0.00000 0.00000
vt 0.00000 0.00000
vt 0.00000 0.00000
vt 0.00000 0.00000
vt 0.00000 0.00000
vt 0.00000 0.00000
vt 0.00000 0.00000
vt 0.00000 0.00000
vt 0.00000 0.00000
vt 0.00000 0.00000
vt 0.00000 0.00000
vt 0.00000 0.00000
vt 0.00000 0.00000
vt 0.00000 0.00000
vt 0.00000 0.00000
vt 0.00000 0.00000
vt 0.00000 0.00000
vt 0.00000 0.00000
vt 0.00000 0.00000
vt 0.00000 0.00000
vt 0.00000 0.00000
vt 0.00000 0.00000
vt 0.00000 0.00000
vt 0.00000 0.00000
vt 0.00000 0.00000
vt 0.00000 0.00000
vt 0.00000 0.00000
vt 0.00000 0.00000
vt 0.00000 0.00000
vt 0.00000 0.00000
vt 0.00000 0.00000
vt 0.00000 0.00000
vt 0.00000 0.00000
vt 0.00000 0.00000
vt 0.00000 0.00000
vt 0.00000 0.00000
vt 0.00000 0.00000
vt 0.00000 0.00000
vt 0.00000 0.00000
vt 0.00000 0.00000
vt 0.00000 0.00000
vt 0.00000 0.00000
vt 0.00000 0.00000
vt 0.00000 0.00000
vt 0.00000 0.00000
vt 0.00000 0.00000
vt 0.00000 0.00000
vt 0.00000 0.00000
vt 0.00000 0.00000
vt 0.00000 0.00000
vt 0.00000 0.00000
vt 0.00000 0.00000
vt 0.00000 0.00000
vt 0.00000 0.00000
vt 0.00000 0.00000
vt 0.00000 0.00000
vt 0.00000 0.00000
vt 0.00000 0.00000
vt 0.00000 0.00000
vt 0.00000 0.00000
vt 0.00000 0.00000
vt 0.00000 0.00000
vt 0.00000 0.00000
vt 0.00000 0.00000
vt 0.00000 0.00000
vt 0.00000 0.00000
vt 0.00000 0.00000
vt 0.00000 0.00000
vt 0.00000 0.00000
vt 0.00000 0.00000
vt 0.00000 0.00000
vt 0.00000 0.00000
vt 0.00000 0.00000
vt 0.00000 0.00000
vt 0.00000 0.00000
vt 0.00000 0.00000
vt 0.00000 0.00000
vt 0.00000 0.00000
vt 0.00000 0.00000
vt 0.00000 0.00000
vt 0.00000 0.00000
vt 0.00000 0.00000
vt 0.00000 0.00000
vt 0.00000 0.00000
vt 0.00000 0.00000
vt 0.00000 0.00000
vt 0.00000 0.00000
vt 0.00000 0.00000
vt 0.00000 0.00000
vt 0.00000 0.00000
vt 0.00000 0.00000
vt 0.00000 0.00000
vt 0.00000 0.00000
vt 0.00000 0.00000
vt 0.00000 0.00000
vt 0.00000 0.00000
vt 0.00000 0.00000
vt 0.00000 0.00000
vt 0.00000 0.00000
vt 0.00000 0.00000
vt 0.00000 0.00000
vt 0.00000 0.00000
vt 0.00000 0.00000
vt 0.00000 0.00000
vt 0.00000 0.00000
vt 0.00000 0.00000
vt 0.00000 0.00000
vt 0.00000 0.00000
vt 0.00000 0.00000
vt 0.00000 0.00000
vt 0.00000 0.00000
vt 0.00000 0.00000
vt 0.00000 0.00000
vt 0.00000 0.00000
vt 0.00000 0.00000
vt 0.00000 0.00000
vt 0.00000 0.00000
vt 0.00000 0.00000
vt 0.00000 0.00000
vt 0.00000 0.00000
vt 0.00000 0.00000
vt 0.00000 0.00000
vt 0.00000 0.00000
vt 0.00000 0.00000
vt 0.00000 0.00000
vt 0.00000 0.00000
vt 0.00000 0.00000
vt 0.00000 0.00000
vt 0.00000 0.00000
vt 0.00000 0.00000
vt 0.00000 0.00000
vt 0.00000 0.00000
vt 0.00000 0.00000
vt 0.00000 0.00000
vt 0.00000 0.00000
vt 0.00000 0.00000
vt 0.00000 0.00000
vt 0.00000 0.00000
vt 0.00000 0.00000
vt 0.00000 0.00000
vt 0.00000 0.00000
vt 0.00000 0.00000
vt 0.00000 0.00000
vt 0.00000 0.00000
vt 0.00000 0.00000
vt 0.00000 0.00000
vt 0.00000 0.00000
vt 0.00000 0.00000
vt 0.00000 0.00000
vt 0.00000 0.00000
vt 0.00000 0.00000
vt 0.00000 0.00000
vt 0.00000 0.00000
vt 0.00000 0.00000
vt 0.00000 0.00000
vt 0.00000 0.00000
vt 0.00000 0.00000
vt 0.00000 0.00000
vt 0.00000 0.00000
vt 0.00000 0.00000
vt 0.00000 0.00000
vt 0.00000 0.00000
vt 0.00000 0.00000
vt 0.00000 0.00000
vt 0.00000 0.00000
vt 0.00000 0.00000
vt 0.00000 0.00000
vt 0.00000 0.00000
vt 0.00000 0.00000
vt 0.00000 0.00000
vt 0.00000 0.00000
vt 0.00000 0.00000
vt 0.00000 0.00000
vt 0.00000 0.00000
vt 0.00000 0.00000
vt 0.00000 0.00000
vt 0.00000 0.00000
vt 0.00000 0.00000
vt 0.00000 0.00000
vt 0.00000 0.00000
vt 0.00000 0.00000
vt 0.00000 0.00000
vt 0.00000 0.00000
vt 0.00000 0.00000
vt 0.00000 0.00000
vt 0.00000 0.00000
vt 0.00000 0.00000
vt 0.00000 0.00000
vt 0.00000 0.00000
vt 0.00000 0.00000
vt 0.00000 0.00000
vt 0.00000 0.00000
vt 0.00000 0.00000
vt 0.00000 0.00000
vt 0.00000 0.00000
vt 0.00000 0.00000
vt 0.00000 0.00000
vt 0.00000 0.00000
vt 0.00000 0.00000
vt 0.00000 0.00000
vt 0.00000 0.00000
vt 0.00000 0.00000
vt 0.00000 0.00000
vt 0.00000 0.00000
vt 0.00000 0.00000
vt 0.00000 0.00000
vt 0.00000 0.00000
vt 0.00000 0.00000
vt 0.00000 0.00000
vt 0.00000 0.00000
vt 0.00000 0.00000
vt 0.00000 0.00000
vt 0.00000 0.00000
vt 0.00000 0.00000
vt 0.00000 0.00000
vt 0.00000 0.00000
vt 0.00000 0.00000
vt 0.00000 0.00000
vt 0.00000 0.00000
vt 0.00000 0.00000
vt 0.00000 0.00000
vt 0.00000 0.00000
vt 0.00000 0.00000
vt 0.00000 0.00000
vt 0.00000 0.00000
vt 0.00000 0.00000
vt 0.00000 0.00000
vt 0.00000 0.00000
vt 0.00000 0.00000
vt 0.00000 0.00000
vt 0.00000 0.00000
vt 0.00000 0.00000
vt 0.00000 0.00000
vt 0.00000 0.00000
vt 0.00000 0.00000
vt 0.00000 0.00000
vt 0.00000 0.00000
vt 0.00000 0.00000
vt 0.00000 0.00000
vt 0.00000 0.00000
vt 0.00000 0.00000
vt 0.00000 0.00000
vt 0.00000 0.00000
vt 0.00000 0.00000
vt 0.00000 0.00000
vt 0.00000 0.00000
vt 0.00000 0.00000
vt 0.00000 0.00000
vt 0.00000 0.00000
vt 0.00000 0.00000
vt 0.00000 0.00000
vt 0.00000 0.00000
vt 0.00000 0.00000
vt 0.00000 0.00000
vt 0.00000 0.00000
vt 0.00000 0.00000
vt 0.00000 0.00000
vt 0.00000 0.00000
vt 0.00000 0.00000
vt 0.00000 0.00000
vt 0.00000 0.00000
vt 0.00000 0.00000
vt 0.00000 0.00000
vt 0.00000 0.00000
vt 0.00000 0.00000
vt 0.00000 0.00000
vt 0.00000 0.00000
vt 0.00000 0.00000
vt 0.00000 0.00000
vt 0.00000 0.00000
vt 0.00000 0.00000
vt 0.00000 0.00000
vt 0.00000 0.00000
vt 0.00000 0.00000
vt 0.00000 0.00000
vt 0.00000 0.00000
vt 0.00000 0.00000
vt 0.00000 0.00000
vt 0.00000 0.00000
vt 0.00000 0.00000
vt 0.00000 0.00000
vt 0.00000 0.00000
vt 0.00000 0.00000
vt 0.00000 0.00000
vt 0.00000 0.00000
vt 0.00000 0.00000
vt 0.00000 0.00000
vt 0.00000 0.00000
vt 0.00000 0.00000
vt 0.00000 0.00000
vt 0.00000 0.00000
vt 0.00000 0.00000
vt 0.00000 0.00000
vt 0.00000 0.00000
vt 0.00000 0.00000
vt 0.00000 0.00000
vt 0.00000 0.00000
vt 0.00000 0.00000
vt 0.00000 0.00000
vt 0.00000 0.00000
vt 0.00000 0.00000
vt 0.00000 0.00000
vt 0.00000 0.00000
vt 0.00000 0.00000
vt 0.00000 0.00000
vt 0.00000 0.00000
vt 0.00000 0.00000
vt 0.00000 0.00000
vt 0.00000 0.00000
vt 0.00000 0.00000
vt 0.00000 0.00000
vt 0.00000 0.00000
vt 0.00000 0.00000
vt 0.00000 0.00000
vt 0.00000 0.00000
vt 0.00000 0.00000
vt 0.00000 0.00000
vt 0.00000 0.00000
vt 0.00000 0.00000
vt 0.00000 0.00000
vt 0.00000 0.00000
vt 0.00000 0.00000
vt 0.00000 0.00000
vt 0.00000 0.00000
vt 0.00000 0.00000
vt 0.00000 0.00000
vt 0.00000 0.00000
vt 0.00000 0.00000
vt 0.00000 0.00000
vt 0.00000 0.00000
vt 0.00000 0.00000
vt 0.00000 0.00000
vt 0.00000 0.00000
vt 0.00000 0.00000
vt 0.00000 0.00000
vt 0.00000 0.00000
vt 0.00000 0.00000
vt 0.00000 0.00000
vt 0.00000 0.00000
vt 0.00000 0.00000
vt 0.00000 0.00000
vt 0.00000 0.00000
vt 0.00000 0.00000
vt 0.00000 0.00000
vt 0.00000 0.00000
vt 0.00000 0.00000
vt 0.00000 0.00000
vt 0.00000 0.00000
vt 0.00000 0.00000
vt 0.00000 0.00000
vt 0.00000 0.00000
vt 0.00000 0.00000
vt 0.00000 0.00000
vt 0.00000 0.00000
vt 0.00000 0.00000
vt 0.00000 0.00000
vt 0.00000 0.00000
vt 0.00000 0.00000
vt 0.00000 0.00000
vt 0.00000 0.00000
vt 0.00000 0.00000
vt 0.00000 0.00000
vt 0.00000 0.00000
vt 0.00000 0.00000
vt 0.00000 0.00000
vt 0.00000 0.00000
vt 0.00000 0.00000
vt 0.00000 0.00000
vt 0.00000 0.00000
vt 0.00000 0.00000
vt 0.00000 0.00000
vt 0.00000 0.00000
vt 0.00000 0.00000
vt 0.00000 0.00000
vt 0.00000 0.00000
vt 0.00000 0.00000
vt 0.00000 0.00000
vt 0.00000 0.00000
vt 0.00000 0.00000
vt 0.00000 0.00000
vt 0.00000 0.00000
vt 0.00000 0.00000
vt 0.00000 0.00000
vt 0.00000 0.00000
vt 0.00000 0.00000
vt 0.00000 0.00000
vt 0.00000 0.00000
vt 0.00000 0.00000
vt 0.00000 0.00000
vt 0.00000 0.00000
vt 0.00000 0.00000
vt 0.00000 0.00000
vt 0.00000 0.00000
vt 0.00000 0.00000
vt 0.00000 0.00000
vt 0.00000 0.00000
vt 0.00000 0.00000
vt 0.00000 0.00000
vt 0.00000 0.00000
vt 0.00000 0.00000
vt 0.00000 0.00000
vt 0.00000 0.00000
vt 0.00000 0.00000
vt 0.00000 0.00000
vt 0.00000 0.00000
vt 0.00000 0.00000
vt 0.00000 0.00000
vt 0.00000 0.00000
vt 0.00000 0.00000
vt 0.00000 0.00000
vt 0.00000 0.00000
vt 0.00000 0.00000
vt 0.00000 0.00000
vt 0.00000 0.00000
vt 0.00000 0.00000
vt 0.00000 0.00000
vt 0.00000 0.00000
vt 0.00000 0.00000
vt 0.00000 0.00000
vt 0.00000 0.00000
vt 0.00000 0.00000
vt 0.00000 0.00000
vt 0.00000 0.00000
vt 0.00000 0.00000
vt 0.00000 0.00000
vt 0.00000 0.00000
vt 0.00000 0.00000
vt 0.00000 0.00000
vt 0.00000 0.00000
vt 0.00000 0.00000
vt 0.00000 0.00000
vt 0.00000 0.00000
vt 0.00000 0.00000
vt 0.00000 0.00000
vt 0.00000 0.00000
vt 0.00000 0.00000
vt 0.00000 0.00000
vt 0.00000 0.00000
vt 0.00000 0.00000
vt 0.00000 0.00000
vt 0.00000 0.00000
vt 0.00000 0.00000
vt 0.00000 0.00000
vt 0.00000 0.00000
vt 0.00000 0.00000
vt 0.00000 0.00000
vt 0.00000 0.00000
vt 0.00000 0.00000
vt 0.00000 0.00000
vt 0.00000 0.00000
vt 0.00000 0.00000
vt 0.00000 0.00000
vt 0.00000 0.00000
vt 0.00000 0.00000
vt 0.00000 0.00000
vt 0.00000 0.00000
vt 0.00000 0.00000
vt 0.00000 0.00000
vt 0.00000 0.00000
vt 0.00000 0.00000
vt 0.00000 0.00000
vt 0.00000 0.00000
vt 0.00000 0.00000
vt 0.00000 0.00000
vt 0.00000 0.00000
vt 0.00000 0.00000
vt 0.00000 0.00000
vt 0.00000 0.00000
vt 0.00000 0.00000
vt 0.00000 0.00000
vt 0.00000 0.00000
vt 0.00000 0.00000
vt 0.00000 0.00000
vt 0.00000 0.00000
vt 0.00000 0.00000
vt 0.00000 0.00000
vt 0.00000 0.00000
vt 0.00000 0.00000
vt 0.00000 0.00000
vt 0.00000 0.00000
vt 0.00000 0.00000
vt 0.00000 0.00000
vt 0.00000 0.00000
vt 0.00000 0.00000
vt 0.00000 0.00000
vt 0.00000 0.00000
vt 0.00000 0.00000
vt 0.00000 0.00000
vt 0.00000 0.00000
vt 0.00000 0.00000
vt 0.00000 0.00000
vt 0.00000 0.00000
vt 0.00000 0.00000
vt 0.00000 0.00000
vt 0.00000 0.00000
vt 0.00000 0.00000
vt 0.00000 0.00000
vt 0.00000 0.00000
vt 0.00000 0.00000
vt 0.00000 0.00000
vt 0.00000 0.00000
vt 0.00000 0.00000
vt 0.00000 0.00000
vt 0.00000 0.00000
vt 0.00000 0.00000
vt 0.00000 0.00000
vt 0.00000 0.00000
vt 0.00000 0.00000
vt 0.00000 0.00000
vt 0.00000 0.00000
vt 0.00000 0.00000
vt 0.00000 0.00000
vt 0.00000 0.00000
vt 0.00000 0.00000
vt 0.00000 0.00000
vt 0.00000 0.00000
vt 0.00000 0.00000
vt 0.00000 0.00000
vt 0.00000 0.00000
vt 0.00000 0.00000
vt 0.00000 0.00000
vt 0.00000 0.00000
vt 0.00000 0.00000
vt 0.00000 0.00000
vt 0.00000 0.00000
vt 0.00000 0.00000
vt 0.00000 0.00000
vt 0.00000 0.00000
vt 0.00000 0.00000
vt 0.00000 0.00000
vt 0.00000 0.00000
vt 0.00000 0.00000
vt 0.00000 0.00000
vt 0.00000 0.00000
vt 0.00000 0.00000
vt 0.00000 0.00000
vt 0.00000 0.00000
vt 0.00000 0.00000
vt 0.00000 0.00000
vt 0.00000 0.00000
vt 0.00000 0.00000
vt 0.00000 0.00000
vt 0.00000 0.00000
vt 0.00000 0.00000
vt 0.00000 0.00000
vt 0.00000 0.00000
vt 0.00000 0.00000
vt 0.00000 0.00000
vt 0.00000 0.00000
vt 0.00000 0.00000
vt 0.00000 0.00000
vt 0.00000 0.00000
vt 0.00000 0.00000
vt 0.00000 0.00000
vt 0.00000 0.00000
vt 0.00000 0.00000
vt 0.00000 0.00000
vt 0.00000 0.00000
vt 0.00000 0.00000
vt 0.00000 0.00000
vt 0.00000 0.00000
vt 0.00000 0.00000
vt 0.00000 0.00000
vt 0.00000 0.00000
vt 0.00000 0.00000
vt 0.00000 0.00000
vt 0.00000 0.00000
vt 0.00000 0.00000
vt 0.00000 0.00000
vt 0.00000 0.00000
vt 0.00000 0.00000
vt 0.00000 0.00000
vt 0.00000 0.00000
vt 0.00000 0.00000
vt 0.00000 0.00000
vt 0.00000 0.00000
vt 0.00000 0.00000
vt 0.00000 0.00000
vt 0.00000 0.00000
vt 0.00000 0.00000
vt 0.00000 0.00000
vt 0.00000 0.00000
vt 0.00000 0.00000
vt 0.00000 0.00000
vt 0.00000 0.00000
vt 0.00000 0.00000
vt 0.00000 0.00000
vt 0.00000 0.00000
vt 0.00000 0.00000
vt 0.00000 0.00000
vt 0.00000 0.00000
vt 0.00000 0.00000
vt 0.00000 0.00000
vt 0.00000 0.00000
vt 0.00000 0.00000
vt 0.00000 0.00000
vt 0.00000 0.00000
vt 0.00000 0.00000
vt 0.00000 0.00000
vt 0.00000 0.00000
vt 0.00000 0.00000
vt 0.00000 0.00000
vt 0.00000 0.00000
vt 0.00000 0.00000
vt 0.00000 0.00000
vt 0.00000 0.00000
vt 0.00000 0.00000
vt 0.00000 0.00000
vt 0.00000 0.00000
vt 0.00000 0.00000
vt 0.00000 0.00000
vt 0.00000 0.00000
vt 0.00000 0.00000
vt 0.00000 0.00000
vt 0.00000 0.00000
vt 0.00000 0.00000
vt 0.00000 0.00000
vt 0.00000 0.00000
vt 0.00000 0.00000
vt 0.00000 0.00000
vt 0.00000 0.00000
vt 0.00000 0.00000
vt 0.00000 0.00000
vt 0.00000 0.00000
vt 0.00000 0.00000
vt 0.00000 0.00000
vt 0.00000 0.00000
vt 0.00000 0.00000
vt 0.00000 0.00000
vt 0.00000 0.00000
vt 0.00000 0.00000
vt 0.00000 0.00000
vt 0.00000 0.00000
vt 0.00000 0.00000
vt 0.00000 0.00000
vt 0.00000 0.00000
vt 0.00000 0.00000
vt 0.00000 0.00000
vt 0.00000 0.00000
vt 0.00000 0.00000
vt 0.00000 0.00000
vt 0.00000 0.00000
vt 0.00000 0.00000
vt 0.00000 0.00000
vt 0.00000 0.00000
vt 0.00000 0.00000
vt 0.00000 0.00000
vt 0.00000 0.00000
vt 0.00000 0.00000
vt 0.00000 0.00000
vt 0.00000 0.00000
vt 0.00000 0.00000
vt 0.00000 0.00000
vt 0.00000 0.00000
vt 0.00000 0.00000
vt 0.00000 0.00000
vt 0.00000 0.00000
vt 0.00000 0.00000
vt 0.00000 0.00000
vt 0.00000 0.00000
vt 0.00000 0.00000
vt 0.00000 0.00000
vt 0.00000 0.00000
vt 0.00000 0.00000
vt 0.00000 0.00000
vt 0.00000 0.00000
vt 0.00000 0.00000
vt 0.00000 0.00000
vt 0.00000 0.00000
vt 0.00000 0.00000
vt 0.00000 0.00000
vt 0.00000 0.00000
vt 0.00000 0.00000
vt 0.00000 0.00000
vt 0.00000 0.00000
vt 0.00000 0.00000
vt 0.00000 0.00000
vt 0.00000 0.00000
vt 0.00000 0.00000
vt 0.00000 0.00000
vt 0.00000 0.00000
vt 0.00000 0.00000
vt 0.00000 0.00000
vt 0.00000 0.00000
vt 0.00000 0.00000
vt 0.00000 0.00000
vt 0.00000 0.00000
vt 0.00000 0.00000
vt 0.00000 0.00000
vt 0.00000 0.00000
vt 0.00000 0.00000
vt 0.00000 0.00000
vt 0.00000 0.00000
vt 0.00000 0.00000
vt 0.00000 0.00000
vt 0.00000 0.00000
vt 0.00000 0.00000
vt 0.00000 0.00000
vt 0.00000 0.00000
vt 0.00000 0.00000
vt 0.00000 0.00000
vt 0.00000 0.00000
vt 0.00000 0.00000
vt 0.00000 0.00000
vt 0.00000 0.00000
vt 0.00000 0.00000
vt 0.00000 0.00000
vt 0.00000 0.00000
vt 0.00000 0.00000
vt 0.00000 0.00000
vt 0.00000 0.00000
vt 0.00000 0.00000
vt 0.00000 0.00000
vt 0.00000 0.00000
vt 0.00000 0.00000
vt 0.00000 0.00000
vt 0.00000 0.00000
vt 0.00000 0.00000
vt 0.00000 0.00000
vt 0.00000 0.00000
vt 0.00000 0.00000
vt 0.00000 0.00000
vt 0.00000 0.00000
vt 0.00000 0.00000
vt 0.00000 0.00000
vt 0.00000 0.00000
vt 0.00000 0.00000
vt 0.00000 0.00000
vt 0.00000 0.00000
vt 0.00000 0.00000
vt 0.00000 0.00000
vt 0.00000 0.00000
vt 0.00000 0.00000
vt 0.00000 0.00000
vt 0.00000 0.00000
vt 0.00000 0.00000
vt 0.00000 0.00000
vt 0.00000 0.00000
vt 0.00000 0.00000
vt 0.00000 0.00000
vt 0.00000 0.00000
vt 0.00000 0.00000
vt 0.00000 0.00000
vt 0.00000 0.00000
vt 0.00000 0.00000
vt 0.00000 0.00000
vt 0.00000 0.00000
vt 0.00000 0.00000
vt 0.00000 0.00000
vt 0.00000 0.00000
vt 0.00000 0.00000
vt 0.00000 0.00000
vt 0.00000 0.00000
vt 0.00000 0.00000
vt 0.00000 0.00000
vt 0.00000 0.00000
vt 0.00000 0.00000
vt 0.00000 0.00000
vt 0.00000 0.00000
vt 0.00000 0.00000
vt 0.00000 0.00000
vt 0.00000 0.00000
vt 0.00000 0.00000
vt 0.00000 0.00000
vt 0.00000 0.00000
vt 0.00000 0.00000
vt 0.00000 0.00000
vt 0.00000 0.00000
vt 0.00000 0.00000
vt 0.00000 0.00000
vt 0.00000 0.00000
vt 0.00000 0.00000
vt 0.00000 0.00000
vt 0.00000 0.00000
vt 0.00000 0.00000
vt 0.00000 0.00000
vt 0.00000 0.00000
vt 0.00000 0.00000
vt 0.00000 0.00000
vt 0.00000 0.00000
vt 0.00000 0.00000
vt 0.00000 0.00000
vt 0.00000 0.00000
vt 0.00000 0.00000
vt 0.00000 0.00000
vt 0.00000 0.00000
vt 0.00000 0.00000
vt 0.00000 0.00000
vt 0.00000 0.00000
vt 0.00000 0.00000
vt 0.00000 0.00000
vt 0.00000 0.00000
vt 0.00000 0.00000
vt 0.00000 0.00000
vt 0.00000 0.00000
vt 0.00000 0.00000
vt 0.00000 0.00000
vt 0.00000 0.00000
vt 0.00000 0.00000
vt 0.00000 0.00000
vt 0.00000 0.00000
vt 0.00000 0.00000
vt 0.00000 0.00000
vt 0.00000 0.00000
vt 0.00000 0.00000
vt 0.00000 0.00000
vt 0.00000 0.00000
vt 0.00000 0.00000
vt 0.00000 0.00000
vt 0.00000 0.00000
vt 0.00000 0.00000
vt 0.00000 0.00000
vt 0.00000 0.00000
vt 0.00000 0.00000
vt 0.00000 0.00000
vt 0.00000 0.00000
vt 0.00000 0.00000
vt 0.00000 0.00000
vt 0.00000 0.00000
vt 0.00000 0.00000
vt 0.00000 0.00000
vt 0.00000 0.00000
vt 0.00000 0.00000
vt 0.00000 0.00000
vt 0.00000 0.00000
vt 0.00000 0.00000
vt 0.00000 0.00000
vt 0.00000 0.00000
vt 0.00000 0.00000
vt 0.00000 0.00000
vt 0.00000 0.00000
vt 0.00000 0.00000
vt 0.00000 0.00000
vt 0.00000 0.00000
vt 0.00000 0.00000
vt 0.00000 0.00000
vt 0.00000 0.00000
vt 0.00000 0.00000
vt 0.00000 0.00000
vt 0.00000 0.00000
vt 0.00000 0.00000
vt 0.00000 0.00000
vt 0.00000 0.00000
vt 0.00000 0.00000
vt 0.00000 0.00000
vt 0.00000 0.00000
vt 0.00000 0.00000
vt 0.00000 0.00000
vt 0.00000 0.00000
vt 0.00000 0.00000
vt 0.00000 0.00000
vt 0.00000 0.00000
vt 0.00000 0.00000
vt 0.00000 0.00000
vt 0.00000 0.00000
vt 0.00000 0.00000
vt 0.00000 0.00000
vt 0.00000 0.00000
vt 0.00000 0.00000
vt 0.00000 0.00000
vt 0.00000 0.00000
vt 0.00000 0.00000
vt 0.00000 0.00000
vt 0.00000 0.00000
vt 0.00000 0.00000
vt 0.00000 0.00000
vt 0.00000 0.00000
vt 0.00000 0.00000
vt 0.00000 0.00000
vt 0.00000 0.00000
vt 0.00000 0.00000
vt 0.00000 0.00000
vt 0.00000 0.00000
vt 0.00000 0.00000
vt 0.00000 0.00000
vt 0.00000 0.00000
vt 0.00000 0.00000
vt 0.00000 0.00000
vt 0.00000 0.00000
vt 0.00000 0.00000
vt 0.00000 0.00000
vt 0.00000 0.00000
vt 0.00000 0.00000
vt 0.00000 0.00000
vt 0.00000 0.00000
vt 0.00000 0.00000
vt 0.00000 0.00000
vt 0.00000 0.00000
vt 0.00000 0.00000
vt 0.00000 0.00000
vt 0.00000 0.00000
vt 0.00000 0.00000
vt 0.00000 0.00000
vt 0.00000 0.00000
vt 0.00000 0.00000
vt 0.00000 0.00000
vt 0.00000 0.00000
vt 0.00000 0.00000
vt 0.00000 0.00000
vt 0.00000 0.00000
vt 0.00000 0.00000
vt 0.00000 0.00000
vt 0.00000 0.00000
vt 0.00000 0.00000
vt 0.00000 0.00000
vt 0.00000 0.00000
vt 0.00000 0.00000
vt 0.00000 0.00000
vt 0.00000 0.00000
vt 0.00000 0.00000
vt 0.00000 0.00000
vt 0.00000 0.00000
vt 0.00000 0.00000
vt 0.00000 0.00000
vt 0.00000 0.00000
vt 0.00000 0.00000
vt 0.00000 0.00000
vt 0.00000 0.00000
vt 0.00000 0.00000
vt 0.00000 0.00000
vt 0.00000 0.00000
vt 0.00000 0.00000
vt 0.00000 0.00000
vt 0.00000 0.00000
vt 0.00000 0.00000
vt 0.00000 0.00000
vt 0.00000 0.00000
vt 0.00000 0.00000
vt 0.00000 0.00000
vt 0.00000 0.00000
vt 0.00000 0.00000
vt 0.00000 0.00000
vt 0.00000 0.00000
vt 0.00000 0.00000
vt 0.00000 0.00000
vt 0.00000 0.00000
vt 0.00000 0.00000
vt 0.00000 0.00000
vt 0.00000 0.00000
vt 0.00000 0.00000
vt 0.00000 0.00000
vt 0.00000 0.00000
vt 0.00000 0.00000
vt 0.00000 0.00000
vt 0.00000 0.00000
vt 0.00000 0.00000
vt 0.00000 0.00000
vt 0.00000 0.00000
vt 0.00000 0.00000
vt 0.00000 0.00000
vt 0.00000 0.00000
vt 0.00000 0.00000
vt 0.00000 0.00000
vt 0.00000 0.00000
vt 0.00000 0.00000
vt 0.00000 0.00000
vt 0.00000 0.00000
vt 0.00000 0.00000
vt 0.00000 0.00000
vt 0.00000 0.00000
vt 0.00000 0.00000
vt 0.00000 0.00000
vt 0.00000 0.00000
vt 0.00000 0.00000
vt 0.00000 0.00000
vt 0.00000 0.00000
vt 0.00000 0.00000
vt 0.00000 0.00000
vt 0.00000 0.00000
vt 0.00000 0.00000
vt 0.00000 0.00000
vt 0.00000 0.00000
vt 0.00000 0.00000
vt 0.00000 0.00000
vt 0.00000 0.00000
vt 0.00000 0.00000
vt 0.00000 0.00000
vt 0.00000 0.00000
vt 0.00000 0.00000
vt 0.00000 0.00000
vt 0.00000 0.00000
vt 0.00000 0.00000
vt 0.00000 0.00000
vt 0.00000 0.00000
vt 0.00000 0.00000
vt 0.00000 0.00000
vt 0.00000 0.00000
vt 0.00000 0.00000
vt 0.00000 0.00000
vt 0.00000 0.00000
vt 0.00000 0.00000
vt 0.00000 0.00000
vt 0.00000 0.00000
vt 0.00000 0.00000
vt 0.00000 0.00000
vt 0.00000 0.00000
vt 0.00000 0.00000
vt 0.00000 0.00000
vt 0.00000 0.00000
vt 0.00000 0.00000
vt 0.00000 0.00000
vt 0.00000 0.00000
vt 0.00000 0.00000
vt 0.00000 0.00000
vt 0.00000 0.00000
vt 0.00000 0.00000
vt 0.00000 0.00000
vt 0.00000 0.00000
vt 0.00000 0.00000
vt 0.00000 0.00000
vt 0.00000 0.00000
vt 0.00000 0.00000
vt 0.00000 0.00000
vt 0.00000 0.00000
vt 0.00000 0.00000
vt 0.00000 0.00000
vt 0.00000 0.00000
vt 0.00000 0.00000
vt 0.00000 0.00000
vt 0.00000 0.00000
vt 0.00000 0.00000
vt 0.00000 0.00000
vt 0.00000 0.00000
vt 0.00000 0.00000
vt 0.00000 0.00000
vt 0.00000 0.00000
vt 0.00000 0.00000
vt 0.00000 0.00000
vt 0.00000 0.00000
vt 0.00000 0.00000
vt 0.00000 0.00000
vt 0.00000 0.00000
vt 0.00000 0.00000
vt 0.00000 0.00000
vt 0.00000 0.00000
vt 0.00000 0.00000
vt 0.00000 0.00000
vt 0.00000 0.00000
vt 0.00000 0.00000
vt 0.00000 0.00000
vt 0.00000 0.00000
vt 0.00000 0.00000
vt 0.00000 0.00000
vt 0.00000 0.00000
vt 0.00000 0.00000
vt 0.00000 0.00000
vt 0.00000 0.00000
vt 0.00000 0.00000
vt 0.00000 0.00000
vt 0.00000 0.00000
vt 0.00000 0.00000
vt 0.00000 0.00000
vt 0.00000 0.00000
vt 0.00000 0.00000
vt 0.00000 0.00000
vt 0.00000 0.00000
vt 0.00000 0.00000
vt 0.00000 0.00000
vt 0.00000 0.00000
vt 0.00000 0.00000
vt 0.00000 0.00000
vt 0.00000 0.00000
vt 0.00000 0.00000
vt 0.00000 0.00000
vt 0.00000 0.00000
vt 0.00000 0.00000
vt 0.00000 0.00000
vt 0.00000 0.00000
vt 0.00000 0.00000
vt 0.00000 0.00000
vt 0.00000 0.00000
vt 0.00000 0.00000
vt 0.00000 0.00000
vt 0.00000 0.00000
vt 0.00000 0.00000
vt 0.00000 0.00000
vt 0.00000 0.00000
vt 0.00000 0.00000
vt 0.00000 0.00000
vt 0.00000 0.00000
vt 0.00000 0.00000
vt 0.00000 0.00000
vt 0.00000 0.00000
vt 0.00000 0.00000
vt 0.00000 0.00000
vt 0.00000 0.00000
vt 0.00000 0.00000
vt 0.00000 0.00000
vt 0.00000 0.00000
vt 0.00000 0.00000
vt 0.00000 0.00000
vt 0.00000 0.00000
vt 0.00000 0.00000
vt 0.00000 0.00000
vt 0.00000 0.00000
vt 0.00000 0.00000
vt 0.00000 0.00000
vt 0.00000 0.00000
vt 0.00000 0.00000
vt 0.00000 0.00000
vt 0.00000 0.00000
vt 0.00000 0.00000
vt 0.00000 0.00000
vt 0.00000 0.00000
vt 0.00000 0.00000
vt 0.00000 0.00000
vt 0.00000 0.00000
vt 0.00000 0.00000
vt 0.00000 0.00000
vt 0.00000 0.00000
vt 0.00000 0.00000
vt 0.00000 0.00000
vt 0.00000 0.00000
vt 0.00000 0.00000
vt 0.00000 0.00000
vt 0.00000 0.00000
vt 0.00000 0.00000
vt 0.00000 0.00000
vt 0.00000 0.00000
vt 0.00000 0.00000
vt 0.00000 0.00000
vt 0.00000 0.00000
vt 0.00000 0.00000
vt 0.00000 0.00000
vt 0.00000 0.00000
vt 0.00000 0.00000
vt 0.00000 0.00000
vt 0.00000 0.00000
vt 0.00000 0.00000
vt 0.00000 0.00000
vt 0.00000 0.00000
vt 0.00000 0.00000
vt 0.00000 0.00000
vt 0.00000 0.00000
vt 0.00000 0.00000
vt 0.00000 0.00000
vt 0.00000 0.00000
vt 0.00000 0.00000
vt 0.00000 0.00000
vt 0.00000 0.00000
vt 0.00000 0.00000
vt 0.00000 0.00000
vt 0.00000 0.00000
vt 0.00000 0.00000
vt 0.00000 0.00000
vt 0.00000 0.00000
vt 0.00000 0.00000
vt 0.00000 0.00000
vt 0.00000 0.00000
vt 0.00000 0.00000
vt 0.00000 0.00000
vt 0.00000 0.00000
vt 0.00000 0.00000
vt 0.00000 0.00000
vt 0.00000 0.00000
vt 0.00000 0.00000
vt 0.00000 0.00000
vt 0.00000 0.00000
vt 0.00000 0.00000
vt 0.00000 0.00000
vt 0.00000 0.00000
vt 0.00000 0.00000
vt 0.00000 0.00000
vt 0.00000 0.00000
vt 0.00000 0.00000
vt 0.00000 0.00000
vt 0.00000 0.00000
vt 0.00000 0.00000
vt 0.00000 0.00000
vt 0.00000 0.00000
vt 0.00000 0.00000
vt 0.00000 0.00000
vt 0.00000 0.00000
vt 0.00000 0.00000
vt 0.00000 0.00000
vt 0.00000 0.00000
vt 0.00000 0.00000
vt 0.00000 0.00000
vt 0.00000 0.00000
vt 0.00000 0.00000
vt 0.00000 0.00000
vt 0.00000 0.00000
vt 0.00000 0.00000
vt 0.00000 0.00000
vt 0.00000 0.00000
vt 0.00000 0.00000
vt 0.00000 0.00000
vt 0.00000 0.00000
vt 0.00000 0.00000
vt 0.00000 0.00000
vt 0.00000 0.00000
vt 0.00000 0.00000
vt 0.00000 0.00000
vt 0.00000 0.00000
vt 0.00000 0.00000
vt 0.00000 0.00000
vt 0.00000 0.00000
vt 0.00000 0.00000
vt 0.00000 0.00000
vt 0.00000 0.00000
vt 0.00000 0.00000
vt 0.00000 0.00000
vt 0.00000 0.00000
vt 0.00000 0.00000
vt 0.00000 0.00000
vt 0.00000 0.00000
vt 0.00000 0.00000
vt 0.00000 0.00000
vt 0.00000 0.00000
vt 0.00000 0.00000
vt 0.00000 0.00000
vt 0.00000 0.00000
vt 0.00000 0.00000
vt 0.00000 0.00000
vt 0.00000 0.00000
vt 0.00000 0.00000
vt 0.00000 0.00000
vt 0.00000 0.00000
vt 0.00000 0.00000
vt 0.00000 0.00000
vt 0.00000 0.00000
vt 0.00000 0.00000
vt 0.00000 0.00000
vt 0.00000 0.00000
vt 0.00000 0.00000
vt 0.00000 0.00000
vt 0.00000 0.00000
vt 0.00000 0.00000
vt 0.00000 0.00000
vt 0.00000 0.00000
vt 0.00000 0.00000
vt 0.00000 0.00000
vt 0.00000 0.00000
vt 0.00000 0.00000
vt 0.00000 0.00000
vt 0.00000 0.00000
vt 0.00000 0.00000
vt 0.00000 0.00000
vt 0.00000 0.00000
vt 0.00000 0.00000
vt 0.00000 0.00000
vt 0.00000 0.00000
vt 0.00000 0.00000
vt 0.00000 0.00000
vt 0.00000 0.00000
vt 0.00000 0.00000
vt 0.00000 0.00000
vt 0.00000 0.00000
vt 0.00000 0.00000
vt 0.00000 0.00000
vt 0.00000 0.00000
vt 0.00000 0.00000
vt 0.00000 0.00000
vt 0.00000 0.00000
vt 0.00000 0.00000
vt 0.00000 0.00000
vt 0.00000 0.00000
vt 0.00000 0.00000
vt 0.00000 0.00000
vt 0.00000 0.00000
vt 0.00000 0.00000
vt 0.00000 0.00000
vt 0.00000 0.00000
vt 0.00000 0.00000
vt 0.00000 0.00000
vt 0.00000 0.00000
vt 0.00000 0.00000
vt 0.00000 0.00000
vt 0.00000 0.00000
vt 0.00000 0.00000
vt 0.00000 0.00000
vt 0.00000 0.00000
vt 0.00000 0.00000
vt 0.00000 0.00000
vt 0.00000 0.00000
vt 0.00000 0.00000
vt 0.00000 0.00000
vt 0.00000 0.00000
vt 0.00000 0.00000
vt 0.00000 0.00000
vt 0.00000 0.00000
vt 0.00000 0.00000
vt 0.00000 0.00000
vt 0.00000 0.00000
vt 0.00000 0.00000
vt 0.00000 0.00000
vt 0.00000 0.00000
vt 0.00000 0.00000
vt 0.00000 0.00000
vt 0.00000 0.00000
vt 0.00000 0.00000
vt 0.00000 0.00000
vt 0.00000 0.00000
vt 0.00000 0.00000
vt 0.00000 0.00000
vt 0.00000 0.00000
vt 0.00000 0.00000
vt 0.00000 0.00000
vt 0.00000 0.00000
vt 0.00000 0.00000
vt 0.00000 0.00000
vt 0.00000 0.00000
vt 0.00000 0.00000
vt 0.00000 0.00000
vt 0.00000 0.00000
vt 0.00000 0.00000
vt 0.00000 0.00000
vt 0.00000 0.00000
vt 0.00000 0.00000
vt 0.00000 0.00000
vt 0.00000 0.00000
vt 0.00000 0.00000
vt 0.00000 0.00000
vt 0.00000 0.00000
vt 0.00000 0.00000
vt 0.00000 0.00000
vt 0.00000 0.00000
vt 0.00000 0.00000
vt 0.00000 0.00000
vt 0.00000 0.00000
vt 0.00000 0.00000
vt 0.00000 0.00000
vt 0.00000 0.00000
vt 0.00000 0.00000
vt 0.00000 0.00000
vt 0.00000 0.00000
vt 0.00000 0.00000
vt 0.00000 0.00000
vt 0.00000 0.00000
vt 0.00000 0.00000
vt 0.00000 0.00000
vt 0.00000 0.00000
vt 0.00000 0.00000
vt 0.00000 0.00000
vt 0.00000 0.00000
vt 0.00000 0.00000
vt 0.00000 0.00000
vt 0.00000 0.00000
vt 0.00000 0.00000
vt 0.00000 0.00000
vt 0.00000 0.00000
vt 0.00000 0.00000
vt 0.00000 0.00000
vt 0.00000 0.00000
vt 0.00000 0.00000
vt 0.00000 0.00000
vt 0.00000 0.00000
vt 0.00000 0.00000
vt 0.00000 0.00000
vt 0.00000 0.00000
vt 0.00000 0.00000
vt 0.00000 0.00000
vt 0.00000 0.00000
vt 0.00000 0.00000
vt 0.00000 0.00000
vt 0.00000 0.00000
vt 0.00000 0.00000
vt 0.00000 0.00000
vt 0.00000 0.00000
vt 0.00000 0.00000
vt 0.00000 0.00000
vt 0.00000 0.00000
vt 0.00000 0.00000
vt 0.00000 0.00000
vt 0.00000 0.00000
vt 0.00000 0.00000
vt 0.00000 0.00000
vt 0.00000 0.00000
vt 0.00000 0.00000
vt 0.00000 0.00000
vt 0.00000 0.00000
vt 0.00000 0.00000
vt 0.00000 0.00000
vt 0.00000 0.00000
vt 0.00000 0.00000
vt 0.00000 0.00000
vt 0.00000 0.00000
vt 0.00000 0.00000
vt 0.00000 0.00000
vt 0.00000 0.00000
vt 0.00000 0.00000
vt 0.00000 0.00000
vt 0.00000 0.00000
vt 0.00000 0.00000
vt 0.00000 0.00000
vt 0.00000 0.00000
vt 0.00000 0.00000
vt 0.00000 0.00000
vt 0.00000 0.00000
vt 0.00000 0.00000
vt 0.00000 0.00000
vt 0.00000 0.00000
vt 0.00000 0.00000
vt 0.00000 0.00000
vt 0.00000 0.00000
vt 0.00000 0.00000
vt 0.00000 0.00000
vt 0.00000 0.00000
vt 0.00000 0.00000
vt 0.00000 0.00000
vt 0.00000 0.00000
vt 0.00000 0.00000
vt 0.00000 0.00000
vt 0.00000 0.00000
vt 0.00000 0.00000
vt 0.00000 0.00000
vt 0.00000 0.00000
vt 0.00000 0.00000
vt 0.00000 0.00000
vt 0.00000 0.00000
vt 0.00000 0.00000
vt 0.00000 0.00000
vt 0.00000 0.00000
vt 0.00000 0.00000
vt 0.00000 0.00000
vt 0.00000 0.00000
vt 0.00000 0.00000
vt 0.00000 0.00000
vt 0.00000 0.00000
vt 0.00000 0.00000
vt 0.00000 0.00000
vt 0.00000 0.00000
vt 0.00000 0.00000
vt 0.00000 0.00000
vt 0.00000 0.00000
vt 0.00000 0.00000
vt 0.00000 0.00000
vt 0.00000 0.00000
vt 0.00000 0.00000
vt 0.00000 0.00000
vt 0.00000 0.00000
vt 0.00000 0.00000
vt 0.00000 0.00000
vt 0.00000 0.00000
vt 0.00000 0.00000
vt 0.00000 0.00000
vt 0.00000 0.00000
vt 0.00000 0.00000
vt 0.00000 0.00000
vt 0.00000 0.00000
vt 0.00000 0.00000
vt 0.00000 0.00000
vt 0.00000 0.00000
vt 0.00000 0.00000
vt 0.00000 0.00000
vt 0.00000 0.00000
vt 0.00000 0.00000
vt 0.00000 0.00000
vt 0.00000 0.00000
vt 0.00000 0.00000
vt 0.00000 0.00000
vt 0.00000 0.00000
vt 0.00000 0.00000
vt 0.00000 0.00000
vt 0.00000 0.00000
vt 0.00000 0.00000
vt 0.00000 0.00000
vt 0.00000 0.00000
vt 0.00000 0.00000
vt 0.00000 0.00000
vt 0.00000 0.00000
vt 0.00000 0.00000
vt 0.00000 0.00000
vt 0.00000 0.00000
vt 0.00000 0.00000
vt 0.00000 0.00000
vt 0.00000 0.00000
vt 0.00000 0.00000
vt 0.00000 0.00000
vt 0.00000 0.00000
vt 0.00000 0.00000
vt 0.00000 0.00000
vt 0.00000 0.00000
vt 0.00000 0.00000
vt 0.00000 0.00000
vt 0.00000 0.00000
vt 0.00000 0.00000
vt 0.00000 0.00000
vt 0.00000 0.00000
vt 0.00000 0.00000
vt 0.00000 0.00000
vt 0.00000 0.00000
vt 0.00000 0.00000
vt 0.00000 0.00000
vt 0.00000 0.00000
vt 0.00000 0.00000
vt 0.00000 0.00000
f 5/5 4/4 3/3
f 5/5 3/3 6/6
f 7/7 2/2 1/1
f 7/7 1/1 8/8
f 6/6 41/41 40/40
f 6/6 40/40 5/5
f 7/7 42/42 41/41
f 7/7 41/41 6/6
f 10/10 13/13 12/12
f 10/10 12/12 9/9
f 11/11 14/14 13/13
f 11/11 13/13 10/10
f 22/22 21/21 20/20
f 22/22 20/20 23/23
f 23/23 20/20 19/19
f 23/23 19/19 24/24
f 20/20 17/17 18/18
f 20/20 18/18 19/19
f 28/28 27/27 26/26
f 28/28 26/26 29/29
f 29/29 26/26 25/25
f 29/29 25/25 30/30
f 26/26 23/23 24/24
f 26/26 24/24 25/25
f 27/27 22/22 23/23
f 27/27 23/23 26/26
f 32/32 28/28 29/29
f 32/32 29/29 33/33
f 33/33 29/29 30/30
f 33/33 30/30 34/34
f 15/15 16/16 39/39
f 15/15 39/39 38/38
f 14/14 15/15 38/38
f 14/14 38/38 37/37
f 13/13 14/14 37/37
f 13/13 37/37 36/36
f 12/12 13/13 36/36
f 12/12 36/36 35/35
f 36/36 33/33 34/34
f 36/36 34/34 35/35
f 37/37 32/32 33/33
f 37/37 33/33 36/36
f 38/38 31/31 32/32
f 38/38 32/32 37/37
f 41/41 10/10 9/9
f 41/41 9/9 40/40
f 42/42 11/11 10/10
f 42/42 10/10 41/41
f 5/5 46/46 45/45
f 5/5 45/45 4/4
f 47/47 48/48 43/43
f 47/47 43/43 44/44
f 46/46 5/5 40/40
f 46/46 40/40 71/71
f 47/47 46/46 71/71
f 47/47 71/71 72/72
f 49/49 9/9 12/12
f 49/49 12/12 51/51
f 50/50 49/49 51/51
f 50/50 51/51 52/52
f 58/58 59/59 56/56
f 58/58 56/56 57/57
f 59/59 24/24 19/19
f 59/59 19/19 56/56
f 56/56 19/19 18/18
f 56/56 18/18 55/55
f 62/62 63/63 60/60
f 62/62 60/60 61/61
f 63/63 30/30 25/25
f 63/63 25/25 60/60
f 60/60 25/25 24/24
f 60/60 24/24 59/59
f 61/61 60/60 59/59
f 61/61 59/59 58/58
f 65/65 66/66 63/63
f 65/65 63/63 62/62
f 66/66 34/34 30/30
f 66/66 30/30 63/63
f 53/53 69/69 70/70
f 53/53 70/70 54/54
f 52/52 68/68 69/69
f 52/52 69/69 53/53
f 51/51 67/67 68/68
f 51/51 68/68 52/52
f 12/12 35/35 67/67
f 12/12 67/67 51/51
f 67/67 35/35 34/34
f 67/67 34/34 66/66
f 68/68 67/67 66/66
f 68/68 66/66 65/65
f 69/69 68/68 65/65
f 69/69 65/65 64/64
f 71/71 40/40 9/9
f 71/71 9/9 49/49
f 72/72 71/71 49/49
f 72/72 49/49 50/50
f 159/159 168/168 167/167
f 159/159 167/167 160/160
f 158/158 169/169 168/168
f 158/158 168/168 159/159
f 152/152 175/175 174/174
f 152/152 174/174 153/153
f 151/151 176/176 175/175
f 151/151 175/175 152/152
f 148/148 179/179 178/178
f 148/148 178/178 149/149
f 160/160 167/167 186/186
f 160/160 186/186 161/161
f 187/187 106/106 107/107
f 187/187 107/107 188/188
f 188/188 107/107 108/108
f 188/188 108/108 189/189
f 196/196 124/124 106/106
f 196/196 106/106 187/187
f 583/583 582/582 132/132
f 583/583 132/132 128/128
f 132/132 194/194 193/193
f 132/132 193/193 128/128
f 184/184 183/183 164/164
f 184/184 164/164 163/163
f 547/547 77/77 586/586
f 547/547 586/586 585/585
f 83/83 77/77 547/547
f 83/83 547/547 546/546
f 166/166 181/181 82/82
f 166/166 82/82 80/80
f 177/177 176/176 151/151
f 177/177 151/151 150/150
f 178/178 177/177 150/150
f 178/178 150/150 149/149
f 79/79 81/81 180/180
f 79/79 180/180 147/147
f 180/180 179/179 148/148
f 180/180 148/148 147/147
f 182/182 181/181 166/166
f 182/182 166/166 165/165
f 137/137 132/132 582/582
f 137/137 582/582 581/581
f 194/194 132/132 137/137
f 194/194 137/137 195/195
f 162/162 185/185 184/184
f 162/162 184/184 163/163
f 128/128 111/111 584/584
f 128/128 584/584 583/583
f 192/192 111/111 128/128
f 192/192 128/128 193/193
f 183/183 182/182 165/165
f 183/183 165/165 164/164
f 186/186 185/185 162/162
f 186/186 162/162 161/161
f 195/195 137/137 124/124
f 195/195 124/124 196/196
f 124/124 137/137 581/581
f 124/124 581/581 580/580
f 173/173 172/172 155/155
f 173/173 155/155 154/154
f 172/172 171/171 156/156
f 172/172 156/156 155/155
f 171/171 170/170 157/157
f 171/171 157/157 156/156
f 174/174 173/173 154/154
f 174/174 154/154 153/153
f 120/120 75/75 79/79
f 120/120 79/79 147/147
f 119/119 120/120 147/147
f 119/119 147/147 148/148
f 149/149 116/116 119/119
f 149/149 119/119 148/148
f 114/114 116/116 149/149
f 114/114 149/149 150/150
f 151/151 105/105 114/114
f 151/151 114/114 150/150
f 154/154 139/139 145/145
f 154/154 145/145 153/153
f 155/155 141/141 139/139
f 155/155 139/139 154/154
f 156/156 143/143 141/141
f 156/156 141/141 155/155
f 109/109 143/143 156/156
f 109/109 156/156 157/157
f 159/159 103/103 104/104
f 159/159 104/104 158/158
f 160/160 102/102 103/103
f 160/160 103/103 159/159
f 161/161 125/125 102/102
f 161/161 102/102 160/160
f 162/162 136/136 125/125
f 162/162 125/125 161/161
f 163/163 133/133 136/136
f 163/163 136/136 162/162
f 133/133 163/163 164/164
f 133/133 164/164 129/129
f 165/165 112/112 129/129
f 165/165 129/129 164/164
f 80/80 76/76 545/545
f 80/80 545/545 166/166
f 98/98 97/97 167/167
f 98/98 167/167 168/168
f 99/99 98/98 168/168
f 99/99 168/168 169/169
f 144/144 110/110 170/170
f 144/144 170/170 171/171
f 144/144 171/171 172/172
f 144/144 172/172 142/142
f 142/142 172/172 173/173
f 142/142 173/173 140/140
f 140/140 173/173 174/174
f 140/140 174/174 146/146
f 175/175 100/100 146/146
f 175/175 146/146 174/174
f 176/176 101/101 100/100
f 176/176 100/100 175/175
f 101/101 176/176 177/177
f 101/101 177/177 115/115
f 178/178 117/117 115/115
f 178/178 115/115 177/177
f 117/117 178/178 179/179
f 117/117 179/179 118/118
f 180/180 121/121 118/118
f 180/180 118/118 179/179
f 81/81 74/74 121/121
f 81/81 121/121 180/180
f 73/73 82/82 181/181
f 73/73 181/181 123/123
f 182/182 113/113 123/123
f 182/182 123/123 181/181
f 113/113 182/182 183/183
f 113/113 183/183 130/130
f 184/184 134/134 130/130
f 184/184 130/130 183/183
f 134/134 184/184 185/185
f 134/134 185/185 135/135
f 186/186 126/126 135/135
f 186/186 135/135 185/185
f 167/167 97/97 126/126
f 167/167 126/126 186/186
f 102/102 187/187 188/188
f 102/102 188/188 103/103
f 103/103 188/188 189/189
f 103/103 189/189 104/104
f 119/119 116/116 190/190
f 119/119 190/190 191/191
f 545/545 76/76 83/83
f 545/545 83/83 546/546
f 129/129 112/112 192/192
f 129/129 192/192 193/193
f 194/194 133/133 129/129
f 194/194 129/129 193/193
f 136/136 133/133 194/194
f 136/136 194/194 195/195
f 125/125 136/136 195/195
f 125/125 195/195 196/196
f 102/102 125/125 196/196
f 102/102 196/196 187/187
f 84/84 198/198 197/197
f 84/84 197/197 91/91
f 85/85 199/199 198/198
f 85/85 198/198 84/84
f 197/197 198/198 201/201
f 197/197 201/201 200/200
f 200/200 201/201 203/203
f 200/200 203/203 202/202
f 204/204 200/200 202/202
f 204/204 202/202 205/205
f 206/206 197/197 200/200
f 206/206 200/200 204/204
f 206/206 87/87 91/91
f 206/206 91/91 197/197
f 207/207 86/86 87/87
f 207/207 87/87 206/206
f 93/93 209/209 208/208
f 93/93 208/208 92/92
f 93/93 96/96 210/210
f 93/93 210/210 209/209
f 210/210 96/96 95/95
f 210/210 95/95 211/211
f 211/211 95/95 94/94
f 211/211 94/94 212/212
f 213/213 212/212 215/215
f 213/213 215/215 214/214
f 216/216 213/213 214/214
f 216/216 214/214 217/217
f 218/218 220/220 219/219
f 218/218 219/219 216/216
f 221/221 213/213 216/216
f 221/221 216/216 219/219
f 222/222 218/218 216/216
f 222/222 216/216 217/217
f 215/215 224/224 223/223
f 215/215 223/223 214/214
f 214/214 223/223 225/225
f 214/214 225/225 217/217
f 211/211 212/212 213/213
f 211/211 213/213 221/221
f 212/212 94/94 89/89
f 212/212 89/89 215/215
f 90/90 224/224 215/215
f 90/90 215/215 89/89
f 90/90 88/88 226/226
f 90/90 226/226 224/224
f 227/227 210/210 211/211
f 227/227 211/211 221/221
f 228/228 227/227 221/221
f 228/228 221/221 219/219
f 229/229 230/230 227/227
f 229/229 227/227 228/228
f 231/231 229/229 233/233
f 231/231 233/233 232/232
f 234/234 230/230 229/229
f 234/234 229/229 231/231
f 235/235 233/233 229/229
f 235/235 229/229 228/228
f 220/220 235/235 228/228
f 220/220 228/228 219/219
f 230/230 209/209 210/210
f 230/230 210/210 227/227
f 236/236 209/209 230/230
f 236/236 230/230 234/234
f 237/237 236/236 234/234
f 237/237 234/234 238/238
f 239/239 236/236 237/237
f 239/239 237/237 240/240
f 208/208 209/209 236/236
f 208/208 236/236 239/239
f 244/244 246/246 242/242
f 244/244 242/242 245/245
f 242/242 246/246 247/247
f 242/242 247/247 241/241
f 248/248 251/251 250/250
f 248/248 250/250 249/249
f 252/252 254/254 248/248
f 252/252 248/248 253/253
f 255/255 256/256 254/254
f 255/255 254/254 252/252
f 257/257 259/259 255/255
f 257/257 255/255 258/258
f 260/260 257/257 258/258
f 260/260 258/258 261/261
f 262/262 263/263 257/257
f 262/262 257/257 260/260
f 264/264 265/265 263/263
f 264/264 263/263 262/262
f 266/266 267/267 265/265
f 266/266 265/265 264/264
f 268/268 269/269 267/267
f 268/268 267/267 266/266
f 270/270 271/271 269/269
f 270/270 269/269 268/268
f 272/272 273/273 271/271
f 272/272 271/271 270/270
f 274/274 270/270 268/268
f 274/274 268/268 275/275
f 276/276 272/272 270/270
f 276/276 270/270 274/274
f 269/269 278/278 277/277
f 269/269 277/277 267/267
f 271/271 279/279 278/278
f 271/271 278/278 269/269
f 275/275 268/268 266/266
f 275/275 266/266 280/280
f 280/280 266/266 264/264
f 280/280 264/264 281/281
f 282/282 280/280 281/281
f 282/282 281/281 283/283
f 284/284 275/275 280/280
f 284/284 280/280 282/282
f 265/265 286/286 285/285
f 265/265 285/285 263/263
f 263/263 285/285 259/259
f 263/263 259/259 257/257
f 285/285 288/288 287/287
f 285/285 287/287 259/259
f 259/259 287/287 256/256
f 259/259 256/256 255/255
f 277/277 290/290 289/289
f 277/277 289/289 286/286
f 288/288 289/289 290/290
f 288/288 290/290 291/291
f 286/286 289/289 288/288
f 286/286 288/288 285/285
f 267/267 277/277 286/286
f 267/267 286/286 265/265
f 281/281 264/264 262/262
f 281/281 262/262 292/292
f 292/292 262/262 260/260
f 292/292 260/260 293/293
f 293/293 260/260 261/261
f 293/293 261/261 294/294
f 295/295 294/294 297/297
f 295/295 297/297 296/296
f 298/298 293/293 294/294
f 298/298 294/294 295/295
f 294/294 261/261 299/299
f 294/294 299/299 297/297
f 300/300 292/292 293/293
f 300/300 293/293 298/298
f 283/283 281/281 292/292
f 283/283 292/292 300/300
f 301/301 302/302 300/300
f 301/301 300/300 298/298
f 303/303 283/283 300/300
f 303/303 300/300 302/302
f 261/261 258/258 304/304
f 261/261 304/304 299/299
f 304/304 252/252 253/253
f 304/304 253/253 305/305
f 306/306 305/305 308/308
f 306/306 308/308 307/307
f 297/297 299/299 306/306
f 297/297 306/306 309/309
f 310/310 309/309 312/312
f 310/310 312/312 311/311
f 218/218 296/296 310/310
f 218/218 310/310 220/220
f 296/296 297/297 309/309
f 296/296 309/309 310/310
f 220/220 310/310 311/311
f 220/220 311/311 235/235
f 312/312 307/307 314/314
f 312/312 314/314 313/313
f 311/311 312/312 313/313
f 311/311 313/313 315/315
f 309/309 306/306 307/307
f 309/309 307/307 312/312
f 299/299 304/304 305/305
f 299/299 305/305 306/306
f 308/308 318/318 317/317
f 308/308 317/317 316/316
f 316/316 317/317 320/320
f 316/316 320/320 319/319
f 319/319 320/320 322/322
f 319/319 322/322 321/321
f 323/323 319/319 321/321
f 323/323 321/321 324/324
f 314/314 316/316 319/319
f 314/314 319/319 323/323
f 318/318 249/249 325/325
f 318/318 325/325 317/317
f 317/317 325/325 326/326
f 317/317 326/326 320/320
f 307/307 308/308 316/316
f 307/307 316/316 314/314
f 305/305 253/253 318/318
f 305/305 318/318 308/308
f 253/253 248/248 249/249
f 253/253 249/249 318/318
f 258/258 255/255 252/252
f 258/258 252/252 304/304
f 256/256 328/328 327/327
f 256/256 327/327 254/254
f 329/329 330/330 327/327
f 329/329 327/327 328/328
f 291/291 332/332 331/331
f 291/291 331/331 329/329
f 330/330 329/329 331/331
f 330/330 331/331 333/333
f 250/250 330/330 333/333
f 250/250 333/333 334/334
f 335/335 336/336 250/250
f 335/335 250/250 334/334
f 337/337 338/338 336/336
f 337/337 336/336 335/335
f 339/339 337/337 335/335
f 339/339 335/335 340/340
f 341/341 337/337 339/339
f 341/341 339/339 342/342
f 322/322 338/338 337/337
f 322/322 337/337 341/341
f 338/338 326/326 325/325
f 338/338 325/325 336/336
f 336/336 325/325 249/249
f 336/336 249/249 250/250
f 340/340 335/335 334/334
f 340/340 334/334 343/343
f 334/334 333/333 344/344
f 334/334 344/344 343/343
f 343/343 344/344 346/346
f 343/343 346/346 345/345
f 347/347 340/340 343/343
f 347/347 343/343 345/345
f 251/251 327/327 330/330
f 251/251 330/330 250/250
f 248/248 254/254 327/327
f 248/248 327/327 251/251
f 332/332 349/349 348/348
f 332/332 348/348 331/331
f 290/290 350/350 332/332
f 290/290 332/332 291/291
f 350/350 351/351 349/349
f 350/350 349/349 332/332
f 351/351 353/353 352/352
f 351/351 352/352 349/349
f 279/279 351/351 350/350
f 279/279 350/350 278/278
f 354/354 353/353 351/351
f 354/354 351/351 279/279
f 349/349 352/352 355/355
f 349/349 355/355 348/348
f 353/353 357/357 356/356
f 353/353 356/356 352/352
f 352/352 356/356 358/358
f 352/352 358/358 355/355
f 278/278 350/350 290/290
f 278/278 290/290 277/277
f 333/333 331/331 348/348
f 333/333 348/348 344/344
f 256/256 287/287 329/329
f 256/256 329/329 328/328
f 287/287 288/288 291/291
f 287/287 291/291 329/329
f 207/207 226/226 88/88
f 207/207 88/88 86/86
f 235/235 311/311 315/315
f 235/235 315/315 233/233
f 233/233 315/315 359/359
f 233/233 359/359 232/232
f 315/315 313/313 360/360
f 315/315 360/360 359/359
f 360/360 323/323 324/324
f 360/360 324/324 361/361
f 361/361 324/324 363/363
f 361/361 363/363 362/362
f 362/362 363/363 365/365
f 362/362 365/365 364/364
f 364/364 365/365 367/367
f 364/364 367/367 366/366
f 366/366 367/367 369/369
f 366/366 369/369 368/368
f 368/368 369/369 371/371
f 368/368 371/371 370/370
f 372/372 370/370 524/524
f 372/372 524/524 523/523
f 375/375 377/377 376/376
f 375/375 376/376 372/372
f 377/377 375/375 379/379
f 377/377 379/379 378/378
f 522/522 375/375 372/372
f 522/522 372/372 523/523
f 375/375 522/522 521/521
f 375/375 521/521 379/379
f 382/382 366/366 368/368
f 382/382 368/368 376/376
f 376/376 368/368 370/370
f 376/376 370/370 372/372
f 383/383 382/382 376/376
f 383/383 376/376 377/377
f 373/373 374/374 385/385
f 373/373 385/385 384/384
f 380/380 373/373 384/384
f 380/380 384/384 386/386
f 370/370 371/371 525/525
f 370/370 525/525 524/524
f 371/371 389/389 526/526
f 371/371 526/526 525/525
f 387/387 388/388 391/391
f 387/387 391/391 390/390
f 374/374 387/387 390/390
f 374/374 390/390 385/385
f 367/367 393/393 392/392
f 367/367 392/392 369/369
f 365/365 394/394 393/393
f 365/365 393/393 367/367
f 363/363 395/395 394/394
f 363/363 394/394 365/365
f 393/393 397/397 396/396
f 393/393 396/396 392/392
f 394/394 342/342 397/397
f 394/394 397/397 393/393
f 369/369 392/392 389/389
f 369/369 389/389 371/371
f 398/398 364/364 366/366
f 398/398 366/366 382/382
f 399/399 362/362 364/364
f 399/399 364/364 398/398
f 400/400 361/361 362/362
f 400/400 362/362 399/399
f 359/359 360/360 361/361
f 359/359 361/361 400/400
f 401/401 400/400 399/399
f 401/401 399/399 402/402
f 403/403 231/231 232/232
f 403/403 232/232 401/401
f 232/232 359/359 400/400
f 232/232 400/400 401/401
f 404/404 403/403 401/401
f 404/404 401/401 402/402
f 402/402 399/399 398/398
f 402/402 398/398 405/405
f 405/405 398/398 382/382
f 405/405 382/382 383/383
f 406/406 405/405 383/383
f 406/406 383/383 407/407
f 408/408 406/406 407/407
f 408/408 407/407 409/409
f 408/408 410/410 404/404
f 408/408 404/404 406/406
f 406/406 404/404 402/402
f 406/406 402/402 405/405
f 313/313 314/314 323/323
f 313/313 323/323 360/360
f 411/411 303/303 412/412
f 411/411 412/412 205/205
f 413/413 284/284 282/282
f 413/413 282/282 411/411
f 202/202 203/203 414/414
f 202/202 414/414 413/413
f 415/415 417/417 416/416
f 415/415 416/416 414/414
f 418/418 415/415 420/420
f 418/418 420/420 419/419
f 419/419 422/422 421/421
f 419/419 421/421 418/418
f 420/420 424/424 423/423
f 420/420 423/423 419/419
f 203/203 201/201 424/424
f 203/203 424/424 420/420
f 201/201 198/198 425/425
f 201/201 425/425 424/424
f 426/426 425/425 428/428
f 426/426 428/428 427/427
f 429/429 430/430 426/426
f 429/429 426/426 427/427
f 426/426 430/430 431/431
f 426/426 431/431 423/423
f 424/424 425/425 426/426
f 424/424 426/426 423/423
f 428/428 425/425 198/198
f 428/428 198/198 199/199
f 415/415 414/414 203/203
f 415/415 203/203 420/420
f 423/423 431/431 422/422
f 423/423 422/422 419/419
f 431/431 542/542 541/541
f 431/431 541/541 422/422
f 422/422 541/541 540/540
f 422/422 540/540 421/421
f 540/540 539/539 435/435
f 540/540 435/435 421/421
f 437/437 438/438 436/436
f 437/437 436/436 434/434
f 437/437 434/434 432/432
f 437/437 432/432 439/439
f 539/539 538/538 440/440
f 539/539 440/440 435/435
f 435/435 440/440 443/443
f 435/435 443/443 442/442
f 421/421 435/435 442/442
f 421/421 442/442 418/418
f 432/432 433/433 444/444
f 432/432 444/444 439/439
f 445/445 447/447 444/444
f 445/445 444/444 446/446
f 448/448 445/445 450/450
f 448/448 450/450 449/449
f 451/451 447/447 445/445
f 451/451 445/445 448/448
f 450/450 445/445 446/446
f 450/450 446/446 452/452
f 447/447 453/453 439/439
f 447/447 439/439 444/444
f 453/453 454/454 437/437
f 453/453 437/437 439/439
f 455/455 453/453 447/447
f 455/455 447/447 451/451
f 456/456 454/454 453/453
f 456/456 453/453 455/455
f 444/444 433/433 457/457
f 444/444 457/457 446/446
f 430/430 543/543 542/542
f 430/430 542/542 431/431
f 544/544 543/543 430/430
f 544/544 430/430 429/429
f 452/452 446/446 457/457
f 452/452 457/457 458/458
f 418/418 442/442 417/417
f 418/418 417/417 415/415
f 442/442 443/443 276/276
f 442/442 276/276 417/417
f 417/417 276/276 274/274
f 417/417 274/274 416/416
f 416/416 274/274 275/275
f 416/416 275/275 284/284
f 414/414 416/416 284/284
f 414/414 284/284 413/413
f 205/205 202/202 413/413
f 205/205 413/413 411/411
f 411/411 282/282 283/283
f 411/411 283/283 303/303
f 459/459 461/461 460/460
f 459/459 460/460 412/412
f 459/459 302/302 301/301
f 459/459 301/301 225/225
f 461/461 459/459 225/225
f 461/461 225/225 223/223
f 226/226 461/461 223/223
f 226/226 223/223 224/224
f 461/461 226/226 207/207
f 461/461 207/207 460/460
f 412/412 460/460 204/204
f 412/412 204/204 205/205
f 460/460 207/207 206/206
f 460/460 206/206 204/204
f 303/303 302/302 459/459
f 303/303 459/459 412/412
f 463/463 464/464 381/381
f 463/463 381/381 462/462
f 467/467 468/468 465/465
f 467/467 465/465 466/466
f 469/469 470/470 519/519
f 469/469 519/519 518/518
f 243/243 471/471 470/470
f 243/243 470/470 469/469
f 470/470 471/471 473/473
f 470/470 473/473 472/472
f 379/379 472/472 473/473
f 379/379 473/473 378/378
f 521/521 520/520 472/472
f 521/521 472/472 379/379
f 520/520 519/519 470/470
f 520/520 470/470 472/472
f 471/471 247/247 409/409
f 471/471 409/409 473/473
f 241/241 247/247 471/471
f 241/241 471/471 243/243
f 465/465 468/468 464/464
f 465/465 464/464 463/463
f 462/462 381/381 380/380
f 462/462 380/380 386/386
f 476/476 478/478 477/477
f 476/476 477/477 475/475
f 483/483 484/484 482/482
f 483/483 482/482 481/481
f 389/389 485/485 527/527
f 389/389 527/527 526/526
f 392/392 396/396 485/485
f 392/392 485/485 389/389
f 486/486 487/487 485/485
f 486/486 485/485 396/396
f 486/486 489/489 347/347
f 486/486 347/347 488/488
f 488/488 347/347 345/345
f 488/488 345/345 490/490
f 491/491 492/492 488/488
f 491/491 488/488 490/490
f 492/492 487/487 486/486
f 492/492 486/486 488/488
f 489/489 339/339 340/340
f 489/489 340/340 347/347
f 397/397 489/489 486/486
f 397/397 486/486 396/396
f 342/342 339/339 489/489
f 342/342 489/489 397/397
f 485/485 487/487 528/528
f 485/485 528/528 527/527
f 529/529 528/528 487/487
f 529/529 487/487 492/492
f 491/491 530/530 529/529
f 491/491 529/529 492/492
f 388/388 483/483 481/481
f 388/388 481/481 391/391
f 493/493 495/495 494/494
f 493/493 494/494 480/480
f 491/491 496/496 531/531
f 491/491 531/531 530/530
f 490/490 497/497 496/496
f 490/490 496/496 491/491
f 346/346 355/355 358/358
f 346/346 358/358 497/497
f 497/497 358/358 498/498
f 497/497 498/498 496/496
f 499/499 498/498 358/358
f 499/499 358/358 356/356
f 499/499 533/533 532/532
f 499/499 532/532 498/498
f 496/496 498/498 532/532
f 496/496 532/532 531/531
f 345/345 346/346 497/497
f 345/345 497/497 490/490
f 494/494 495/495 500/500
f 494/494 500/500 501/501
f 501/501 500/500 503/503
f 501/501 503/503 502/502
f 535/535 534/534 505/505
f 535/535 505/505 504/504
f 504/504 505/505 357/357
f 504/504 357/357 506/506
f 507/507 504/504 506/506
f 507/507 506/506 508/508
f 536/536 535/535 504/504
f 536/536 504/504 507/507
f 505/505 534/534 533/533
f 505/505 533/533 499/499
f 510/510 501/501 502/502
f 510/510 502/502 509/509
f 511/511 510/510 509/509
f 511/511 509/509 512/512
f 478/478 513/513 510/510
f 478/478 510/510 511/511
f 513/513 494/494 501/501
f 513/513 501/501 510/510
f 480/480 494/494 513/513
f 480/480 513/513 479/479
f 479/479 513/513 478/478
f 479/479 478/478 476/476
f 477/477 478/478 511/511
f 477/477 511/511 514/514
f 514/514 511/511 512/512
f 514/514 512/512 441/441
f 438/438 514/514 441/441
f 438/438 441/441 436/436
f 515/515 477/477 514/514
f 515/515 514/514 438/438
f 475/475 477/477 515/515
f 475/475 515/515 474/474
f 454/454 515/515 438/438
f 454/454 438/438 437/437
f 474/474 515/515 454/454
f 474/474 454/454 456/456
f 237/237 244/244 245/245
f 237/237 245/245 240/240
f 301/301 222/222 217/217
f 301/301 217/217 225/225
f 301/301 298/298 295/295
f 301/301 295/295 222/222
f 222/222 295/295 296/296
f 222/222 296/296 218/218
f 378/378 407/407 383/383
f 378/378 383/383 377/377
f 473/473 409/409 407/407
f 473/473 407/407 378/378
f 410/410 238/238 403/403
f 410/410 403/403 404/404
f 238/238 234/234 231/231
f 238/238 231/231 403/403
f 246/246 408/408 409/409
f 246/246 409/409 247/247
f 246/246 244/244 410/410
f 246/246 410/410 408/408
f 244/244 237/237 238/238
f 244/244 238/238 410/410
f 538/538 537/537 516/516
f 538/538 516/516 440/440
f 537/537 536/536 507/507
f 537/537 507/507 516/516
f 516/516 507/507 508/508
f 516/516 508/508 517/517
f 517/517 508/508 273/273
f 517/517 273/273 272/272
f 443/443 517/517 272/272
f 443/443 272/272 276/276
f 440/440 516/516 517/517
f 440/440 517/517 443/443
f 324/324 321/321 395/395
f 324/324 395/395 363/363
f 508/508 506/506 354/354
f 508/508 354/354 273/273
f 506/506 357/357 353/353
f 506/506 353/353 354/354
f 273/273 354/354 279/279
f 273/273 279/279 271/271
f 320/320 326/326 338/338
f 320/320 338/338 322/322
f 321/321 322/322 341/341
f 321/321 341/341 395/395
f 395/395 341/341 342/342
f 395/395 342/342 394/394
f 357/357 505/505 499/499
f 357/357 499/499 356/356
f 344/344 348/348 355/355
f 344/344 355/355 346/346
f 85/85 73/73 123/123
f 85/85 123/123 199/199
f 113/113 428/428 199/199
f 113/113 199/199 123/123
f 130/130 427/427 428/428
f 130/130 428/428 113/113
f 134/134 429/429 427/427
f 134/134 427/427 130/130
f 429/429 134/134 135/135
f 429/429 135/135 544/544
f 97/97 452/452 458/458
f 97/97 458/458 126/126
f 98/98 450/450 452/452
f 98/98 452/452 97/97
f 449/449 450/450 98/98
f 449/449 98/98 99/99
f 144/144 467/467 466/466
f 144/144 466/466 110/110
f 140/140 469/469 518/518
f 140/140 518/518 142/142
f 146/146 243/243 469/469
f 146/146 469/469 140/140
f 100/100 241/241 243/243
f 100/100 243/243 146/146
f 101/101 242/242 241/241
f 101/101 241/241 100/100
f 115/115 245/245 242/242
f 115/115 242/242 101/101
f 117/117 240/240 245/245
f 117/117 245/245 115/115
f 240/240 117/117 118/118
f 240/240 118/118 239/239
f 239/239 118/118 121/121
f 239/239 121/121 208/208
f 74/74 92/92 208/208
f 74/74 208/208 121/121
f 518/518 467/467 144/144
f 518/518 144/144 142/142
f 519/519 468/468 467/467
f 519/519 467/467 518/518
f 464/464 468/468 519/519
f 464/464 519/519 520/520
f 381/381 464/464 520/520
f 381/381 520/520 521/521
f 522/522 380/380 381/381
f 522/522 381/381 521/521
f 380/380 522/522 523/523
f 380/380 523/523 373/373
f 524/524 374/374 373/373
f 524/524 373/373 523/523
f 525/525 387/387 374/374
f 525/525 374/374 524/524
f 526/526 388/388 387/387
f 526/526 387/387 525/525
f 527/527 483/483 388/388
f 527/527 388/388 526/526
f 528/528 484/484 483/483
f 528/528 483/483 527/527
f 482/482 484/484 528/528
f 482/482 528/528 529/529
f 530/530 579/579 482/482
f 530/530 482/482 529/529
f 578/578 531/531 493/493
f 532/532 495/495 493/493
f 532/532 493/493 531/531
f 533/533 500/500 495/495
f 533/533 495/495 532/532
f 534/534 503/503 500/500
f 534/534 500/500 533/533
f 502/502 503/503 534/534
f 502/502 534/534 535/535
f 509/509 502/502 535/535
f 509/509 535/535 536/536
f 512/512 509/509 536/536
f 512/512 536/536 537/537
f 441/441 512/512 537/537
f 441/441 537/537 538/538
f 436/436 441/441 538/538
f 436/436 538/538 539/539
f 434/434 436/436 539/539
f 434/434 539/539 540/540
f 541/541 432/432 434/434
f 541/541 434/434 540/540
f 542/542 433/433 432/432
f 542/542 432/432 541/541
f 543/543 457/457 433/433
f 543/543 433/433 542/542
f 458/458 457/457 543/543
f 458/458 543/543 544/544
f 135/135 126/126 458/458
f 135/135 458/458 544/544
f 112/112 165/165 166/166
f 112/112 166/166 545/545
f 192/192 112/112 545/545
f 192/192 545/545 546/546
f 111/111 192/192 546/546
f 111/111 546/546 547/547
f 585/585 584/584 111/111
f 585/585 111/111 547/547
f 551/551 552/552 553/553
f 551/551 553/553 550/550
f 552/552 555/555 554/554
f 552/552 554/554 553/553
f 555/555 556/556 557/557
f 555/555 557/557 554/554
f 556/556 571/571 570/570
f 556/556 570/570 557/557
f 558/558 560/560 561/561
f 558/558 561/561 559/559
f 559/559 563/563 562/562
f 559/559 562/562 558/558
f 560/560 575/575 574/574
f 560/560 574/574 561/561
f 563/563 564/564 565/565
f 563/563 565/565 562/562
f 564/564 566/566 567/567
f 564/564 567/567 565/565
f 566/566 569/569 568/568
f 566/566 568/568 567/567
f 569/569 570/570 571/571
f 569/569 571/571 568/568
f 572/572 574/574 575/575
f 572/572 575/575 573/573
f 573/573 576/576 577/577
f 573/573 577/577 572/572
f 576/576 579/579 578/578
f 576/576 578/578 577/577
f 170/170 555/555 552/552
f 170/170 552/552 157/157
f 554/554 169/169 158/158
f 554/554 158/158 553/553
f 551/551 109/109 157/157
f 551/551 157/157 552/552
f 158/158 104/104 550/550
f 158/158 550/550 553/553
f 99/99 169/169 554/554
f 99/99 554/554 557/557
f 170/170 110/110 556/556
f 170/170 556/556 555/555
f 104/104 189/189 549/549
f 104/104 549/549 550/550
f 384/384 385/385 560/560
f 384/384 560/560 558/558
f 386/386 384/384 558/558
f 386/386 558/558 562/562
f 563/563 456/456 455/455
f 563/563 455/455 564/564
f 564/564 455/455 451/451
f 564/564 451/451 566/566
f 567/567 463/463 462/462
f 567/567 462/462 565/565
f 565/565 462/462 386/386
f 565/565 386/386 562/562
f 568/568 465/465 463/463
f 568/568 463/463 567/567
f 466/466 465/465 568/568
f 466/466 568/568 571/571
f 569/569 448/448 449/449
f 569/569 449/449 570/570
f 566/566 451/451 448/448
f 566/566 448/448 569/569
f 559/559 474/474 456/456
f 559/559 456/456 563/563
f 561/561 475/475 474/474
f 561/561 474/474 559/559
f 572/572 479/479 476/476
f 572/572 476/476 574/574
f 577/577 480/480 479/479
f 577/577 479/479 572/572
f 481/481 482/482 579/579
f 481/481 579/579 576/576
f 391/391 481/481 576/576
f 391/391 576/576 573/573
f 578/578 493/493 480/480
f 578/578 480/480 577/577
f 390/390 391/391 573/573
f 390/390 573/573 575/575
f 574/574 476/476 475/475
f 574/574 475/475 561/561
f 385/385 390/390 575/575
f 385/385 575/575 560/560
f 570/570 449/449 99/99
f 570/570 99/99 557/557
f 110/110 466/466 571/571
f 110/110 571/571 556/556
f 582/582 131/131 138/138
f 582/582 138/138 581/581
f 584/584 122/122 127/127
f 584/584 127/127 583/583
f 548/548 122/122 584/584
f 548/548 584/584 585/585
f 586/586 78/78 548/548
f 586/586 548/548 585/585
f 578/578 579/579 530/530
f 578/578 530/530 531/531
f 78/78 598/598 597/597
f 78/78 597/597 548/548
f 122/122 596/596 595/595
f 122/122 595/595 127/127
f 548/548 597/597 596/596
f 548/548 596/596 122/122
f 587/587 591/591 593/593
f 587/587 593/593 589/589
f 590/590 594/594 592/592
f 590/590 592/592 588/588
f 589/589 593/593 594/594
f 589/589 594/594 590/590
f 596/596 590/590 588/588
f 596/596 588/588 595/595
f 597/597 589/589 590/590
f 597/597 590/590 596/596
f 598/598 587/587 589/589
f 598/598 589/589 597/597
f 599/599 602/602 601/601
f 599/599 601/601 600/600
f 602/602 604/604 603/603
f 602/602 603/603 601/601
f 604/604 606/606 605/605
f 604/604 605/605 603/603
f 609/609 612/612 611/611
f 609/609 611/611 610/610
f 608/608 613/613 612/612
f 608/608 612/612 609/609
f 607/607 608/608 609/609
f 607/607 609/609 606/606
f 606/606 609/609 610/610
f 606/606 610/610 605/605
f 612/612 593/593 591/591
f 612/612 591/591 611/611
f 613/613 594/594 593/593
f 613/613 593/593 612/612
f 676/676 677/677 684/684
f 676/676 684/684 685/685
f 675/675 676/676 685/685
f 675/675 685/685 686/686
f 669/669 670/670 691/691
f 669/669 691/691 692/692
f 668/668 669/669 692/692
f 668/668 692/692 693/693
f 665/665 666/666 695/695
f 665/665 695/695 696/696
f 677/677 678/678 703/703
f 677/677 703/703 684/684
f 704/704 705/705 624/624
f 704/704 624/624 623/623
f 705/705 706/706 625/625
f 705/705 625/625 624/624
f 713/713 704/704 623/623
f 713/713 623/623 641/641
f 1100/1100 645/645 649/649
f 1100/1100 649/649 1099/1099
f 649/649 645/645 710/710
f 649/649 710/710 711/711
f 701/701 680/680 681/681
f 701/701 681/681 700/700
f 1064/1064 1102/1102 586/586
f 1064/1064 586/586 77/77
f 83/83 1063/1063 1064/1064
f 83/83 1064/1064 77/77
f 683/683 80/80 82/82
f 683/683 82/82 698/698
f 694/694 667/667 668/668
f 694/694 668/668 693/693
f 695/695 666/666 667/667
f 695/695 667/667 694/694
f 79/79 664/664 697/697
f 79/79 697/697 81/81
f 697/697 664/664 665/665
f 697/697 665/665 696/696
f 699/699 682/682 683/683
f 699/699 683/683 698/698
f 654/654 1098/1098 1099/1099
f 654/654 1099/1099 649/649
f 711/711 712/712 654/654
f 711/711 654/654 649/649
f 679/679 680/680 701/701
f 679/679 701/701 702/702
f 645/645 1100/1100 1101/1101
f 645/645 1101/1101 628/628
f 709/709 710/710 645/645
f 709/709 645/645 628/628
f 700/700 681/681 682/682
f 700/700 682/682 699/699
f 703/703 678/678 679/679
f 703/703 679/679 702/702
f 712/712 713/713 641/641
f 712/712 641/641 654/654
f 641/641 1097/1097 1098/1098
f 641/641 1098/1098 654/654
f 690/690 671/671 672/672
f 690/690 672/672 689/689
f 689/689 672/672 673/673
f 689/689 673/673 688/688
f 688/688 673/673 674/674
f 688/688 674/674 687/687
f 691/691 670/670 671/671
f 691/691 671/671 690/690
f 637/637 664/664 79/79
f 637/637 79/79 75/75
f 636/636 665/665 664/664
f 636/636 664/664 637/637
f 666/666 665/665 636/636
f 666/666 636/636 633/633
f 631/631 667/667 666/666
f 631/631 666/666 633/633
f 668/668 667/667 631/631
f 668/668 631/631 622/622
f 671/671 670/670 662/662
f 671/671 662/662 656/656
f 672/672 671/671 656/656
f 672/672 656/656 658/658
f 673/673 672/672 658/658
f 673/673 658/658 660/660
f 626/626 674/674 673/673
f 626/626 673/673 660/660
f 676/676 675/675 621/621
f 676/676 621/621 620/620
f 677/677 676/676 620/620
f 677/677 620/620 619/619
f 678/678 677/677 619/619
f 678/678 619/619 642/642
f 679/679 678/678 642/642
f 679/679 642/642 653/653
f 680/680 679/679 653/653
f 680/680 653/653 650/650
f 650/650 646/646 681/681
f 650/650 681/681 680/680
f 682/682 681/681 646/646
f 682/682 646/646 629/629
f 80/80 683/683 1062/1062
f 80/80 1062/1062 76/76
f 615/615 685/685 684/684
f 615/615 684/684 614/614
f 616/616 686/686 685/685
f 616/616 685/685 615/615
f 661/661 688/688 687/687
f 661/661 687/687 627/627
f 661/661 659/659 689/689
f 661/661 689/689 688/688
f 659/659 657/657 690/690
f 659/659 690/690 689/689
f 657/657 663/663 691/691
f 657/657 691/691 690/690
f 692/692 691/691 663/663
f 692/692 663/663 617/617
f 693/693 692/692 617/617
f 693/693 617/617 618/618
f 618/618 632/632 694/694
f 618/618 694/694 693/693
f 695/695 694/694 632/632
f 695/695 632/632 634/634
f 634/634 635/635 696/696
f 634/634 696/696 695/695
f 697/697 696/696 635/635
f 697/697 635/635 638/638
f 81/81 697/697 638/638
f 81/81 638/638 74/74
f 73/73 640/640 698/698
f 73/73 698/698 82/82
f 699/699 698/698 640/640
f 699/699 640/640 630/630
f 630/630 647/647 700/700
f 630/630 700/700 699/699
f 701/701 700/700 647/647
f 701/701 647/647 651/651
f 651/651 652/652 702/702
f 651/651 702/702 701/701
f 703/703 702/702 652/652
f 703/703 652/652 643/643
f 684/684 703/703 643/643
f 684/684 643/643 614/614
f 619/619 620/620 705/705
f 619/619 705/705 704/704
f 620/620 621/621 706/706
f 620/620 706/706 705/705
f 636/636 708/708 707/707
f 636/636 707/707 633/633
f 1062/1062 1063/1063 83/83
f 1062/1062 83/83 76/76
f 646/646 710/710 709/709
f 646/646 709/709 629/629
f 711/711 710/710 646/646
f 711/711 646/646 650/650
f 653/653 712/712 711/711
f 653/653 711/711 650/650
f 642/642 713/713 712/712
f 642/642 712/712 653/653
f 619/619 704/704 713/713
f 619/619 713/713 642/642
f 84/84 91/91 714/714
f 84/84 714/714 715/715
f 85/85 84/84 715/715
f 85/85 715/715 716/716
f 714/714 717/717 718/718
f 714/714 718/718 715/715
f 717/717 719/719 720/720
f 717/717 720/720 718/718
f 721/721 722/722 719/719
f 721/721 719/719 717/717
f 723/723 721/721 717/717
f 723/723 717/717 714/714
f 723/723 714/714 91/91
f 723/723 91/91 87/87
f 724/724 723/723 87/87
f 724/724 87/87 86/86
f 93/93 92/92 725/725
f 93/93 725/725 726/726
f 93/93 726/726 727/727
f 93/93 727/727 96/96
f 727/727 728/728 95/95
f 727/727 95/95 96/96
f 728/728 729/729 94/94
f 728/728 94/94 95/95
f 730/730 731/731 732/732
f 730/730 732/732 729/729
f 733/733 734/734 731/731
f 733/733 731/731 730/730
f 735/735 733/733 736/736
f 735/735 736/736 737/737
f 738/738 736/736 733/733
f 738/738 733/733 730/730
f 739/739 734/734 733/733
f 739/739 733/733 735/735
f 732/732 731/731 740/740
f 732/732 740/740 741/741
f 731/731 734/734 742/742
f 731/731 742/742 740/740
f 728/728 738/738 730/730
f 728/728 730/730 729/729
f 729/729 732/732 89/89
f 729/729 89/89 94/94
f 90/90 89/89 732/732
f 90/90 732/732 741/741
f 90/90 741/741 743/743
f 90/90 743/743 88/88
f 744/744 738/738 728/728
f 744/744 728/728 727/727
f 745/745 736/736 738/738
f 745/745 738/738 744/744
f 746/746 745/745 744/744
f 746/746 744/744 747/747
f 748/748 749/749 750/750
f 748/748 750/750 746/746
f 751/751 748/748 746/746
f 751/751 746/746 747/747
f 752/752 745/745 746/746
f 752/752 746/746 750/750
f 737/737 736/736 745/745
f 737/737 745/745 752/752
f 747/747 744/744 727/727
f 747/747 727/727 726/726
f 753/753 751/751 747/747
f 753/753 747/747 726/726
f 754/754 755/755 751/751
f 754/754 751/751 753/753
f 756/756 757/757 754/754
f 756/756 754/754 753/753
f 725/725 756/756 753/753
f 725/725 753/753 726/726
f 761/761 762/762 759/759
f 761/761 759/759 763/763
f 759/759 758/758 764/764
f 759/759 764/764 763/763
f 765/765 766/766 767/767
f 765/765 767/767 768/768
f 769/769 770/770 765/765
f 769/769 765/765 771/771
f 772/772 769/769 771/771
f 772/772 771/771 773/773
f 774/774 775/775 772/772
f 774/774 772/772 776/776
f 777/777 778/778 775/775
f 777/777 775/775 774/774
f 779/779 777/777 774/774
f 779/779 774/774 780/780
f 781/781 779/779 780/780
f 781/781 780/780 782/782
f 783/783 781/781 782/782
f 783/783 782/782 784/784
f 785/785 783/783 784/784
f 785/785 784/784 786/786
f 787/787 785/785 786/786
f 787/787 786/786 788/788
f 789/789 787/787 788/788
f 789/789 788/788 790/790
f 791/791 792/792 785/785
f 791/791 785/785 787/787
f 793/793 791/791 787/787
f 793/793 787/787 789/789
f 786/786 784/784 794/794
f 786/786 794/794 795/795
f 788/788 786/786 795/795
f 788/788 795/795 796/796
f 792/792 797/797 783/783
f 792/792 783/783 785/785
f 797/797 798/798 781/781
f 797/797 781/781 783/783
f 799/799 800/800 798/798
f 799/799 798/798 797/797
f 801/801 799/799 797/797
f 801/801 797/797 792/792
f 782/782 780/780 802/802
f 782/782 802/802 803/803
f 780/780 774/774 776/776
f 780/780 776/776 802/802
f 802/802 776/776 804/804
f 802/802 804/804 805/805
f 776/776 772/772 773/773
f 776/776 773/773 804/804
f 794/794 803/803 806/806
f 794/794 806/806 807/807
f 805/805 808/808 807/807
f 805/805 807/807 806/806
f 803/803 802/802 805/805
f 803/803 805/805 806/806
f 784/784 782/782 803/803
f 784/784 803/803 794/794
f 798/798 809/809 779/779
f 798/798 779/779 781/781
f 809/809 810/810 777/777
f 809/809 777/777 779/779
f 810/810 811/811 778/778
f 810/810 778/778 777/777
f 812/812 813/813 814/814
f 812/812 814/814 811/811
f 815/815 812/812 811/811
f 815/815 811/811 810/810
f 811/811 814/814 816/816
f 811/811 816/816 778/778
f 817/817 815/815 810/810
f 817/817 810/810 809/809
f 800/800 817/817 809/809
f 800/800 809/809 798/798
f 818/818 815/815 817/817
f 818/818 817/817 819/819
f 820/820 819/819 817/817
f 820/820 817/817 800/800
f 778/778 816/816 821/821
f 778/778 821/821 775/775
f 821/821 822/822 770/770
f 821/821 770/770 769/769
f 823/823 824/824 825/825
f 823/823 825/825 822/822
f 814/814 826/826 823/823
f 814/814 823/823 816/816
f 827/827 828/828 829/829
f 827/827 829/829 826/826
f 735/735 737/737 827/827
f 735/735 827/827 813/813
f 813/813 827/827 826/826
f 813/813 826/826 814/814
f 737/737 752/752 828/828
f 737/737 828/828 827/827
f 829/829 830/830 831/831
f 829/829 831/831 824/824
f 828/828 832/832 830/830
f 828/828 830/830 829/829
f 826/826 829/829 824/824
f 826/826 824/824 823/823
f 816/816 823/823 822/822
f 816/816 822/822 821/821
f 825/825 833/833 834/834
f 825/825 834/834 835/835
f 833/833 836/836 837/837
f 833/833 837/837 834/834
f 836/836 838/838 839/839
f 836/836 839/839 837/837
f 840/840 841/841 838/838
f 840/840 838/838 836/836
f 831/831 840/840 836/836
f 831/831 836/836 833/833
f 835/835 834/834 842/842
f 835/835 842/842 766/766
f 834/834 837/837 843/843
f 834/834 843/843 842/842
f 824/824 831/831 833/833
f 824/824 833/833 825/825
f 822/822 825/825 835/835
f 822/822 835/835 770/770
f 770/770 835/835 766/766
f 770/770 766/766 765/765
f 775/775 821/821 769/769
f 775/775 769/769 772/772
f 773/773 771/771 844/844
f 773/773 844/844 845/845
f 846/846 845/845 844/844
f 846/846 844/844 847/847
f 808/808 846/846 848/848
f 808/808 848/848 849/849
f 847/847 850/850 848/848
f 847/847 848/848 846/846
f 767/767 851/851 850/850
f 767/767 850/850 847/847
f 852/852 851/851 767/767
f 852/852 767/767 853/853
f 854/854 852/852 853/853
f 854/854 853/853 855/855
f 856/856 857/857 852/852
f 856/856 852/852 854/854
f 858/858 859/859 856/856
f 858/858 856/856 854/854
f 839/839 858/858 854/854
f 839/839 854/854 855/855
f 855/855 853/853 842/842
f 855/855 842/842 843/843
f 853/853 767/767 766/766
f 853/853 766/766 842/842
f 857/857 860/860 851/851
f 857/857 851/851 852/852
f 851/851 860/860 861/861
f 851/851 861/861 850/850
f 860/860 862/862 863/863
f 860/860 863/863 861/861
f 864/864 862/862 860/860
f 864/864 860/860 857/857
f 768/768 767/767 847/847
f 768/768 847/847 844/844
f 765/765 768/768 844/844
f 765/765 844/844 771/771
f 849/849 848/848 865/865
f 849/849 865/865 866/866
f 807/807 808/808 849/849
f 807/807 849/849 867/867
f 867/867 849/849 866/866
f 867/867 866/866 868/868
f 868/868 866/866 869/869
f 868/868 869/869 870/870
f 796/796 795/795 867/867
f 796/796 867/867 868/868
f 871/871 796/796 868/868
f 871/871 868/868 870/870
f 866/866 865/865 872/872
f 866/866 872/872 869/869
f 870/870 869/869 873/873
f 870/870 873/873 874/874
f 869/869 872/872 875/875
f 869/869 875/875 873/873
f 795/795 794/794 807/807
f 795/795 807/807 867/867
f 850/850 861/861 865/865
f 850/850 865/865 848/848
f 773/773 845/845 846/846
f 773/773 846/846 804/804
f 804/804 846/846 808/808
f 804/804 808/808 805/805
f 724/724 86/86 88/88
f 724/724 88/88 743/743
f 752/752 750/750 832/832
f 752/752 832/832 828/828
f 750/750 749/749 876/876
f 750/750 876/876 832/832
f 832/832 876/876 877/877
f 832/832 877/877 830/830
f 877/877 878/878 841/841
f 877/877 841/841 840/840
f 878/878 879/879 880/880
f 878/878 880/880 841/841
f 879/879 881/881 882/882
f 879/879 882/882 880/880
f 881/881 883/883 884/884
f 881/881 884/884 882/882
f 883/883 885/885 886/886
f 883/883 886/886 884/884
f 885/885 887/887 888/888
f 885/885 888/888 886/886
f 889/889 1040/1040 1041/1041
f 889/889 1041/1041 887/887
f 892/892 889/889 893/893
f 892/892 893/893 894/894
f 894/894 895/895 896/896
f 894/894 896/896 892/892
f 1039/1039 1040/1040 889/889
f 1039/1039 889/889 892/892
f 892/892 896/896 1038/1038
f 892/892 1038/1038 1039/1039
f 899/899 893/893 885/885
f 899/899 885/885 883/883
f 893/893 889/889 887/887
f 893/893 887/887 885/885
f 900/900 894/894 893/893
f 900/900 893/893 899/899
f 890/890 901/901 902/902
f 890/890 902/902 891/891
f 897/897 903/903 901/901
f 897/897 901/901 890/890
f 887/887 1041/1041 1042/1042
f 887/887 1042/1042 888/888
f 888/888 1042/1042 1043/1043
f 888/888 1043/1043 906/906
f 904/904 907/907 908/908
f 904/904 908/908 905/905
f 891/891 902/902 907/907
f 891/891 907/907 904/904
f 884/884 886/886 909/909
f 884/884 909/909 910/910
f 882/882 884/884 910/910
f 882/882 910/910 911/911
f 880/880 882/882 911/911
f 880/880 911/911 912/912
f 910/910 909/909 913/913
f 910/910 913/913 914/914
f 911/911 910/910 914/914
f 911/911 914/914 859/859
f 886/886 888/888 906/906
f 886/886 906/906 909/909
f 915/915 899/899 883/883
f 915/915 883/883 881/881
f 916/916 915/915 881/881
f 916/916 881/881 879/879
f 917/917 916/916 879/879
f 917/917 879/879 878/878
f 876/876 917/917 878/878
f 876/876 878/878 877/877
f 918/918 919/919 916/916
f 918/918 916/916 917/917
f 920/920 918/918 749/749
f 920/920 749/749 748/748
f 749/749 918/918 917/917
f 749/749 917/917 876/876
f 921/921 919/919 918/918
f 921/921 918/918 920/920
f 919/919 922/922 915/915
f 919/919 915/915 916/916
f 922/922 900/900 899/899
f 922/922 899/899 915/915
f 923/923 924/924 900/900
f 923/923 900/900 922/922
f 925/925 926/926 924/924
f 925/925 924/924 923/923
f 925/925 923/923 921/921
f 925/925 921/921 927/927
f 923/923 922/922 919/919
f 923/923 919/919 921/921
f 830/830 877/877 840/840
f 830/830 840/840 831/831
f 928/928 722/722 929/929
f 928/928 929/929 820/820
f 930/930 928/928 799/799
f 930/930 799/799 801/801
f 719/719 930/930 931/931
f 719/719 931/931 720/720
f 932/932 931/931 933/933
f 932/932 933/933 934/934
f 935/935 936/936 937/937
f 935/935 937/937 932/932
f 936/936 935/935 938/938
f 936/936 938/938 939/939
f 937/937 936/936 940/940
f 937/937 940/940 941/941
f 720/720 937/937 941/941
f 720/720 941/941 718/718
f 718/718 941/941 942/942
f 718/718 942/942 715/715
f 943/943 944/944 945/945
f 943/943 945/945 942/942
f 946/946 944/944 943/943
f 946/946 943/943 947/947
f 943/943 940/940 948/948
f 943/943 948/948 947/947
f 941/941 940/940 943/943
f 941/941 943/943 942/942
f 945/945 716/716 715/715
f 945/945 715/715 942/942
f 932/932 937/937 720/720
f 932/932 720/720 931/931
f 940/940 936/936 939/939
f 940/940 939/939 948/948
f 948/948 939/939 1058/1058
f 948/948 1058/1058 1059/1059
f 939/939 938/938 1057/1057
f 939/939 1057/1057 1058/1058
f 1057/1057 938/938 952/952
f 1057/1057 952/952 1056/1056
f 954/954 951/951 953/953
f 954/954 953/953 955/955
f 954/954 956/956 949/949
f 954/954 949/949 951/951
f 1056/1056 952/952 957/957
f 1056/1056 957/957 1055/1055
f 952/952 959/959 960/960
f 952/952 960/960 957/957
f 938/938 935/935 959/959
f 938/938 959/959 952/952
f 949/949 956/956 961/961
f 949/949 961/961 950/950
f 962/962 963/963 961/961
f 962/962 961/961 964/964
f 965/965 966/966 967/967
f 965/965 967/967 962/962
f 968/968 965/965 962/962
f 968/968 962/962 964/964
f 967/967 969/969 963/963
f 967/967 963/963 962/962
f 964/964 961/961 956/956
f 964/964 956/956 970/970
f 970/970 956/956 954/954
f 970/970 954/954 971/971
f 972/972 968/968 964/964
f 972/972 964/964 970/970
f 973/973 972/972 970/970
f 973/973 970/970 971/971
f 961/961 963/963 974/974
f 961/961 974/974 950/950
f 947/947 948/948 1059/1059
f 947/947 1059/1059 1060/1060
f 1061/1061 946/946 947/947
f 1061/1061 947/947 1060/1060
f 969/969 975/975 974/974
f 969/969 974/974 963/963
f 935/935 932/932 934/934
f 935/935 934/934 959/959
f 959/959 934/934 793/793
f 959/959 793/793 960/960
f 934/934 933/933 791/791
f 934/934 791/791 793/793
f 933/933 801/801 792/792
f 933/933 792/792 791/791
f 931/931 930/930 801/801
f 931/931 801/801 933/933
f 722/722 928/928 930/930
f 722/722 930/930 719/719
f 928/928 820/820 800/800
f 928/928 800/800 799/799
f 976/976 929/929 977/977
f 976/976 977/977 978/978
f 976/976 742/742 818/818
f 976/976 818/818 819/819
f 978/978 740/740 742/742
f 978/978 742/742 976/976
f 743/743 741/741 740/740
f 743/743 740/740 978/978
f 978/978 977/977 724/724
f 978/978 724/724 743/743
f 929/929 722/722 721/721
f 929/929 721/721 977/977
f 977/977 721/721 723/723
f 977/977 723/723 724/724
f 820/820 929/929 976/976
f 820/820 976/976 819/819
f 980/980 979/979 898/898
f 980/980 898/898 981/981
f 984/984 983/983 982/982
f 984/984 982/982 985/985
f 986/986 1035/1035 1036/1036
f 986/986 1036/1036 987/987
f 760/760 986/986 987/987
f 760/760 987/987 988/988
f 987/987 989/989 990/990
f 987/987 990/990 988/988
f 896/896 895/895 990/990
f 896/896 990/990 989/989
f 1038/1038 896/896 989/989
f 1038/1038 989/989 1037/1037
f 1037/1037 989/989 987/987
f 1037/1037 987/987 1036/1036
f 988/988 990/990 926/926
f 988/988 926/926 764/764
f 758/758 760/760 988/988
f 758/758 988/988 764/764
f 982/982 980/980 981/981
f 982/982 981/981 985/985
f 979/979 903/903 897/897
f 979/979 897/897 898/898
f 993/993 992/992 994/994
f 993/993 994/994 995/995
f 1000/1000 998/998 999/999
f 1000/1000 999/999 1001/1001
f 906/906 1043/1043 1044/1044
f 906/906 1044/1044 1002/1002
f 909/909 906/906 1002/1002
f 909/909 1002/1002 913/913
f 1003/1003 913/913 1002/1002
f 1003/1003 1002/1002 1004/1004
f 1003/1003 1005/1005 864/864
f 1003/1003 864/864 1006/1006
f 1005/1005 1007/1007 862/862
f 1005/1005 862/862 864/864
f 1008/1008 1007/1007 1005/1005
f 1008/1008 1005/1005 1009/1009
f 1009/1009 1005/1005 1003/1003
f 1009/1009 1003/1003 1004/1004
f 1006/1006 864/864 857/857
f 1006/1006 857/857 856/856
f 914/914 913/913 1003/1003
f 914/914 1003/1003 1006/1006
f 859/859 914/914 1006/1006
f 859/859 1006/1006 856/856
f 1002/1002 1044/1044 1045/1045
f 1002/1002 1045/1045 1004/1004
f 1046/1046 1009/1009 1004/1004
f 1046/1046 1004/1004 1045/1045
f 1008/1008 1009/1009 1046/1046
f 1008/1008 1046/1046 1047/1047
f 905/905 908/908 998/998
f 905/905 998/998 1000/1000
f 1010/1010 997/997 1011/1011
f 1010/1010 1011/1011 1012/1012
f 1008/1008 1047/1047 1048/1048
f 1008/1008 1048/1048 1013/1013
f 1007/1007 1008/1008 1013/1013
f 1007/1007 1013/1013 1014/1014
f 863/863 1014/1014 875/875
f 863/863 875/875 872/872
f 1014/1014 1013/1013 1015/1015
f 1014/1014 1015/1015 875/875
f 1016/1016 873/873 875/875
f 1016/1016 875/875 1015/1015
f 1016/1016 1015/1015 1049/1049
f 1016/1016 1049/1049 1050/1050
f 1013/1013 1048/1048 1049/1049
f 1013/1013 1049/1049 1015/1015
f 862/862 1007/1007 1014/1014
f 862/862 1014/1014 863/863
f 1011/1011 1018/1018 1017/1017
f 1011/1011 1017/1017 1012/1012
f 1018/1018 1019/1019 1020/1020
f 1018/1018 1020/1020 1017/1017
f 1052/1052 1021/1021 1022/1022
f 1052/1052 1022/1022 1051/1051
f 1021/1021 1023/1023 874/874
f 1021/1021 874/874 1022/1022
f 1024/1024 1025/1025 1023/1023
f 1024/1024 1023/1023 1021/1021
f 1053/1053 1024/1024 1021/1021
f 1053/1053 1021/1021 1052/1052
f 1022/1022 1016/1016 1050/1050
f 1022/1022 1050/1050 1051/1051
f 1027/1027 1026/1026 1019/1019
f 1027/1027 1019/1019 1018/1018
f 1028/1028 1029/1029 1026/1026
f 1028/1028 1026/1026 1027/1027
f 995/995 1028/1028 1027/1027
f 995/995 1027/1027 1030/1030
f 1030/1030 1027/1027 1018/1018
f 1030/1030 1018/1018 1011/1011
f 997/997 996/996 1030/1030
f 997/997 1030/1030 1011/1011
f 996/996 993/993 995/995
f 996/996 995/995 1030/1030
f 994/994 1031/1031 1028/1028
f 994/994 1028/1028 995/995
f 1031/1031 958/958 1029/1029
f 1031/1031 1029/1029 1028/1028
f 955/955 953/953 958/958
f 955/955 958/958 1031/1031
f 1032/1032 955/955 1031/1031
f 1032/1032 1031/1031 994/994
f 992/992 991/991 1032/1032
f 992/992 1032/1032 994/994
f 971/971 954/954 955/955
f 971/971 955/955 1032/1032
f 991/991 973/973 971/971
f 991/991 971/971 1032/1032
f 754/754 757/757 762/762
f 754/754 762/762 761/761
f 818/818 742/742 734/734
f 818/818 734/734 739/739
f 818/818 739/739 812/812
f 818/818 812/812 815/815
f 739/739 735/735 813/813
f 739/739 813/813 812/812
f 895/895 894/894 900/900
f 895/895 900/900 924/924
f 990/990 895/895 924/924
f 990/990 924/924 926/926
f 927/927 921/921 920/920
f 927/927 920/920 755/755
f 755/755 920/920 748/748
f 755/755 748/748 751/751
f 763/763 764/764 926/926
f 763/763 926/926 925/925
f 763/763 925/925 927/927
f 763/763 927/927 761/761
f 761/761 927/927 755/755
f 761/761 755/755 754/754
f 1055/1055 957/957 1033/1033
f 1055/1055 1033/1033 1054/1054
f 1054/1054 1033/1033 1024/1024
f 1054/1054 1024/1024 1053/1053
f 1033/1033 1034/1034 1025/1025
f 1033/1033 1025/1025 1024/1024
f 1034/1034 789/789 790/790
f 1034/1034 790/790 1025/1025
f 960/960 793/793 789/789
f 960/960 789/789 1034/1034
f 957/957 960/960 1034/1034
f 957/957 1034/1034 1033/1033
f 841/841 880/880 912/912
f 841/841 912/912 838/838
f 1025/1025 790/790 871/871
f 1025/1025 871/871 1023/1023
f 1023/1023 871/871 870/870
f 1023/1023 870/870 874/874
f 790/790 788/788 796/796
f 790/790 796/796 871/871
f 837/837 839/839 855/855
f 837/837 855/855 843/843
f 838/838 912/912 858/858
f 838/838 858/858 839/839
f 912/912 911/911 859/859
f 912/912 859/859 858/858
f 874/874 873/873 1016/1016
f 874/874 1016/1016 1022/1022
f 861/861 863/863 872/872
f 861/861 872/872 865/865
f 85/85 716/716 640/640
f 85/85 640/640 73/73
f 630/630 640/640 716/716
f 630/630 716/716 945/945
f 647/647 630/630 945/945
f 647/647 945/945 944/944
f 651/651 647/647 944/944
f 651/651 944/944 946/946
f 946/946 1061/1061 652/652
f 946/946 652/652 651/651
f 614/614 643/643 975/975
f 614/614 975/975 969/969
f 615/615 614/614 969/969
f 615/615 969/969 967/967
f 966/966 616/616 615/615
f 966/966 615/615 967/967
f 661/661 627/627 983/983
f 661/661 983/983 984/984
f 657/657 659/659 1035/1035
f 657/657 1035/1035 986/986
f 663/663 657/657 986/986
f 663/663 986/986 760/760
f 617/617 663/663 760/760
f 617/617 760/760 758/758
f 618/618 617/617 758/758
f 618/618 758/758 759/759
f 632/632 618/618 759/759
f 632/632 759/759 762/762
f 634/634 632/632 762/762
f 634/634 762/762 757/757
f 757/757 756/756 635/635
f 757/757 635/635 634/634
f 756/756 725/725 638/638
f 756/756 638/638 635/635
f 74/74 638/638 725/725
f 74/74 725/725 92/92
f 1035/1035 659/659 661/661
f 1035/1035 661/661 984/984
f 1036/1036 1035/1035 984/984
f 1036/1036 984/984 985/985
f 981/981 1037/1037 1036/1036
f 981/981 1036/1036 985/985
f 898/898 1038/1038 1037/1037
f 898/898 1037/1037 981/981
f 1039/1039 1038/1038 898/898
f 1039/1039 898/898 897/897
f 897/897 890/890 1040/1040
f 897/897 1040/1040 1039/1039
f 1041/1041 1040/1040 890/890
f 1041/1041 890/890 891/891
f 1042/1042 1041/1041 891/891
f 1042/1042 891/891 904/904
f 1043/1043 1042/1042 904/904
f 1043/1043 904/904 905/905
f 1044/1044 1043/1043 905/905
f 1044/1044 905/905 1000/1000
f 1045/1045 1044/1044 1000/1000
f 1045/1045 1000/1000 1001/1001
f 999/999 1046/1046 1045/1045
f 999/999 1045/1045 1001/1001
f 1047/1047 1046/1046 999/999
f 1047/1047 999/999 1096/1096
f 1095/1095 1010/1010 1048/1048
f 1049/1049 1048/1048 1010/1010
f 1049/1049 1010/1010 1012/1012
f 1050/1050 1049/1049 1012/1012
f 1050/1050 1012/1012 1017/1017
f 1051/1051 1050/1050 1017/1017
f 1051/1051 1017/1017 1020/1020
f 1019/1019 1052/1052 1051/1051
f 1019/1019 1051/1051 1020/1020
f 1026/1026 1053/1053 1052/1052
f 1026/1026 1052/1052 1019/1019
f 1029/1029 1054/1054 1053/1053
f 1029/1029 1053/1053 1026/1026
f 958/958 1055/1055 1054/1054
f 958/958 1054/1054 1029/1029
f 953/953 1056/1056 1055/1055
f 953/953 1055/1055 958/958
f 951/951 1057/1057 1056/1056
f 951/951 1056/1056 953/953
f 1058/1058 1057/1057 951/951
f 1058/1058 951/951 949/949
f 1059/1059 1058/1058 949/949
f 1059/1059 949/949 950/950
f 1060/1060 1059/1059 950/950
f 1060/1060 950/950 974/974
f 975/975 1061/1061 1060/1060
f 975/975 1060/1060 974/974
f 652/652 1061/1061 975/975
f 652/652 975/975 643/643
f 629/629 1062/1062 683/683
f 629/629 683/683 682/682
f 709/709 1063/1063 1062/1062
f 709/709 1062/1062 629/629
f 628/628 1064/1064 1063/1063
f 628/628 1063/1063 709/709
f 1102/1102 1064/1064 628/628
f 1102/1102 628/628 1101/1101
f 1068/1068 1067/1067 1070/1070
f 1068/1068 1070/1070 1069/1069
f 1069/1069 1070/1070 1071/1071
f 1069/1069 1071/1071 1072/1072
f 1072/1072 1071/1071 1074/1074
f 1072/1072 1074/1074 1073/1073
f 1073/1073 1074/1074 1087/1087
f 1073/1073 1087/1087 1088/1088
f 1075/1075 1076/1076 1078/1078
f 1075/1075 1078/1078 1077/1077
f 1076/1076 1075/1075 1079/1079
f 1076/1076 1079/1079 1080/1080
f 1077/1077 1078/1078 1091/1091
f 1077/1077 1091/1091 1092/1092
f 1080/1080 1079/1079 1082/1082
f 1080/1080 1082/1082 1081/1081
f 1081/1081 1082/1082 1084/1084
f 1081/1081 1084/1084 1083/1083
f 1083/1083 1084/1084 1085/1085
f 1083/1083 1085/1085 1086/1086
f 1086/1086 1085/1085 1088/1088
f 1086/1086 1088/1088 1087/1087
f 1089/1089 1090/1090 1092/1092
f 1089/1089 1092/1092 1091/1091
f 1090/1090 1089/1089 1094/1094
f 1090/1090 1094/1094 1093/1093
f 1093/1093 1094/1094 1095/1095
f 1093/1093 1095/1095 1096/1096
f 687/687 674/674 1069/1069
f 687/687 1069/1069 1072/1072
f 1071/1071 1070/1070 675/675
f 1071/1071 675/675 686/686
f 1068/1068 1069/1069 674/674
f 1068/1068 674/674 626/626
f 675/675 1070/1070 1067/1067
f 675/675 1067/1067 621/621
f 616/616 1074/1074 1071/1071
f 616/616 1071/1071 686/686
f 687/687 1072/1072 1073/1073
f 687/687 1073/1073 627/627
f 621/621 1067/1067 1066/1066
f 621/621 1066/1066 706/706
f 901/901 1075/1075 1077/1077
f 901/901 1077/1077 902/902
f 903/903 1079/1079 1075/1075
f 903/903 1075/1075 901/901
f 1080/1080 1081/1081 972/972
f 1080/1080 972/972 973/973
f 1081/1081 1083/1083 968/968
f 1081/1081 968/968 972/972
f 1084/1084 1082/1082 979/979
f 1084/1084 979/979 980/980
f 1082/1082 1079/1079 903/903
f 1082/1082 903/903 979/979
f 1085/1085 1084/1084 980/980
f 1085/1085 980/980 982/982
f 983/983 1088/1088 1085/1085
f 983/983 1085/1085 982/982
f 1086/1086 1087/1087 966/966
f 1086/1086 966/966 965/965
f 1083/1083 1086/1086 965/965
f 1083/1083 965/965 968/968
f 1076/1076 1080/1080 973/973
f 1076/1076 973/973 991/991
f 1078/1078 1076/1076 991/991
f 1078/1078 991/991 992/992
f 1089/1089 1091/1091 993/993
f 1089/1089 993/993 996/996
f 1094/1094 1089/1089 996/996
f 1094/1094 996/996 997/997
f 998/998 1093/1093 1096/1096
f 998/998 1096/1096 999/999
f 908/908 1090/1090 1093/1093
f 908/908 1093/1093 998/998
f 1095/1095 1094/1094 997/997
f 1095/1095 997/997 1010/1010
f 907/907 1092/1092 1090/1090
f 907/907 1090/1090 908/908
f 1091/1091 1078/1078 992/992
f 1091/1091 992/992 993/993
f 902/902 1077/1077 1092/1092
f 902/902 1092/1092 907/907
f 1087/1087 1074/1074 616/616
f 1087/1087 616/616 966/966
f 627/627 1073/1073 1088/1088
f 627/627 1088/1088 983/983
f 1099/1099 1098/1098 655/655
f 1099/1099 655/655 648/648
f 1101/1101 1100/1100 644/644
f 1101/1101 644/644 639/639
f 1065/1065 1102/1102 1101/1101
f 1065/1065 1101/1101 639/639
f 586/586 1102/1102 1065/1065
f 586/586 1065/1065 78/78
f 1095/1095 1048/1048 1047/1047
f 1095/1095 1047/1047 1096/1096
f 78/78 1065/1065 1111/1111
f 78/78 1111/1111 598/598
f 639/639 644/644 1109/1109
f 639/639 1109/1109 1110/1110
f 1065/1065 639/639 1110/1110
f 1065/1065 1110/1110 1111/1111
f 587/587 1104/1104 1107/1107
f 587/587 1107/1107 591/591
f 1105/1105 1103/1103 1106/1106
f 1105/1105 1106/1106 1108/1108
f 1104/1104 1105/1105 1108/1108
f 1104/1104 1108/1108 1107/1107
f 1110/1110 1109/1109 1103/1103
f 1110/1110 1103/1103 1105/1105
f 1111/1111 1110/1110 1105/1105
f 1111/1111 1105/1105 1104/1104
f 598/598 1111/1111 1104/1104
f 598/598 1104/1104 587/587
f 1112/1112 600/600 601/601
f 1112/1112 601/601 1113/1113
f 1113/1113 601/601 603/603
f 1113/1113 603/603 1114/1114
f 1114/1114 603/603 605/605
f 1114/1114 605/605 1115/1115
f 1118/1118 610/610 611/611
f 1118/1118 611/611 1119/1119
f 1117/1117 1118/1118 1119/1119
f 1117/1117 1119/1119 1120/1120
f 1116/1116 1115/1115 1118/1118
f 1116/1116 1118/1118 1117/1117
f 1115/1115 605/605 610/610
f 1115/1115 610/610 1118/1118
f 1119/1119 611/611 591/591
f 1119/1119 591/591 1107/1107
f 1120/1120 1119/1119 1107/1107
f 1120/1120 1107/1107 1108/1108
f 1425/1425 1279/1279 1641/1641
f 1425/1425 1641/1641 1640/1640
f 1427/1427 1269/1269 1189/1189
f 1427/1427 1189/1189 1428/1428
f 1708/1708 1707/1707 1188/1188
f 1708/1708 1188/1188 1430/1430
f 1431/1431 1229/1229 1187/1187
f 1431/1431 1187/1187 1432/1432
f 1432/1432 1187/1187 1202/1202
f 1432/1432 1202/1202 1433/1433
f 1735/1735 1734/1734 1212/1212
f 1735/1735 1212/1212 1435/1435
f 1437/1437 1259/1259 1587/1587
f 1437/1437 1587/1587 1586/1586
f 1439/1439 1249/1249 1191/1191
f 1439/1439 1191/1191 1440/1440
f 1278/1278 1277/1277 1645/1645
f 1278/1278 1645/1645 1644/1644
f 1268/1268 1267/1267 1139/1139
f 1268/1268 1139/1139 1131/1131
f 1704/1704 1703/1703 1140/1140
f 1704/1704 1140/1140 1132/1132
f 1228/1228 1227/1227 1141/1141
f 1228/1228 1141/1141 1133/1133
f 1133/1133 1141/1141 1204/1204
f 1133/1133 1204/1204 1203/1203
f 1731/1731 1730/1730 1214/1214
f 1731/1731 1214/1214 1213/1213
f 1258/1258 1257/1257 1591/1591
f 1258/1258 1591/1591 1590/1590
f 1248/1248 1247/1247 1137/1137
f 1248/1248 1137/1137 1129/1129
f 1645/1645 1277/1277 1530/1530
f 1645/1645 1530/1530 1646/1646
f 1139/1139 1267/1267 1528/1528
f 1139/1139 1528/1528 1527/1527
f 1140/1140 1703/1703 1702/1702
f 1140/1140 1702/1702 1525/1525
f 1141/1141 1227/1227 1524/1524
f 1141/1141 1524/1524 1523/1523
f 1204/1204 1141/1141 1523/1523
f 1204/1204 1523/1523 1522/1522
f 1214/1214 1730/1730 1729/1729
f 1214/1214 1729/1729 1536/1536
f 1591/1591 1257/1257 1534/1534
f 1591/1591 1534/1534 1592/1592
f 1137/1137 1247/1247 1532/1532
f 1137/1137 1532/1532 1531/1531
f 1274/1274 1789/1789 1788/1788
f 1274/1274 1788/1788 1651/1651
f 1264/1264 1785/1785 1784/1784
f 1264/1264 1784/1784 1147/1147
f 1697/1697 1782/1782 1781/1781
f 1697/1697 1781/1781 1148/1148
f 1224/1224 1779/1779 1778/1778
f 1224/1224 1778/1778 1149/1149
f 1149/1149 1778/1778 1777/1777
f 1149/1149 1777/1777 1207/1207
f 1724/1724 1774/1774 1773/1773
f 1724/1724 1773/1773 1217/1217
f 1254/1254 1771/1771 1770/1770
f 1254/1254 1770/1770 1597/1597
f 1244/1244 1791/1791 1790/1790
f 1244/1244 1790/1790 1145/1145
f 1393/1393 1252/1252 1602/1602
f 1393/1393 1602/1602 1601/1601
f 1720/1720 1719/1719 1219/1219
f 1720/1720 1219/1219 1407/1407
f 1404/1404 1157/1157 1209/1209
f 1404/1404 1209/1209 1405/1405
f 1403/1403 1222/1222 1157/1157
f 1403/1403 1157/1157 1404/1404
f 1693/1693 1692/1692 1156/1156
f 1693/1693 1156/1156 1402/1402
f 1399/1399 1262/1262 1155/1155
f 1399/1399 1155/1155 1400/1400
f 1397/1397 1272/1272 1656/1656
f 1397/1397 1656/1656 1655/1655
f 1395/1395 1242/1242 1153/1153
f 1395/1395 1153/1153 1396/1396
f 1814/1814 1813/1813 1507/1507
f 1814/1814 1507/1507 1506/1506
f 1812/1812 1508/1508 1507/1507
f 1812/1812 1507/1507 1813/1813
f 1809/1809 1700/1700 1509/1509
f 1809/1809 1509/1509 1810/1810
f 1806/1806 1512/1512 1511/1511
f 1806/1806 1511/1511 1807/1807
f 1802/1802 1514/1514 1648/1648
f 1802/1802 1648/1648 1803/1803
f 1800/1800 1516/1516 1515/1515
f 1800/1800 1515/1515 1801/1801
f 1796/1796 1518/1518 1594/1594
f 1796/1796 1594/1594 1797/1797
f 1793/1793 1727/1727 1520/1520
f 1793/1793 1520/1520 1794/1794
f 1206/1206 1178/1178 1475/1475
f 1206/1206 1475/1475 1474/1474
f 1225/1225 1476/1476 1475/1475
f 1225/1225 1475/1475 1178/1178
f 1699/1699 1698/1698 1477/1477
f 1699/1699 1477/1477 1179/1179
f 1265/1265 1480/1480 1479/1479
f 1265/1265 1479/1479 1180/1180
f 1275/1275 1482/1482 1650/1650
f 1275/1275 1650/1650 1649/1649
f 1245/1245 1484/1484 1483/1483
f 1245/1245 1483/1483 1182/1182
f 1255/1255 1486/1486 1596/1596
f 1255/1255 1596/1596 1595/1595
f 1726/1726 1725/1725 1488/1488
f 1726/1726 1488/1488 1216/1216
f 1733/1733 1732/1732 1552/1552
f 1733/1733 1552/1552 1451/1451
f 1448/1448 1539/1539 1538/1538
f 1448/1448 1538/1538 1449/1449
f 1447/1447 1540/1540 1539/1539
f 1447/1447 1539/1539 1448/1448
f 1706/1706 1705/1705 1541/1541
f 1706/1706 1541/1541 1446/1446
f 1443/1443 1544/1544 1543/1543
f 1443/1443 1543/1543 1444/1444
f 1441/1441 1546/1546 1643/1643
f 1441/1441 1643/1643 1642/1642
f 1455/1455 1548/1548 1547/1547
f 1455/1455 1547/1547 1456/1456
f 1453/1453 1550/1550 1589/1589
f 1453/1453 1589/1589 1588/1588
f 1842/1842 1271/1271 1657/1657
f 1842/1842 1657/1657 1843/1843
f 1846/1846 1261/1261 1195/1195
f 1846/1846 1195/1195 1847/1847
f 1849/1849 1691/1691 1196/1196
f 1849/1849 1196/1196 1850/1850
f 1852/1852 1221/1221 1197/1197
f 1852/1852 1197/1197 1853/1853
f 1853/1853 1197/1197 1210/1210
f 1853/1853 1210/1210 1854/1854
f 1857/1857 1718/1718 1220/1220
f 1857/1857 1220/1220 1858/1858
f 1860/1860 1251/1251 1603/1603
f 1860/1860 1603/1603 1861/1861
f 1864/1864 1241/1241 1193/1193
f 1864/1864 1193/1193 1841/1841
f 1762/1762 1761/1761 1186/1186
f 1762/1762 1186/1186 1434/1434
f 1759/1759 1537/1537 1450/1450
f 1759/1759 1450/1450 1760/1760
f 1757/1757 1142/1142 1134/1134
f 1757/1757 1134/1134 1758/1758
f 1142/1142 1757/1757 1756/1756
f 1142/1142 1756/1756 1521/1521
f 1816/1816 1815/1815 1754/1754
f 1816/1816 1754/1754 1505/1505
f 1177/1177 1753/1753 1752/1752
f 1177/1177 1752/1752 1473/1473
f 1776/1776 1775/1775 1150/1150
f 1776/1776 1150/1150 1751/1751
f 1746/1746 1158/1158 1406/1406
f 1746/1746 1406/1406 1747/1747
f 1855/1855 1745/1745 1198/1198
f 1855/1855 1198/1198 1856/1856
f 1435/1435 1212/1212 1185/1185
f 1435/1435 1185/1185 1436/1436
f 1552/1552 1551/1551 1452/1452
f 1552/1552 1452/1452 1451/1451
f 1214/1214 1143/1143 1135/1135
f 1214/1214 1135/1135 1213/1213
f 1143/1143 1214/1214 1536/1536
f 1143/1143 1536/1536 1535/1535
f 1520/1520 1519/1519 1795/1795
f 1520/1520 1795/1795 1794/1794
f 1488/1488 1487/1487 1184/1184
f 1488/1488 1184/1184 1216/1216
f 1773/1773 1772/1772 1151/1151
f 1773/1773 1151/1151 1217/1217
f 1219/1219 1159/1159 1408/1408
f 1219/1219 1408/1408 1407/1407
f 1858/1858 1220/1220 1199/1199
f 1858/1858 1199/1199 1859/1859
f 1851/1851 1664/1664 1221/1221
f 1851/1851 1221/1221 1852/1852
f 1666/1666 1665/1665 1222/1222
f 1666/1666 1222/1222 1403/1403
f 1670/1670 1780/1780 1779/1779
f 1670/1670 1779/1779 1224/1224
f 1672/1672 1671/1671 1476/1476
f 1672/1672 1476/1476 1225/1225
f 1811/1811 1673/1673 1508/1508
f 1811/1811 1508/1508 1812/1812
f 1227/1227 1676/1676 1675/1675
f 1227/1227 1675/1675 1524/1524
f 1677/1677 1676/1676 1227/1227
f 1677/1677 1227/1227 1228/1228
f 1679/1679 1678/1678 1540/1540
f 1679/1679 1540/1540 1447/1447
f 1681/1681 1680/1680 1229/1229
f 1681/1681 1229/1229 1431/1431
f 1847/1847 1195/1195 1231/1231
f 1847/1847 1231/1231 1848/1848
f 1400/1400 1155/1155 1232/1232
f 1400/1400 1232/1232 1401/1401
f 1147/1147 1784/1784 1783/1783
f 1147/1147 1783/1783 1234/1234
f 1180/1180 1479/1479 1478/1478
f 1180/1180 1478/1478 1235/1235
f 1807/1807 1511/1511 1510/1510
f 1807/1807 1510/1510 1808/1808
f 1237/1237 1139/1139 1527/1527
f 1237/1237 1527/1527 1526/1526
f 1131/1131 1139/1139 1237/1237
f 1131/1131 1237/1237 1238/1238
f 1444/1444 1543/1543 1542/1542
f 1444/1444 1542/1542 1445/1445
f 1428/1428 1189/1189 1239/1239
f 1428/1428 1239/1239 1429/1429
f 1863/1863 1556/1556 1241/1241
f 1863/1863 1241/1241 1864/1864
f 1558/1558 1557/1557 1242/1242
f 1558/1558 1242/1242 1395/1395
f 1562/1562 1792/1792 1791/1791
f 1562/1562 1791/1791 1244/1244
f 1564/1564 1563/1563 1484/1484
f 1564/1564 1484/1484 1245/1245
f 1799/1799 1565/1565 1516/1516
f 1799/1799 1516/1516 1800/1800
f 1247/1247 1568/1568 1567/1567
f 1247/1247 1567/1567 1532/1532
f 1569/1569 1568/1568 1247/1247
f 1569/1569 1247/1247 1248/1248
f 1571/1571 1570/1570 1548/1548
f 1571/1571 1548/1548 1455/1455
f 1573/1573 1572/1572 1249/1249
f 1573/1573 1249/1249 1439/1439
f 1859/1859 1199/1199 1251/1251
f 1859/1859 1251/1251 1860/1860
f 1408/1408 1159/1159 1252/1252
f 1408/1408 1252/1252 1393/1393
f 1151/1151 1772/1772 1771/1771
f 1151/1151 1771/1771 1254/1254
f 1184/1184 1487/1487 1486/1486
f 1184/1184 1486/1486 1255/1255
f 1795/1795 1519/1519 1518/1518
f 1795/1795 1518/1518 1796/1796
f 1257/1257 1143/1143 1535/1535
f 1257/1257 1535/1535 1534/1534
f 1135/1135 1143/1143 1257/1257
f 1135/1135 1257/1257 1258/1258
f 1452/1452 1551/1551 1550/1550
f 1452/1452 1550/1550 1453/1453
f 1436/1436 1185/1185 1259/1259
f 1436/1436 1259/1259 1437/1437
f 1844/1844 1194/1194 1630/1630
f 1844/1844 1630/1630 1845/1845
f 1398/1398 1154/1154 1629/1629
f 1398/1398 1629/1629 1628/1628
f 1146/1146 1787/1787 1786/1786
f 1146/1146 1786/1786 1624/1624
f 1181/1181 1481/1481 1623/1623
f 1181/1181 1623/1623 1622/1622
f 1804/1804 1513/1513 1621/1621
f 1804/1804 1621/1621 1805/1805
f 1618/1618 1138/1138 1529/1529
f 1618/1618 1529/1529 1619/1619
f 1130/1130 1138/1138 1618/1618
f 1130/1130 1618/1618 1617/1617
f 1442/1442 1545/1545 1616/1616
f 1442/1442 1616/1616 1615/1615
f 1426/1426 1190/1190 1614/1614
f 1426/1426 1614/1614 1613/1613
f 1841/1841 1193/1193 1271/1271
f 1841/1841 1271/1271 1842/1842
f 1396/1396 1153/1153 1272/1272
f 1396/1396 1272/1272 1397/1397
f 1145/1145 1790/1790 1789/1789
f 1145/1145 1789/1789 1274/1274
f 1182/1182 1483/1483 1482/1482
f 1182/1182 1482/1482 1275/1275
f 1801/1801 1515/1515 1514/1514
f 1801/1801 1514/1514 1802/1802
f 1277/1277 1137/1137 1531/1531
f 1277/1277 1531/1531 1530/1530
f 1129/1129 1137/1137 1277/1277
f 1129/1129 1277/1277 1278/1278
f 1456/1456 1547/1547 1546/1546
f 1456/1456 1546/1546 1441/1441
f 1440/1440 1191/1191 1279/1279
f 1440/1440 1279/1279 1425/1425
f 1280/1280 1885/1885 1884/1884
f 1280/1280 1884/1884 1121/1121
f 1611/1611 1888/1888 1887/1887
f 1611/1611 1887/1887 1122/1122
f 1240/1240 1867/1867 1866/1866
f 1240/1240 1866/1866 1123/1123
f 1230/1230 1871/1871 1870/1870
f 1230/1230 1870/1870 1683/1683
f 1201/1201 1873/1873 1872/1872
f 1201/1201 1872/1872 1125/1125
f 1211/1211 1877/1877 1876/1876
f 1211/1211 1876/1876 1737/1737
f 1260/1260 1879/1879 1878/1878
f 1260/1260 1878/1878 1127/1127
f 1250/1250 1883/1883 1882/1882
f 1250/1250 1882/1882 1575/1575
f 1126/1126 1875/1875 1874/1874
f 1126/1126 1874/1874 1764/1764
f 1127/1127 1878/1878 1877/1877
f 1127/1127 1877/1877 1211/1211
f 1125/1125 1872/1872 1871/1871
f 1125/1125 1871/1871 1230/1230
f 1124/1124 1869/1869 1868/1868
f 1124/1124 1868/1868 1710/1710
f 1121/1121 1884/1884 1883/1883
f 1121/1121 1883/1883 1250/1250
f 1584/1584 1880/1880 1879/1879
f 1584/1584 1879/1879 1260/1260
f 1123/1123 1866/1866 1865/1865
f 1123/1123 1865/1865 1270/1270
f 1638/1638 1886/1886 1885/1885
f 1638/1638 1885/1885 1280/1280
f 1193/1193 1987/1987 1986/1986
f 1193/1193 1986/1986 1271/1271
f 1194/1194 2008/2008 2007/2007
f 1194/1194 2007/2007 1630/1630
f 1195/1195 2005/2005 2004/2004
f 1195/1195 2004/2004 1231/1231
f 1664/1664 2001/2001 2000/2000
f 1664/1664 2000/2000 1221/1221
f 1197/1197 1999/1999 1998/1998
f 1197/1197 1998/1998 1210/1210
f 1718/1718 1995/1995 1994/1994
f 1718/1718 1994/1994 1220/1220
f 1199/1199 1993/1993 1992/1992
f 1199/1199 1992/1992 1251/1251
f 1556/1556 1989/1989 1988/1988
f 1556/1556 1988/1988 1241/1241
f 1745/1745 1997/1997 1996/1996
f 1745/1745 1996/1996 1198/1198
f 1220/1220 1994/1994 1993/1993
f 1220/1220 1993/1993 1199/1199
f 1221/1221 2000/2000 1999/1999
f 1221/1221 1999/1999 1197/1197
f 1691/1691 2003/2003 2002/2002
f 1691/1691 2002/2002 1196/1196
f 1241/1241 1988/1988 1987/1987
f 1241/1241 1987/1987 1193/1193
f 1251/1251 1992/1992 1991/1991
f 1251/1251 1991/1991 1603/1603
f 1261/1261 2006/2006 2005/2005
f 1261/1261 2005/2005 1195/1195
f 1271/1271 1986/1986 2009/2009
f 1271/1271 2009/2009 1657/1657
f 1297/1297 1963/1963 1962/1962
f 1297/1297 1962/1962 1298/1298
f 1299/1299 1984/1984 1983/1983
f 1299/1299 1983/1983 1631/1631
f 1301/1301 1981/1981 1980/1980
f 1301/1301 1980/1980 1302/1302
f 1663/1663 1977/1977 1976/1976
f 1663/1663 1976/1976 1304/1304
f 1305/1305 1975/1975 1974/1974
f 1305/1305 1974/1974 1306/1306
f 1717/1717 1971/1971 1970/1970
f 1717/1717 1970/1970 1308/1308
f 1309/1309 1969/1969 1968/1968
f 1309/1309 1968/1968 1310/1310
f 1555/1555 1965/1965 1964/1964
f 1555/1555 1964/1964 1312/1312
f 1744/1744 1973/1973 1972/1972
f 1744/1744 1972/1972 1307/1307
f 1308/1308 1970/1970 1969/1969
f 1308/1308 1969/1969 1309/1309
f 1304/1304 1976/1976 1975/1975
f 1304/1304 1975/1975 1305/1305
f 1690/1690 1979/1979 1978/1978
f 1690/1690 1978/1978 1303/1303
f 1312/1312 1964/1964 1963/1963
f 1312/1312 1963/1963 1297/1297
f 1310/1310 1968/1968 1967/1967
f 1310/1310 1967/1967 1604/1604
f 1300/1300 1982/1982 1981/1981
f 1300/1300 1981/1981 1301/1301
f 1298/1298 1962/1962 1985/1985
f 1298/1298 1985/1985 1658/1658
f 1313/1313 1329/1329 1330/1330
f 1313/1313 1330/1330 1314/1314
f 1315/1315 1331/1331 1633/1633
f 1315/1315 1633/1633 1632/1632
f 1317/1317 1333/1333 1334/1334
f 1317/1317 1334/1334 1318/1318
f 1662/1662 1661/1661 1336/1336
f 1662/1662 1336/1336 1320/1320
f 1321/1321 1337/1337 1338/1338
f 1321/1321 1338/1338 1322/1322
f 1716/1716 1715/1715 1340/1340
f 1716/1716 1340/1340 1324/1324
f 1325/1325 1341/1341 1342/1342
f 1325/1325 1342/1342 1326/1326
f 1554/1554 1553/1553 1344/1344
f 1554/1554 1344/1344 1328/1328
f 1743/1743 1742/1742 1339/1339
f 1743/1743 1339/1339 1323/1323
f 1324/1324 1340/1340 1341/1341
f 1324/1324 1341/1341 1325/1325
f 1320/1320 1336/1336 1337/1337
f 1320/1320 1337/1337 1321/1321
f 1689/1689 1688/1688 1335/1335
f 1689/1689 1335/1335 1319/1319
f 1328/1328 1344/1344 1329/1329
f 1328/1328 1329/1329 1313/1313
f 1326/1326 1342/1342 1606/1606
f 1326/1326 1606/1606 1605/1605
f 1316/1316 1332/1332 1333/1333
f 1316/1316 1333/1333 1317/1317
f 1314/1314 1330/1330 1660/1660
f 1314/1314 1660/1660 1659/1659
f 1905/1905 1346/1346 1345/1345
f 1905/1905 1345/1345 1906/1906
f 1902/1902 1609/1609 1347/1347
f 1902/1902 1347/1347 1903/1903
f 1899/1899 1350/1350 1349/1349
f 1899/1899 1349/1349 1900/1900
f 1895/1895 1352/1352 1685/1685
f 1895/1895 1685/1685 1896/1896
f 1893/1893 1354/1354 1353/1353
f 1893/1893 1353/1353 1894/1894
f 1889/1889 1356/1356 1739/1739
f 1889/1889 1739/1739 1890/1890
f 1911/1911 1358/1358 1357/1357
f 1911/1911 1357/1357 1912/1912
f 1907/1907 1360/1360 1577/1577
f 1907/1907 1577/1577 1908/1908
f 1891/1891 1355/1355 1766/1766
f 1891/1891 1766/1766 1892/1892
f 1912/1912 1357/1357 1356/1356
f 1912/1912 1356/1356 1889/1889
f 1894/1894 1353/1353 1352/1352
f 1894/1894 1352/1352 1895/1895
f 1897/1897 1351/1351 1712/1712
f 1897/1897 1712/1712 1898/1898
f 1906/1906 1345/1345 1360/1360
f 1906/1906 1360/1360 1907/1907
f 1910/1910 1582/1582 1358/1358
f 1910/1910 1358/1358 1911/1911
f 1900/1900 1349/1349 1348/1348
f 1900/1900 1348/1348 1901/1901
f 1904/1904 1636/1636 1346/1346
f 1904/1904 1346/1346 1905/1905
f 1346/1346 1362/1362 1361/1361
f 1346/1346 1361/1361 1345/1345
f 1609/1609 1608/1608 1363/1363
f 1609/1609 1363/1363 1347/1347
f 1350/1350 1366/1366 1365/1365
f 1350/1350 1365/1365 1349/1349
f 1352/1352 1368/1368 1686/1686
f 1352/1352 1686/1686 1685/1685
f 1354/1354 1370/1370 1369/1369
f 1354/1354 1369/1369 1353/1353
f 1356/1356 1372/1372 1740/1740
f 1356/1356 1740/1740 1739/1739
f 1358/1358 1374/1374 1373/1373
f 1358/1358 1373/1373 1357/1357
f 1360/1360 1376/1376 1578/1578
f 1360/1360 1578/1578 1577/1577
f 1355/1355 1371/1371 1767/1767
f 1355/1355 1767/1767 1766/1766
f 1357/1357 1373/1373 1372/1372
f 1357/1357 1372/1372 1356/1356
f 1353/1353 1369/1369 1368/1368
f 1353/1353 1368/1368 1352/1352
f 1351/1351 1367/1367 1713/1713
f 1351/1351 1713/1713 1712/1712
f 1345/1345 1361/1361 1376/1376
f 1345/1345 1376/1376 1360/1360
f 1582/1582 1581/1581 1374/1374
f 1582/1582 1374/1374 1358/1358
f 1349/1349 1365/1365 1364/1364
f 1349/1349 1364/1364 1348/1348
f 1636/1636 1635/1635 1362/1362
f 1636/1636 1362/1362 1346/1346
f 1362/1362 1378/1378 1377/1377
f 1362/1362 1377/1377 1361/1361
f 1608/1608 1607/1607 1379/1379
f 1608/1608 1379/1379 1363/1363
f 1366/1366 1382/1382 1381/1381
f 1366/1366 1381/1381 1365/1365
f 1368/1368 1384/1384 1687/1687
f 1368/1368 1687/1687 1686/1686
f 1370/1370 1386/1386 1385/1385
f 1370/1370 1385/1385 1369/1369
f 1372/1372 1388/1388 1741/1741
f 1372/1372 1741/1741 1740/1740
f 1374/1374 1390/1390 1389/1389
f 1374/1374 1389/1389 1373/1373
f 1376/1376 1392/1392 1579/1579
f 1376/1376 1579/1579 1578/1578
f 1371/1371 1387/1387 1768/1768
f 1371/1371 1768/1768 1767/1767
f 1373/1373 1389/1389 1388/1388
f 1373/1373 1388/1388 1372/1372
f 1369/1369 1385/1385 1384/1384
f 1369/1369 1384/1384 1368/1368
f 1367/1367 1383/1383 1714/1714
f 1367/1367 1714/1714 1713/1713
f 1361/1361 1377/1377 1392/1392
f 1361/1361 1392/1392 1376/1376
f 1581/1581 1580/1580 1390/1390
f 1581/1581 1390/1390 1374/1374
f 1365/1365 1381/1381 1380/1380
f 1365/1365 1380/1380 1364/1364
f 1635/1635 1634/1634 1378/1378
f 1635/1635 1378/1378 1362/1362
f 1253/1253 1839/1839 1838/1838
f 1253/1253 1838/1838 1599/1599
f 1560/1560 1836/1836 1835/1835
f 1560/1560 1835/1835 1243/1243
f 1243/1243 1835/1835 1834/1834
f 1243/1243 1834/1834 1168/1168
f 1168/1168 1834/1834 1833/1833
f 1168/1168 1833/1833 1273/1273
f 1273/1273 1833/1833 1832/1832
f 1273/1273 1832/1832 1653/1653
f 1167/1167 1831/1831 1830/1830
f 1167/1167 1830/1830 1626/1626
f 1263/1263 1829/1829 1828/1828
f 1263/1263 1828/1828 1166/1166
f 1166/1166 1828/1828 1827/1827
f 1166/1166 1827/1827 1233/1233
f 1695/1695 1826/1826 1825/1825
f 1695/1695 1825/1825 1165/1165
f 1668/1668 1824/1824 1823/1823
f 1668/1668 1823/1823 1223/1223
f 1223/1223 1823/1823 1822/1822
f 1223/1223 1822/1822 1164/1164
f 1164/1164 1822/1822 1821/1821
f 1164/1164 1821/1821 1208/1208
f 1819/1819 1163/1163 1749/1749
f 1819/1819 1749/1749 1820/1820
f 1722/1722 1818/1818 1817/1817
f 1722/1722 1817/1817 1218/1218
f 1840/1840 1162/1162 1218/1218
f 1840/1840 1218/1218 1817/1817
f 1162/1162 1840/1840 1839/1839
f 1162/1162 1839/1839 1253/1253
f 1280/1280 1409/1409 1639/1639
f 1280/1280 1639/1639 1638/1638
f 1122/1122 1410/1410 1612/1612
f 1122/1122 1612/1612 1611/1611
f 1270/1270 1411/1411 1412/1412
f 1270/1270 1412/1412 1123/1123
f 1123/1123 1412/1412 1413/1413
f 1123/1123 1413/1413 1240/1240
f 1710/1710 1709/1709 1414/1414
f 1710/1710 1414/1414 1124/1124
f 1683/1683 1682/1682 1415/1415
f 1683/1683 1415/1415 1230/1230
f 1230/1230 1415/1415 1416/1416
f 1230/1230 1416/1416 1125/1125
f 1125/1125 1416/1416 1417/1417
f 1125/1125 1417/1417 1201/1201
f 1764/1764 1763/1763 1418/1418
f 1764/1764 1418/1418 1126/1126
f 1737/1737 1736/1736 1419/1419
f 1737/1737 1419/1419 1211/1211
f 1211/1211 1419/1419 1420/1420
f 1211/1211 1420/1420 1127/1127
f 1127/1127 1420/1420 1421/1421
f 1127/1127 1421/1421 1260/1260
f 1260/1260 1421/1421 1585/1585
f 1260/1260 1585/1585 1584/1584
f 1575/1575 1574/1574 1423/1423
f 1575/1575 1423/1423 1250/1250
f 1250/1250 1423/1423 1424/1424
f 1250/1250 1424/1424 1121/1121
f 1121/1121 1424/1424 1409/1409
f 1121/1121 1409/1409 1280/1280
f 1409/1409 1425/1425 1640/1640
f 1409/1409 1640/1640 1639/1639
f 1410/1410 1426/1426 1613/1613
f 1410/1410 1613/1613 1612/1612
f 1411/1411 1427/1427 1428/1428
f 1411/1411 1428/1428 1412/1412
f 1412/1412 1428/1428 1429/1429
f 1412/1412 1429/1429 1413/1413
f 1709/1709 1708/1708 1430/1430
f 1709/1709 1430/1430 1414/1414
f 1682/1682 1681/1681 1431/1431
f 1682/1682 1431/1431 1415/1415
f 1415/1415 1431/1431 1432/1432
f 1415/1415 1432/1432 1416/1416
f 1416/1416 1432/1432 1433/1433
f 1416/1416 1433/1433 1417/1417
f 1763/1763 1762/1762 1434/1434
f 1763/1763 1434/1434 1418/1418
f 1736/1736 1735/1735 1435/1435
f 1736/1736 1435/1435 1419/1419
f 1419/1419 1435/1435 1436/1436
f 1419/1419 1436/1436 1420/1420
f 1420/1420 1436/1436 1437/1437
f 1420/1420 1437/1437 1421/1421
f 1421/1421 1437/1437 1586/1586
f 1421/1421 1586/1586 1585/1585
f 1574/1574 1573/1573 1439/1439
f 1574/1574 1439/1439 1423/1423
f 1423/1423 1439/1439 1440/1440
f 1423/1423 1440/1440 1424/1424
f 1424/1424 1440/1440 1425/1425
f 1424/1424 1425/1425 1409/1409
f 1279/1279 1441/1441 1642/1642
f 1279/1279 1642/1642 1641/1641
f 1190/1190 1442/1442 1615/1615
f 1190/1190 1615/1615 1614/1614
f 1269/1269 1443/1443 1444/1444
f 1269/1269 1444/1444 1189/1189
f 1189/1189 1444/1444 1445/1445
f 1189/1189 1445/1445 1239/1239
f 1707/1707 1706/1706 1446/1446
f 1707/1707 1446/1446 1188/1188
f 1680/1680 1679/1679 1447/1447
f 1680/1680 1447/1447 1229/1229
f 1229/1229 1447/1447 1448/1448
f 1229/1229 1448/1448 1187/1187
f 1187/1187 1448/1448 1449/1449
f 1187/1187 1449/1449 1202/1202
f 1450/1450 1186/1186 1761/1761
f 1450/1450 1761/1761 1760/1760
f 1734/1734 1733/1733 1451/1451
f 1734/1734 1451/1451 1212/1212
f 1452/1452 1185/1185 1212/1212
f 1452/1452 1212/1212 1451/1451
f 1185/1185 1452/1452 1453/1453
f 1185/1185 1453/1453 1259/1259
f 1259/1259 1453/1453 1588/1588
f 1259/1259 1588/1588 1587/1587
f 1572/1572 1571/1571 1455/1455
f 1572/1572 1455/1455 1249/1249
f 1249/1249 1455/1455 1456/1456
f 1249/1249 1456/1456 1191/1191
f 1191/1191 1456/1456 1441/1441
f 1191/1191 1441/1441 1279/1279
f 1749/1749 1163/1163 1457/1457
f 1749/1749 1457/1457 1750/1750
f 1459/1459 1164/1164 1208/1208
f 1459/1459 1208/1208 1458/1458
f 1460/1460 1223/1223 1164/1164
f 1460/1460 1164/1164 1459/1459
f 1669/1669 1668/1668 1223/1223
f 1669/1669 1223/1223 1460/1460
f 1696/1696 1695/1695 1165/1165
f 1696/1696 1165/1165 1461/1461
f 1463/1463 1166/1166 1233/1233
f 1463/1463 1233/1233 1462/1462
f 1464/1464 1263/1263 1166/1166
f 1464/1464 1166/1166 1463/1463
f 1465/1465 1167/1167 1626/1626
f 1465/1465 1626/1626 1625/1625
f 1466/1466 1273/1273 1653/1653
f 1466/1466 1653/1653 1652/1652
f 1467/1467 1168/1168 1273/1273
f 1467/1467 1273/1273 1466/1466
f 1468/1468 1243/1243 1168/1168
f 1468/1468 1168/1168 1467/1467
f 1561/1561 1560/1560 1243/1243
f 1561/1561 1243/1243 1468/1468
f 1470/1470 1253/1253 1599/1599
f 1470/1470 1599/1599 1598/1598
f 1471/1471 1162/1162 1253/1253
f 1471/1471 1253/1253 1470/1470
f 1218/1218 1162/1162 1471/1471
f 1218/1218 1471/1471 1472/1472
f 1723/1723 1722/1722 1218/1218
f 1723/1723 1218/1218 1472/1472
f 1473/1473 1752/1752 1751/1751
f 1473/1473 1751/1751 1150/1150
f 1475/1475 1149/1149 1207/1207
f 1475/1475 1207/1207 1474/1474
f 1476/1476 1224/1224 1149/1149
f 1476/1476 1149/1149 1475/1475
f 1671/1671 1670/1670 1224/1224
f 1671/1671 1224/1224 1476/1476
f 1698/1698 1697/1697 1148/1148
f 1698/1698 1148/1148 1477/1477
f 1479/1479 1147/1147 1234/1234
f 1479/1479 1234/1234 1478/1478
f 1480/1480 1264/1264 1147/1147
f 1480/1480 1147/1147 1479/1479
f 1481/1481 1146/1146 1624/1624
f 1481/1481 1624/1624 1623/1623
f 1482/1482 1274/1274 1651/1651
f 1482/1482 1651/1651 1650/1650
f 1483/1483 1145/1145 1274/1274
f 1483/1483 1274/1274 1482/1482
f 1484/1484 1244/1244 1145/1145
f 1484/1484 1145/1145 1483/1483
f 1563/1563 1562/1562 1244/1244
f 1563/1563 1244/1244 1484/1484
f 1486/1486 1254/1254 1597/1597
f 1486/1486 1597/1597 1596/1596
f 1487/1487 1151/1151 1254/1254
f 1487/1487 1254/1254 1486/1486
f 1217/1217 1151/1151 1487/1487
f 1217/1217 1487/1487 1488/1488
f 1725/1725 1724/1724 1217/1217
f 1725/1725 1217/1217 1488/1488
f 1721/1721 1720/1720 1407/1407
f 1721/1721 1407/1407 1489/1489
f 1406/1406 1490/1490 1748/1748
f 1406/1406 1748/1748 1747/1747
f 1492/1492 1404/1404 1405/1405
f 1492/1492 1405/1405 1491/1491
f 1493/1493 1403/1403 1404/1404
f 1493/1493 1404/1404 1492/1492
f 1667/1667 1666/1666 1403/1403
f 1667/1667 1403/1403 1493/1493
f 1694/1694 1693/1693 1402/1402
f 1694/1694 1402/1402 1494/1494
f 1496/1496 1400/1400 1401/1401
f 1496/1496 1401/1401 1495/1495
f 1497/1497 1399/1399 1400/1400
f 1497/1497 1400/1400 1496/1496
f 1498/1498 1398/1398 1628/1628
f 1498/1498 1628/1628 1627/1627
f 1499/1499 1397/1397 1655/1655
f 1499/1499 1655/1655 1654/1654
f 1500/1500 1396/1396 1397/1397
f 1500/1500 1397/1397 1499/1499
f 1501/1501 1395/1395 1396/1396
f 1501/1501 1396/1396 1500/1500
f 1559/1559 1558/1558 1395/1395
f 1559/1559 1395/1395 1501/1501
f 1503/1503 1393/1393 1601/1601
f 1503/1503 1601/1601 1600/1600
f 1504/1504 1408/1408 1393/1393
f 1504/1504 1393/1393 1503/1503
f 1408/1408 1504/1504 1489/1489
f 1408/1408 1489/1489 1407/1407
f 1505/1505 1754/1754 1753/1753
f 1505/1505 1753/1753 1177/1177
f 1507/1507 1178/1178 1206/1206
f 1507/1507 1206/1206 1506/1506
f 1508/1508 1225/1225 1178/1178
f 1508/1508 1178/1178 1507/1507
f 1673/1673 1672/1672 1225/1225
f 1673/1673 1225/1225 1508/1508
f 1700/1700 1699/1699 1179/1179
f 1700/1700 1179/1179 1509/1509
f 1511/1511 1180/1180 1235/1235
f 1511/1511 1235/1235 1510/1510
f 1512/1512 1265/1265 1180/1180
f 1512/1512 1180/1180 1511/1511
f 1513/1513 1181/1181 1622/1622
f 1513/1513 1622/1622 1621/1621
f 1514/1514 1275/1275 1649/1649
f 1514/1514 1649/1649 1648/1648
f 1515/1515 1182/1182 1275/1275
f 1515/1515 1275/1275 1514/1514
f 1516/1516 1245/1245 1182/1182
f 1516/1516 1182/1182 1515/1515
f 1565/1565 1564/1564 1245/1245
f 1565/1565 1245/1245 1516/1516
f 1518/1518 1255/1255 1595/1595
f 1518/1518 1595/1595 1594/1594
f 1519/1519 1184/1184 1255/1255
f 1519/1519 1255/1255 1518/1518
f 1216/1216 1184/1184 1519/1519
f 1216/1216 1519/1519 1520/1520
f 1727/1727 1726/1726 1216/1216
f 1727/1727 1216/1216 1520/1520
f 1521/1521 1756/1756 1755/1755
f 1521/1521 1755/1755 1169/1169
f 1523/1523 1170/1170 1205/1205
f 1523/1523 1205/1205 1522/1522
f 1524/1524 1226/1226 1170/1170
f 1524/1524 1170/1170 1523/1523
f 1675/1675 1674/1674 1226/1226
f 1675/1675 1226/1226 1524/1524
f 1702/1702 1701/1701 1171/1171
f 1702/1702 1171/1171 1525/1525
f 1527/1527 1172/1172 1236/1236
f 1527/1527 1236/1236 1526/1526
f 1528/1528 1266/1266 1172/1172
f 1528/1528 1172/1172 1527/1527
f 1529/1529 1173/1173 1620/1620
f 1529/1529 1620/1620 1619/1619
f 1530/1530 1276/1276 1647/1647
f 1530/1530 1647/1647 1646/1646
f 1531/1531 1174/1174 1276/1276
f 1531/1531 1276/1276 1530/1530
f 1532/1532 1246/1246 1174/1174
f 1532/1532 1174/1174 1531/1531
f 1567/1567 1566/1566 1246/1246
f 1567/1567 1246/1246 1532/1532
f 1534/1534 1256/1256 1593/1593
f 1534/1534 1593/1593 1592/1592
f 1535/1535 1176/1176 1256/1256
f 1535/1535 1256/1256 1534/1534
f 1536/1536 1215/1215 1176/1176
f 1536/1536 1176/1176 1535/1535
f 1729/1729 1728/1728 1215/1215
f 1729/1729 1215/1215 1536/1536
f 1758/1758 1134/1134 1537/1537
f 1758/1758 1537/1537 1759/1759
f 1539/1539 1133/1133 1203/1203
f 1539/1539 1203/1203 1538/1538
f 1540/1540 1228/1228 1133/1133
f 1540/1540 1133/1133 1539/1539
f 1678/1678 1677/1677 1228/1228
f 1678/1678 1228/1228 1540/1540
f 1705/1705 1704/1704 1132/1132
f 1705/1705 1132/1132 1541/1541
f 1543/1543 1131/1131 1238/1238
f 1543/1543 1238/1238 1542/1542
f 1544/1544 1268/1268 1131/1131
f 1544/1544 1131/1131 1543/1543
f 1545/1545 1130/1130 1617/1617
f 1545/1545 1617/1617 1616/1616
f 1546/1546 1278/1278 1644/1644
f 1546/1546 1644/1644 1643/1643
f 1547/1547 1129/1129 1278/1278
f 1547/1547 1278/1278 1546/1546
f 1548/1548 1248/1248 1129/1129
f 1548/1548 1129/1129 1547/1547
f 1570/1570 1569/1569 1248/1248
f 1570/1570 1248/1248 1548/1548
f 1550/1550 1258/1258 1590/1590
f 1550/1550 1590/1590 1589/1589
f 1551/1551 1135/1135 1258/1258
f 1551/1551 1258/1258 1550/1550
f 1213/1213 1135/1135 1551/1551
f 1213/1213 1551/1551 1552/1552
f 1732/1732 1731/1731 1213/1213
f 1732/1732 1213/1213 1552/1552
f 1327/1327 1343/1343 1553/1553
f 1327/1327 1553/1553 1554/1554
f 1311/1311 1966/1966 1965/1965
f 1311/1311 1965/1965 1555/1555
f 1200/1200 1990/1990 1989/1989
f 1200/1200 1989/1989 1556/1556
f 1863/1863 1862/1862 1200/1200
f 1863/1863 1200/1200 1556/1556
f 1394/1394 1160/1160 1557/1557
f 1394/1394 1557/1557 1558/1558
f 1502/1502 1394/1394 1558/1558
f 1502/1502 1558/1558 1559/1559
f 1161/1161 1837/1837 1836/1836
f 1161/1161 1836/1836 1560/1560
f 1469/1469 1161/1161 1560/1560
f 1469/1469 1560/1560 1561/1561
f 1152/1152 1769/1769 1792/1792
f 1152/1152 1792/1792 1562/1562
f 1485/1485 1152/1152 1562/1562
f 1485/1485 1562/1562 1563/1563
f 1183/1183 1485/1485 1563/1563
f 1183/1183 1563/1563 1564/1564
f 1517/1517 1183/1183 1564/1564
f 1517/1517 1564/1564 1565/1565
f 1798/1798 1517/1517 1565/1565
f 1798/1798 1565/1565 1799/1799
f 1533/1533 1175/1175 1566/1566
f 1533/1533 1566/1566 1567/1567
f 1568/1568 1144/1144 1533/1533
f 1568/1568 1533/1533 1567/1567
f 1136/1136 1144/1144 1568/1568
f 1136/1136 1568/1568 1569/1569
f 1549/1549 1136/1136 1569/1569
f 1549/1549 1569/1569 1570/1570
f 1454/1454 1549/1549 1570/1570
f 1454/1454 1570/1570 1571/1571
f 1192/1192 1454/1454 1571/1571
f 1192/1192 1571/1571 1572/1572
f 1438/1438 1192/1192 1572/1572
f 1438/1438 1572/1572 1573/1573
f 1422/1422 1438/1438 1573/1573
f 1422/1422 1573/1573 1574/1574
f 1128/1128 1422/1422 1574/1574
f 1128/1128 1574/1574 1575/1575
f 1882/1882 1881/1881 1128/1128
f 1882/1882 1128/1128 1575/1575
f 1577/1577 1359/1359 1909/1909
f 1577/1577 1909/1909 1908/1908
f 1578/1578 1375/1375 1359/1359
f 1578/1578 1359/1359 1577/1577
f 1579/1579 1391/1391 1375/1375
f 1579/1579 1375/1375 1578/1578
f 1375/1375 1391/1391 1580/1580
f 1375/1375 1580/1580 1581/1581
f 1359/1359 1375/1375 1581/1581
f 1359/1359 1581/1581 1582/1582
f 1909/1909 1359/1359 1582/1582
f 1909/1909 1582/1582 1910/1910
f 1584/1584 1128/1128 1881/1881
f 1584/1584 1881/1881 1880/1880
f 1585/1585 1422/1422 1128/1128
f 1585/1585 1128/1128 1584/1584
f 1586/1586 1438/1438 1422/1422
f 1586/1586 1422/1422 1585/1585
f 1587/1587 1192/1192 1438/1438
f 1587/1587 1438/1438 1586/1586
f 1588/1588 1454/1454 1192/1192
f 1588/1588 1192/1192 1587/1587
f 1589/1589 1549/1549 1454/1454
f 1589/1589 1454/1454 1588/1588
f 1590/1590 1136/1136 1549/1549
f 1590/1590 1549/1549 1589/1589
f 1591/1591 1144/1144 1136/1136
f 1591/1591 1136/1136 1590/1590
f 1144/1144 1591/1591 1592/1592
f 1144/1144 1592/1592 1533/1533
f 1593/1593 1175/1175 1533/1533
f 1593/1593 1533/1533 1592/1592
f 1594/1594 1517/1517 1798/1798
f 1594/1594 1798/1798 1797/1797
f 1595/1595 1183/1183 1517/1517
f 1595/1595 1517/1517 1594/1594
f 1596/1596 1485/1485 1183/1183
f 1596/1596 1183/1183 1595/1595
f 1597/1597 1152/1152 1485/1485
f 1597/1597 1485/1485 1596/1596
f 1770/1770 1769/1769 1152/1152
f 1770/1770 1152/1152 1597/1597
f 1599/1599 1161/1161 1469/1469
f 1599/1599 1469/1469 1598/1598
f 1838/1838 1837/1837 1161/1161
f 1838/1838 1161/1161 1599/1599
f 1601/1601 1394/1394 1502/1502
f 1601/1601 1502/1502 1600/1600
f 1602/1602 1160/1160 1394/1394
f 1602/1602 1394/1394 1601/1601
f 1603/1603 1200/1200 1862/1862
f 1603/1603 1862/1862 1861/1861
f 1991/1991 1990/1990 1200/1200
f 1991/1991 1200/1200 1603/1603
f 1967/1967 1966/1966 1311/1311
f 1967/1967 1311/1311 1604/1604
f 1606/1606 1343/1343 1327/1327
f 1606/1606 1327/1327 1605/1605
f 1364/1364 1380/1380 1607/1607
f 1364/1364 1607/1607 1608/1608
f 1348/1348 1364/1364 1608/1608
f 1348/1348 1608/1608 1609/1609
f 1901/1901 1348/1348 1609/1609
f 1901/1901 1609/1609 1902/1902
f 1611/1611 1270/1270 1865/1865
f 1611/1611 1865/1865 1888/1888
f 1612/1612 1411/1411 1270/1270
f 1612/1612 1270/1270 1611/1611
f 1613/1613 1427/1427 1411/1411
f 1613/1613 1411/1411 1612/1612
f 1614/1614 1269/1269 1427/1427
f 1614/1614 1427/1427 1613/1613
f 1615/1615 1443/1443 1269/1269
f 1615/1615 1269/1269 1614/1614
f 1616/1616 1544/1544 1443/1443
f 1616/1616 1443/1443 1615/1615
f 1617/1617 1268/1268 1544/1544
f 1617/1617 1544/1544 1616/1616
f 1618/1618 1267/1267 1268/1268
f 1618/1618 1268/1268 1617/1617
f 1267/1267 1618/1618 1619/1619
f 1267/1267 1619/1619 1528/1528
f 1620/1620 1266/1266 1528/1528
f 1620/1620 1528/1528 1619/1619
f 1621/1621 1512/1512 1806/1806
f 1621/1621 1806/1806 1805/1805
f 1622/1622 1265/1265 1512/1512
f 1622/1622 1512/1512 1621/1621
f 1623/1623 1480/1480 1265/1265
f 1623/1623 1265/1265 1622/1622
f 1624/1624 1264/1264 1480/1480
f 1624/1624 1480/1480 1623/1623
f 1786/1786 1785/1785 1264/1264
f 1786/1786 1264/1264 1624/1624
f 1626/1626 1263/1263 1464/1464
f 1626/1626 1464/1464 1625/1625
f 1830/1830 1829/1829 1263/1263
f 1830/1830 1263/1263 1626/1626
f 1628/1628 1399/1399 1497/1497
f 1628/1628 1497/1497 1627/1627
f 1629/1629 1262/1262 1399/1399
f 1629/1629 1399/1399 1628/1628
f 1630/1630 1261/1261 1846/1846
f 1630/1630 1846/1846 1845/1845
f 2007/2007 2006/2006 1261/1261
f 2007/2007 1261/1261 1630/1630
f 1983/1983 1982/1982 1300/1300
f 1983/1983 1300/1300 1631/1631
f 1633/1633 1332/1332 1316/1316
f 1633/1633 1316/1316 1632/1632
f 1363/1363 1379/1379 1634/1634
f 1363/1363 1634/1634 1635/1635
f 1347/1347 1363/1363 1635/1635
f 1347/1347 1635/1635 1636/1636
f 1903/1903 1347/1347 1636/1636
f 1903/1903 1636/1636 1904/1904
f 1638/1638 1122/1122 1887/1887
f 1638/1638 1887/1887 1886/1886
f 1639/1639 1410/1410 1122/1122
f 1639/1639 1122/1122 1638/1638
f 1640/1640 1426/1426 1410/1410
f 1640/1640 1410/1410 1639/1639
f 1641/1641 1190/1190 1426/1426
f 1641/1641 1426/1426 1640/1640
f 1642/1642 1442/1442 1190/1190
f 1642/1642 1190/1190 1641/1641
f 1643/1643 1545/1545 1442/1442
f 1643/1643 1442/1442 1642/1642
f 1644/1644 1130/1130 1545/1545
f 1644/1644 1545/1545 1643/1643
f 1645/1645 1138/1138 1130/1130
f 1645/1645 1130/1130 1644/1644
f 1138/1138 1645/1645 1646/1646
f 1138/1138 1646/1646 1529/1529
f 1647/1647 1173/1173 1529/1529
f 1647/1647 1529/1529 1646/1646
f 1648/1648 1513/1513 1804/1804
f 1648/1648 1804/1804 1803/1803
f 1649/1649 1181/1181 1513/1513
f 1649/1649 1513/1513 1648/1648
f 1650/1650 1481/1481 1181/1181
f 1650/1650 1181/1181 1649/1649
f 1651/1651 1146/1146 1481/1481
f 1651/1651 1481/1481 1650/1650
f 1788/1788 1787/1787 1146/1146
f 1788/1788 1146/1146 1651/1651
f 1653/1653 1167/1167 1465/1465
f 1653/1653 1465/1465 1652/1652
f 1832/1832 1831/1831 1167/1167
f 1832/1832 1167/1167 1653/1653
f 1655/1655 1398/1398 1498/1498
f 1655/1655 1498/1498 1654/1654
f 1656/1656 1154/1154 1398/1398
f 1656/1656 1398/1398 1655/1655
f 1657/1657 1194/1194 1844/1844
f 1657/1657 1844/1844 1843/1843
f 2009/2009 2008/2008 1194/1194
f 2009/2009 1194/1194 1657/1657
f 1985/1985 1984/1984 1299/1299
f 1985/1985 1299/1299 1658/1658
f 1660/1660 1331/1331 1315/1315
f 1660/1660 1315/1315 1659/1659
f 1319/1319 1335/1335 1661/1661
f 1319/1319 1661/1661 1662/1662
f 1303/1303 1978/1978 1977/1977
f 1303/1303 1977/1977 1663/1663
f 1196/1196 2002/2002 2001/2001
f 1196/1196 2001/2001 1664/1664
f 1851/1851 1850/1850 1196/1196
f 1851/1851 1196/1196 1664/1664
f 1402/1402 1156/1156 1665/1665
f 1402/1402 1665/1665 1666/1666
f 1494/1494 1402/1402 1666/1666
f 1494/1494 1666/1666 1667/1667
f 1165/1165 1825/1825 1824/1824
f 1165/1165 1824/1824 1668/1668
f 1461/1461 1165/1165 1668/1668
f 1461/1461 1668/1668 1669/1669
f 1148/1148 1781/1781 1780/1780
f 1148/1148 1780/1780 1670/1670
f 1477/1477 1148/1148 1670/1670
f 1477/1477 1670/1670 1671/1671
f 1179/1179 1477/1477 1671/1671
f 1179/1179 1671/1671 1672/1672
f 1509/1509 1179/1179 1672/1672
f 1509/1509 1672/1672 1673/1673
f 1810/1810 1509/1509 1673/1673
f 1810/1810 1673/1673 1811/1811
f 1525/1525 1171/1171 1674/1674
f 1525/1525 1674/1674 1675/1675
f 1676/1676 1140/1140 1525/1525
f 1676/1676 1525/1525 1675/1675
f 1132/1132 1140/1140 1676/1676
f 1132/1132 1676/1676 1677/1677
f 1541/1541 1132/1132 1677/1677
f 1541/1541 1677/1677 1678/1678
f 1446/1446 1541/1541 1678/1678
f 1446/1446 1678/1678 1679/1679
f 1188/1188 1446/1446 1679/1679
f 1188/1188 1679/1679 1680/1680
f 1430/1430 1188/1188 1680/1680
f 1430/1430 1680/1680 1681/1681
f 1414/1414 1430/1430 1681/1681
f 1414/1414 1681/1681 1682/1682
f 1124/1124 1414/1414 1682/1682
f 1124/1124 1682/1682 1683/1683
f 1870/1870 1869/1869 1124/1124
f 1870/1870 1124/1124 1683/1683
f 1685/1685 1351/1351 1897/1897
f 1685/1685 1897/1897 1896/1896
f 1686/1686 1367/1367 1351/1351
f 1686/1686 1351/1351 1685/1685
f 1687/1687 1383/1383 1367/1367
f 1687/1687 1367/1367 1686/1686
f 1318/1318 1334/1334 1688/1688
f 1318/1318 1688/1688 1689/1689
f 1302/1302 1980/1980 1979/1979
f 1302/1302 1979/1979 1690/1690
f 1231/1231 2004/2004 2003/2003
f 1231/1231 2003/2003 1691/1691
f 1849/1849 1848/1848 1231/1231
f 1849/1849 1231/1231 1691/1691
f 1401/1401 1232/1232 1692/1692
f 1401/1401 1692/1692 1693/1693
f 1495/1495 1401/1401 1693/1693
f 1495/1495 1693/1693 1694/1694
f 1233/1233 1827/1827 1826/1826
f 1233/1233 1826/1826 1695/1695
f 1462/1462 1233/1233 1695/1695
f 1462/1462 1695/1695 1696/1696
f 1234/1234 1783/1783 1782/1782
f 1234/1234 1782/1782 1697/1697
f 1478/1478 1234/1234 1697/1697
f 1478/1478 1697/1697 1698/1698
f 1235/1235 1478/1478 1698/1698
f 1235/1235 1698/1698 1699/1699
f 1510/1510 1235/1235 1699/1699
f 1510/1510 1699/1699 1700/1700
f 1808/1808 1510/1510 1700/1700
f 1808/1808 1700/1700 1809/1809
f 1526/1526 1236/1236 1701/1701
f 1526/1526 1701/1701 1702/1702
f 1703/1703 1237/1237 1526/1526
f 1703/1703 1526/1526 1702/1702
f 1238/1238 1237/1237 1703/1703
f 1238/1238 1703/1703 1704/1704
f 1542/1542 1238/1238 1704/1704
f 1542/1542 1704/1704 1705/1705
f 1445/1445 1542/1542 1705/1705
f 1445/1445 1705/1705 1706/1706
f 1239/1239 1445/1445 1706/1706
f 1239/1239 1706/1706 1707/1707
f 1429/1429 1239/1239 1707/1707
f 1429/1429 1707/1707 1708/1708
f 1413/1413 1429/1429 1708/1708
f 1413/1413 1708/1708 1709/1709
f 1240/1240 1413/1413 1709/1709
f 1240/1240 1709/1709 1710/1710
f 1868/1868 1867/1867 1240/1240
f 1868/1868 1240/1240 1710/1710
f 1712/1712 1350/1350 1899/1899
f 1712/1712 1899/1899 1898/1898
f 1713/1713 1366/1366 1350/1350
f 1713/1713 1350/1350 1712/1712
f 1714/1714 1382/1382 1366/1366
f 1714/1714 1366/1366 1713/1713
f 1323/1323 1339/1339 1715/1715
f 1323/1323 1715/1715 1716/1716
f 1307/1307 1972/1972 1971/1971
f 1307/1307 1971/1971 1717/1717
f 1198/1198 1996/1996 1995/1995
f 1198/1198 1995/1995 1718/1718
f 1857/1857 1856/1856 1198/1198
f 1857/1857 1198/1198 1718/1718
f 1406/1406 1158/1158 1719/1719
f 1406/1406 1719/1719 1720/1720
f 1490/1490 1406/1406 1720/1720
f 1490/1490 1720/1720 1721/1721
f 1163/1163 1819/1819 1818/1818
f 1163/1163 1818/1818 1722/1722
f 1457/1457 1163/1163 1722/1722
f 1457/1457 1722/1722 1723/1723
f 1150/1150 1775/1775 1774/1774
f 1150/1150 1774/1774 1724/1724
f 1473/1473 1150/1150 1724/1724
f 1473/1473 1724/1724 1725/1725
f 1177/1177 1473/1473 1725/1725
f 1177/1177 1725/1725 1726/1726
f 1505/1505 1177/1177 1726/1726
f 1505/1505 1726/1726 1727/1727
f 1816/1816 1505/1505 1727/1727
f 1816/1816 1727/1727 1793/1793
f 1521/1521 1169/1169 1728/1728
f 1521/1521 1728/1728 1729/1729
f 1730/1730 1142/1142 1521/1521
f 1730/1730 1521/1521 1729/1729
f 1134/1134 1142/1142 1730/1730
f 1134/1134 1730/1730 1731/1731
f 1537/1537 1134/1134 1731/1731
f 1537/1537 1731/1731 1732/1732
f 1450/1450 1537/1537 1732/1732
f 1450/1450 1732/1732 1733/1733
f 1186/1186 1450/1450 1733/1733
f 1186/1186 1733/1733 1734/1734
f 1434/1434 1186/1186 1734/1734
f 1434/1434 1734/1734 1735/1735
f 1418/1418 1434/1434 1735/1735
f 1418/1418 1735/1735 1736/1736
f 1126/1126 1418/1418 1736/1736
f 1126/1126 1736/1736 1737/1737
f 1876/1876 1875/1875 1126/1126
f 1876/1876 1126/1126 1737/1737
f 1739/1739 1355/1355 1891/1891
f 1739/1739 1891/1891 1890/1890
f 1740/1740 1371/1371 1355/1355
f 1740/1740 1355/1355 1739/1739
f 1741/1741 1387/1387 1371/1371
f 1741/1741 1371/1371 1740/1740
f 1322/1322 1338/1338 1742/1742
f 1322/1322 1742/1742 1743/1743
f 1306/1306 1974/1974 1973/1973
f 1306/1306 1973/1973 1744/1744
f 1210/1210 1998/1998 1997/1997
f 1210/1210 1997/1997 1745/1745
f 1855/1855 1854/1854 1210/1210
f 1855/1855 1210/1210 1745/1745
f 1209/1209 1746/1746 1747/1747
f 1209/1209 1747/1747 1405/1405
f 1748/1748 1491/1491 1405/1405
f 1748/1748 1405/1405 1747/1747
f 1749/1749 1208/1208 1821/1821
f 1749/1749 1821/1821 1820/1820
f 1208/1208 1749/1749 1750/1750
f 1208/1208 1750/1750 1458/1458
f 1777/1777 1776/1776 1751/1751
f 1777/1777 1751/1751 1207/1207
f 1752/1752 1474/1474 1207/1207
f 1752/1752 1207/1207 1751/1751
f 1753/1753 1206/1206 1474/1474
f 1753/1753 1474/1474 1752/1752
f 1754/1754 1506/1506 1206/1206
f 1754/1754 1206/1206 1753/1753
f 1815/1815 1814/1814 1506/1506
f 1815/1815 1506/1506 1754/1754
f 1756/1756 1522/1522 1205/1205
f 1756/1756 1205/1205 1755/1755
f 1757/1757 1204/1204 1522/1522
f 1757/1757 1522/1522 1756/1756
f 1204/1204 1757/1757 1758/1758
f 1204/1204 1758/1758 1203/1203
f 1203/1203 1758/1758 1759/1759
f 1203/1203 1759/1759 1538/1538
f 1538/1538 1759/1759 1760/1760
f 1538/1538 1760/1760 1449/1449
f 1761/1761 1202/1202 1449/1449
f 1761/1761 1449/1449 1760/1760
f 1433/1433 1202/1202 1761/1761
f 1433/1433 1761/1761 1762/1762
f 1417/1417 1433/1433 1762/1762
f 1417/1417 1762/1762 1763/1763
f 1201/1201 1417/1417 1763/1763
f 1201/1201 1763/1763 1764/1764
f 1874/1874 1873/1873 1201/1201
f 1874/1874 1201/1201 1764/1764
f 1766/1766 1354/1354 1893/1893
f 1766/1766 1893/1893 1892/1892
f 1767/1767 1370/1370 1354/1354
f 1767/1767 1354/1354 1766/1766
f 1768/1768 1386/1386 1370/1370
f 1768/1768 1370/1370 1767/1767
f 1598/1598 1469/1469 1769/1769
f 1598/1598 1769/1769 1770/1770
f 1771/1771 1470/1470 1598/1598
f 1771/1771 1598/1598 1770/1770
f 1772/1772 1471/1471 1470/1470
f 1772/1772 1470/1470 1771/1771
f 1472/1472 1471/1471 1772/1772
f 1472/1472 1772/1772 1773/1773
f 1774/1774 1723/1723 1472/1472
f 1774/1774 1472/1472 1773/1773
f 1775/1775 1457/1457 1723/1723
f 1775/1775 1723/1723 1774/1774
f 1750/1750 1457/1457 1775/1775
f 1750/1750 1775/1775 1776/1776
f 1458/1458 1750/1750 1776/1776
f 1458/1458 1776/1776 1777/1777
f 1778/1778 1459/1459 1458/1458
f 1778/1778 1458/1458 1777/1777
f 1779/1779 1460/1460 1459/1459
f 1779/1779 1459/1459 1778/1778
f 1780/1780 1669/1669 1460/1460
f 1780/1780 1460/1460 1779/1779
f 1781/1781 1461/1461 1669/1669
f 1781/1781 1669/1669 1780/1780
f 1782/1782 1696/1696 1461/1461
f 1782/1782 1461/1461 1781/1781
f 1783/1783 1462/1462 1696/1696
f 1783/1783 1696/1696 1782/1782
f 1784/1784 1463/1463 1462/1462
f 1784/1784 1462/1462 1783/1783
f 1785/1785 1464/1464 1463/1463
f 1785/1785 1463/1463 1784/1784
f 1625/1625 1464/1464 1785/1785
f 1625/1625 1785/1785 1786/1786
f 1787/1787 1465/1465 1625/1625
f 1787/1787 1625/1625 1786/1786
f 1652/1652 1465/1465 1787/1787
f 1652/1652 1787/1787 1788/1788
f 1789/1789 1466/1466 1652/1652
f 1789/1789 1652/1652 1788/1788
f 1790/1790 1467/1467 1466/1466
f 1790/1790 1466/1466 1789/1789
f 1791/1791 1468/1468 1467/1467
f 1791/1791 1467/1467 1790/1790
f 1792/1792 1561/1561 1468/1468
f 1792/1792 1468/1468 1791/1791
f 1769/1769 1469/1469 1561/1561
f 1769/1769 1561/1561 1792/1792
f 1728/1728 1793/1793 1794/1794
f 1728/1728 1794/1794 1215/1215
f 1795/1795 1176/1176 1215/1215
f 1795/1795 1215/1215 1794/1794
f 1176/1176 1795/1795 1796/1796
f 1176/1176 1796/1796 1256/1256
f 1256/1256 1796/1796 1797/1797
f 1256/1256 1797/1797 1593/1593
f 1798/1798 1175/1175 1593/1593
f 1798/1798 1593/1593 1797/1797
f 1175/1175 1798/1798 1799/1799
f 1175/1175 1799/1799 1566/1566
f 1566/1566 1799/1799 1800/1800
f 1566/1566 1800/1800 1246/1246
f 1246/1246 1800/1800 1801/1801
f 1246/1246 1801/1801 1174/1174
f 1174/1174 1801/1801 1802/1802
f 1174/1174 1802/1802 1276/1276
f 1276/1276 1802/1802 1803/1803
f 1276/1276 1803/1803 1647/1647
f 1804/1804 1173/1173 1647/1647
f 1804/1804 1647/1647 1803/1803
f 1173/1173 1804/1804 1805/1805
f 1173/1173 1805/1805 1620/1620
f 1806/1806 1266/1266 1620/1620
f 1806/1806 1620/1620 1805/1805
f 1266/1266 1806/1806 1807/1807
f 1266/1266 1807/1807 1172/1172
f 1172/1172 1807/1807 1808/1808
f 1172/1172 1808/1808 1236/1236
f 1236/1236 1808/1808 1809/1809
f 1236/1236 1809/1809 1701/1701
f 1701/1701 1809/1809 1810/1810
f 1701/1701 1810/1810 1171/1171
f 1171/1171 1810/1810 1811/1811
f 1171/1171 1811/1811 1674/1674
f 1674/1674 1811/1811 1812/1812
f 1674/1674 1812/1812 1226/1226
f 1226/1226 1812/1812 1813/1813
f 1226/1226 1813/1813 1170/1170
f 1205/1205 1170/1170 1813/1813
f 1205/1205 1813/1813 1814/1814
f 1755/1755 1205/1205 1814/1814
f 1755/1755 1814/1814 1815/1815
f 1169/1169 1755/1755 1815/1815
f 1169/1169 1815/1815 1816/1816
f 1169/1169 1816/1816 1793/1793
f 1169/1169 1793/1793 1728/1728
f 1818/1818 1721/1721 1489/1489
f 1818/1818 1489/1489 1817/1817
f 1819/1819 1490/1490 1721/1721
f 1819/1819 1721/1721 1818/1818
f 1490/1490 1819/1819 1820/1820
f 1490/1490 1820/1820 1748/1748
f 1821/1821 1491/1491 1748/1748
f 1821/1821 1748/1748 1820/1820
f 1822/1822 1492/1492 1491/1491
f 1822/1822 1491/1491 1821/1821
f 1823/1823 1493/1493 1492/1492
f 1823/1823 1492/1492 1822/1822
f 1824/1824 1667/1667 1493/1493
f 1824/1824 1493/1493 1823/1823
f 1825/1825 1494/1494 1667/1667
f 1825/1825 1667/1667 1824/1824
f 1826/1826 1694/1694 1494/1494
f 1826/1826 1494/1494 1825/1825
f 1827/1827 1495/1495 1694/1694
f 1827/1827 1694/1694 1826/1826
f 1828/1828 1496/1496 1495/1495
f 1828/1828 1495/1495 1827/1827
f 1829/1829 1497/1497 1496/1496
f 1829/1829 1496/1496 1828/1828
f 1627/1627 1497/1497 1829/1829
f 1627/1627 1829/1829 1830/1830
f 1831/1831 1498/1498 1627/1627
f 1831/1831 1627/1627 1830/1830
f 1654/1654 1498/1498 1831/1831
f 1654/1654 1831/1831 1832/1832
f 1833/1833 1499/1499 1654/1654
f 1833/1833 1654/1654 1832/1832
f 1834/1834 1500/1500 1499/1499
f 1834/1834 1499/1499 1833/1833
f 1835/1835 1501/1501 1500/1500
f 1835/1835 1500/1500 1834/1834
f 1836/1836 1559/1559 1501/1501
f 1836/1836 1501/1501 1835/1835
f 1837/1837 1502/1502 1559/1559
f 1837/1837 1559/1559 1836/1836
f 1600/1600 1502/1502 1837/1837
f 1600/1600 1837/1837 1838/1838
f 1839/1839 1503/1503 1600/1600
f 1839/1839 1600/1600 1838/1838
f 1840/1840 1504/1504 1503/1503
f 1840/1840 1503/1503 1839/1839
f 1504/1504 1840/1840 1817/1817
f 1504/1504 1817/1817 1489/1489
f 1153/1153 1841/1841 1842/1842
f 1153/1153 1842/1842 1272/1272
f 1272/1272 1842/1842 1843/1843
f 1272/1272 1843/1843 1656/1656
f 1844/1844 1154/1154 1656/1656
f 1844/1844 1656/1656 1843/1843
f 1154/1154 1844/1844 1845/1845
f 1154/1154 1845/1845 1629/1629
f 1846/1846 1262/1262 1629/1629
f 1846/1846 1629/1629 1845/1845
f 1262/1262 1846/1846 1847/1847
f 1262/1262 1847/1847 1155/1155
f 1155/1155 1847/1847 1848/1848
f 1155/1155 1848/1848 1232/1232
f 1692/1692 1232/1232 1848/1848
f 1692/1692 1848/1848 1849/1849
f 1692/1692 1849/1849 1850/1850
f 1692/1692 1850/1850 1156/1156
f 1665/1665 1156/1156 1850/1850
f 1665/1665 1850/1850 1851/1851
f 1665/1665 1851/1851 1852/1852
f 1665/1665 1852/1852 1222/1222
f 1222/1222 1852/1852 1853/1853
f 1222/1222 1853/1853 1157/1157
f 1157/1157 1853/1853 1854/1854
f 1157/1157 1854/1854 1209/1209
f 1746/1746 1209/1209 1854/1854
f 1746/1746 1854/1854 1855/1855
f 1746/1746 1855/1855 1856/1856
f 1746/1746 1856/1856 1158/1158
f 1719/1719 1158/1158 1856/1856
f 1719/1719 1856/1856 1857/1857
f 1719/1719 1857/1857 1858/1858
f 1719/1719 1858/1858 1219/1219
f 1219/1219 1858/1858 1859/1859
f 1219/1219 1859/1859 1159/1159
f 1159/1159 1859/1859 1860/1860
f 1159/1159 1860/1860 1252/1252
f 1252/1252 1860/1860 1861/1861
f 1252/1252 1861/1861 1602/1602
f 1862/1862 1160/1160 1602/1602
f 1862/1862 1602/1602 1861/1861
f 1557/1557 1160/1160 1862/1862
f 1557/1557 1862/1862 1863/1863
f 1557/1557 1863/1863 1864/1864
f 1557/1557 1864/1864 1242/1242
f 1242/1242 1864/1864 1841/1841
f 1242/1242 1841/1841 1153/1153
f 1866/1866 1927/1927 1926/1926
f 1866/1866 1926/1926 1865/1865
f 1867/1867 1928/1928 1927/1927
f 1867/1867 1927/1927 1866/1866
f 1929/1929 1928/1928 1867/1867
f 1929/1929 1867/1867 1868/1868
f 1869/1869 1930/1930 1929/1929
f 1869/1869 1929/1929 1868/1868
f 1931/1931 1930/1930 1869/1869
f 1931/1931 1869/1869 1870/1870
f 1871/1871 1932/1932 1931/1931
f 1871/1871 1931/1931 1870/1870
f 1872/1872 1933/1933 1932/1932
f 1872/1872 1932/1932 1871/1871
f 1873/1873 1934/1934 1933/1933
f 1873/1873 1933/1933 1872/1872
f 1935/1935 1934/1934 1873/1873
f 1935/1935 1873/1873 1874/1874
f 1875/1875 1936/1936 1935/1935
f 1875/1875 1935/1935 1874/1874
f 1936/1936 1875/1875 1876/1876
f 1936/1936 1876/1876 1913/1913
f 1877/1877 1914/1914 1913/1913
f 1877/1877 1913/1913 1876/1876
f 1878/1878 1915/1915 1914/1914
f 1878/1878 1914/1914 1877/1877
f 1879/1879 1916/1916 1915/1915
f 1879/1879 1915/1915 1878/1878
f 1880/1880 1917/1917 1916/1916
f 1880/1880 1916/1916 1879/1879
f 1881/1881 1918/1918 1917/1917
f 1881/1881 1917/1917 1880/1880
f 1919/1919 1918/1918 1881/1881
f 1919/1919 1881/1881 1882/1882
f 1883/1883 1920/1920 1919/1919
f 1883/1883 1919/1919 1882/1882
f 1884/1884 1921/1921 1920/1920
f 1884/1884 1920/1920 1883/1883
f 1885/1885 1922/1922 1921/1921
f 1885/1885 1921/1921 1884/1884
f 1886/1886 1923/1923 1922/1922
f 1886/1886 1922/1922 1885/1885
f 1887/1887 1924/1924 1923/1923
f 1887/1887 1923/1923 1886/1886
f 1888/1888 1925/1925 1924/1924
f 1888/1888 1924/1924 1887/1887
f 1865/1865 1926/1926 1925/1925
f 1865/1865 1925/1925 1888/1888
f 1292/1292 1889/1889 1890/1890
f 1292/1292 1890/1890 1738/1738
f 1891/1891 1291/1291 1738/1738
f 1891/1891 1738/1738 1890/1890
f 1291/1291 1891/1891 1892/1892
f 1291/1291 1892/1892 1765/1765
f 1893/1893 1290/1290 1765/1765
f 1893/1893 1765/1765 1892/1892
f 1290/1290 1893/1893 1894/1894
f 1290/1290 1894/1894 1289/1289
f 1289/1289 1894/1894 1895/1895
f 1289/1289 1895/1895 1288/1288
f 1288/1288 1895/1895 1896/1896
f 1288/1288 1896/1896 1684/1684
f 1897/1897 1287/1287 1684/1684
f 1897/1897 1684/1684 1896/1896
f 1287/1287 1897/1897 1898/1898
f 1287/1287 1898/1898 1711/1711
f 1899/1899 1286/1286 1711/1711
f 1899/1899 1711/1711 1898/1898
f 1286/1286 1899/1899 1900/1900
f 1286/1286 1900/1900 1285/1285
f 1285/1285 1900/1900 1901/1901
f 1285/1285 1901/1901 1284/1284
f 1284/1284 1901/1901 1902/1902
f 1284/1284 1902/1902 1610/1610
f 1610/1610 1902/1902 1903/1903
f 1610/1610 1903/1903 1283/1283
f 1283/1283 1903/1903 1904/1904
f 1283/1283 1904/1904 1637/1637
f 1637/1637 1904/1904 1905/1905
f 1637/1637 1905/1905 1282/1282
f 1282/1282 1905/1905 1906/1906
f 1282/1282 1906/1906 1281/1281
f 1281/1281 1906/1906 1907/1907
f 1281/1281 1907/1907 1296/1296
f 1296/1296 1907/1907 1908/1908
f 1296/1296 1908/1908 1576/1576
f 1909/1909 1295/1295 1576/1576
f 1909/1909 1576/1576 1908/1908
f 1295/1295 1909/1909 1910/1910
f 1295/1295 1910/1910 1583/1583
f 1583/1583 1910/1910 1911/1911
f 1583/1583 1911/1911 1294/1294
f 1294/1294 1911/1911 1912/1912
f 1294/1294 1912/1912 1293/1293
f 1293/1293 1912/1912 1889/1889
f 1293/1293 1889/1889 1292/1292
f 1914/1914 1292/1292 1738/1738
f 1914/1914 1738/1738 1913/1913
f 1915/1915 1293/1293 1292/1292
f 1915/1915 1292/1292 1914/1914
f 1916/1916 1294/1294 1293/1293
f 1916/1916 1293/1293 1915/1915
f 1917/1917 1583/1583 1294/1294
f 1917/1917 1294/1294 1916/1916
f 1918/1918 1295/1295 1583/1583
f 1918/1918 1583/1583 1917/1917
f 1576/1576 1295/1295 1918/1918
f 1576/1576 1918/1918 1919/1919
f 1920/1920 1296/1296 1576/1576
f 1920/1920 1576/1576 1919/1919
f 1921/1921 1281/1281 1296/1296
f 1921/1921 1296/1296 1920/1920
f 1922/1922 1282/1282 1281/1281
f 1922/1922 1281/1281 1921/1921
f 1923/1923 1637/1637 1282/1282
f 1923/1923 1282/1282 1922/1922
f 1924/1924 1283/1283 1637/1637
f 1924/1924 1637/1637 1923/1923
f 1925/1925 1610/1610 1283/1283
f 1925/1925 1283/1283 1924/1924
f 1926/1926 1284/1284 1610/1610
f 1926/1926 1610/1610 1925/1925
f 1927/1927 1285/1285 1284/1284
f 1927/1927 1284/1284 1926/1926
f 1928/1928 1286/1286 1285/1285
f 1928/1928 1285/1285 1927/1927
f 1711/1711 1286/1286 1928/1928
f 1711/1711 1928/1928 1929/1929
f 1930/1930 1287/1287 1711/1711
f 1930/1930 1711/1711 1929/1929
f 1684/1684 1287/1287 1930/1930
f 1684/1684 1930/1930 1931/1931
f 1932/1932 1288/1288 1684/1684
f 1932/1932 1684/1684 1931/1931
f 1933/1933 1289/1289 1288/1288
f 1933/1933 1288/1288 1932/1932
f 1934/1934 1290/1290 1289/1289
f 1934/1934 1289/1289 1933/1933
f 1765/1765 1290/1290 1934/1934
f 1765/1765 1934/1934 1935/1935
f 1936/1936 1291/1291 1765/1765
f 1936/1936 1765/1765 1935/1935
f 1738/1738 1291/1291 1936/1936
f 1738/1738 1936/1936 1913/1913
f 1938/1938 1661/1661 1335/1335
f 1938/1938 1335/1335 1939/1939
f 1939/1939 1335/1335 1688/1688
f 1939/1939 1688/1688 1940/1940
f 1940/1940 1688/1688 1334/1334
f 1940/1940 1334/1334 1941/1941
f 1338/1338 1337/1337 1336/1336
f 1338/1338 1336/1336 1937/1937
f 1937/1937 1336/1336 1661/1661
f 1937/1937 1661/1661 1938/1938
f 1941/1941 1334/1334 1333/1333
f 1941/1941 1333/1333 1332/1332
f 1339/1339 1742/1742 1946/1946
f 1339/1339 1946/1946 1947/1947
f 1947/1947 1946/1946 1945/1945
f 1947/1947 1945/1945 1948/1948
f 1948/1948 1945/1945 1944/1944
f 1948/1948 1944/1944 1949/1949
f 1949/1949 1944/1944 1943/1943
f 1949/1949 1943/1943 1950/1950
f 1950/1950 1943/1943 1942/1942
f 1950/1950 1942/1942 1951/1951
f 1951/1951 1942/1942 1633/1633
f 1951/1951 1633/1633 1331/1331
f 1942/1942 1941/1941 1332/1332
f 1942/1942 1332/1332 1633/1633
f 1943/1943 1940/1940 1941/1941
f 1943/1943 1941/1941 1942/1942
f 1944/1944 1939/1939 1940/1940
f 1944/1944 1940/1940 1943/1943
f 1945/1945 1938/1938 1939/1939
f 1945/1945 1939/1939 1944/1944
f 1946/1946 1937/1937 1938/1938
f 1946/1946 1938/1938 1945/1945
f 1742/1742 1338/1338 1937/1937
f 1742/1742 1937/1937 1946/1946
f 1340/1340 1715/1715 1956/1956
f 1340/1340 1956/1956 1957/1957
f 1957/1957 1956/1956 1955/1955
f 1957/1957 1955/1955 1958/1958
f 1958/1958 1955/1955 1954/1954
f 1958/1958 1954/1954 1959/1959
f 1959/1959 1954/1954 1953/1953
f 1959/1959 1953/1953 1960/1960
f 1960/1960 1953/1953 1952/1952
f 1960/1960 1952/1952 1961/1961
f 1961/1961 1952/1952 1660/1660
f 1961/1961 1660/1660 1330/1330
f 1952/1952 1951/1951 1331/1331
f 1952/1952 1331/1331 1660/1660
f 1953/1953 1950/1950 1951/1951
f 1953/1953 1951/1951 1952/1952
f 1954/1954 1949/1949 1950/1950
f 1954/1954 1950/1950 1953/1953
f 1955/1955 1948/1948 1949/1949
f 1955/1955 1949/1949 1954/1954
f 1956/1956 1947/1947 1948/1948
f 1956/1956 1948/1948 1955/1955
f 1715/1715 1339/1339 1947/1947
f 1715/1715 1947/1947 1956/1956
f 1342/1342 1341/1341 1340/1340
f 1342/1342 1340/1340 1957/1957
f 1606/1606 1342/1342 1957/1957
f 1606/1606 1957/1957 1958/1958
f 1343/1343 1606/1606 1958/1958
f 1343/1343 1958/1958 1959/1959
f 1553/1553 1343/1343 1959/1959
f 1553/1553 1959/1959 1960/1960
f 1344/1344 1553/1553 1960/1960
f 1344/1344 1960/1960 1961/1961
f 1329/1329 1344/1344 1961/1961
f 1329/1329 1961/1961 1330/1330
f 1963/1963 1313/1313 1314/1314
f 1963/1963 1314/1314 1962/1962
f 1964/1964 1328/1328 1313/1313
f 1964/1964 1313/1313 1963/1963
f 1965/1965 1554/1554 1328/1328
f 1965/1965 1328/1328 1964/1964
f 1966/1966 1327/1327 1554/1554
f 1966/1966 1554/1554 1965/1965
f 1605/1605 1327/1327 1966/1966
f 1605/1605 1966/1966 1967/1967
f 1968/1968 1326/1326 1605/1605
f 1968/1968 1605/1605 1967/1967
f 1969/1969 1325/1325 1326/1326
f 1969/1969 1326/1326 1968/1968
f 1970/1970 1324/1324 1325/1325
f 1970/1970 1325/1325 1969/1969
f 1971/1971 1716/1716 1324/1324
f 1971/1971 1324/1324 1970/1970
f 1972/1972 1323/1323 1716/1716
f 1972/1972 1716/1716 1971/1971
f 1973/1973 1743/1743 1323/1323
f 1973/1973 1323/1323 1972/1972
f 1974/1974 1322/1322 1743/1743
f 1974/1974 1743/1743 1973/1973
f 1975/1975 1321/1321 1322/1322
f 1975/1975 1322/1322 1974/1974
f 1976/1976 1320/1320 1321/1321
f 1976/1976 1321/1321 1975/1975
f 1977/1977 1662/1662 1320/1320
f 1977/1977 1320/1320 1976/1976
f 1978/1978 1319/1319 1662/1662
f 1978/1978 1662/1662 1977/1977
f 1979/1979 1689/1689 1319/1319
f 1979/1979 1319/1319 1978/1978
f 1980/1980 1318/1318 1689/1689
f 1980/1980 1689/1689 1979/1979
f 1981/1981 1317/1317 1318/1318
f 1981/1981 1318/1318 1980/1980
f 1982/1982 1316/1316 1317/1317
f 1982/1982 1317/1317 1981/1981
f 1632/1632 1316/1316 1982/1982
f 1632/1632 1982/1982 1983/1983
f 1984/1984 1315/1315 1632/1632
f 1984/1984 1632/1632 1983/1983
f 1659/1659 1315/1315 1984/1984
f 1659/1659 1984/1984 1985/1985
f 1962/1962 1314/1314 1659/1659
f 1962/1962 1659/1659 1985/1985
f 1987/1987 1297/1297 1298/1298
f 1987/1987 1298/1298 1986/1986
f 1988/1988 1312/1312 1297/1297
f 1988/1988 1297/1297 1987/1987
f 1989/1989 1555/1555 1312/1312
f 1989/1989 1312/1312 1988/1988
f 1990/1990 1311/1311 1555/1555
f 1990/1990 1555/1555 1989/1989
f 1604/1604 1311/1311 1990/1990
f 1604/1604 1990/1990 1991/1991
f 1992/1992 1310/1310 1604/1604
f 1992/1992 1604/1604 1991/1991
f 1993/1993 1309/1309 1310/1310
f 1993/1993 1310/1310 1992/1992
f 1994/1994 1308/1308 1309/1309
f 1994/1994 1309/1309 1993/1993
f 1995/1995 1717/1717 1308/1308
f 1995/1995 1308/1308 1994/1994
f 1996/1996 1307/1307 1717/1717
f 1996/1996 1717/1717 1995/1995
f 1997/1997 1744/1744 1307/1307
f 1997/1997 1307/1307 1996/1996
f 1998/1998 1306/1306 1744/1744
f 1998/1998 1744/1744 1997/1997
f 1999/1999 1305/1305 1306/1306
f 1999/1999 1306/1306 1998/1998
f 2000/2000 1304/1304 1305/1305
f 2000/2000 1305/1305 1999/1999
f 2001/2001 1663/1663 1304/1304
f 2001/2001 1304/1304 2000/2000
f 2002/2002 1303/1303 1663/1663
f 2002/2002 1663/1663 2001/2001
f 2003/2003 1690/1690 1303/1303
f 2003/2003 1303/1303 2002/2002
f 2004/2004 1302/1302 1690/1690
f 2004/2004 1690/1690 2003/2003
f 2005/2005 1301/1301 1302/1302
f 2005/2005 1302/1302 2004/2004
f 2006/2006 1300/1300 1301/1301
f 2006/2006 1301/1301 2005/2005
f 1631/1631 1300/1300 2006/2006
f 1631/1631 2006/2006 2007/2007
f 2008/2008 1299/1299 1631/1631
f 2008/2008 1631/1631 2007/2007
f 1658/1658 1299/1299 2008/2008
f 1658/1658 2008/2008 2009/2009
f 1986/1986 1298/1298 1658/1658
f 1986/1986 1658/1658 2009/2009
f 2016/2016 2013/2013 2012/2012
f 2016/2016 2012/2012 2017/2017
f 2017/2017 2012/2012 2011/2011
f 2017/2017 2011/2011 2018/2018
f 2018/2018 2011/2011 2010/2010
f 2018/2018 2010/2010 2019/2019
f 1687/1687 1384/1384 2014/2014
f 1687/1687 2014/2014 2015/2015
f 2015/2015 2014/2014 2013/2013
f 2015/2015 2013/2013 2016/2016
f 2019/2019 2010/2010 1390/1390
f 2019/2019 1390/1390 1580/1580
f 2010/2010 1388/1388 1389/1389
f 2010/2010 1389/1389 1390/1390
f 2011/2011 1741/1741 1388/1388
f 2011/2011 1388/1388 2010/2010
f 2012/2012 1387/1387 1741/1741
f 2012/2012 1741/1741 2011/2011
f 2013/2013 1768/1768 1387/1387
f 2013/2013 1387/1387 2012/2012
f 2014/2014 1386/1386 1768/1768
f 2014/2014 1768/1768 2013/2013
f 1384/1384 1385/1385 1386/1386
f 1384/1384 1386/1386 2014/2014
f 1714/1714 1383/1383 2024/2024
f 1714/1714 2024/2024 2025/2025
f 2025/2025 2024/2024 2023/2023
f 2025/2025 2023/2023 2026/2026
f 2026/2026 2023/2023 2022/2022
f 2026/2026 2022/2022 2027/2027
f 2027/2027 2022/2022 2021/2021
f 2027/2027 2021/2021 2028/2028
f 2028/2028 2021/2021 2020/2020
f 2028/2028 2020/2020 2029/2029
f 2029/2029 2020/2020 1391/1391
f 2029/2029 1391/1391 1579/1579
f 2020/2020 2019/2019 1580/1580
f 2020/2020 1580/1580 1391/1391
f 2021/2021 2018/2018 2019/2019
f 2021/2021 2019/2019 2020/2020
f 2022/2022 2017/2017 2018/2018
f 2022/2022 2018/2018 2021/2021
f 2023/2023 2016/2016 2017/2017
f 2023/2023 2017/2017 2022/2022
f 2024/2024 2015/2015 2016/2016
f 2024/2024 2016/2016 2023/2023
f 1383/1383 1687/1687 2015/2015
f 1383/1383 2015/2015 2024/2024
f 1380/1380 1381/1381 1382/1382
f 1380/1380 1382/1382 2034/2034
f 1607/1607 1380/1380 2034/2034
f 1607/1607 2034/2034 2033/2033
f 1379/1379 1607/1607 2033/2033
f 1379/1379 2033/2033 2032/2032
f 1634/1634 1379/1379 2032/2032
f 1634/1634 2032/2032 2031/2031
f 1378/1378 1634/1634 2031/2031
f 1378/1378 2031/2031 2030/2030
f 1378/1378 2030/2030 1392/1392
f 1378/1378 1392/1392 1377/1377
f 2030/2030 2029/2029 1579/1579
f 2030/2030 1579/1579 1392/1392
f 2031/2031 2028/2028 2029/2029
f 2031/2031 2029/2029 2030/2030
f 2032/2032 2027/2027 2028/2028
f 2032/2032 2028/2028 2031/2031
f 2033/2033 2026/2026 2027/2027
f 2033/2033 2027/2027 2032/2032
f 2034/2034 2025/2025 2026/2026
f 2034/2034 2026/2026 2033/2033
f 1382/1382 1714/1714 2025/2025
f 1382/1382 2025/2025 2034/2034
f 2609/2609 2608/2608 2133/2133
f 2609/2609 2133/2133 2036/2036
f 2305/2305 2304/2304 2132/2132
f 2305/2305 2132/2132 2037/2037
f 2725/2725 2724/2724 2131/2131
f 2725/2725 2131/2131 2038/2038
f 2397/2397 2396/2396 2130/2130
f 2397/2397 2130/2130 2039/2039
f 2199/2199 2198/2198 2534/2534
f 2199/2199 2534/2534 2533/2533
f 2040/2040 2137/2137 2505/2505
f 2040/2040 2505/2505 2504/2504
f 2637/2637 2327/2327 2328/2328
f 2637/2637 2328/2328 2638/2638
f 2328/2328 2327/2327 2134/2134
f 2328/2328 2134/2134 2035/2035
f 2604/2604 2603/2603 2220/2220
f 2604/2604 2220/2220 2043/2043
f 2301/2301 2300/2300 2219/2219
f 2301/2301 2219/2219 2044/2044
f 2720/2720 2719/2719 2218/2218
f 2720/2720 2218/2218 2045/2045
f 2393/2393 2392/2392 2217/2217
f 2393/2393 2217/2217 2046/2046
f 2196/2196 2216/2216 2539/2539
f 2196/2196 2539/2539 2538/2538
f 2047/2047 2215/2215 2510/2510
f 2047/2047 2510/2510 2509/2509
f 2347/2347 2346/2346 2655/2655
f 2347/2347 2655/2655 2654/2654
f 2324/2324 2323/2323 2221/2221
f 2324/2324 2221/2221 2042/2042
f 2760/2760 2759/2759 2597/2597
f 2760/2760 2597/2597 2240/2240
f 2763/2763 2762/2762 2296/2296
f 2763/2763 2296/2296 2239/2239
f 2766/2766 2765/2765 2713/2713
f 2766/2766 2713/2713 2238/2238
f 2769/2769 2768/2768 2388/2388
f 2769/2769 2388/2388 2237/2237
f 2771/2771 2770/2770 2236/2236
f 2771/2771 2236/2236 2545/2545
f 2773/2773 2772/2772 2235/2235
f 2773/2773 2235/2235 2516/2516
f 2777/2777 2776/2776 2342/2342
f 2777/2777 2342/2342 2661/2661
f 2757/2757 2756/2756 2319/2319
f 2757/2757 2319/2319 2241/2241
f 2594/2594 2593/2593 2250/2250
f 2594/2594 2250/2250 2059/2059
f 2293/2293 2292/2292 2249/2249
f 2293/2293 2249/2249 2060/2060
f 2710/2710 2709/2709 2248/2248
f 2710/2710 2248/2248 2061/2061
f 2385/2385 2384/2384 2247/2247
f 2385/2385 2247/2247 2062/2062
f 2192/2192 2246/2246 2549/2549
f 2192/2192 2549/2549 2548/2548
f 2063/2063 2245/2245 2520/2520
f 2063/2063 2520/2520 2519/2519
f 2339/2339 2338/2338 2665/2665
f 2339/2339 2665/2665 2664/2664
f 2316/2316 2315/2315 2251/2251
f 2316/2316 2251/2251 2058/2058
f 2591/2591 2839/2839 2838/2838
f 2591/2591 2838/2838 2453/2453
f 2454/2454 2836/2836 2835/2835
f 2454/2454 2835/2835 2455/2455
f 2707/2707 2833/2833 2832/2832
f 2707/2707 2832/2832 2457/2457
f 2458/2458 2830/2830 2829/2829
f 2458/2458 2829/2829 2459/2459
f 2460/2460 2828/2828 2827/2827
f 2460/2460 2827/2827 2551/2551
f 2461/2461 2850/2850 2849/2849
f 2461/2461 2849/2849 2522/2522
f 2464/2464 2846/2846 2845/2845
f 2464/2464 2845/2845 2667/2667
f 2450/2450 2842/2842 2841/2841
f 2450/2450 2841/2841 2451/2451
f 2440/2440 2226/2226 2543/2543
f 2440/2440 2543/2543 2542/2542
f 2438/2438 2390/2390 2227/2227
f 2438/2438 2227/2227 2439/2439
f 2716/2716 2715/2715 2228/2228
f 2716/2716 2228/2228 2437/2437
f 2434/2434 2298/2298 2229/2229
f 2434/2434 2229/2229 2435/2435
f 2600/2600 2599/2599 2230/2230
f 2600/2600 2230/2230 2449/2449
f 2446/2446 2321/2321 2231/2231
f 2446/2446 2231/2231 2447/2447
f 2444/2444 2344/2344 2659/2659
f 2444/2444 2659/2659 2658/2658
f 2441/2441 2225/2225 2514/2514
f 2441/2441 2514/2514 2513/2513
f 2197/2197 2882/2882 2881/2881
f 2197/2197 2881/2881 2536/2536
f 2395/2395 2884/2884 2883/2883
f 2395/2395 2883/2883 2083/2083
f 2722/2722 2887/2887 2886/2886
f 2722/2722 2886/2886 2084/2084
f 2303/2303 2890/2890 2889/2889
f 2303/2303 2889/2889 2085/2085
f 2606/2606 2893/2893 2892/2892
f 2606/2606 2892/2892 2086/2086
f 2326/2326 2896/2896 2895/2895
f 2326/2326 2895/2895 2087/2087
f 2349/2349 2876/2876 2875/2875
f 2349/2349 2875/2875 2652/2652
f 2082/2082 2880/2880 2879/2879
f 2082/2082 2879/2879 2507/2507
f 2546/2546 2193/2193 2256/2256
f 2546/2546 2256/2256 2547/2547
f 2387/2387 2386/2386 2257/2257
f 2387/2387 2257/2257 2091/2091
f 2712/2712 2711/2711 2258/2258
f 2712/2712 2258/2258 2092/2092
f 2295/2295 2294/2294 2259/2259
f 2295/2295 2259/2259 2093/2093
f 2596/2596 2595/2595 2260/2260
f 2596/2596 2260/2260 2094/2094
f 2318/2318 2317/2317 2261/2261
f 2318/2318 2261/2261 2095/2095
f 2341/2341 2340/2340 2663/2663
f 2341/2341 2663/2663 2662/2662
f 2090/2090 2255/2255 2518/2518
f 2090/2090 2518/2518 2517/2517
f 2485/2485 2610/2610 2609/2609
f 2485/2485 2609/2609 2036/2036
f 2487/2487 2486/2486 2305/2305
f 2487/2487 2305/2305 2037/2037
f 2489/2489 2726/2726 2725/2725
f 2489/2489 2725/2725 2038/2038
f 2491/2491 2490/2490 2397/2397
f 2491/2491 2397/2397 2039/2039
f 2532/2532 2492/2492 2199/2199
f 2532/2532 2199/2199 2533/2533
f 2503/2503 2493/2493 2040/2040
f 2503/2503 2040/2040 2504/2504
f 2483/2483 2482/2482 2328/2328
f 2483/2483 2328/2328 2035/2035
f 2099/2099 2107/2107 2612/2612
f 2099/2099 2612/2612 2611/2611
f 2100/2100 2108/2108 2307/2307
f 2100/2100 2307/2307 2306/2306
f 2101/2101 2109/2109 2728/2728
f 2101/2101 2728/2728 2727/2727
f 2102/2102 2110/2110 2399/2399
f 2102/2102 2399/2399 2398/2398
f 2531/2531 2530/2530 2201/2201
f 2531/2531 2201/2201 2200/2200
f 2502/2502 2501/2501 2111/2111
f 2502/2502 2111/2111 2103/2103
f 2647/2647 2646/2646 2353/2353
f 2647/2647 2353/2353 2352/2352
f 2098/2098 2106/2106 2330/2330
f 2098/2098 2330/2330 2329/2329
f 2107/2107 2115/2115 2613/2613
f 2107/2107 2613/2613 2612/2612
f 2108/2108 2116/2116 2308/2308
f 2108/2108 2308/2308 2307/2307
f 2109/2109 2117/2117 2729/2729
f 2109/2109 2729/2729 2728/2728
f 2110/2110 2118/2118 2400/2400
f 2110/2110 2400/2400 2399/2399
f 2530/2530 2529/2529 2202/2202
f 2530/2530 2202/2202 2201/2201
f 2501/2501 2500/2500 2119/2119
f 2501/2501 2119/2119 2111/2111
f 2646/2646 2645/2645 2354/2354
f 2646/2646 2354/2354 2353/2353
f 2106/2106 2114/2114 2331/2331
f 2106/2106 2331/2331 2330/2330
f 2115/2115 2123/2123 2614/2614
f 2115/2115 2614/2614 2613/2613
f 2116/2116 2124/2124 2309/2309
f 2116/2116 2309/2309 2308/2308
f 2117/2117 2125/2125 2730/2730
f 2117/2117 2730/2730 2729/2729
f 2118/2118 2126/2126 2401/2401
f 2118/2118 2401/2401 2400/2400
f 2529/2529 2528/2528 2203/2203
f 2529/2529 2203/2203 2202/2202
f 2500/2500 2499/2499 2127/2127
f 2500/2500 2127/2127 2119/2119
f 2645/2645 2644/2644 2355/2355
f 2645/2645 2355/2355 2354/2354
f 2114/2114 2122/2122 2332/2332
f 2114/2114 2332/2332 2331/2331
f 2737/2737 2395/2395 2083/2083
f 2737/2737 2083/2083 2738/2738
f 2734/2734 2722/2722 2084/2084
f 2734/2734 2084/2084 2735/2735
f 2731/2731 2303/2303 2085/2085
f 2731/2731 2085/2085 2732/2732
f 2752/2752 2606/2606 2086/2086
f 2752/2752 2086/2086 2753/2753
f 2749/2749 2326/2326 2087/2087
f 2749/2749 2087/2087 2750/2750
f 2745/2745 2349/2349 2652/2652
f 2745/2745 2652/2652 2746/2746
f 2741/2741 2082/2082 2507/2507
f 2741/2741 2507/2507 2742/2742
f 2739/2739 2197/2197 2536/2536
f 2739/2739 2536/2536 2740/2740
f 2955/2955 2954/2954 2139/2139
f 2955/2955 2139/2139 2588/2588
f 2289/2289 2952/2952 2951/2951
f 2289/2289 2951/2951 2140/2140
f 2704/2704 2949/2949 2948/2948
f 2704/2704 2948/2948 2141/2141
f 2381/2381 2970/2970 2969/2969
f 2381/2381 2969/2969 2142/2142
f 2189/2189 2968/2968 2967/2967
f 2189/2189 2967/2967 2554/2554
f 2143/2143 2966/2966 2965/2965
f 2143/2143 2965/2965 2525/2525
f 2335/2335 2962/2962 2961/2961
f 2335/2335 2961/2961 2670/2670
f 2312/2312 2958/2958 2957/2957
f 2312/2312 2957/2957 2138/2138
f 2587/2587 2586/2586 2155/2155
f 2587/2587 2155/2155 2147/2147
f 2288/2288 2287/2287 2156/2156
f 2288/2288 2156/2156 2148/2148
f 2703/2703 2702/2702 2157/2157
f 2703/2703 2157/2157 2149/2149
f 2380/2380 2379/2379 2158/2158
f 2380/2380 2158/2158 2150/2150
f 2188/2188 2187/2187 2556/2556
f 2188/2188 2556/2556 2555/2555
f 2151/2151 2159/2159 2527/2527
f 2151/2151 2527/2527 2526/2526
f 2334/2334 2333/2333 2672/2672
f 2334/2334 2672/2672 2671/2671
f 2311/2311 2310/2310 2154/2154
f 2311/2311 2154/2154 2146/2146
f 2142/2142 2467/2467 2466/2466
f 2142/2142 2466/2466 2381/2381
f 2141/2141 2481/2481 2705/2705
f 2141/2141 2705/2705 2704/2704
f 2140/2140 2479/2479 2478/2478
f 2140/2140 2478/2478 2289/2289
f 2139/2139 2477/2477 2589/2589
f 2139/2139 2589/2589 2588/2588
f 2138/2138 2475/2475 2474/2474
f 2138/2138 2474/2474 2312/2312
f 2670/2670 2669/2669 2472/2472
f 2670/2670 2472/2472 2335/2335
f 2525/2525 2524/2524 2469/2469
f 2525/2525 2469/2469 2143/2143
f 2554/2554 2553/2553 2468/2468
f 2554/2554 2468/2468 2189/2189
f 2120/2120 2128/2128 2170/2170
f 2120/2120 2170/2170 2171/2171
f 2112/2112 2120/2120 2171/2171
f 2112/2112 2171/2171 2172/2172
f 2104/2104 2112/2112 2172/2172
f 2104/2104 2172/2172 2173/2173
f 2495/2495 2494/2494 2174/2174
f 2495/2495 2174/2174 2041/2041
f 2175/2175 2136/2136 2041/2041
f 2175/2175 2041/2041 2174/2174
f 2176/2176 2089/2089 2744/2744
f 2176/2176 2744/2744 2743/2743
f 2878/2878 2877/2877 2089/2089
f 2878/2878 2089/2089 2176/2176
f 2223/2223 2048/2048 2177/2177
f 2223/2223 2177/2177 2214/2214
f 2233/2233 2443/2443 2442/2442
f 2233/2233 2442/2442 2224/2224
f 2775/2775 2774/2774 2234/2234
f 2775/2775 2234/2234 2243/2243
f 2263/2263 2097/2097 2180/2180
f 2263/2263 2180/2180 2254/2254
f 2253/2253 2064/2064 2181/2181
f 2253/2253 2181/2181 2244/2244
f 2848/2848 2847/2847 2463/2463
f 2848/2848 2463/2463 2462/2462
f 2144/2144 2471/2471 2470/2470
f 2144/2144 2470/2470 2184/2184
f 2964/2964 2963/2963 2144/2144
f 2964/2964 2144/2144 2184/2184
f 2186/2186 2160/2160 2152/2152
f 2186/2186 2152/2152 2185/2185
f 2150/2150 2158/2158 2187/2187
f 2150/2150 2187/2187 2188/2188
f 2968/2968 2969/2969 2943/2943
f 2968/2968 2943/2943 2942/2942
f 2142/2142 2969/2969 2968/2968
f 2142/2142 2968/2968 2189/2189
f 2189/2189 2468/2468 2467/2467
f 2189/2189 2467/2467 2142/2142
f 2459/2459 2829/2829 2828/2828
f 2459/2459 2828/2828 2460/2460
f 2062/2062 2247/2247 2246/2246
f 2062/2062 2246/2246 2192/2192
f 2193/2193 2091/2091 2257/2257
f 2193/2193 2257/2257 2256/2256
f 2770/2770 2769/2769 2237/2237
f 2770/2770 2237/2237 2236/2236
f 2439/2439 2227/2227 2226/2226
f 2439/2439 2226/2226 2440/2440
f 2046/2046 2217/2217 2216/2216
f 2046/2046 2216/2216 2196/2196
f 2083/2083 2883/2883 2882/2882
f 2083/2083 2882/2882 2197/2197
f 2738/2738 2083/2083 2197/2197
f 2738/2738 2197/2197 2739/2739
f 2039/2039 2130/2130 2198/2198
f 2039/2039 2198/2198 2199/2199
f 2199/2199 2492/2492 2491/2491
f 2199/2199 2491/2491 2039/2039
f 2201/2201 2110/2110 2102/2102
f 2201/2201 2102/2102 2200/2200
f 2202/2202 2118/2118 2110/2110
f 2202/2202 2110/2110 2201/2201
f 2203/2203 2126/2126 2118/2118
f 2203/2203 2118/2118 2202/2202
f 2205/2205 2196/2196 2538/2538
f 2205/2205 2538/2538 2537/2537
f 2206/2206 2046/2046 2196/2196
f 2206/2206 2196/2196 2205/2205
f 2394/2394 2393/2393 2046/2046
f 2394/2394 2046/2046 2206/2206
f 2721/2721 2720/2720 2045/2045
f 2721/2721 2045/2045 2207/2207
f 2302/2302 2301/2301 2044/2044
f 2302/2302 2044/2044 2208/2208
f 2605/2605 2604/2604 2043/2043
f 2605/2605 2043/2043 2209/2209
f 2325/2325 2324/2324 2042/2042
f 2325/2325 2042/2042 2210/2210
f 2348/2348 2347/2347 2654/2654
f 2348/2348 2654/2654 2653/2653
f 2177/2177 2048/2048 2212/2212
f 2177/2177 2212/2212 2213/2213
f 2204/2204 2047/2047 2509/2509
f 2204/2204 2509/2509 2508/2508
f 2425/2425 2074/2074 2512/2512
f 2425/2425 2512/2512 2511/2511
f 2424/2424 2195/2195 2541/2541
f 2424/2424 2541/2541 2540/2540
f 2423/2423 2075/2075 2195/2195
f 2423/2423 2195/2195 2424/2424
f 2422/2422 2391/2391 2075/2075
f 2422/2422 2075/2075 2423/2423
f 2718/2718 2717/2717 2076/2076
f 2718/2718 2076/2076 2421/2421
f 2418/2418 2299/2299 2077/2077
f 2418/2418 2077/2077 2419/2419
f 2602/2602 2601/2601 2078/2078
f 2602/2602 2078/2078 2433/2433
f 2430/2430 2322/2322 2079/2079
f 2430/2430 2079/2079 2431/2431
f 2428/2428 2345/2345 2657/2657
f 2428/2428 2657/2657 2656/2656
f 2178/2178 2081/2081 2427/2427
f 2178/2178 2427/2427 2426/2426
f 2225/2225 2055/2055 2515/2515
f 2225/2225 2515/2515 2514/2514
f 2226/2226 2194/2194 2544/2544
f 2226/2226 2544/2544 2543/2543
f 2227/2227 2054/2054 2194/2194
f 2227/2227 2194/2194 2226/2226
f 2390/2390 2389/2389 2054/2054
f 2390/2390 2054/2054 2227/2227
f 2715/2715 2714/2714 2053/2053
f 2715/2715 2053/2053 2228/2228
f 2298/2298 2297/2297 2052/2052
f 2298/2298 2052/2052 2229/2229
f 2599/2599 2598/2598 2051/2051
f 2599/2599 2051/2051 2230/2230
f 2321/2321 2320/2320 2050/2050
f 2321/2321 2050/2050 2231/2231
f 2344/2344 2343/2343 2660/2660
f 2344/2344 2660/2660 2659/2659
f 2179/2179 2056/2056 2233/2233
f 2179/2179 2233/2233 2224/2224
f 2516/2516 2235/2235 2090/2090
f 2516/2516 2090/2090 2517/2517
f 2236/2236 2193/2193 2546/2546
f 2236/2236 2546/2546 2545/2545
f 2237/2237 2091/2091 2193/2193
f 2237/2237 2193/2193 2236/2236
f 2388/2388 2387/2387 2091/2091
f 2388/2388 2091/2091 2237/2237
f 2713/2713 2712/2712 2092/2092
f 2713/2713 2092/2092 2238/2238
f 2296/2296 2295/2295 2093/2093
f 2296/2296 2093/2093 2239/2239
f 2597/2597 2596/2596 2094/2094
f 2597/2597 2094/2094 2240/2240
f 2319/2319 2318/2318 2095/2095
f 2319/2319 2095/2095 2241/2241
f 2342/2342 2341/2341 2662/2662
f 2342/2342 2662/2662 2661/2661
f 2234/2234 2180/2180 2097/2097
f 2234/2234 2097/2097 2243/2243
f 2245/2245 2784/2784 2783/2783
f 2245/2245 2783/2783 2520/2520
f 2246/2246 2786/2786 2785/2785
f 2246/2246 2785/2785 2549/2549
f 2247/2247 2787/2787 2786/2786
f 2247/2247 2786/2786 2246/2246
f 2384/2384 2788/2788 2787/2787
f 2384/2384 2787/2787 2247/2247
f 2709/2709 2791/2791 2790/2790
f 2709/2709 2790/2790 2248/2248
f 2292/2292 2794/2794 2793/2793
f 2292/2292 2793/2793 2249/2249
f 2593/2593 2797/2797 2796/2796
f 2593/2593 2796/2796 2250/2250
f 2315/2315 2800/2800 2799/2799
f 2315/2315 2799/2799 2251/2251
f 2338/2338 2780/2780 2779/2779
f 2338/2338 2779/2779 2665/2665
f 2782/2782 2781/2781 2253/2253
f 2782/2782 2253/2253 2244/2244
f 2255/2255 2063/2063 2519/2519
f 2255/2255 2519/2519 2518/2518
f 2256/2256 2192/2192 2548/2548
f 2256/2256 2548/2548 2547/2547
f 2257/2257 2062/2062 2192/2192
f 2257/2257 2192/2192 2256/2256
f 2386/2386 2385/2385 2062/2062
f 2386/2386 2062/2062 2257/2257
f 2711/2711 2710/2710 2061/2061
f 2711/2711 2061/2061 2258/2258
f 2294/2294 2293/2293 2060/2060
f 2294/2294 2060/2060 2259/2259
f 2595/2595 2594/2594 2059/2059
f 2595/2595 2059/2059 2260/2260
f 2317/2317 2316/2316 2058/2058
f 2317/2317 2058/2058 2261/2261
f 2340/2340 2339/2339 2664/2664
f 2340/2340 2664/2664 2663/2663
f 2181/2181 2064/2064 2263/2263
f 2181/2181 2263/2263 2254/2254
f 2146/2146 2154/2154 2264/2264
f 2146/2146 2264/2264 2265/2265
f 2930/2930 2956/2956 2957/2957
f 2930/2930 2957/2957 2931/2931
f 2957/2957 2956/2956 2266/2266
f 2957/2957 2266/2266 2138/2138
f 2266/2266 2476/2476 2475/2475
f 2266/2266 2475/2475 2138/2138
f 2451/2451 2841/2841 2840/2840
f 2451/2451 2840/2840 2452/2452
f 2251/2251 2799/2799 2798/2798
f 2251/2251 2798/2798 2269/2269
f 2058/2058 2251/2251 2269/2269
f 2058/2058 2269/2269 2270/2270
f 2261/2261 2058/2058 2270/2270
f 2261/2261 2270/2270 2271/2271
f 2095/2095 2261/2261 2271/2271
f 2095/2095 2271/2271 2272/2272
f 2241/2241 2095/2095 2272/2272
f 2241/2241 2272/2272 2273/2273
f 2758/2758 2757/2757 2241/2241
f 2758/2758 2241/2241 2273/2273
f 2231/2231 2050/2050 2274/2274
f 2231/2231 2274/2274 2275/2275
f 2447/2447 2231/2231 2275/2275
f 2447/2447 2275/2275 2448/2448
f 2431/2431 2079/2079 2276/2276
f 2431/2431 2276/2276 2432/2432
f 2042/2042 2221/2221 2277/2277
f 2042/2042 2277/2277 2278/2278
f 2210/2210 2042/2042 2278/2278
f 2210/2210 2278/2278 2279/2279
f 2087/2087 2895/2895 2894/2894
f 2087/2087 2894/2894 2280/2280
f 2750/2750 2087/2087 2280/2280
f 2750/2750 2280/2280 2751/2751
f 2035/2035 2134/2134 2281/2281
f 2035/2035 2281/2281 2282/2282
f 2282/2282 2484/2484 2483/2483
f 2282/2282 2483/2483 2035/2035
f 2284/2284 2106/2106 2098/2098
f 2284/2284 2098/2098 2283/2283
f 2285/2285 2114/2114 2106/2106
f 2285/2285 2106/2106 2284/2284
f 2286/2286 2122/2122 2114/2114
f 2286/2286 2114/2114 2285/2285
f 2147/2147 2155/2155 2585/2585
f 2147/2147 2585/2585 2584/2584
f 2927/2927 2953/2953 2954/2954
f 2927/2927 2954/2954 2928/2928
f 2139/2139 2954/2954 2953/2953
f 2139/2139 2953/2953 2583/2583
f 2583/2583 2582/2582 2477/2477
f 2583/2583 2477/2477 2139/2139
f 2453/2453 2838/2838 2837/2837
f 2453/2453 2837/2837 2580/2580
f 2250/2250 2796/2796 2795/2795
f 2250/2250 2795/2795 2578/2578
f 2059/2059 2250/2250 2578/2578
f 2059/2059 2578/2578 2577/2577
f 2260/2260 2059/2059 2577/2577
f 2260/2260 2577/2577 2576/2576
f 2094/2094 2260/2260 2576/2576
f 2094/2094 2576/2576 2575/2575
f 2240/2240 2094/2094 2575/2575
f 2240/2240 2575/2575 2574/2574
f 2761/2761 2760/2760 2240/2240
f 2761/2761 2240/2240 2574/2574
f 2230/2230 2051/2051 2573/2573
f 2230/2230 2573/2573 2572/2572
f 2449/2449 2230/2230 2572/2572
f 2449/2449 2572/2572 2571/2571
f 2433/2433 2078/2078 2570/2570
f 2433/2433 2570/2570 2569/2569
f 2043/2043 2220/2220 2568/2568
f 2043/2043 2568/2568 2567/2567
f 2209/2209 2043/2043 2567/2567
f 2209/2209 2567/2567 2566/2566
f 2086/2086 2892/2892 2891/2891
f 2086/2086 2891/2891 2565/2565
f 2753/2753 2086/2086 2565/2565
f 2753/2753 2565/2565 2754/2754
f 2036/2036 2133/2133 2563/2563
f 2036/2036 2563/2563 2562/2562
f 2562/2562 2561/2561 2485/2485
f 2562/2562 2485/2485 2036/2036
f 2559/2559 2107/2107 2099/2099
f 2559/2559 2099/2099 2560/2560
f 2558/2558 2115/2115 2107/2107
f 2558/2558 2107/2107 2559/2559
f 2557/2557 2123/2123 2115/2115
f 2557/2557 2115/2115 2558/2558
f 2616/2616 2615/2615 2310/2310
f 2616/2616 2310/2310 2311/2311
f 2958/2958 2959/2959 2933/2933
f 2958/2958 2933/2933 2932/2932
f 2617/2617 2959/2959 2958/2958
f 2617/2617 2958/2958 2312/2312
f 2312/2312 2474/2474 2618/2618
f 2312/2312 2618/2618 2617/2617
f 2620/2620 2843/2843 2842/2842
f 2620/2620 2842/2842 2450/2450
f 2622/2622 2801/2801 2800/2800
f 2622/2622 2800/2800 2315/2315
f 2623/2623 2622/2622 2315/2315
f 2623/2623 2315/2315 2316/2316
f 2624/2624 2623/2623 2316/2316
f 2624/2624 2316/2316 2317/2317
f 2625/2625 2624/2624 2317/2317
f 2625/2625 2317/2317 2318/2318
f 2626/2626 2625/2625 2318/2318
f 2626/2626 2318/2318 2319/2319
f 2756/2756 2755/2755 2626/2626
f 2756/2756 2626/2626 2319/2319
f 2628/2628 2627/2627 2320/2320
f 2628/2628 2320/2320 2321/2321
f 2629/2629 2628/2628 2321/2321
f 2629/2629 2321/2321 2446/2446
f 2631/2631 2630/2630 2322/2322
f 2631/2631 2322/2322 2430/2430
f 2633/2633 2632/2632 2323/2323
f 2633/2633 2323/2323 2324/2324
f 2634/2634 2633/2633 2324/2324
f 2634/2634 2324/2324 2325/2325
f 2635/2635 2897/2897 2896/2896
f 2635/2635 2896/2896 2326/2326
f 2748/2748 2635/2635 2326/2326
f 2748/2748 2326/2326 2749/2749
f 2330/2330 2641/2641 2640/2640
f 2330/2330 2640/2640 2329/2329
f 2331/2331 2642/2642 2641/2641
f 2331/2331 2641/2641 2330/2330
f 2332/2332 2643/2643 2642/2642
f 2332/2332 2642/2642 2331/2331
f 2152/2152 2160/2160 2333/2333
f 2152/2152 2333/2333 2334/2334
f 2962/2962 2963/2963 2937/2937
f 2962/2962 2937/2937 2936/2936
f 2144/2144 2963/2963 2962/2962
f 2144/2144 2962/2962 2335/2335
f 2335/2335 2472/2472 2471/2471
f 2335/2335 2471/2471 2144/2144
f 2463/2463 2847/2847 2846/2846
f 2463/2463 2846/2846 2464/2464
f 2253/2253 2781/2781 2780/2780
f 2253/2253 2780/2780 2338/2338
f 2064/2064 2253/2253 2338/2338
f 2064/2064 2338/2338 2339/2339
f 2263/2263 2064/2064 2339/2339
f 2263/2263 2339/2339 2340/2340
f 2097/2097 2263/2263 2340/2340
f 2097/2097 2340/2340 2341/2341
f 2243/2243 2097/2097 2341/2341
f 2243/2243 2341/2341 2342/2342
f 2776/2776 2775/2775 2243/2243
f 2776/2776 2243/2243 2342/2342
f 2233/2233 2056/2056 2343/2343
f 2233/2233 2343/2343 2344/2344
f 2443/2443 2233/2233 2344/2344
f 2443/2443 2344/2344 2444/2444
f 2427/2427 2081/2081 2345/2345
f 2427/2427 2345/2345 2428/2428
f 2048/2048 2223/2223 2346/2346
f 2048/2048 2346/2346 2347/2347
f 2212/2212 2048/2048 2347/2347
f 2212/2212 2347/2347 2348/2348
f 2089/2089 2877/2877 2876/2876
f 2089/2089 2876/2876 2349/2349
f 2744/2744 2089/2089 2349/2349
f 2744/2744 2349/2349 2745/2745
f 2041/2041 2136/2136 2350/2350
f 2041/2041 2350/2350 2351/2351
f 2351/2351 2496/2496 2495/2495
f 2351/2351 2495/2495 2041/2041
f 2353/2353 2112/2112 2104/2104
f 2353/2353 2104/2104 2352/2352
f 2354/2354 2120/2120 2112/2112
f 2354/2354 2112/2112 2353/2353
f 2355/2355 2128/2128 2120/2120
f 2355/2355 2120/2120 2354/2354
f 2148/2148 2156/2156 2356/2356
f 2148/2148 2356/2356 2357/2357
f 2924/2924 2950/2950 2951/2951
f 2924/2924 2951/2951 2925/2925
f 2140/2140 2951/2951 2950/2950
f 2140/2140 2950/2950 2358/2358
f 2358/2358 2480/2480 2479/2479
f 2358/2358 2479/2479 2140/2140
f 2455/2455 2835/2835 2834/2834
f 2455/2455 2834/2834 2456/2456
f 2249/2249 2793/2793 2792/2792
f 2249/2249 2792/2792 2361/2361
f 2060/2060 2249/2249 2361/2361
f 2060/2060 2361/2361 2362/2362
f 2259/2259 2060/2060 2362/2362
f 2259/2259 2362/2362 2363/2363
f 2093/2093 2259/2259 2363/2363
f 2093/2093 2363/2363 2364/2364
f 2239/2239 2093/2093 2364/2364
f 2239/2239 2364/2364 2365/2365
f 2764/2764 2763/2763 2239/2239
f 2764/2764 2239/2239 2365/2365
f 2229/2229 2052/2052 2366/2366
f 2229/2229 2366/2366 2367/2367
f 2435/2435 2229/2229 2367/2367
f 2435/2435 2367/2367 2436/2436
f 2419/2419 2077/2077 2368/2368
f 2419/2419 2368/2368 2420/2420
f 2044/2044 2219/2219 2369/2369
f 2044/2044 2369/2369 2370/2370
f 2208/2208 2044/2044 2370/2370
f 2208/2208 2370/2370 2371/2371
f 2085/2085 2889/2889 2888/2888
f 2085/2085 2888/2888 2372/2372
f 2732/2732 2085/2085 2372/2372
f 2732/2732 2372/2372 2733/2733
f 2037/2037 2132/2132 2373/2373
f 2037/2037 2373/2373 2374/2374
f 2374/2374 2488/2488 2487/2487
f 2374/2374 2487/2487 2037/2037
f 2376/2376 2108/2108 2100/2100
f 2376/2376 2100/2100 2375/2375
f 2377/2377 2116/2116 2108/2108
f 2377/2377 2108/2108 2376/2376
f 2378/2378 2124/2124 2116/2116
f 2378/2378 2116/2116 2377/2377
f 2674/2674 2673/2673 2379/2379
f 2674/2674 2379/2379 2380/2380
f 2970/2970 2971/2971 2945/2945
f 2970/2970 2945/2945 2944/2944
f 2675/2675 2971/2971 2970/2970
f 2675/2675 2970/2970 2381/2381
f 2676/2676 2675/2675 2381/2381
f 2676/2676 2381/2381 2466/2466
f 2678/2678 2831/2831 2830/2830
f 2678/2678 2830/2830 2458/2458
f 2680/2680 2789/2789 2788/2788
f 2680/2680 2788/2788 2384/2384
f 2681/2681 2680/2680 2384/2384
f 2681/2681 2384/2384 2385/2385
f 2682/2682 2681/2681 2385/2385
f 2682/2682 2385/2385 2386/2386
f 2683/2683 2682/2682 2386/2386
f 2683/2683 2386/2386 2387/2387
f 2684/2684 2683/2683 2387/2387
f 2684/2684 2387/2387 2388/2388
f 2768/2768 2767/2767 2684/2684
f 2768/2768 2684/2684 2388/2388
f 2686/2686 2685/2685 2389/2389
f 2686/2686 2389/2389 2390/2390
f 2687/2687 2686/2686 2390/2390
f 2687/2687 2390/2390 2438/2438
f 2689/2689 2688/2688 2391/2391
f 2689/2689 2391/2391 2422/2422
f 2691/2691 2690/2690 2392/2392
f 2691/2691 2392/2392 2393/2393
f 2692/2692 2691/2691 2393/2393
f 2692/2692 2393/2393 2394/2394
f 2693/2693 2885/2885 2884/2884
f 2693/2693 2884/2884 2395/2395
f 2736/2736 2693/2693 2395/2395
f 2736/2736 2395/2395 2737/2737
f 2696/2696 2695/2695 2396/2396
f 2696/2696 2396/2396 2397/2397
f 2397/2397 2490/2490 2697/2697
f 2397/2397 2697/2697 2696/2696
f 2399/2399 2699/2699 2698/2698
f 2399/2399 2698/2698 2398/2398
f 2400/2400 2700/2700 2699/2699
f 2400/2400 2699/2699 2399/2399
f 2401/2401 2701/2701 2700/2700
f 2401/2401 2700/2700 2400/2400
f 2304/2304 2402/2402 2403/2403
f 2304/2304 2403/2403 2132/2132
f 2132/2132 2403/2403 2404/2404
f 2132/2132 2404/2404 2373/2373
f 2724/2724 2723/2723 2405/2405
f 2724/2724 2405/2405 2131/2131
f 2695/2695 2694/2694 2406/2406
f 2695/2695 2406/2406 2396/2396
f 2396/2396 2406/2406 2407/2407
f 2396/2396 2407/2407 2130/2130
f 2130/2130 2407/2407 2408/2408
f 2130/2130 2408/2408 2198/2198
f 2198/2198 2408/2408 2535/2535
f 2198/2198 2535/2535 2534/2534
f 2137/2137 2409/2409 2506/2506
f 2137/2137 2506/2506 2505/2505
f 2411/2411 2136/2136 2175/2175
f 2411/2411 2175/2175 2410/2410
f 2136/2136 2411/2411 2412/2412
f 2136/2136 2412/2412 2350/2350
f 2350/2350 2412/2412 2651/2651
f 2350/2350 2651/2651 2650/2650
f 2637/2637 2636/2636 2414/2414
f 2637/2637 2414/2414 2327/2327
f 2327/2327 2414/2414 2415/2415
f 2327/2327 2415/2415 2134/2134
f 2134/2134 2415/2415 2416/2416
f 2134/2134 2416/2416 2281/2281
f 2608/2608 2607/2607 2417/2417
f 2608/2608 2417/2417 2133/2133
f 2133/2133 2417/2417 2564/2564
f 2133/2133 2564/2564 2563/2563
f 2300/2300 2418/2418 2419/2419
f 2300/2300 2419/2419 2219/2219
f 2219/2219 2419/2419 2420/2420
f 2219/2219 2420/2420 2369/2369
f 2719/2719 2718/2718 2421/2421
f 2719/2719 2421/2421 2218/2218
f 2690/2690 2689/2689 2422/2422
f 2690/2690 2422/2422 2392/2392
f 2392/2392 2422/2422 2423/2423
f 2392/2392 2423/2423 2217/2217
f 2217/2217 2423/2423 2424/2424
f 2217/2217 2424/2424 2216/2216
f 2216/2216 2424/2424 2540/2540
f 2216/2216 2540/2540 2539/2539
f 2215/2215 2425/2425 2511/2511
f 2215/2215 2511/2511 2510/2510
f 2427/2427 2223/2223 2214/2214
f 2427/2427 2214/2214 2426/2426
f 2223/2223 2427/2427 2428/2428
f 2223/2223 2428/2428 2346/2346
f 2346/2346 2428/2428 2656/2656
f 2346/2346 2656/2656 2655/2655
f 2632/2632 2631/2631 2430/2430
f 2632/2632 2430/2430 2323/2323
f 2323/2323 2430/2430 2431/2431
f 2323/2323 2431/2431 2221/2221
f 2221/2221 2431/2431 2432/2432
f 2221/2221 2432/2432 2277/2277
f 2603/2603 2602/2602 2433/2433
f 2603/2603 2433/2433 2220/2220
f 2220/2220 2433/2433 2569/2569
f 2220/2220 2569/2569 2568/2568
f 2299/2299 2434/2434 2435/2435
f 2299/2299 2435/2435 2077/2077
f 2077/2077 2435/2435 2436/2436
f 2077/2077 2436/2436 2368/2368
f 2717/2717 2716/2716 2437/2437
f 2717/2717 2437/2437 2076/2076
f 2688/2688 2687/2687 2438/2438
f 2688/2688 2438/2438 2391/2391
f 2391/2391 2438/2438 2439/2439
f 2391/2391 2439/2439 2075/2075
f 2075/2075 2439/2439 2440/2440
f 2075/2075 2440/2440 2195/2195
f 2195/2195 2440/2440 2542/2542
f 2195/2195 2542/2542 2541/2541
f 2074/2074 2441/2441 2513/2513
f 2074/2074 2513/2513 2512/2512
f 2443/2443 2081/2081 2178/2178
f 2443/2443 2178/2178 2442/2442
f 2081/2081 2443/2443 2444/2444
f 2081/2081 2444/2444 2345/2345
f 2345/2345 2444/2444 2658/2658
f 2345/2345 2658/2658 2657/2657
f 2630/2630 2629/2629 2446/2446
f 2630/2630 2446/2446 2322/2322
f 2322/2322 2446/2446 2447/2447
f 2322/2322 2447/2447 2079/2079
f 2079/2079 2447/2447 2448/2448
f 2079/2079 2448/2448 2276/2276
f 2601/2601 2600/2600 2449/2449
f 2601/2601 2449/2449 2078/2078
f 2078/2078 2449/2449 2571/2571
f 2078/2078 2571/2571 2570/2570
f 2314/2314 2450/2450 2451/2451
f 2314/2314 2451/2451 2066/2066
f 2066/2066 2451/2451 2452/2452
f 2066/2066 2452/2452 2268/2268
f 2592/2592 2591/2591 2453/2453
f 2592/2592 2453/2453 2067/2067
f 2067/2067 2453/2453 2580/2580
f 2067/2067 2580/2580 2579/2579
f 2291/2291 2454/2454 2455/2455
f 2291/2291 2455/2455 2068/2068
f 2068/2068 2455/2455 2456/2456
f 2068/2068 2456/2456 2360/2360
f 2708/2708 2707/2707 2457/2457
f 2708/2708 2457/2457 2069/2069
f 2679/2679 2678/2678 2458/2458
f 2679/2679 2458/2458 2383/2383
f 2383/2383 2458/2458 2459/2459
f 2383/2383 2459/2459 2070/2070
f 2070/2070 2459/2459 2460/2460
f 2070/2070 2460/2460 2191/2191
f 2191/2191 2460/2460 2551/2551
f 2191/2191 2551/2551 2550/2550
f 2071/2071 2461/2461 2522/2522
f 2071/2071 2522/2522 2521/2521
f 2463/2463 2072/2072 2182/2182
f 2463/2463 2182/2182 2462/2462
f 2072/2072 2463/2463 2464/2464
f 2072/2072 2464/2464 2337/2337
f 2337/2337 2464/2464 2667/2667
f 2337/2337 2667/2667 2666/2666
f 2621/2621 2620/2620 2450/2450
f 2621/2621 2450/2450 2314/2314
f 2098/2098 2329/2329 2482/2482
f 2098/2098 2482/2482 2483/2483
f 2484/2484 2283/2283 2098/2098
f 2484/2484 2098/2098 2483/2483
f 2099/2099 2611/2611 2610/2610
f 2099/2099 2610/2610 2485/2485
f 2561/2561 2560/2560 2099/2099
f 2561/2561 2099/2099 2485/2485
f 2100/2100 2306/2306 2486/2486
f 2100/2100 2486/2486 2487/2487
f 2488/2488 2375/2375 2100/2100
f 2488/2488 2100/2100 2487/2487
f 2101/2101 2727/2727 2726/2726
f 2101/2101 2726/2726 2489/2489
f 2490/2490 2398/2398 2698/2698
f 2490/2490 2698/2698 2697/2697
f 2102/2102 2398/2398 2490/2490
f 2102/2102 2490/2490 2491/2491
f 2492/2492 2200/2200 2102/2102
f 2492/2492 2102/2102 2491/2491
f 2531/2531 2200/2200 2492/2492
f 2531/2531 2492/2492 2532/2532
f 2502/2502 2103/2103 2493/2493
f 2502/2502 2493/2493 2503/2503
f 2104/2104 2173/2173 2494/2494
f 2104/2104 2494/2494 2495/2495
f 2496/2496 2352/2352 2104/2104
f 2496/2496 2104/2104 2495/2495
f 2482/2482 2329/2329 2640/2640
f 2482/2482 2640/2640 2639/2639
f 2328/2328 2482/2482 2639/2639
f 2328/2328 2639/2639 2638/2638
f 2650/2650 2649/2649 2351/2351
f 2650/2650 2351/2351 2350/2350
f 2648/2648 2496/2496 2351/2351
f 2648/2648 2351/2351 2649/2649
f 2647/2647 2352/2352 2496/2496
f 2647/2647 2496/2496 2648/2648
f 2171/2171 2170/2170 2499/2499
f 2171/2171 2499/2499 2500/2500
f 2172/2172 2171/2171 2500/2500
f 2172/2172 2500/2500 2501/2501
f 2173/2173 2172/2172 2501/2501
f 2173/2173 2501/2501 2502/2502
f 2173/2173 2502/2502 2503/2503
f 2173/2173 2503/2503 2494/2494
f 2494/2494 2503/2503 2504/2504
f 2494/2494 2504/2504 2174/2174
f 2505/2505 2175/2175 2174/2174
f 2505/2505 2174/2174 2504/2504
f 2506/2506 2410/2410 2175/2175
f 2506/2506 2175/2175 2505/2505
f 2507/2507 2176/2176 2743/2743
f 2507/2507 2743/2743 2742/2742
f 2879/2879 2878/2878 2176/2176
f 2879/2879 2176/2176 2507/2507
f 2509/2509 2177/2177 2213/2213
f 2509/2509 2213/2213 2508/2508
f 2510/2510 2214/2214 2177/2177
f 2510/2510 2177/2177 2509/2509
f 2511/2511 2426/2426 2214/2214
f 2511/2511 2214/2214 2510/2510
f 2512/2512 2178/2178 2426/2426
f 2512/2512 2426/2426 2511/2511
f 2513/2513 2442/2442 2178/2178
f 2513/2513 2178/2178 2512/2512
f 2514/2514 2224/2224 2442/2442
f 2514/2514 2442/2442 2513/2513
f 2515/2515 2179/2179 2224/2224
f 2515/2515 2224/2224 2514/2514
f 2774/2774 2773/2773 2516/2516
f 2774/2774 2516/2516 2234/2234
f 2234/2234 2516/2516 2517/2517
f 2234/2234 2517/2517 2180/2180
f 2518/2518 2254/2254 2180/2180
f 2518/2518 2180/2180 2517/2517
f 2519/2519 2181/2181 2254/2254
f 2519/2519 2254/2254 2518/2518
f 2520/2520 2244/2244 2181/2181
f 2520/2520 2181/2181 2519/2519
f 2783/2783 2782/2782 2244/2244
f 2783/2783 2244/2244 2520/2520
f 2522/2522 2462/2462 2182/2182
f 2522/2522 2182/2182 2521/2521
f 2849/2849 2848/2848 2462/2462
f 2849/2849 2462/2462 2522/2522
f 2184/2184 2470/2470 2524/2524
f 2184/2184 2524/2524 2525/2525
f 2965/2965 2964/2964 2184/2184
f 2965/2965 2184/2184 2525/2525
f 2527/2527 2186/2186 2185/2185
f 2527/2527 2185/2185 2526/2526
f 2119/2119 2127/2127 2528/2528
f 2119/2119 2528/2528 2529/2529
f 2111/2111 2119/2119 2529/2529
f 2111/2111 2529/2529 2530/2530
f 2103/2103 2111/2111 2530/2530
f 2103/2103 2530/2530 2531/2531
f 2103/2103 2531/2531 2532/2532
f 2103/2103 2532/2532 2493/2493
f 2493/2493 2532/2532 2533/2533
f 2493/2493 2533/2533 2040/2040
f 2534/2534 2137/2137 2040/2040
f 2534/2534 2040/2040 2533/2533
f 2535/2535 2409/2409 2137/2137
f 2535/2535 2137/2137 2534/2534
f 2536/2536 2082/2082 2741/2741
f 2536/2536 2741/2741 2740/2740
f 2881/2881 2880/2880 2082/2082
f 2881/2881 2082/2082 2536/2536
f 2538/2538 2047/2047 2204/2204
f 2538/2538 2204/2204 2537/2537
f 2539/2539 2215/2215 2047/2047
f 2539/2539 2047/2047 2538/2538
f 2540/2540 2425/2425 2215/2215
f 2540/2540 2215/2215 2539/2539
f 2541/2541 2074/2074 2425/2425
f 2541/2541 2425/2425 2540/2540
f 2542/2542 2441/2441 2074/2074
f 2542/2542 2074/2074 2541/2541
f 2543/2543 2225/2225 2441/2441
f 2543/2543 2441/2441 2542/2542
f 2544/2544 2055/2055 2225/2225
f 2544/2544 2225/2225 2543/2543
f 2772/2772 2771/2771 2545/2545
f 2772/2772 2545/2545 2235/2235
f 2546/2546 2090/2090 2235/2235
f 2546/2546 2235/2235 2545/2545
f 2090/2090 2546/2546 2547/2547
f 2090/2090 2547/2547 2255/2255
f 2548/2548 2063/2063 2255/2255
f 2548/2548 2255/2255 2547/2547
f 2549/2549 2245/2245 2063/2063
f 2549/2549 2063/2063 2548/2548
f 2785/2785 2784/2784 2245/2245
f 2785/2785 2245/2245 2549/2549
f 2551/2551 2461/2461 2071/2071
f 2551/2551 2071/2071 2550/2550
f 2850/2850 2461/2461 2551/2551
f 2850/2850 2551/2551 2827/2827
f 2143/2143 2469/2469 2553/2553
f 2143/2143 2553/2553 2554/2554
f 2967/2967 2966/2966 2143/2143
f 2967/2967 2143/2143 2554/2554
f 2556/2556 2159/2159 2151/2151
f 2556/2556 2151/2151 2555/2555
f 2309/2309 2557/2557 2558/2558
f 2309/2309 2558/2558 2308/2308
f 2308/2308 2558/2558 2559/2559
f 2308/2308 2559/2559 2307/2307
f 2307/2307 2559/2559 2560/2560
f 2307/2307 2560/2560 2306/2306
f 2486/2486 2306/2306 2560/2560
f 2486/2486 2560/2560 2561/2561
f 2305/2305 2486/2486 2561/2561
f 2305/2305 2561/2561 2562/2562
f 2563/2563 2304/2304 2305/2305
f 2563/2563 2305/2305 2562/2562
f 2564/2564 2402/2402 2304/2304
f 2564/2564 2304/2304 2563/2563
f 2565/2565 2303/2303 2731/2731
f 2565/2565 2731/2731 2754/2754
f 2891/2891 2890/2890 2303/2303
f 2891/2891 2303/2303 2565/2565
f 2567/2567 2301/2301 2302/2302
f 2567/2567 2302/2302 2566/2566
f 2568/2568 2300/2300 2301/2301
f 2568/2568 2301/2301 2567/2567
f 2569/2569 2418/2418 2300/2300
f 2569/2569 2300/2300 2568/2568
f 2570/2570 2299/2299 2418/2418
f 2570/2570 2418/2418 2569/2569
f 2571/2571 2434/2434 2299/2299
f 2571/2571 2299/2299 2570/2570
f 2572/2572 2298/2298 2434/2434
f 2572/2572 2434/2434 2571/2571
f 2573/2573 2297/2297 2298/2298
f 2573/2573 2298/2298 2572/2572
f 2762/2762 2761/2761 2574/2574
f 2762/2762 2574/2574 2296/2296
f 2575/2575 2295/2295 2296/2296
f 2575/2575 2296/2296 2574/2574
f 2576/2576 2294/2294 2295/2295
f 2576/2576 2295/2295 2575/2575
f 2577/2577 2293/2293 2294/2294
f 2577/2577 2294/2294 2576/2576
f 2578/2578 2292/2292 2293/2293
f 2578/2578 2293/2293 2577/2577
f 2795/2795 2794/2794 2292/2292
f 2795/2795 2292/2292 2578/2578
f 2580/2580 2454/2454 2291/2291
f 2580/2580 2291/2291 2579/2579
f 2837/2837 2836/2836 2454/2454
f 2837/2837 2454/2454 2580/2580
f 2289/2289 2478/2478 2582/2582
f 2289/2289 2582/2582 2583/2583
f 2953/2953 2952/2952 2289/2289
f 2953/2953 2289/2289 2583/2583
f 2585/2585 2287/2287 2288/2288
f 2585/2585 2288/2288 2584/2584
f 2265/2265 2264/2264 2586/2586
f 2265/2265 2586/2586 2587/2587
f 2955/2955 2956/2956 2930/2930
f 2955/2955 2930/2930 2929/2929
f 2956/2956 2955/2955 2588/2588
f 2956/2956 2588/2588 2266/2266
f 2589/2589 2476/2476 2266/2266
f 2589/2589 2266/2266 2588/2588
f 2452/2452 2840/2840 2839/2839
f 2452/2452 2839/2839 2591/2591
f 2268/2268 2452/2452 2591/2591
f 2268/2268 2591/2591 2592/2592
f 2269/2269 2798/2798 2797/2797
f 2269/2269 2797/2797 2593/2593
f 2270/2270 2269/2269 2593/2593
f 2270/2270 2593/2593 2594/2594
f 2271/2271 2270/2270 2594/2594
f 2271/2271 2594/2594 2595/2595
f 2272/2272 2271/2271 2595/2595
f 2272/2272 2595/2595 2596/2596
f 2273/2273 2272/2272 2596/2596
f 2273/2273 2596/2596 2597/2597
f 2759/2759 2758/2758 2273/2273
f 2759/2759 2273/2273 2597/2597
f 2275/2275 2274/2274 2598/2598
f 2275/2275 2598/2598 2599/2599
f 2448/2448 2275/2275 2599/2599
f 2448/2448 2599/2599 2600/2600
f 2276/2276 2448/2448 2600/2600
f 2276/2276 2600/2600 2601/2601
f 2432/2432 2276/2276 2601/2601
f 2432/2432 2601/2601 2602/2602
f 2277/2277 2432/2432 2602/2602
f 2277/2277 2602/2602 2603/2603
f 2278/2278 2277/2277 2603/2603
f 2278/2278 2603/2603 2604/2604
f 2279/2279 2278/2278 2604/2604
f 2279/2279 2604/2604 2605/2605
f 2280/2280 2894/2894 2893/2893
f 2280/2280 2893/2893 2606/2606
f 2751/2751 2280/2280 2606/2606
f 2751/2751 2606/2606 2752/2752
f 2281/2281 2416/2416 2607/2607
f 2281/2281 2607/2607 2608/2608
f 2282/2282 2281/2281 2608/2608
f 2282/2282 2608/2608 2609/2609
f 2610/2610 2484/2484 2282/2282
f 2610/2610 2282/2282 2609/2609
f 2611/2611 2283/2283 2484/2484
f 2611/2611 2484/2484 2610/2610
f 2612/2612 2284/2284 2283/2283
f 2612/2612 2283/2283 2611/2611
f 2613/2613 2285/2285 2284/2284
f 2613/2613 2284/2284 2612/2612
f 2614/2614 2286/2286 2285/2285
f 2614/2614 2285/2285 2613/2613
f 2153/2153 2161/2161 2615/2615
f 2153/2153 2615/2615 2616/2616
f 2959/2959 2960/2960 2934/2934
f 2959/2959 2934/2934 2933/2933
f 2145/2145 2960/2960 2959/2959
f 2145/2145 2959/2959 2617/2617
f 2618/2618 2473/2473 2145/2145
f 2618/2618 2145/2145 2617/2617
f 2465/2465 2844/2844 2843/2843
f 2465/2465 2843/2843 2620/2620
f 2073/2073 2465/2465 2620/2620
f 2073/2073 2620/2620 2621/2621
f 2252/2252 2802/2802 2801/2801
f 2252/2252 2801/2801 2622/2622
f 2065/2065 2252/2252 2622/2622
f 2065/2065 2622/2622 2623/2623
f 2262/2262 2065/2065 2623/2623
f 2262/2262 2623/2623 2624/2624
f 2096/2096 2262/2262 2624/2624
f 2096/2096 2624/2624 2625/2625
f 2242/2242 2096/2096 2625/2625
f 2242/2242 2625/2625 2626/2626
f 2778/2778 2242/2242 2626/2626
f 2778/2778 2626/2626 2755/2755
f 2232/2232 2057/2057 2627/2627
f 2232/2232 2627/2627 2628/2628
f 2445/2445 2232/2232 2628/2628
f 2445/2445 2628/2628 2629/2629
f 2080/2080 2445/2445 2629/2629
f 2080/2080 2629/2629 2630/2630
f 2429/2429 2080/2080 2630/2630
f 2429/2429 2630/2630 2631/2631
f 2222/2222 2429/2429 2631/2631
f 2222/2222 2631/2631 2632/2632
f 2049/2049 2222/2222 2632/2632
f 2049/2049 2632/2632 2633/2633
f 2211/2211 2049/2049 2633/2633
f 2211/2211 2633/2633 2634/2634
f 2088/2088 2898/2898 2897/2897
f 2088/2088 2897/2897 2635/2635
f 2747/2747 2088/2088 2635/2635
f 2747/2747 2635/2635 2748/2748
f 2135/2135 2413/2413 2636/2636
f 2135/2135 2636/2636 2637/2637
f 2135/2135 2637/2637 2638/2638
f 2135/2135 2638/2638 2497/2497
f 2639/2639 2498/2498 2497/2497
f 2639/2639 2497/2497 2638/2638
f 2640/2640 2105/2105 2498/2498
f 2640/2640 2498/2498 2639/2639
f 2641/2641 2113/2113 2105/2105
f 2641/2641 2105/2105 2640/2640
f 2642/2642 2121/2121 2113/2113
f 2642/2642 2113/2113 2641/2641
f 2643/2643 2129/2129 2121/2121
f 2643/2643 2121/2121 2642/2642
f 2121/2121 2129/2129 2644/2644
f 2121/2121 2644/2644 2645/2645
f 2113/2113 2121/2121 2645/2645
f 2113/2113 2645/2645 2646/2646
f 2105/2105 2113/2113 2646/2646
f 2105/2105 2646/2646 2647/2647
f 2105/2105 2647/2647 2648/2648
f 2105/2105 2648/2648 2498/2498
f 2498/2498 2648/2648 2649/2649
f 2498/2498 2649/2649 2497/2497
f 2135/2135 2497/2497 2649/2649
f 2135/2135 2649/2649 2650/2650
f 2651/2651 2413/2413 2135/2135
f 2651/2651 2135/2135 2650/2650
f 2652/2652 2088/2088 2747/2747
f 2652/2652 2747/2747 2746/2746
f 2898/2898 2088/2088 2652/2652
f 2898/2898 2652/2652 2875/2875
f 2654/2654 2049/2049 2211/2211
f 2654/2654 2211/2211 2653/2653
f 2655/2655 2222/2222 2049/2049
f 2655/2655 2049/2049 2654/2654
f 2656/2656 2429/2429 2222/2222
f 2656/2656 2222/2222 2655/2655
f 2657/2657 2080/2080 2429/2429
f 2657/2657 2429/2429 2656/2656
f 2658/2658 2445/2445 2080/2080
f 2658/2658 2080/2080 2657/2657
f 2659/2659 2232/2232 2445/2445
f 2659/2659 2445/2445 2658/2658
f 2660/2660 2057/2057 2232/2232
f 2660/2660 2232/2232 2659/2659
f 2778/2778 2777/2777 2661/2661
f 2778/2778 2661/2661 2242/2242
f 2662/2662 2096/2096 2242/2242
f 2662/2662 2242/2242 2661/2661
f 2663/2663 2262/2262 2096/2096
f 2663/2663 2096/2096 2662/2662
f 2664/2664 2065/2065 2262/2262
f 2664/2664 2262/2262 2663/2663
f 2665/2665 2252/2252 2065/2065
f 2665/2665 2065/2065 2664/2664
f 2802/2802 2252/2252 2665/2665
f 2802/2802 2665/2665 2779/2779
f 2667/2667 2465/2465 2073/2073
f 2667/2667 2073/2073 2666/2666
f 2845/2845 2844/2844 2465/2465
f 2845/2845 2465/2465 2667/2667
f 2145/2145 2473/2473 2669/2669
f 2145/2145 2669/2669 2670/2670
f 2961/2961 2960/2960 2145/2145
f 2961/2961 2145/2145 2670/2670
f 2672/2672 2161/2161 2153/2153
f 2672/2672 2153/2153 2671/2671
f 2149/2149 2157/2157 2673/2673
f 2149/2149 2673/2673 2674/2674
f 2971/2971 2948/2948 2946/2946
f 2971/2971 2946/2946 2945/2945
f 2141/2141 2948/2948 2971/2971
f 2141/2141 2971/2971 2675/2675
f 2481/2481 2141/2141 2675/2675
f 2481/2481 2675/2675 2676/2676
f 2457/2457 2832/2832 2831/2831
f 2457/2457 2831/2831 2678/2678
f 2069/2069 2457/2457 2678/2678
f 2069/2069 2678/2678 2679/2679
f 2248/2248 2790/2790 2789/2789
f 2248/2248 2789/2789 2680/2680
f 2061/2061 2248/2248 2680/2680
f 2061/2061 2680/2680 2681/2681
f 2258/2258 2061/2061 2681/2681
f 2258/2258 2681/2681 2682/2682
f 2092/2092 2258/2258 2682/2682
f 2092/2092 2682/2682 2683/2683
f 2238/2238 2092/2092 2683/2683
f 2238/2238 2683/2683 2684/2684
f 2767/2767 2766/2766 2238/2238
f 2767/2767 2238/2238 2684/2684
f 2228/2228 2053/2053 2685/2685
f 2228/2228 2685/2685 2686/2686
f 2437/2437 2228/2228 2686/2686
f 2437/2437 2686/2686 2687/2687
f 2076/2076 2437/2437 2687/2687
f 2076/2076 2687/2687 2688/2688
f 2421/2421 2076/2076 2688/2688
f 2421/2421 2688/2688 2689/2689
f 2218/2218 2421/2421 2689/2689
f 2218/2218 2689/2689 2690/2690
f 2045/2045 2218/2218 2690/2690
f 2045/2045 2690/2690 2691/2691
f 2207/2207 2045/2045 2691/2691
f 2207/2207 2691/2691 2692/2692
f 2084/2084 2886/2886 2885/2885
f 2084/2084 2885/2885 2693/2693
f 2735/2735 2084/2084 2693/2693
f 2735/2735 2693/2693 2736/2736
f 2131/2131 2405/2405 2694/2694
f 2131/2131 2694/2694 2695/2695
f 2038/2038 2131/2131 2695/2695
f 2038/2038 2695/2695 2696/2696
f 2697/2697 2489/2489 2038/2038
f 2697/2697 2038/2038 2696/2696
f 2698/2698 2101/2101 2489/2489
f 2698/2698 2489/2489 2697/2697
f 2699/2699 2109/2109 2101/2101
f 2699/2699 2101/2101 2698/2698
f 2700/2700 2117/2117 2109/2109
f 2700/2700 2109/2109 2699/2699
f 2701/2701 2125/2125 2117/2117
f 2701/2701 2117/2117 2700/2700
f 2357/2357 2356/2356 2702/2702
f 2357/2357 2702/2702 2703/2703
f 2949/2949 2950/2950 2924/2924
f 2949/2949 2924/2924 2947/2947
f 2358/2358 2950/2950 2949/2949
f 2358/2358 2949/2949 2704/2704
f 2705/2705 2480/2480 2358/2358
f 2705/2705 2358/2358 2704/2704
f 2456/2456 2834/2834 2833/2833
f 2456/2456 2833/2833 2707/2707
f 2360/2360 2456/2456 2707/2707
f 2360/2360 2707/2707 2708/2708
f 2361/2361 2792/2792 2791/2791
f 2361/2361 2791/2791 2709/2709
f 2362/2362 2361/2361 2709/2709
f 2362/2362 2709/2709 2710/2710
f 2363/2363 2362/2362 2710/2710
f 2363/2363 2710/2710 2711/2711
f 2364/2364 2363/2363 2711/2711
f 2364/2364 2711/2711 2712/2712
f 2365/2365 2364/2364 2712/2712
f 2365/2365 2712/2712 2713/2713
f 2765/2765 2764/2764 2365/2365
f 2765/2765 2365/2365 2713/2713
f 2367/2367 2366/2366 2714/2714
f 2367/2367 2714/2714 2715/2715
f 2436/2436 2367/2367 2715/2715
f 2436/2436 2715/2715 2716/2716
f 2368/2368 2436/2436 2716/2716
f 2368/2368 2716/2716 2717/2717
f 2420/2420 2368/2368 2717/2717
f 2420/2420 2717/2717 2718/2718
f 2369/2369 2420/2420 2718/2718
f 2369/2369 2718/2718 2719/2719
f 2370/2370 2369/2369 2719/2719
f 2370/2370 2719/2719 2720/2720
f 2371/2371 2370/2370 2720/2720
f 2371/2371 2720/2720 2721/2721
f 2372/2372 2888/2888 2887/2887
f 2372/2372 2887/2887 2722/2722
f 2733/2733 2372/2372 2722/2722
f 2733/2733 2722/2722 2734/2734
f 2373/2373 2404/2404 2723/2723
f 2373/2373 2723/2723 2724/2724
f 2374/2374 2373/2373 2724/2724
f 2374/2374 2724/2724 2725/2725
f 2726/2726 2488/2488 2374/2374
f 2726/2726 2374/2374 2725/2725
f 2727/2727 2375/2375 2488/2488
f 2727/2727 2488/2488 2726/2726
f 2728/2728 2376/2376 2375/2375
f 2728/2728 2375/2375 2727/2727
f 2729/2729 2377/2377 2376/2376
f 2729/2729 2376/2376 2728/2728
f 2730/2730 2378/2378 2377/2377
f 2730/2730 2377/2377 2729/2729
f 2402/2402 2865/2865 2864/2864
f 2402/2402 2864/2864 2403/2403
f 2403/2403 2864/2864 2863/2863
f 2403/2403 2863/2863 2404/2404
f 2404/2404 2863/2863 2862/2862
f 2404/2404 2862/2862 2723/2723
f 2723/2723 2862/2862 2861/2861
f 2723/2723 2861/2861 2405/2405
f 2405/2405 2861/2861 2860/2860
f 2405/2405 2860/2860 2694/2694
f 2694/2694 2860/2860 2859/2859
f 2694/2694 2859/2859 2406/2406
f 2406/2406 2859/2859 2858/2858
f 2406/2406 2858/2858 2407/2407
f 2407/2407 2858/2858 2857/2857
f 2407/2407 2857/2857 2408/2408
f 2408/2408 2857/2857 2856/2856
f 2408/2408 2856/2856 2535/2535
f 2855/2855 2409/2409 2535/2535
f 2855/2855 2535/2535 2856/2856
f 2409/2409 2855/2855 2854/2854
f 2409/2409 2854/2854 2506/2506
f 2853/2853 2410/2410 2506/2506
f 2853/2853 2506/2506 2854/2854
f 2852/2852 2411/2411 2410/2410
f 2852/2852 2410/2410 2853/2853
f 2411/2411 2852/2852 2851/2851
f 2411/2411 2851/2851 2412/2412
f 2412/2412 2851/2851 2874/2874
f 2412/2412 2874/2874 2651/2651
f 2873/2873 2413/2413 2651/2651
f 2873/2873 2651/2651 2874/2874
f 2413/2413 2873/2873 2872/2872
f 2413/2413 2872/2872 2636/2636
f 2636/2636 2872/2872 2871/2871
f 2636/2636 2871/2871 2414/2414
f 2414/2414 2871/2871 2870/2870
f 2414/2414 2870/2870 2415/2415
f 2415/2415 2870/2870 2869/2869
f 2415/2415 2869/2869 2416/2416
f 2416/2416 2869/2869 2868/2868
f 2416/2416 2868/2868 2607/2607
f 2607/2607 2868/2868 2867/2867
f 2607/2607 2867/2867 2417/2417
f 2417/2417 2867/2867 2866/2866
f 2417/2417 2866/2866 2564/2564
f 2865/2865 2402/2402 2564/2564
f 2865/2865 2564/2564 2866/2866
f 2320/2320 2627/2627 2755/2755
f 2320/2320 2755/2755 2756/2756
f 2050/2050 2320/2320 2756/2756
f 2050/2050 2756/2756 2757/2757
f 2274/2274 2050/2050 2757/2757
f 2274/2274 2757/2757 2758/2758
f 2598/2598 2274/2274 2758/2758
f 2598/2598 2758/2758 2759/2759
f 2051/2051 2598/2598 2759/2759
f 2051/2051 2759/2759 2760/2760
f 2573/2573 2051/2051 2760/2760
f 2573/2573 2760/2760 2761/2761
f 2297/2297 2573/2573 2761/2761
f 2297/2297 2761/2761 2762/2762
f 2052/2052 2297/2297 2762/2762
f 2052/2052 2762/2762 2763/2763
f 2366/2366 2052/2052 2763/2763
f 2366/2366 2763/2763 2764/2764
f 2714/2714 2366/2366 2764/2764
f 2714/2714 2764/2764 2765/2765
f 2053/2053 2714/2714 2765/2765
f 2053/2053 2765/2765 2766/2766
f 2685/2685 2053/2053 2766/2766
f 2685/2685 2766/2766 2767/2767
f 2389/2389 2685/2685 2767/2767
f 2389/2389 2767/2767 2768/2768
f 2054/2054 2389/2389 2768/2768
f 2054/2054 2768/2768 2769/2769
f 2194/2194 2054/2054 2769/2769
f 2194/2194 2769/2769 2770/2770
f 2544/2544 2194/2194 2770/2770
f 2544/2544 2770/2770 2771/2771
f 2055/2055 2544/2544 2771/2771
f 2055/2055 2771/2771 2772/2772
f 2515/2515 2055/2055 2772/2772
f 2515/2515 2772/2772 2773/2773
f 2179/2179 2515/2515 2773/2773
f 2179/2179 2773/2773 2774/2774
f 2056/2056 2179/2179 2774/2774
f 2056/2056 2774/2774 2775/2775
f 2343/2343 2056/2056 2775/2775
f 2343/2343 2775/2775 2776/2776
f 2660/2660 2343/2343 2776/2776
f 2660/2660 2776/2776 2777/2777
f 2057/2057 2660/2660 2777/2777
f 2057/2057 2777/2777 2778/2778
f 2627/2627 2057/2057 2778/2778
f 2627/2627 2778/2778 2755/2755
f 2780/2780 2337/2337 2666/2666
f 2780/2780 2666/2666 2779/2779
f 2781/2781 2072/2072 2337/2337
f 2781/2781 2337/2337 2780/2780
f 2182/2182 2072/2072 2781/2781
f 2182/2182 2781/2781 2782/2782
f 2521/2521 2182/2182 2782/2782
f 2521/2521 2782/2782 2783/2783
f 2784/2784 2071/2071 2521/2521
f 2784/2784 2521/2521 2783/2783
f 2550/2550 2071/2071 2784/2784
f 2550/2550 2784/2784 2785/2785
f 2786/2786 2191/2191 2550/2550
f 2786/2786 2550/2550 2785/2785
f 2787/2787 2070/2070 2191/2191
f 2787/2787 2191/2191 2786/2786
f 2788/2788 2383/2383 2070/2070
f 2788/2788 2070/2070 2787/2787
f 2789/2789 2679/2679 2383/2383
f 2789/2789 2383/2383 2788/2788
f 2790/2790 2069/2069 2679/2679
f 2790/2790 2679/2679 2789/2789
f 2791/2791 2708/2708 2069/2069
f 2791/2791 2069/2069 2790/2790
f 2792/2792 2360/2360 2708/2708
f 2792/2792 2708/2708 2791/2791
f 2793/2793 2068/2068 2360/2360
f 2793/2793 2360/2360 2792/2792
f 2794/2794 2291/2291 2068/2068
f 2794/2794 2068/2068 2793/2793
f 2579/2579 2291/2291 2794/2794
f 2579/2579 2794/2794 2795/2795
f 2796/2796 2067/2067 2579/2579
f 2796/2796 2579/2579 2795/2795
f 2797/2797 2592/2592 2067/2067
f 2797/2797 2067/2067 2796/2796
f 2798/2798 2268/2268 2592/2592
f 2798/2798 2592/2592 2797/2797
f 2799/2799 2066/2066 2268/2268
f 2799/2799 2268/2268 2798/2798
f 2800/2800 2314/2314 2066/2066
f 2800/2800 2066/2066 2799/2799
f 2801/2801 2621/2621 2314/2314
f 2801/2801 2314/2314 2800/2800
f 2802/2802 2073/2073 2621/2621
f 2802/2802 2621/2621 2801/2801
f 2666/2666 2073/2073 2802/2802
f 2666/2666 2802/2802 2779/2779
f 2803/2803 2162/2162 2382/2382
f 2803/2803 2382/2382 2804/2804
f 2817/2817 2190/2190 2162/2162
f 2817/2817 2162/2162 2803/2803
f 2804/2804 2382/2382 2677/2677
f 2804/2804 2677/2677 2825/2825
f 2825/2825 2677/2677 2163/2163
f 2825/2825 2163/2163 2805/2805
f 2805/2805 2163/2163 2706/2706
f 2805/2805 2706/2706 2806/2806
f 2806/2806 2706/2706 2359/2359
f 2806/2806 2359/2359 2824/2824
f 2807/2807 2164/2164 2290/2290
f 2807/2807 2290/2290 2808/2808
f 2824/2824 2359/2359 2164/2164
f 2824/2824 2164/2164 2807/2807
f 2808/2808 2290/2290 2581/2581
f 2808/2808 2581/2581 2822/2822
f 2809/2809 2165/2165 2590/2590
f 2809/2809 2590/2590 2810/2810
f 2822/2822 2581/2581 2165/2165
f 2822/2822 2165/2165 2809/2809
f 2810/2810 2590/2590 2267/2267
f 2810/2810 2267/2267 2821/2821
f 2811/2811 2166/2166 2313/2313
f 2811/2811 2313/2313 2812/2812
f 2821/2821 2267/2267 2166/2166
f 2821/2821 2166/2166 2811/2811
f 2812/2812 2313/2313 2619/2619
f 2812/2812 2619/2619 2823/2823
f 2813/2813 2336/2336 2168/2168
f 2813/2813 2168/2168 2819/2819
f 2814/2814 2668/2668 2336/2336
f 2814/2814 2336/2336 2813/2813
f 2826/2826 2167/2167 2668/2668
f 2826/2826 2668/2668 2814/2814
f 2815/2815 2169/2169 2552/2552
f 2815/2815 2552/2552 2818/2818
f 2816/2816 2523/2523 2169/2169
f 2816/2816 2169/2169 2815/2815
f 2820/2820 2183/2183 2523/2523
f 2820/2820 2523/2523 2816/2816
f 2818/2818 2552/2552 2190/2190
f 2818/2818 2190/2190 2817/2817
f 2819/2819 2168/2168 2183/2183
f 2819/2819 2183/2183 2820/2820
f 2823/2823 2619/2619 2167/2167
f 2823/2823 2167/2167 2826/2826
f 2467/2467 2803/2803 2804/2804
f 2467/2467 2804/2804 2466/2466
f 2468/2468 2817/2817 2803/2803
f 2468/2468 2803/2803 2467/2467
f 2553/2553 2818/2818 2817/2817
f 2553/2553 2817/2817 2468/2468
f 2524/2524 2816/2816 2815/2815
f 2524/2524 2815/2815 2469/2469
f 2471/2471 2819/2819 2820/2820
f 2471/2471 2820/2820 2470/2470
f 2472/2472 2813/2813 2819/2819
f 2472/2472 2819/2819 2471/2471
f 2669/2669 2814/2814 2813/2813
f 2669/2669 2813/2813 2472/2472
f 2474/2474 2812/2812 2823/2823
f 2474/2474 2823/2823 2618/2618
f 2475/2475 2811/2811 2812/2812
f 2475/2475 2812/2812 2474/2474
f 2476/2476 2821/2821 2811/2811
f 2476/2476 2811/2811 2475/2475
f 2477/2477 2809/2809 2810/2810
f 2477/2477 2810/2810 2589/2589
f 2582/2582 2822/2822 2809/2809
f 2582/2582 2809/2809 2477/2477
f 2479/2479 2807/2807 2808/2808
f 2479/2479 2808/2808 2478/2478
f 2480/2480 2824/2824 2807/2807
f 2480/2480 2807/2807 2479/2479
f 2481/2481 2805/2805 2806/2806
f 2481/2481 2806/2806 2705/2705
f 2804/2804 2825/2825 2676/2676
f 2804/2804 2676/2676 2466/2466
f 2470/2470 2820/2820 2816/2816
f 2470/2470 2816/2816 2524/2524
f 2469/2469 2815/2815 2818/2818
f 2469/2469 2818/2818 2553/2553
f 2478/2478 2808/2808 2822/2822
f 2478/2478 2822/2822 2582/2582
f 2810/2810 2821/2821 2476/2476
f 2810/2810 2476/2476 2589/2589
f 2823/2823 2826/2826 2473/2473
f 2823/2823 2473/2473 2618/2618
f 2473/2473 2826/2826 2814/2814
f 2473/2473 2814/2814 2669/2669
f 2825/2825 2805/2805 2481/2481
f 2825/2825 2481/2481 2676/2676
f 2806/2806 2824/2824 2480/2480
f 2806/2806 2480/2480 2705/2705
f 2828/2828 2190/2190 2552/2552
f 2828/2828 2552/2552 2827/2827
f 2829/2829 2162/2162 2190/2190
f 2829/2829 2190/2190 2828/2828
f 2830/2830 2382/2382 2162/2162
f 2830/2830 2162/2162 2829/2829
f 2831/2831 2677/2677 2382/2382
f 2831/2831 2382/2382 2830/2830
f 2832/2832 2163/2163 2677/2677
f 2832/2832 2677/2677 2831/2831
f 2833/2833 2706/2706 2163/2163
f 2833/2833 2163/2163 2832/2832
f 2834/2834 2359/2359 2706/2706
f 2834/2834 2706/2706 2833/2833
f 2835/2835 2164/2164 2359/2359
f 2835/2835 2359/2359 2834/2834
f 2836/2836 2290/2290 2164/2164
f 2836/2836 2164/2164 2835/2835
f 2581/2581 2290/2290 2836/2836
f 2581/2581 2836/2836 2837/2837
f 2838/2838 2165/2165 2581/2581
f 2838/2838 2581/2581 2837/2837
f 2839/2839 2590/2590 2165/2165
f 2839/2839 2165/2165 2838/2838
f 2840/2840 2267/2267 2590/2590
f 2840/2840 2590/2590 2839/2839
f 2841/2841 2166/2166 2267/2267
f 2841/2841 2267/2267 2840/2840
f 2842/2842 2313/2313 2166/2166
f 2842/2842 2166/2166 2841/2841
f 2843/2843 2619/2619 2313/2313
f 2843/2843 2313/2313 2842/2842
f 2844/2844 2167/2167 2619/2619
f 2844/2844 2619/2619 2843/2843
f 2668/2668 2167/2167 2844/2844
f 2668/2668 2844/2844 2845/2845
f 2846/2846 2336/2336 2668/2668
f 2846/2846 2668/2668 2845/2845
f 2847/2847 2168/2168 2336/2336
f 2847/2847 2336/2336 2846/2846
f 2183/2183 2168/2168 2847/2847
f 2183/2183 2847/2847 2848/2848
f 2523/2523 2183/2183 2848/2848
f 2523/2523 2848/2848 2849/2849
f 2850/2850 2169/2169 2523/2523
f 2850/2850 2523/2523 2849/2849
f 2552/2552 2169/2169 2850/2850
f 2552/2552 2850/2850 2827/2827
f 2852/2852 2744/2744 2745/2745
f 2852/2852 2745/2745 2851/2851
f 2744/2744 2852/2852 2853/2853
f 2744/2744 2853/2853 2743/2743
f 2743/2743 2853/2853 2854/2854
f 2743/2743 2854/2854 2742/2742
f 2855/2855 2741/2741 2742/2742
f 2855/2855 2742/2742 2854/2854
f 2741/2741 2855/2855 2856/2856
f 2741/2741 2856/2856 2740/2740
f 2857/2857 2739/2739 2740/2740
f 2857/2857 2740/2740 2856/2856
f 2858/2858 2738/2738 2739/2739
f 2858/2858 2739/2739 2857/2857
f 2859/2859 2737/2737 2738/2738
f 2859/2859 2738/2738 2858/2858
f 2860/2860 2736/2736 2737/2737
f 2860/2860 2737/2737 2859/2859
f 2861/2861 2735/2735 2736/2736
f 2861/2861 2736/2736 2860/2860
f 2862/2862 2734/2734 2735/2735
f 2862/2862 2735/2735 2861/2861
f 2863/2863 2733/2733 2734/2734
f 2863/2863 2734/2734 2862/2862
f 2864/2864 2732/2732 2733/2733
f 2864/2864 2733/2733 2863/2863
f 2865/2865 2731/2731 2732/2732
f 2865/2865 2732/2732 2864/2864
f 2731/2731 2865/2865 2866/2866
f 2731/2731 2866/2866 2754/2754
f 2867/2867 2753/2753 2754/2754
f 2867/2867 2754/2754 2866/2866
f 2868/2868 2752/2752 2753/2753
f 2868/2868 2753/2753 2867/2867
f 2869/2869 2751/2751 2752/2752
f 2869/2869 2752/2752 2868/2868
f 2870/2870 2750/2750 2751/2751
f 2870/2870 2751/2751 2869/2869
f 2871/2871 2749/2749 2750/2750
f 2871/2871 2750/2750 2870/2870
f 2872/2872 2748/2748 2749/2749
f 2872/2872 2749/2749 2871/2871
f 2873/2873 2747/2747 2748/2748
f 2873/2873 2748/2748 2872/2872
f 2747/2747 2873/2873 2874/2874
f 2747/2747 2874/2874 2746/2746
f 2851/2851 2745/2745 2746/2746
f 2851/2851 2746/2746 2874/2874
f 2876/2876 2348/2348 2653/2653
f 2876/2876 2653/2653 2875/2875
f 2877/2877 2212/2212 2348/2348
f 2877/2877 2348/2348 2876/2876
f 2213/2213 2212/2212 2877/2877
f 2213/2213 2877/2877 2878/2878
f 2508/2508 2213/2213 2878/2878
f 2508/2508 2878/2878 2879/2879
f 2880/2880 2204/2204 2508/2508
f 2880/2880 2508/2508 2879/2879
f 2537/2537 2204/2204 2880/2880
f 2537/2537 2880/2880 2881/2881
f 2882/2882 2205/2205 2537/2537
f 2882/2882 2537/2537 2881/2881
f 2883/2883 2206/2206 2205/2205
f 2883/2883 2205/2205 2882/2882
f 2884/2884 2394/2394 2206/2206
f 2884/2884 2206/2206 2883/2883
f 2885/2885 2692/2692 2394/2394
f 2885/2885 2394/2394 2884/2884
f 2886/2886 2207/2207 2692/2692
f 2886/2886 2692/2692 2885/2885
f 2887/2887 2721/2721 2207/2207
f 2887/2887 2207/2207 2886/2886
f 2888/2888 2371/2371 2721/2721
f 2888/2888 2721/2721 2887/2887
f 2889/2889 2208/2208 2371/2371
f 2889/2889 2371/2371 2888/2888
f 2890/2890 2302/2302 2208/2208
f 2890/2890 2208/2208 2889/2889
f 2566/2566 2302/2302 2890/2890
f 2566/2566 2890/2890 2891/2891
f 2892/2892 2209/2209 2566/2566
f 2892/2892 2566/2566 2891/2891
f 2893/2893 2605/2605 2209/2209
f 2893/2893 2209/2209 2892/2892
f 2894/2894 2279/2279 2605/2605
f 2894/2894 2605/2605 2893/2893
f 2895/2895 2210/2210 2279/2279
f 2895/2895 2279/2279 2894/2894
f 2896/2896 2325/2325 2210/2210
f 2896/2896 2210/2210 2895/2895
f 2897/2897 2634/2634 2325/2325
f 2897/2897 2325/2325 2896/2896
f 2898/2898 2211/2211 2634/2634
f 2898/2898 2634/2634 2897/2897
f 2653/2653 2211/2211 2898/2898
f 2653/2653 2898/2898 2875/2875
f 2586/2586 2902/2902 2901/2901
f 2586/2586 2901/2901 2155/2155
f 2900/2900 2585/2585 2155/2155
f 2900/2900 2155/2155 2901/2901
f 2899/2899 2287/2287 2585/2585
f 2899/2899 2585/2585 2900/2900
f 2264/2264 2154/2154 2310/2310
f 2264/2264 2310/2310 2903/2903
f 2586/2586 2264/2264 2903/2903
f 2586/2586 2903/2903 2902/2902
f 2356/2356 2156/2156 2287/2287
f 2356/2356 2287/2287 2899/2899
f 2157/2157 2702/2702 2908/2908
f 2157/2157 2908/2908 2909/2909
f 2909/2909 2908/2908 2907/2907
f 2909/2909 2907/2907 2910/2910
f 2910/2910 2907/2907 2906/2906
f 2910/2910 2906/2906 2911/2911
f 2905/2905 2912/2912 2911/2911
f 2905/2905 2911/2911 2906/2906
f 2904/2904 2913/2913 2912/2912
f 2904/2904 2912/2912 2905/2905
f 2615/2615 2161/2161 2913/2913
f 2615/2615 2913/2913 2904/2904
f 2310/2310 2615/2615 2904/2904
f 2310/2310 2904/2904 2903/2903
f 2903/2903 2904/2904 2905/2905
f 2903/2903 2905/2905 2902/2902
f 2902/2902 2905/2905 2906/2906
f 2902/2902 2906/2906 2901/2901
f 2907/2907 2900/2900 2901/2901
f 2907/2907 2901/2901 2906/2906
f 2908/2908 2899/2899 2900/2900
f 2908/2908 2900/2900 2907/2907
f 2702/2702 2356/2356 2899/2899
f 2702/2702 2899/2899 2908/2908
f 2379/2379 2673/2673 2918/2918
f 2379/2379 2918/2918 2919/2919
f 2919/2919 2918/2918 2917/2917
f 2919/2919 2917/2917 2920/2920
f 2920/2920 2917/2917 2916/2916
f 2920/2920 2916/2916 2921/2921
f 2915/2915 2922/2922 2921/2921
f 2915/2915 2921/2921 2916/2916
f 2914/2914 2923/2923 2922/2922
f 2914/2914 2922/2922 2915/2915
f 2672/2672 2333/2333 2923/2923
f 2672/2672 2923/2923 2914/2914
f 2161/2161 2672/2672 2914/2914
f 2161/2161 2914/2914 2913/2913
f 2913/2913 2914/2914 2915/2915
f 2913/2913 2915/2915 2912/2912
f 2912/2912 2915/2915 2916/2916
f 2912/2912 2916/2916 2911/2911
f 2917/2917 2910/2910 2911/2911
f 2917/2917 2911/2911 2916/2916
f 2918/2918 2909/2909 2910/2910
f 2918/2918 2910/2910 2917/2917
f 2673/2673 2157/2157 2909/2909
f 2673/2673 2909/2909 2918/2918
f 2187/2187 2158/2158 2379/2379
f 2187/2187 2379/2379 2919/2919
f 2556/2556 2187/2187 2919/2919
f 2556/2556 2919/2919 2920/2920
f 2159/2159 2556/2556 2920/2920
f 2159/2159 2920/2920 2921/2921
f 2922/2922 2527/2527 2159/2159
f 2922/2922 2159/2159 2921/2921
f 2923/2923 2186/2186 2527/2527
f 2923/2923 2527/2527 2922/2922
f 2333/2333 2160/2160 2186/2186
f 2333/2333 2186/2186 2923/2923
f 2925/2925 2148/2148 2357/2357
f 2925/2925 2357/2357 2924/2924
f 2926/2926 2288/2288 2148/2148
f 2926/2926 2148/2148 2925/2925
f 2584/2584 2288/2288 2926/2926
f 2584/2584 2926/2926 2927/2927
f 2928/2928 2147/2147 2584/2584
f 2928/2928 2584/2584 2927/2927
f 2929/2929 2587/2587 2147/2147
f 2929/2929 2147/2147 2928/2928
f 2930/2930 2265/2265 2587/2587
f 2930/2930 2587/2587 2929/2929
f 2931/2931 2146/2146 2265/2265
f 2931/2931 2265/2265 2930/2930
f 2932/2932 2311/2311 2146/2146
f 2932/2932 2146/2146 2931/2931
f 2933/2933 2616/2616 2311/2311
f 2933/2933 2311/2311 2932/2932
f 2934/2934 2153/2153 2616/2616
f 2934/2934 2616/2616 2933/2933
f 2671/2671 2153/2153 2934/2934
f 2671/2671 2934/2934 2935/2935
f 2936/2936 2334/2334 2671/2671
f 2936/2936 2671/2671 2935/2935
f 2937/2937 2152/2152 2334/2334
f 2937/2937 2334/2334 2936/2936
f 2185/2185 2152/2152 2937/2937
f 2185/2185 2937/2937 2938/2938
f 2526/2526 2185/2185 2938/2938
f 2526/2526 2938/2938 2939/2939
f 2940/2940 2151/2151 2526/2526
f 2940/2940 2526/2526 2939/2939
f 2555/2555 2151/2151 2940/2940
f 2555/2555 2940/2940 2941/2941
f 2942/2942 2188/2188 2555/2555
f 2942/2942 2555/2555 2941/2941
f 2943/2943 2150/2150 2188/2188
f 2943/2943 2188/2188 2942/2942
f 2944/2944 2380/2380 2150/2150
f 2944/2944 2150/2150 2943/2943
f 2945/2945 2674/2674 2380/2380
f 2945/2945 2380/2380 2944/2944
f 2946/2946 2149/2149 2674/2674
f 2946/2946 2674/2674 2945/2945
f 2947/2947 2703/2703 2149/2149
f 2947/2947 2149/2149 2946/2946
f 2924/2924 2357/2357 2703/2703
f 2924/2924 2703/2703 2947/2947
f 2949/2949 2947/2947 2946/2946
f 2949/2949 2946/2946 2948/2948
f 2952/2952 2926/2926 2925/2925
f 2952/2952 2925/2925 2951/2951
f 2927/2927 2926/2926 2952/2952
f 2927/2927 2952/2952 2953/2953
f 2955/2955 2929/2929 2928/2928
f 2955/2955 2928/2928 2954/2954
f 2958/2958 2932/2932 2931/2931
f 2958/2958 2931/2931 2957/2957
f 2935/2935 2934/2934 2960/2960
f 2935/2935 2960/2960 2961/2961
f 2962/2962 2936/2936 2935/2935
f 2962/2962 2935/2935 2961/2961
f 2964/2964 2938/2938 2937/2937
f 2964/2964 2937/2937 2963/2963
f 2939/2939 2938/2938 2964/2964
f 2939/2939 2964/2964 2965/2965
f 2966/2966 2940/2940 2939/2939
f 2966/2966 2939/2939 2965/2965
f 2941/2941 2940/2940 2966/2966
f 2941/2941 2966/2966 2967/2967
f 2968/2968 2942/2942 2941/2941
f 2968/2968 2941/2941 2967/2967
f 2970/2970 2944/2944 2943/2943
f 2970/2970 2943/2943 2969/2969
f 2978/2978 2977/2977 2976/2976
f 2978/2978 2976/2976 2979/2979
f 2994/2994 2989/2989 2988/2988
f 2994/2994 2988/2988 2995/2995
f 2979/2979 2976/2976 2975/2975
f 2979/2979 2975/2975 2980/2980
f 2993/2993 2990/2990 2989/2989
f 2993/2993 2989/2989 2994/2994
f 2981/2981 2980/2980 2975/2975
f 2981/2981 2975/2975 2982/2982
f 2992/2992 2991/2991 2990/2990
f 2992/2992 2990/2990 2993/2993
f 2995/2995 2988/2988 2987/2987
f 2995/2995 2987/2987 2996/2996
f 2985/2985 2977/2977 2978/2978
f 2985/2985 2978/2978 2986/2986
f 2973/2973 2983/2983 2982/2982
f 2973/2973 2982/2982 2975/2975
f 2976/2976 2972/2972 2973/2973
f 2976/2976 2973/2973 2975/2975
f 2977/2977 2974/2974 2972/2972
f 2977/2977 2972/2972 2976/2976
f 2984/2984 2974/2974 2977/2977
f 2984/2984 2977/2977 2985/2985
f 2557/2557 2309/2309 2986/2986
f 2557/2557 2986/2986 2978/2978
f 2123/2123 2557/2557 2978/2978
f 2123/2123 2978/2978 2979/2979
f 2123/2123 2979/2979 2980/2980
f 2123/2123 2980/2980 2614/2614
f 2286/2286 2614/2614 2980/2980
f 2286/2286 2980/2980 2981/2981
f 2332/2332 2122/2122 2286/2286
f 2332/2332 2286/2286 2981/2981
f 2643/2643 2332/2332 2981/2981
f 2643/2643 2981/2981 2982/2982
f 2983/2983 2129/2129 2643/2643
f 2983/2983 2643/2643 2982/2982
f 2355/2355 2644/2644 2991/2991
f 2355/2355 2991/2991 2992/2992
f 2701/2701 2401/2401 2996/2996
f 2701/2701 2996/2996 2987/2987
f 2730/2730 2125/2125 2984/2984
f 2730/2730 2984/2984 2985/2985
f 2378/2378 2730/2730 2985/2985
f 2378/2378 2985/2985 2986/2986
f 2309/2309 2124/2124 2378/2378
f 2309/2309 2378/2378 2986/2986
f 2125/2125 2701/2701 2987/2987
f 2125/2125 2987/2987 2984/2984
f 2988/2988 2974/2974 2984/2984
f 2988/2988 2984/2984 2987/2987
f 2989/2989 2972/2972 2974/2974
f 2989/2989 2974/2974 2988/2988
f 2990/2990 2973/2973 2972/2972
f 2990/2990 2972/2972 2989/2989
f 2991/2991 2983/2983 2973/2973
f 2991/2991 2973/2973 2990/2990
f 2644/2644 2129/2129 2983/2983
f 2644/2644 2983/2983 2991/2991
f 2170/2170 2128/2128 2355/2355
f 2170/2170 2355/2355 2992/2992
f 2499/2499 2170/2170 2992/2992
f 2499/2499 2992/2992 2993/2993
f 2127/2127 2499/2499 2993/2993
f 2127/2127 2993/2993 2994/2994
f 2528/2528 2127/2127 2994/2994
f 2528/2528 2994/2994 2995/2995
f 2203/2203 2528/2528 2995/2995
f 2203/2203 2995/2995 2996/2996
f 2401/2401 2126/2126 2203/2203
f 2401/2401 2203/2203 2996/2996
f 2997/2997 3000/3000 2999/2999
f 2997/2997 2999/2999 2998/2998
f 3001/3001 3003/3003 3002/3002
f 3001/3001 3002/3002 2997/2997
f 2998/2998 3004/3004 3001/3001
f 2998/2998 3001/3001 2997/2997
f 3004/3004 2998/2998 3006/3006
f 3004/3004 3006/3006 3005/3005
f 3006/3006 3008/3008 3007/3007
f 3006/3006 3007/3007 3005/3005
f 3006/3006 3010/3010 3009/3009
f 3006/3006 3009/3009 3008/3008
f 3009/3009 3012/3012 3011/3011
f 3009/3009 3011/3011 3008/3008
f 3013/3013 3009/3009 3010/3010
f 3013/3013 3010/3010 3014/3014
f 3013/3013 3015/3015 3012/3012
f 3013/3013 3012/3012 3009/3009
f 3016/3016 3012/3012 3015/3015
f 3016/3016 3015/3015 3017/3017
f 3016/3016 3017/3017 3019/3019
f 3016/3016 3019/3019 3018/3018
f 3018/3018 3021/3021 3020/3020
f 3018/3018 3020/3020 3016/3016
f 3020/3020 3011/3011 3012/3012
f 3020/3020 3012/3012 3016/3016
f 3017/3017 3015/3015 3023/3023
f 3017/3017 3023/3023 3022/3022
f 3024/3024 3023/3023 3015/3015
f 3024/3024 3015/3015 3013/3013
f 3025/3025 3024/3024 3013/3013
f 3025/3025 3013/3013 3014/3014
f 3026/3026 3028/3028 3025/3025
f 3026/3026 3025/3025 3027/3027
f 3026/3026 3030/3030 3029/3029
f 3026/3026 3029/3029 3028/3028
f 3026/3026 3027/3027 3032/3032
f 3026/3026 3032/3032 3031/3031
f 3033/3033 3030/3030 3026/3026
f 3033/3033 3026/3026 3031/3031
f 3024/3024 3025/3025 3028/3028
f 3024/3024 3028/3028 3034/3034
f 3034/3034 3028/3028 3029/3029
f 3034/3034 3029/3029 3035/3035
f 3034/3034 3035/3035 3037/3037
f 3034/3034 3037/3037 3036/3036
f 3036/3036 3023/3023 3024/3024
f 3036/3036 3024/3024 3034/3034
f 3027/3027 3025/3025 3014/3014
f 3027/3027 3014/3014 3038/3038
f 3010/3010 3039/3039 3038/3038
f 3010/3010 3038/3038 3014/3014
f 3040/3040 3041/3041 3038/3038
f 3040/3040 3038/3038 3039/3039
f 3038/3038 3041/3041 3032/3032
f 3038/3038 3032/3032 3027/3027
f 3011/3011 3042/3042 3007/3007
f 3011/3011 3007/3007 3008/3008
f 3043/3043 3044/3044 3007/3007
f 3043/3043 3007/3007 3042/3042
f 3045/3045 3044/3044 3043/3043
f 3045/3045 3043/3043 3046/3046
f 3047/3047 3048/3048 3045/3045
f 3047/3047 3045/3045 3046/3046
f 3047/3047 3046/3046 3050/3050
f 3047/3047 3050/3050 3049/3049
f 3051/3051 3047/3047 3049/3049
f 3051/3051 3049/3049 3052/3052
f 3053/3053 3048/3048 3047/3047
f 3053/3053 3047/3047 3051/3051
f 3048/3048 3055/3055 3054/3054
f 3048/3048 3054/3054 3045/3045
f 3056/3056 3058/3058 3057/3057
f 3056/3056 3057/3057 3054/3054
f 3054/3054 3057/3057 3044/3044
f 3054/3054 3044/3044 3045/3045
f 3055/3055 3059/3059 3056/3056
f 3055/3055 3056/3056 3054/3054
f 3060/3060 3043/3043 3042/3042
f 3060/3060 3042/3042 3061/3061
f 3046/3046 3043/3043 3060/3060
f 3046/3046 3060/3060 3050/3050
f 3062/3062 3060/3060 3061/3061
f 3062/3062 3061/3061 3063/3063
f 3064/3064 3062/3062 3063/3063
f 3064/3064 3063/3063 3065/3065
f 3066/3066 3067/3067 3062/3062
f 3066/3066 3062/3062 3064/3064
f 3062/3062 3067/3067 3050/3050
f 3062/3062 3050/3050 3060/3060
f 3061/3061 3042/3042 3011/3011
f 3061/3061 3011/3011 3020/3020
f 3061/3061 3020/3020 3021/3021
f 3061/3061 3021/3021 3063/3063
f 3007/3007 3044/3044 3057/3057
f 3007/3007 3057/3057 3005/3005
f 2998/2998 3039/3039 3010/3010
f 2998/2998 3010/3010 3006/3006
f 3058/3058 3004/3004 3005/3005
f 3058/3058 3005/3005 3057/3057
f 3004/3004 3058/3058 3068/3068
f 3004/3004 3068/3068 3001/3001
f 3001/3001 3068/3068 3069/3069
f 3001/3001 3069/3069 3003/3003
f 3069/3069 3071/3071 3070/3070
f 3069/3069 3070/3070 3003/3003
f 3068/3068 3073/3073 3072/3072
f 3068/3068 3072/3072 3069/3069
f 3072/3072 3076/3076 3075/3075
f 3072/3072 3075/3075 3074/3074
f 3069/3069 3072/3072 3074/3074
f 3069/3069 3074/3074 3071/3071
f 3071/3071 3074/3074 3078/3078
f 3071/3071 3078/3078 3077/3077
f 3078/3078 3080/3080 3079/3079
f 3078/3078 3079/3079 3077/3077
f 3079/3079 3082/3082 3081/3081
f 3079/3079 3081/3081 3077/3077
f 3081/3081 3070/3070 3071/3071
f 3081/3081 3071/3071 3077/3077
f 3083/3083 3078/3078 3074/3074
f 3083/3083 3074/3074 3075/3075
f 3078/3078 3083/3083 3084/3084
f 3078/3078 3084/3084 3080/3080
f 3084/3084 3083/3083 3086/3086
f 3084/3084 3086/3086 3085/3085
f 3084/3084 3085/3085 3088/3088
f 3084/3084 3088/3088 3087/3087
f 3084/3084 3087/3087 3089/3089
f 3084/3084 3089/3089 3080/3080
f 3075/3075 3090/3090 3086/3086
f 3075/3075 3086/3086 3083/3083
f 3075/3075 3076/3076 3091/3091
f 3075/3075 3091/3091 3090/3090
f 3073/3073 3092/3092 3076/3076
f 3073/3073 3076/3076 3072/3072
f 3058/3058 3056/3056 3073/3073
f 3058/3058 3073/3073 3068/3068
f 3059/3059 3092/3092 3073/3073
f 3059/3059 3073/3073 3056/3056
f 3093/3093 3094/3094 3092/3092
f 3093/3093 3092/3092 3059/3059
f 3093/3093 3059/3059 3055/3055
f 3093/3093 3055/3055 3095/3095
f 3096/3096 3093/3093 3095/3095
f 3096/3096 3097/3097 3094/3094
f 3096/3096 3094/3094 3093/3093
f 3092/3092 3094/3094 3091/3091
f 3092/3092 3091/3091 3076/3076
f 3003/3003 3070/3070 3098/3098
f 3003/3003 3098/3098 3002/3002
f 3099/3099 3002/3002 3098/3098
f 3099/3099 3098/3098 3100/3100
f 3099/3099 3100/3100 3102/3102
f 3099/3099 3102/3102 3101/3101
f 3000/3000 3099/3099 3101/3101
f 3000/3000 3101/3101 3103/3103
f 3002/3002 3099/3099 3000/3000
f 3002/3002 3000/3000 2997/2997
f 2999/2999 3000/3000 3103/3103
f 2999/2999 3103/3103 3104/3104
f 3104/3104 3041/3041 3040/3040
f 3104/3104 3040/3040 2999/2999
f 3040/3040 3039/3039 2998/2998
f 3040/3040 2998/2998 2999/2999
f 3104/3104 3103/3103 3106/3106
f 3104/3104 3106/3106 3105/3105
f 3106/3106 3103/3103 3101/3101
f 3106/3106 3101/3101 3107/3107
f 3101/3101 3102/3102 3108/3108
f 3101/3101 3108/3108 3107/3107
f 3108/3108 3102/3102 3110/3110
f 3108/3108 3110/3110 3109/3109
f 3111/3111 3112/3112 3109/3109
f 3111/3111 3109/3109 3110/3110
f 3109/3109 3112/3112 3114/3114
f 3109/3109 3114/3114 3113/3113
f 3108/3108 3109/3109 3113/3113
f 3108/3108 3113/3113 3115/3115
f 3110/3110 3102/3102 3100/3100
f 3110/3110 3100/3100 3116/3116
f 3108/3108 3115/3115 3117/3117
f 3108/3108 3117/3117 3107/3107
f 3117/3117 3115/3115 3119/3119
f 3117/3117 3119/3119 3118/3118
f 3117/3117 3118/3118 3121/3121
f 3117/3117 3121/3121 3120/3120
f 3106/3106 3107/3107 3117/3117
f 3106/3106 3117/3117 3120/3120
f 3081/3081 3122/3122 3098/3098
f 3081/3081 3098/3098 3070/3070
f 3116/3116 3122/3122 3124/3124
f 3116/3116 3124/3124 3123/3123
f 3123/3123 3124/3124 3126/3126
f 3123/3123 3126/3126 3125/3125
f 3126/3126 3128/3128 3127/3127
f 3126/3126 3127/3127 3125/3125
f 3127/3127 3130/3130 3129/3129
f 3127/3127 3129/3129 3125/3125
f 3123/3123 3125/3125 3129/3129
f 3123/3123 3129/3129 3111/3111
f 3082/3082 3131/3131 3126/3126
f 3082/3082 3126/3126 3124/3124
f 3081/3081 3082/3082 3124/3124
f 3081/3081 3124/3124 3122/3122
f 3116/3116 3123/3123 3111/3111
f 3116/3116 3111/3111 3110/3110
f 3100/3100 3098/3098 3122/3122
f 3100/3100 3122/3122 3116/3116
f 3132/3132 3135/3135 3134/3134
f 3132/3132 3134/3134 3133/3133
f 3133/3133 3137/3137 3136/3136
f 3133/3133 3136/3136 3132/3132
f 3136/3136 3140/3140 3139/3139
f 3136/3136 3139/3139 3138/3138
f 3138/3138 3139/3139 3142/3142
f 3138/3138 3142/3142 3141/3141
f 3143/3143 3141/3141 3145/3145
f 3143/3143 3145/3145 3144/3144
f 3143/3143 3144/3144 3147/3147
f 3143/3143 3147/3147 3146/3146
f 3148/3148 3146/3146 3147/3147
f 3148/3148 3147/3147 3149/3149
f 3149/3149 3151/3151 3150/3150
f 3149/3149 3150/3150 3148/3148
f 3151/3151 3149/3149 3153/3153
f 3151/3151 3153/3153 3152/3152
f 3154/3154 3151/3151 3152/3152
f 3154/3154 3152/3152 3155/3155
f 3154/3154 3155/3155 3157/3157
f 3154/3154 3157/3157 3156/3156
f 3158/3158 3154/3154 3156/3156
f 3158/3158 3156/3156 3159/3159
f 3158/3158 3150/3150 3151/3151
f 3158/3158 3151/3151 3154/3154
f 3152/3152 3153/3153 3161/3161
f 3152/3152 3161/3161 3160/3160
f 3152/3152 3160/3160 3162/3162
f 3152/3152 3162/3162 3155/3155
f 3147/3147 3163/3163 3153/3153
f 3147/3147 3153/3153 3149/3149
f 3163/3163 3147/3147 3144/3144
f 3163/3163 3144/3144 3164/3164
f 3164/3164 3166/3166 3165/3165
f 3164/3164 3165/3165 3163/3163
f 3163/3163 3165/3165 3161/3161
f 3163/3163 3161/3161 3153/3153
f 3164/3164 3144/3144 3145/3145
f 3164/3164 3145/3145 3167/3167
f 3168/3168 3148/3148 3150/3150
f 3168/3168 3150/3150 3169/3169
f 3135/3135 3171/3171 3168/3168
f 3135/3135 3168/3168 3170/3170
f 3135/3135 3132/3132 3172/3172
f 3135/3135 3172/3172 3171/3171
f 3143/3143 3146/3146 3171/3171
f 3143/3143 3171/3171 3172/3172
f 3168/3168 3171/3171 3146/3146
f 3168/3168 3146/3146 3148/3148
f 3170/3170 3173/3173 3134/3134
f 3170/3170 3134/3134 3135/3135
f 3168/3168 3169/3169 3174/3174
f 3168/3168 3174/3174 3170/3170
f 3170/3170 3174/3174 3175/3175
f 3170/3170 3175/3175 3173/3173
f 3176/3176 3134/3134 3173/3173
f 3176/3176 3173/3173 3177/3177
f 3133/3133 3134/3134 3176/3176
f 3133/3133 3176/3176 3178/3178
f 3172/3172 3138/3138 3141/3141
f 3172/3172 3141/3141 3143/3143
f 3142/3142 3179/3179 3145/3145
f 3142/3142 3145/3145 3141/3141
f 3180/3180 3179/3179 3142/3142
f 3180/3180 3142/3142 3181/3181
f 3179/3179 3180/3180 3183/3183
f 3179/3179 3183/3183 3182/3182
f 3145/3145 3179/3179 3182/3182
f 3145/3145 3182/3182 3167/3167
f 3183/3183 3185/3185 3184/3184
f 3183/3183 3184/3184 3182/3182
f 3186/3186 3187/3187 3183/3183
f 3186/3186 3183/3183 3180/3180
f 3181/3181 3188/3188 3186/3186
f 3181/3181 3186/3186 3180/3180
f 3189/3189 3186/3186 3188/3188
f 3189/3189 3188/3188 3190/3190
f 3186/3186 3189/3189 3191/3191
f 3186/3186 3191/3191 3187/3187
f 3187/3187 3192/3192 3185/3185
f 3187/3187 3185/3185 3183/3183
f 3193/3193 3185/3185 3192/3192
f 3193/3193 3192/3192 3194/3194
f 3185/3185 3193/3193 3195/3195
f 3185/3185 3195/3195 3184/3184
f 3184/3184 3196/3196 3167/3167
f 3184/3184 3167/3167 3182/3182
f 3167/3167 3196/3196 3166/3166
f 3167/3167 3166/3166 3164/3164
f 3197/3197 3196/3196 3184/3184
f 3197/3197 3184/3184 3195/3195
f 3195/3195 3199/3199 3198/3198
f 3195/3195 3198/3198 3197/3197
f 3198/3198 3201/3201 3200/3200
f 3198/3198 3200/3200 3197/3197
f 3197/3197 3200/3200 3166/3166
f 3197/3197 3166/3166 3196/3196
f 3139/3139 3202/3202 3181/3181
f 3139/3139 3181/3181 3142/3142
f 3139/3139 3140/3140 3203/3203
f 3139/3139 3203/3203 3202/3202
f 3203/3203 3205/3205 3204/3204
f 3203/3203 3204/3204 3202/3202
f 3206/3206 3207/3207 3203/3203
f 3206/3206 3203/3203 3140/3140
f 3208/3208 3209/3209 3206/3206
f 3208/3208 3206/3206 3137/3137
f 3208/3208 3212/3212 3211/3211
f 3208/3208 3211/3211 3210/3210
f 3208/3208 3210/3210 3213/3213
f 3208/3208 3213/3213 3209/3209
f 3133/3133 3212/3212 3208/3208
f 3133/3133 3208/3208 3137/3137
f 3207/3207 3206/3206 3209/3209
f 3207/3207 3209/3209 3214/3214
f 3215/3215 3216/3216 3207/3207
f 3215/3215 3207/3207 3214/3214
f 3205/3205 3203/3203 3207/3207
f 3205/3205 3207/3207 3216/3216
f 3206/3206 3140/3140 3136/3136
f 3206/3206 3136/3136 3137/3137
f 3205/3205 3218/3218 3217/3217
f 3205/3205 3217/3217 3204/3204
f 3219/3219 3220/3220 3190/3190
f 3219/3219 3190/3190 3217/3217
f 3221/3221 3223/3223 3222/3222
f 3221/3221 3222/3222 3219/3219
f 3222/3222 3224/3224 3220/3220
f 3222/3222 3220/3220 3219/3219
f 3221/3221 3219/3219 3217/3217
f 3221/3221 3217/3217 3218/3218
f 3190/3190 3188/3188 3204/3204
f 3190/3190 3204/3204 3217/3217
f 3188/3188 3181/3181 3202/3202
f 3188/3188 3202/3202 3204/3204
f 3136/3136 3138/3138 3172/3172
f 3136/3136 3172/3172 3132/3132
f 3133/3133 3178/3178 3225/3225
f 3133/3133 3225/3225 3212/3212
f 3226/3226 3227/3227 3225/3225
f 3226/3226 3225/3225 3178/3178
f 3226/3226 3230/3230 3229/3229
f 3226/3226 3229/3229 3228/3228
f 3231/3231 3228/3228 3229/3229
f 3231/3231 3229/3229 3232/3232
f 3231/3231 3232/3232 3234/3234
f 3231/3231 3234/3234 3233/3233
f 3235/3235 3237/3237 3236/3236
f 3235/3235 3236/3236 3233/3233
f 3235/3235 3233/3233 3234/3234
f 3235/3235 3234/3234 3238/3238
f 3239/3239 3238/3238 3234/3234
f 3239/3239 3234/3234 3240/3240
f 3239/3239 3240/3240 3242/3242
f 3239/3239 3242/3242 3241/3241
f 3243/3243 3244/3244 3241/3241
f 3243/3243 3241/3241 3242/3242
f 3245/3245 3247/3247 3246/3246
f 3245/3245 3246/3246 3243/3243
f 3244/3244 3243/3243 3246/3246
f 3244/3244 3246/3246 3248/3248
f 3245/3245 3243/3243 3242/3242
f 3245/3245 3242/3242 3249/3249
f 3037/3037 3241/3241 3244/3244
f 3037/3037 3244/3244 3250/3250
f 3248/3248 3251/3251 3250/3250
f 3248/3248 3250/3250 3244/3244
f 3252/3252 3253/3253 3250/3250
f 3252/3252 3250/3250 3251/3251
f 3036/3036 3037/3037 3250/3250
f 3036/3036 3250/3250 3253/3253
f 3241/3241 3037/3037 3035/3035
f 3241/3241 3035/3035 3239/3239
f 3254/3254 3240/3240 3234/3234
f 3254/3254 3234/3234 3232/3232
f 3254/3254 3256/3256 3255/3255
f 3254/3254 3255/3255 3249/3249
f 3254/3254 3249/3249 3242/3242
f 3254/3254 3242/3242 3240/3240
f 3232/3232 3229/3229 3256/3256
f 3232/3232 3256/3256 3254/3254
f 3035/3035 3029/3029 3238/3238
f 3035/3035 3238/3238 3239/3239
f 3235/3235 3238/3238 3029/3029
f 3235/3235 3029/3029 3030/3030
f 3033/3033 3237/3237 3235/3235
f 3033/3033 3235/3235 3030/3030
f 3257/3257 3258/3258 3237/3237
f 3257/3257 3237/3237 3033/3033
f 3033/3033 3031/3031 3259/3259
f 3033/3033 3259/3259 3257/3257
f 3032/3032 3105/3105 3259/3259
f 3032/3032 3259/3259 3031/3031
f 3105/3105 3106/3106 3120/3120
f 3105/3105 3120/3120 3259/3259
f 3259/3259 3120/3120 3121/3121
f 3259/3259 3121/3121 3257/3257
f 3260/3260 3258/3258 3257/3257
f 3260/3260 3257/3257 3121/3121
f 3260/3260 3262/3262 3261/3261
f 3260/3260 3261/3261 3258/3258
f 3258/3258 3261/3261 3236/3236
f 3258/3258 3236/3236 3237/3237
f 3262/3262 3264/3264 3263/3263
f 3262/3262 3263/3263 3261/3261
f 3265/3265 3262/3262 3260/3260
f 3265/3265 3260/3260 3266/3266
f 3265/3265 3267/3267 3264/3264
f 3265/3265 3264/3264 3262/3262
f 3121/3121 3118/3118 3266/3266
f 3121/3121 3266/3266 3260/3260
f 3236/3236 3268/3268 3231/3231
f 3236/3236 3231/3231 3233/3233
f 3268/3268 3269/3269 3228/3228
f 3268/3268 3228/3228 3231/3231
f 3270/3270 3269/3269 3268/3268
f 3270/3270 3268/3268 3263/3263
f 3271/3271 3273/3273 3270/3270
f 3271/3271 3270/3270 3272/3272
f 3274/3274 3271/3271 3272/3272
f 3274/3274 3272/3272 3275/3275
f 3274/3274 3278/3278 3277/3277
f 3274/3274 3277/3277 3276/3276
f 3271/3271 3274/3274 3276/3276
f 3271/3271 3276/3276 3279/3279
f 3280/3280 3278/3278 3274/3274
f 3280/3280 3274/3274 3275/3275
f 3272/3272 3270/3270 3263/3263
f 3272/3272 3263/3263 3264/3264
f 3267/3267 3275/3275 3272/3272
f 3267/3267 3272/3272 3264/3264
f 3279/3279 3281/3281 3273/3273
f 3279/3279 3273/3273 3271/3271
f 3227/3227 3269/3269 3270/3270
f 3227/3227 3270/3270 3273/3273
f 3225/3225 3227/3227 3273/3273
f 3225/3225 3273/3273 3281/3281
f 3227/3227 3226/3226 3228/3228
f 3227/3227 3228/3228 3269/3269
f 3268/3268 3236/3236 3261/3261
f 3268/3268 3261/3261 3263/3263
f 3176/3176 3177/3177 3282/3282
f 3176/3176 3282/3282 3230/3230
f 3282/3282 3177/3177 3284/3284
f 3282/3282 3284/3284 3283/3283
f 3282/3282 3283/3283 3255/3255
f 3282/3282 3255/3255 3256/3256
f 3283/3283 3284/3284 3286/3286
f 3283/3283 3286/3286 3285/3285
f 3286/3286 3288/3288 3287/3287
f 3286/3286 3287/3287 3285/3285
f 3175/3175 3289/3289 3286/3286
f 3175/3175 3286/3286 3284/3284
f 3177/3177 3173/3173 3175/3175
f 3177/3177 3175/3175 3284/3284
f 3290/3290 3289/3289 3175/3175
f 3290/3290 3175/3175 3174/3174
f 3169/3169 3291/3291 3290/3290
f 3169/3169 3290/3290 3174/3174
f 3291/3291 3158/3158 3159/3159
f 3291/3291 3159/3159 3292/3292
f 3293/3293 3290/3290 3291/3291
f 3293/3293 3291/3291 3292/3292
f 3169/3169 3150/3150 3158/3158
f 3169/3169 3158/3158 3291/3291
f 3289/3289 3290/3290 3293/3293
f 3289/3289 3293/3293 3294/3294
f 3293/3293 3296/3296 3295/3295
f 3293/3293 3295/3295 3294/3294
f 3297/3297 3288/3288 3294/3294
f 3297/3297 3294/3294 3295/3295
f 3286/3286 3289/3289 3294/3294
f 3286/3286 3294/3294 3288/3288
f 3297/3297 3298/3298 3287/3287
f 3297/3297 3287/3287 3288/3288
f 3299/3299 3301/3301 3300/3300
f 3299/3299 3300/3300 3298/3298
f 3299/3299 3303/3303 3302/3302
f 3299/3299 3302/3302 3301/3301
f 3304/3304 3305/3305 3301/3301
f 3304/3304 3301/3301 3302/3302
f 3301/3301 3305/3305 3306/3306
f 3301/3301 3306/3306 3300/3300
f 3299/3299 3308/3308 3307/3307
f 3299/3299 3307/3307 3303/3303
f 3307/3307 3310/3310 3309/3309
f 3307/3307 3309/3309 3303/3303
f 3309/3309 3311/3311 3302/3302
f 3309/3309 3302/3302 3303/3303
f 3308/3308 3299/3299 3298/3298
f 3308/3308 3298/3298 3297/3297
f 3287/3287 3298/3298 3300/3300
f 3287/3287 3300/3300 3312/3312
f 3313/3313 3285/3285 3287/3287
f 3313/3313 3287/3287 3312/3312
f 3245/3245 3313/3313 3312/3312
f 3245/3245 3312/3312 3247/3247
f 3255/3255 3313/3313 3245/3245
f 3255/3255 3245/3245 3249/3249
f 3255/3255 3283/3283 3285/3285
f 3255/3255 3285/3285 3313/3313
f 3247/3247 3312/3312 3300/3300
f 3247/3247 3300/3300 3306/3306
f 3282/3282 3256/3256 3229/3229
f 3282/3282 3229/3229 3230/3230
f 3178/3178 3176/3176 3230/3230
f 3178/3178 3230/3230 3226/3226
f 3225/3225 3281/3281 3211/3211
f 3225/3225 3211/3211 3212/3212
f 3310/3310 3307/3307 3315/3315
f 3310/3310 3315/3315 3314/3314
f 3316/3316 3318/3318 3317/3317
f 3316/3316 3317/3317 3315/3315
f 3308/3308 3297/3297 3295/3295
f 3308/3308 3295/3295 3316/3316
f 3318/3318 3316/3316 3295/3295
f 3318/3318 3295/3295 3296/3296
f 3319/3319 3320/3320 3318/3318
f 3319/3319 3318/3318 3296/3296
f 3319/3319 3292/3292 3159/3159
f 3319/3319 3159/3159 3321/3321
f 3159/3159 3156/3156 3322/3322
f 3159/3159 3322/3322 3321/3321
f 3323/3323 3322/3322 3325/3325
f 3323/3323 3325/3325 3324/3324
f 3326/3326 3323/3323 3324/3324
f 3326/3326 3324/3324 3327/3327
f 3328/3328 3326/3326 3327/3327
f 3328/3328 3327/3327 3329/3329
f 3330/3330 3328/3328 3329/3329
f 3330/3330 3329/3329 3331/3331
f 3330/3330 3331/3331 3333/3333
f 3330/3330 3333/3333 3332/3332
f 3334/3334 3335/3335 3330/3330
f 3334/3334 3330/3330 3332/3332
f 3336/3336 3328/3328 3330/3330
f 3336/3336 3330/3330 3335/3335
f 3327/3327 3338/3338 3337/3337
f 3327/3327 3337/3337 3329/3329
f 3329/3329 3337/3337 3339/3339
f 3329/3329 3339/3339 3331/3331
f 3340/3340 3326/3326 3328/3328
f 3340/3340 3328/3328 3336/3336
f 3341/3341 3340/3340 3342/3342
f 3341/3341 3342/3342 3320/3320
f 3323/3323 3326/3326 3340/3340
f 3323/3323 3340/3340 3341/3341
f 3342/3342 3340/3340 3336/3336
f 3342/3342 3336/3336 3343/3343
f 3327/3327 3324/3324 3344/3344
f 3327/3327 3344/3344 3338/3338
f 3325/3325 3345/3345 3344/3344
f 3325/3325 3344/3344 3324/3324
f 3322/3322 3156/3156 3157/3157
f 3322/3322 3157/3157 3325/3325
f 3157/3157 3346/3346 3345/3345
f 3157/3157 3345/3345 3325/3325
f 3347/3347 3338/3338 3344/3344
f 3347/3347 3344/3344 3345/3345
f 3348/3348 3337/3337 3338/3338
f 3348/3348 3338/3338 3347/3347
f 3347/3347 3345/3345 3346/3346
f 3347/3347 3346/3346 3349/3349
f 3349/3349 3350/3350 3348/3348
f 3349/3349 3348/3348 3347/3347
f 3321/3321 3322/3322 3323/3323
f 3321/3321 3323/3323 3341/3341
f 3319/3319 3321/3321 3341/3341
f 3319/3319 3341/3341 3320/3320
f 3293/3293 3292/3292 3319/3319
f 3293/3293 3319/3319 3296/3296
f 3317/3317 3318/3318 3320/3320
f 3317/3317 3320/3320 3342/3342
f 3351/3351 3317/3317 3342/3342
f 3351/3351 3342/3342 3343/3343
f 3352/3352 3353/3353 3351/3351
f 3352/3352 3351/3351 3343/3343
f 3352/3352 3343/3343 3336/3336
f 3352/3352 3336/3336 3335/3335
f 3354/3354 3352/3352 3335/3335
f 3354/3354 3335/3335 3334/3334
f 3354/3354 3357/3357 3356/3356
f 3354/3354 3356/3356 3355/3355
f 3355/3355 3359/3359 3358/3358
f 3355/3355 3358/3358 3353/3353
f 3351/3351 3353/3353 3358/3358
f 3351/3351 3358/3358 3314/3314
f 3360/3360 3358/3358 3359/3359
f 3360/3360 3359/3359 3361/3361
f 3362/3362 3314/3314 3358/3358
f 3362/3362 3358/3358 3360/3360
f 3354/3354 3355/3355 3353/3353
f 3354/3354 3353/3353 3352/3352
f 3363/3363 3359/3359 3355/3355
f 3363/3363 3355/3355 3356/3356
f 3363/3363 3366/3366 3365/3365
f 3363/3363 3365/3365 3364/3364
f 3365/3365 3368/3368 3367/3367
f 3365/3365 3367/3367 3364/3364
f 3361/3361 3364/3364 3367/3367
f 3361/3361 3367/3367 3369/3369
f 3364/3364 3361/3361 3359/3359
f 3364/3364 3359/3359 3363/3363
f 3370/3370 3365/3365 3366/3366
f 3370/3370 3366/3366 3371/3371
f 3366/3366 3363/3363 3356/3356
f 3366/3366 3356/3356 3372/3372
f 3366/3366 3372/3372 3373/3373
f 3366/3366 3373/3373 3371/3371
f 3374/3374 3376/3376 3357/3357
f 3374/3374 3357/3357 3375/3375
f 3375/3375 3378/3378 3377/3377
f 3375/3375 3377/3377 3374/3374
f 3357/3357 3354/3354 3334/3334
f 3357/3357 3334/3334 3375/3375
f 3375/3375 3334/3334 3332/3332
f 3375/3375 3332/3332 3378/3378
f 3379/3379 3381/3381 3377/3377
f 3379/3379 3377/3377 3380/3380
f 3374/3374 3377/3377 3381/3381
f 3374/3374 3381/3381 3382/3382
f 3377/3377 3378/3378 3383/3383
f 3377/3377 3383/3383 3380/3380
f 3384/3384 3376/3376 3374/3374
f 3384/3384 3374/3374 3382/3382
f 3385/3385 3373/3373 3384/3384
f 3385/3385 3384/3384 3386/3386
f 3372/3372 3376/3376 3384/3384
f 3372/3372 3384/3384 3373/3373
f 3384/3384 3382/3382 3387/3387
f 3384/3384 3387/3387 3386/3386
f 3376/3376 3372/3372 3356/3356
f 3376/3376 3356/3356 3357/3357
f 3317/3317 3351/3351 3314/3314
f 3317/3317 3314/3314 3315/3315
f 3315/3315 3307/3307 3308/3308
f 3315/3315 3308/3308 3316/3316
f 3314/3314 3362/3362 3388/3388
f 3314/3314 3388/3388 3310/3310
f 3362/3362 3390/3390 3389/3389
f 3362/3362 3389/3389 3388/3388
f 3390/3390 3392/3392 3391/3391
f 3390/3390 3391/3391 3389/3389
f 3392/3392 3390/3390 3394/3394
f 3392/3392 3394/3394 3393/3393
f 3392/3392 3393/3393 3396/3396
f 3392/3392 3396/3396 3395/3395
f 3396/3396 3398/3398 3397/3397
f 3396/3396 3397/3397 3395/3395
f 3396/3396 3400/3400 3399/3399
f 3396/3396 3399/3399 3398/3398
f 3398/3398 3399/3399 3402/3402
f 3398/3398 3402/3402 3401/3401
f 3402/3402 3404/3404 3403/3403
f 3402/3402 3403/3403 3401/3401
f 3405/3405 3406/3406 3402/3402
f 3405/3405 3402/3402 3399/3399
f 3407/3407 3409/3409 3405/3405
f 3407/3407 3405/3405 3408/3408
f 3406/3406 3405/3405 3409/3409
f 3406/3406 3409/3409 3410/3410
f 3400/3400 3408/3408 3405/3405
f 3400/3400 3405/3405 3399/3399
f 3402/3402 3406/3406 3411/3411
f 3402/3402 3411/3411 3404/3404
f 3404/3404 3413/3413 3412/3412
f 3404/3404 3412/3412 3403/3403
f 3413/3413 3404/3404 3411/3411
f 3413/3413 3411/3411 3414/3414
f 3415/3415 3401/3401 3403/3403
f 3415/3415 3403/3403 3416/3416
f 3415/3415 3416/3416 3418/3418
f 3415/3415 3418/3418 3417/3417
f 3419/3419 3417/3417 3418/3418
f 3419/3419 3418/3418 3420/3420
f 3421/3421 3422/3422 3417/3417
f 3421/3421 3417/3417 3419/3419
f 3422/3422 3397/3397 3415/3415
f 3422/3422 3415/3415 3417/3417
f 3403/3403 3412/3412 3423/3423
f 3403/3403 3423/3423 3416/3416
f 3424/3424 3418/3418 3416/3416
f 3424/3424 3416/3416 3423/3423
f 3398/3398 3401/3401 3415/3415
f 3398/3398 3415/3415 3397/3397
f 3400/3400 3396/3396 3393/3393
f 3400/3400 3393/3393 3425/3425
f 3426/3426 3408/3408 3400/3400
f 3426/3426 3400/3400 3425/3425
f 3426/3426 3425/3425 3369/3369
f 3426/3426 3369/3369 3367/3367
f 3367/3367 3368/3368 3427/3427
f 3367/3367 3427/3427 3426/3426
f 3407/3407 3427/3427 3429/3429
f 3407/3407 3429/3429 3428/3428
f 3430/3430 3432/3432 3428/3428
f 3430/3430 3428/3428 3431/3431
f 3407/3407 3428/3428 3432/3432
f 3407/3407 3432/3432 3409/3409
f 3433/3433 3431/3431 3428/3428
f 3433/3433 3428/3428 3429/3429
f 3426/3426 3427/3427 3407/3407
f 3426/3426 3407/3407 3408/3408
f 3434/3434 3429/3429 3427/3427
f 3434/3434 3427/3427 3368/3368
f 3433/3433 3429/3429 3434/3434
f 3433/3433 3434/3434 3435/3435
f 3434/3434 3368/3368 3365/3365
f 3434/3434 3365/3365 3370/3370
f 3434/3434 3370/3370 3436/3436
f 3434/3434 3436/3436 3435/3435
f 3394/3394 3369/3369 3425/3425
f 3394/3394 3425/3425 3393/3393
f 3360/3360 3361/3361 3369/3369
f 3360/3360 3369/3369 3394/3394
f 3362/3362 3360/3360 3394/3394
f 3362/3362 3394/3394 3390/3390
f 3437/3437 3395/3395 3397/3397
f 3437/3437 3397/3397 3422/3422
f 3437/3437 3422/3422 3421/3421
f 3437/3437 3421/3421 3438/3438
f 3438/3438 3421/3421 3440/3440
f 3438/3438 3440/3440 3439/3439
f 3438/3438 3439/3439 3442/3442
f 3438/3438 3442/3442 3441/3441
f 3443/3443 3444/3444 3441/3441
f 3443/3443 3441/3441 3442/3442
f 3445/3445 3443/3443 3442/3442
f 3445/3445 3442/3442 3446/3446
f 3447/3447 3443/3443 3445/3445
f 3447/3447 3445/3445 3448/3448
f 3449/3449 3444/3444 3443/3443
f 3449/3449 3443/3443 3447/3447
f 3391/3391 3441/3441 3444/3444
f 3391/3391 3444/3444 3389/3389
f 3437/3437 3438/3438 3441/3441
f 3437/3437 3441/3441 3391/3391
f 3391/3391 3392/3392 3395/3395
f 3391/3391 3395/3395 3437/3437
f 3439/3439 3440/3440 3451/3451
f 3439/3439 3451/3451 3450/3450
f 3452/3452 3453/3453 3450/3450
f 3452/3452 3450/3450 3451/3451
f 3452/3452 3451/3451 3455/3455
f 3452/3452 3455/3455 3454/3454
f 3456/3456 3452/3452 3454/3454
f 3456/3456 3454/3454 3457/3457
f 3453/3453 3452/3452 3456/3456
f 3453/3453 3456/3456 3458/3458
f 3450/3450 3453/3453 3459/3459
f 3450/3450 3459/3459 3446/3446
f 3460/3460 3462/3462 3459/3459
f 3460/3460 3459/3459 3461/3461
f 3445/3445 3446/3446 3459/3459
f 3445/3445 3459/3459 3462/3462
f 3458/3458 3461/3461 3459/3459
f 3458/3458 3459/3459 3453/3453
f 3446/3446 3442/3442 3439/3439
f 3446/3446 3439/3439 3450/3450
f 3421/3421 3419/3419 3463/3463
f 3421/3421 3463/3463 3440/3440
f 3463/3463 3419/3419 3420/3420
f 3463/3463 3420/3420 3464/3464
f 3465/3465 3455/3455 3463/3463
f 3465/3465 3463/3463 3464/3464
f 3440/3440 3463/3463 3455/3455
f 3440/3440 3455/3455 3451/3451
f 3388/3388 3389/3389 3444/3444
f 3388/3388 3444/3444 3449/3449
f 3310/3310 3388/3388 3449/3449
f 3310/3310 3449/3449 3309/3309
f 3466/3466 3469/3469 3468/3468
f 3466/3466 3468/3468 3467/3467
f 3470/3470 3472/3472 3471/3471
f 3470/3470 3471/3471 3466/3466
f 3470/3470 3474/3474 3473/3473
f 3470/3470 3473/3473 3472/3472
f 3472/3472 3473/3473 3476/3476
f 3472/3472 3476/3476 3475/3475
f 3477/3477 3478/3478 3475/3475
f 3477/3477 3475/3475 3476/3476
f 3479/3479 3480/3480 3477/3477
f 3479/3479 3477/3477 3476/3476
f 3479/3479 3476/3476 3473/3473
f 3479/3479 3473/3473 3481/3481
f 3481/3481 3473/3473 3474/3474
f 3481/3481 3474/3474 3482/3482
f 3483/3483 3484/3484 3482/3482
f 3483/3483 3482/3482 3474/3474
f 3485/3485 3484/3484 3483/3483
f 3485/3485 3483/3483 3487/3487
f 3485/3485 3487/3487 3486/3486
f 3488/3488 3489/3489 3485/3485
f 3488/3488 3485/3485 3486/3486
f 3489/3489 3490/3490 3484/3484
f 3489/3489 3484/3484 3485/3485
f 3487/3487 3483/3483 3474/3474
f 3487/3487 3474/3474 3470/3470
f 3490/3490 3491/3491 3482/3482
f 3490/3490 3482/3482 3484/3484
f 3492/3492 3481/3481 3482/3482
f 3492/3492 3482/3482 3491/3491
f 3493/3493 3495/3495 3492/3492
f 3493/3493 3492/3492 3494/3494
f 3479/3479 3481/3481 3492/3492
f 3479/3479 3492/3492 3495/3495
f 3496/3496 3494/3494 3492/3492
f 3496/3496 3492/3492 3491/3491
f 3497/3497 3496/3496 3491/3491
f 3497/3497 3491/3491 3490/3490
f 3498/3498 3499/3499 3496/3496
f 3498/3498 3496/3496 3497/3497
f 3500/3500 3497/3497 3490/3490
f 3500/3500 3490/3490 3489/3489
f 3497/3497 3500/3500 3501/3501
f 3497/3497 3501/3501 3498/3498
f 3480/3480 3479/3479 3495/3495
f 3480/3480 3495/3495 3502/3502
f 3503/3503 3477/3477 3480/3480
f 3503/3503 3480/3480 3504/3504
f 3505/3505 3507/3507 3506/3506
f 3505/3505 3506/3506 3503/3503
f 3504/3504 3508/3508 3505/3505
f 3504/3504 3505/3505 3503/3503
f 3502/3502 3509/3509 3504/3504
f 3502/3502 3504/3504 3480/3480
f 3509/3509 3510/3510 3508/3508
f 3509/3509 3508/3508 3504/3504
f 3511/3511 3512/3512 3505/3505
f 3511/3511 3505/3505 3508/3508
f 3513/3513 3511/3511 3508/3508
f 3513/3513 3508/3508 3510/3510
f 3514/3514 3515/3515 3511/3511
f 3514/3514 3511/3511 3513/3513
f 3512/3512 3511/3511 3515/3515
f 3512/3512 3515/3515 3516/3516
f 3505/3505 3512/3512 3517/3517
f 3505/3505 3517/3517 3507/3507
f 3517/3517 3519/3519 3518/3518
f 3517/3517 3518/3518 3507/3507
f 3507/3507 3518/3518 3520/3520
f 3507/3507 3520/3520 3506/3506
f 3503/3503 3506/3506 3478/3478
f 3503/3503 3478/3478 3477/3477
f 3506/3506 3520/3520 3521/3521
f 3506/3506 3521/3521 3478/3478
f 3522/3522 3475/3475 3478/3478
f 3522/3522 3478/3478 3521/3521
f 3523/3523 3524/3524 3521/3521
f 3523/3523 3521/3521 3520/3520
f 3522/3522 3521/3521 3524/3524
f 3522/3522 3524/3524 3525/3525
f 3471/3471 3472/3472 3475/3475
f 3471/3471 3475/3475 3522/3522
f 3471/3471 3522/3522 3525/3525
f 3471/3471 3525/3525 3526/3526
f 3469/3469 3466/3466 3471/3471
f 3469/3469 3471/3471 3526/3526
f 3527/3527 3469/3469 3526/3526
f 3527/3527 3526/3526 3528/3528
f 3529/3529 3527/3527 3528/3528
f 3529/3529 3528/3528 3530/3530
f 3531/3531 3527/3527 3529/3529
f 3531/3531 3529/3529 3532/3532
f 3533/3533 3531/3531 3532/3532
f 3533/3533 3532/3532 3534/3534
f 3533/3533 3535/3535 3468/3468
f 3533/3533 3468/3468 3531/3531
f 3469/3469 3527/3527 3531/3531
f 3469/3469 3531/3531 3468/3468
f 3536/3536 3529/3529 3530/3530
f 3536/3536 3530/3530 3537/3537
f 3536/3536 3537/3537 3539/3539
f 3536/3536 3539/3539 3538/3538
f 3536/3536 3538/3538 3541/3541
f 3536/3536 3541/3541 3540/3540
f 3529/3529 3536/3536 3540/3540
f 3529/3529 3540/3540 3532/3532
f 3528/3528 3543/3543 3542/3542
f 3528/3528 3542/3542 3530/3530
f 3537/3537 3530/3530 3542/3542
f 3537/3537 3542/3542 3544/3544
f 3528/3528 3526/3526 3525/3525
f 3528/3528 3525/3525 3543/3543
f 3467/3467 3487/3487 3470/3470
f 3467/3467 3470/3470 3466/3466
f 3468/3468 3535/3535 3467/3467
f 3545/3545 3467/3467 3535/3535
f 3545/3545 3535/3535 3546/3546
f 3487/3487 3467/3467 3545/3545
f 3487/3487 3545/3545 3486/3486
f 3545/3545 3546/3546 3548/3548
f 3545/3545 3548/3548 3547/3547
f 3545/3545 3547/3547 3488/3488
f 3545/3545 3488/3488 3486/3486
f 3547/3547 3548/3548 3550/3550
f 3547/3547 3550/3550 3549/3549
f 3551/3551 3549/3549 3550/3550
f 3551/3551 3550/3550 3552/3552
f 3553/3553 3554/3554 3551/3551
f 3553/3553 3551/3551 3552/3552
f 3553/3553 3552/3552 3556/3556
f 3553/3553 3556/3556 3555/3555
f 3557/3557 3558/3558 3555/3555
f 3557/3557 3555/3555 3556/3556
f 3559/3559 3557/3557 3556/3556
f 3559/3559 3556/3556 3560/3560
f 3560/3560 3562/3562 3561/3561
f 3560/3560 3561/3561 3559/3559
f 3560/3560 3556/3556 3552/3552
f 3560/3560 3552/3552 3550/3550
f 3550/3550 3548/3548 3562/3562
f 3550/3550 3562/3562 3560/3560
f 3562/3562 3564/3564 3563/3563
f 3562/3562 3563/3563 3561/3561
f 3561/3561 3563/3563 3534/3534
f 3561/3561 3534/3534 3565/3565
f 3533/3533 3534/3534 3563/3563
f 3533/3533 3563/3563 3564/3564
f 3559/3559 3561/3561 3565/3565
f 3559/3559 3565/3565 3566/3566
f 3557/3557 3559/3559 3566/3566
f 3557/3557 3566/3566 3567/3567
f 3566/3566 3565/3565 3540/3540
f 3566/3566 3540/3540 3541/3541
f 3541/3541 3568/3568 3567/3567
f 3541/3541 3567/3567 3566/3566
f 3567/3567 3569/3569 3558/3558
f 3567/3567 3558/3558 3557/3557
f 3570/3570 3571/3571 3558/3558
f 3570/3570 3558/3558 3569/3569
f 3572/3572 3570/3570 3569/3569
f 3572/3572 3569/3569 3573/3573
f 3411/3411 3406/3406 3410/3410
f 3411/3411 3410/3410 3572/3572
f 3570/3570 3572/3572 3410/3410
f 3570/3570 3410/3410 3574/3574
f 3573/3573 3414/3414 3411/3411
f 3573/3573 3411/3411 3572/3572
f 3569/3569 3567/3567 3568/3568
f 3569/3569 3568/3568 3573/3573
f 3575/3575 3571/3571 3570/3570
f 3575/3575 3570/3570 3574/3574
f 3575/3575 3577/3577 3576/3576
f 3575/3575 3576/3576 3571/3571
f 3575/3575 3574/3574 3432/3432
f 3575/3575 3432/3432 3430/3430
f 3578/3578 3577/3577 3575/3575
f 3578/3578 3575/3575 3430/3430
f 3576/3576 3555/3555 3558/3558
f 3576/3576 3558/3558 3571/3571
f 3553/3553 3555/3555 3576/3576
f 3553/3553 3576/3576 3579/3579
f 3580/3580 3554/3554 3553/3553
f 3580/3580 3553/3553 3579/3579
f 3580/3580 3579/3579 3582/3582
f 3580/3580 3582/3582 3581/3581
f 3581/3581 3582/3582 3584/3584
f 3581/3581 3584/3584 3583/3583
f 3585/3585 3583/3583 3584/3584
f 3585/3585 3584/3584 3586/3586
f 3583/3583 3585/3585 3588/3588
f 3583/3583 3588/3588 3587/3587
f 3581/3581 3583/3583 3587/3587
f 3581/3581 3587/3587 3589/3589
f 3577/3577 3582/3582 3579/3579
f 3577/3577 3579/3579 3576/3576
f 3584/3584 3582/3582 3577/3577
f 3584/3584 3577/3577 3578/3578
f 3590/3590 3580/3580 3581/3581
f 3590/3590 3581/3581 3589/3589
f 3591/3591 3590/3590 3593/3593
f 3591/3591 3593/3593 3592/3592
f 3591/3591 3554/3554 3580/3580
f 3591/3591 3580/3580 3590/3590
f 3593/3593 3590/3590 3589/3589
f 3593/3593 3589/3589 3594/3594
f 3591/3591 3595/3595 3551/3551
f 3591/3591 3551/3551 3554/3554
f 3501/3501 3595/3595 3591/3591
f 3501/3501 3591/3591 3592/3592
f 3500/3500 3596/3596 3595/3595
f 3500/3500 3595/3595 3501/3501
f 3488/3488 3547/3547 3549/3549
f 3488/3488 3549/3549 3596/3596
f 3595/3595 3596/3596 3549/3549
f 3595/3595 3549/3549 3551/3551
f 3489/3489 3488/3488 3596/3596
f 3489/3489 3596/3596 3500/3500
f 3535/3535 3533/3533 3564/3564
f 3535/3535 3564/3564 3546/3546
f 3564/3564 3562/3562 3548/3548
f 3564/3564 3548/3548 3546/3546
f 3105/3105 3032/3032 3041/3041
f 3105/3105 3041/3041 3104/3104
f 3096/3096 3095/3095 3053/3053
f 3096/3096 3053/3053 3597/3597
f 3597/3597 3053/3053 3051/3051
f 3597/3597 3051/3051 3598/3598
f 3599/3599 3597/3597 3598/3598
f 3599/3599 3598/3598 3600/3600
f 3600/3600 3602/3602 3601/3601
f 3600/3600 3601/3601 3599/3599
f 3598/3598 3051/3051 3052/3052
f 3598/3598 3052/3052 3600/3600
f 3600/3600 3052/3052 3603/3603
f 3600/3600 3603/3603 3602/3602
f 3604/3604 3602/3602 3603/3603
f 3604/3604 3603/3603 3605/3605
f 3605/3605 3607/3607 3606/3606
f 3605/3605 3606/3606 3604/3604
f 3605/3605 3609/3609 3608/3608
f 3605/3605 3608/3608 3607/3607
f 3607/3607 3608/3608 3611/3611
f 3607/3607 3611/3611 3610/3610
f 3611/3611 3613/3613 3612/3612
f 3611/3611 3612/3612 3610/3610
f 3611/3611 3615/3615 3614/3614
f 3611/3611 3614/3614 3613/3613
f 3608/3608 3616/3616 3615/3615
f 3608/3608 3615/3615 3611/3611
f 3617/3617 3610/3610 3612/3612
f 3617/3617 3612/3612 3618/3618
f 3613/3613 3620/3620 3619/3619
f 3613/3613 3619/3619 3612/3612
f 3612/3612 3619/3619 3621/3621
f 3612/3612 3621/3621 3618/3618
f 3607/3607 3610/3610 3617/3617
f 3607/3607 3617/3617 3606/3606
f 3617/3617 3623/3623 3622/3622
f 3617/3617 3622/3622 3606/3606
f 3606/3606 3622/3622 3624/3624
f 3606/3606 3624/3624 3604/3604
f 3603/3603 3625/3625 3609/3609
f 3603/3603 3609/3609 3605/3605
f 3603/3603 3052/3052 3049/3049
f 3603/3603 3049/3049 3625/3625
f 3067/3067 3625/3625 3049/3049
f 3067/3067 3049/3049 3050/3050
f 3609/3609 3625/3625 3067/3067
f 3609/3609 3067/3067 3066/3066
f 3066/3066 3616/3616 3608/3608
f 3066/3066 3608/3608 3609/3609
f 3601/3601 3602/3602 3604/3604
f 3601/3601 3604/3604 3624/3624
f 3601/3601 3624/3624 3627/3627
f 3601/3601 3627/3627 3626/3626
f 3626/3626 3628/3628 3599/3599
f 3626/3626 3599/3599 3601/3601
f 3097/3097 3096/3096 3628/3628
f 3097/3097 3628/3628 3629/3629
f 3629/3629 3628/3628 3626/3626
f 3629/3629 3626/3626 3630/3630
f 3629/3629 3630/3630 3632/3632
f 3629/3629 3632/3632 3631/3631
f 3633/3633 3097/3097 3629/3629
f 3633/3633 3629/3629 3631/3631
f 3096/3096 3597/3597 3599/3599
f 3096/3096 3599/3599 3628/3628
f 3630/3630 3626/3626 3627/3627
f 3630/3630 3627/3627 3634/3634
f 3632/3632 3630/3630 3634/3634
f 3632/3632 3634/3634 3635/3635
f 3635/3635 3634/3634 3637/3637
f 3635/3635 3637/3637 3636/3636
f 3635/3635 3636/3636 3639/3639
f 3635/3635 3639/3639 3638/3638
f 3640/3640 3632/3632 3635/3635
f 3640/3640 3635/3635 3638/3638
f 3641/3641 3637/3637 3634/3634
f 3641/3641 3634/3634 3627/3627
f 3641/3641 3643/3643 3642/3642
f 3641/3641 3642/3642 3637/3637
f 3622/3622 3641/3641 3627/3627
f 3622/3622 3627/3627 3624/3624
f 3622/3622 3623/3623 3643/3643
f 3622/3622 3643/3643 3641/3641
f 3633/3633 3091/3091 3094/3094
f 3633/3633 3094/3094 3097/3097
f 3631/3631 3632/3632 3640/3640
f 3631/3631 3640/3640 3644/3644
f 3640/3640 3646/3646 3645/3645
f 3640/3640 3645/3645 3644/3644
f 3646/3646 3648/3648 3647/3647
f 3646/3646 3647/3647 3645/3645
f 3646/3646 3640/3640 3638/3638
f 3646/3646 3638/3638 3649/3649
f 3650/3650 3652/3652 3649/3649
f 3650/3650 3649/3649 3651/3651
f 3650/3650 3655/3655 3654/3654
f 3650/3650 3654/3654 3653/3653
f 3654/3654 3657/3657 3656/3656
f 3654/3654 3656/3656 3653/3653
f 3658/3658 3659/3659 3657/3657
f 3658/3658 3657/3657 3654/3654
f 3658/3658 3661/3661 3660/3660
f 3658/3658 3660/3660 3659/3659
f 3660/3660 3663/3663 3662/3662
f 3660/3660 3662/3662 3659/3659
f 3660/3660 3665/3665 3664/3664
f 3660/3660 3664/3664 3663/3663
f 3660/3660 3661/3661 3666/3666
f 3660/3660 3666/3666 3665/3665
f 3657/3657 3659/3659 3662/3662
f 3657/3657 3662/3662 3667/3667
f 3663/3663 3669/3669 3668/3668
f 3663/3663 3668/3668 3662/3662
f 3662/3662 3668/3668 3670/3670
f 3662/3662 3670/3670 3667/3667
f 3655/3655 3671/3671 3658/3658
f 3655/3655 3658/3658 3654/3654
f 3671/3671 3655/3655 3673/3673
f 3671/3671 3673/3673 3672/3672
f 3672/3672 3675/3675 3674/3674
f 3672/3672 3674/3674 3671/3671
f 3674/3674 3661/3661 3658/3658
f 3674/3674 3658/3658 3671/3671
f 3651/3651 3639/3639 3676/3676
f 3651/3651 3676/3676 3673/3673
f 3673/3673 3676/3676 3677/3677
f 3673/3673 3677/3677 3672/3672
f 3651/3651 3673/3673 3655/3655
f 3651/3651 3655/3655 3650/3650
f 3656/3656 3680/3680 3679/3679
f 3656/3656 3679/3679 3678/3678
f 3681/3681 3653/3653 3656/3656
f 3681/3681 3656/3656 3678/3678
f 3650/3650 3653/3653 3681/3681
f 3650/3650 3681/3681 3652/3652
f 3682/3682 3648/3648 3652/3652
f 3682/3682 3652/3652 3681/3681
f 3649/3649 3652/3652 3648/3648
f 3649/3649 3648/3648 3646/3646
f 3678/3678 3683/3683 3682/3682
f 3678/3678 3682/3682 3681/3681
f 3684/3684 3682/3682 3683/3683
f 3684/3684 3683/3683 3685/3685
f 3683/3683 3678/3678 3679/3679
f 3683/3683 3679/3679 3686/3686
f 3683/3683 3686/3686 3687/3687
f 3683/3683 3687/3687 3685/3685
f 3670/3670 3688/3688 3680/3680
f 3670/3670 3680/3680 3667/3667
f 3670/3670 3690/3690 3689/3689
f 3670/3670 3689/3689 3688/3688
f 3690/3690 3692/3692 3691/3691
f 3690/3690 3691/3691 3689/3689
f 3689/3689 3691/3691 3694/3694
f 3689/3689 3694/3694 3693/3693
f 3695/3695 3688/3688 3689/3689
f 3695/3695 3689/3689 3693/3693
f 3688/3688 3695/3695 3679/3679
f 3688/3688 3679/3679 3680/3680
f 3657/3657 3667/3667 3680/3680
f 3657/3657 3680/3680 3656/3656
f 3638/3638 3639/3639 3651/3651
f 3638/3638 3651/3651 3649/3649
f 3647/3647 3648/3648 3682/3682
f 3647/3647 3682/3682 3684/3684
f 3684/3684 3697/3697 3696/3696
f 3684/3684 3696/3696 3647/3647
f 3698/3698 3696/3696 3085/3085
f 3698/3698 3085/3085 3086/3086
f 3698/3698 3086/3086 3090/3090
f 3698/3698 3090/3090 3699/3699
f 3644/3644 3645/3645 3698/3698
f 3644/3644 3698/3698 3699/3699
f 3633/3633 3699/3699 3090/3090
f 3633/3633 3090/3090 3091/3091
f 3631/3631 3644/3644 3699/3699
f 3631/3631 3699/3699 3633/3633
f 3645/3645 3647/3647 3696/3696
f 3645/3645 3696/3696 3698/3698
f 3697/3697 3088/3088 3085/3085
f 3697/3697 3085/3085 3696/3696
f 3685/3685 3700/3700 3697/3697
f 3685/3685 3697/3697 3684/3684
f 3701/3701 3700/3700 3703/3703
f 3701/3701 3703/3703 3702/3702
f 3701/3701 3702/3702 3705/3705
f 3701/3701 3705/3705 3704/3704
f 3705/3705 3707/3707 3706/3706
f 3705/3705 3706/3706 3704/3704
f 3702/3702 3709/3709 3708/3708
f 3702/3702 3708/3708 3705/3705
f 3703/3703 3710/3710 3709/3709
f 3703/3703 3709/3709 3702/3702
f 3709/3709 3712/3712 3711/3711
f 3709/3709 3711/3711 3708/3708
f 3708/3708 3711/3711 3714/3714
f 3708/3708 3714/3714 3713/3713
f 3707/3707 3705/3705 3708/3708
f 3707/3707 3708/3708 3713/3713
f 3707/3707 3716/3716 3715/3715
f 3707/3707 3715/3715 3706/3706
f 3089/3089 3706/3706 3715/3715
f 3089/3089 3715/3715 3717/3717
f 3715/3715 3716/3716 3719/3719
f 3715/3715 3719/3719 3718/3718
f 3131/3131 3717/3717 3715/3715
f 3131/3131 3715/3715 3718/3718
f 3087/3087 3704/3704 3706/3706
f 3087/3087 3706/3706 3089/3089
f 3087/3087 3088/3088 3701/3701
f 3087/3087 3701/3701 3704/3704
f 3697/3697 3700/3700 3701/3701
f 3697/3697 3701/3701 3088/3088
f 3685/3685 3687/3687 3703/3703
f 3685/3685 3703/3703 3700/3700
f 3642/3642 3720/3720 3636/3636
f 3642/3642 3636/3636 3637/3637
f 3721/3721 3722/3722 3720/3720
f 3721/3721 3720/3720 3642/3642
f 3721/3721 3725/3725 3724/3724
f 3721/3721 3724/3724 3723/3723
f 3726/3726 3728/3728 3727/3727
f 3726/3726 3727/3727 3723/3723
f 3726/3726 3730/3730 3729/3729
f 3726/3726 3729/3729 3728/3728
f 3729/3729 3732/3732 3731/3731
f 3729/3729 3731/3731 3728/3728
f 3733/3733 3734/3734 3729/3729
f 3733/3733 3729/3729 3730/3730
f 3733/3733 3736/3736 3735/3735
f 3733/3733 3735/3735 3734/3734
f 3734/3734 3735/3735 3738/3738
f 3734/3734 3738/3738 3737/3737
f 3739/3739 3740/3740 3737/3737
f 3739/3739 3737/3737 3738/3738
f 3739/3739 3743/3743 3742/3742
f 3739/3739 3742/3742 3741/3741
f 3739/3739 3741/3741 3744/3744
f 3739/3739 3744/3744 3740/3740
f 3738/3738 3745/3745 3743/3743
f 3738/3738 3743/3743 3739/3739
f 3746/3746 3732/3732 3737/3737
f 3746/3746 3737/3737 3740/3740
f 3747/3747 3746/3746 3740/3740
f 3747/3747 3740/3740 3744/3744
f 3748/3748 3749/3749 3746/3746
f 3748/3748 3746/3746 3747/3747
f 3732/3732 3746/3746 3749/3749
f 3732/3732 3749/3749 3731/3731
f 3729/3729 3734/3734 3737/3737
f 3729/3729 3737/3737 3732/3732
f 3750/3750 3735/3735 3736/3736
f 3750/3750 3736/3736 3751/3751
f 3750/3750 3753/3753 3752/3752
f 3750/3750 3752/3752 3745/3745
f 3750/3750 3745/3745 3738/3738
f 3750/3750 3738/3738 3735/3735
f 3751/3751 3754/3754 3753/3753
f 3751/3751 3753/3753 3750/3750
f 3755/3755 3736/3736 3733/3733
f 3755/3755 3733/3733 3756/3756
f 3755/3755 3757/3757 3751/3751
f 3755/3755 3751/3751 3736/3736
f 3733/3733 3730/3730 3758/3758
f 3733/3733 3758/3758 3756/3756
f 3756/3756 3758/3758 3760/3760
f 3756/3756 3760/3760 3759/3759
f 3761/3761 3763/3763 3762/3762
f 3761/3761 3762/3762 3759/3759
f 3614/3614 3615/3615 3764/3764
f 3614/3614 3764/3764 3761/3761
f 3764/3764 3765/3765 3763/3763
f 3764/3764 3763/3763 3761/3761
f 3614/3614 3761/3761 3759/3759
f 3614/3614 3759/3759 3760/3760
f 3762/3762 3763/3763 3767/3767
f 3762/3762 3767/3767 3766/3766
f 3762/3762 3766/3766 3757/3757
f 3762/3762 3757/3757 3755/3755
f 3755/3755 3756/3756 3759/3759
f 3755/3755 3759/3759 3762/3762
f 3758/3758 3730/3730 3726/3726
f 3758/3758 3726/3726 3768/3768
f 3726/3726 3723/3723 3724/3724
f 3726/3726 3724/3724 3768/3768
f 3619/3619 3724/3724 3725/3725
f 3619/3619 3725/3725 3621/3621
f 3620/3620 3768/3768 3724/3724
f 3620/3620 3724/3724 3619/3619
f 3620/3620 3760/3760 3758/3758
f 3620/3620 3758/3758 3768/3768
f 3731/3731 3769/3769 3727/3727
f 3731/3731 3727/3727 3728/3728
f 3722/3722 3727/3727 3769/3769
f 3722/3722 3769/3769 3677/3677
f 3722/3722 3677/3677 3676/3676
f 3722/3722 3676/3676 3720/3720
f 3723/3723 3727/3727 3722/3722
f 3723/3723 3722/3722 3721/3721
f 3731/3731 3749/3749 3675/3675
f 3731/3731 3675/3675 3769/3769
f 3672/3672 3677/3677 3769/3769
f 3672/3672 3769/3769 3675/3675
f 3642/3642 3643/3643 3725/3725
f 3642/3642 3725/3725 3721/3721
f 3636/3636 3720/3720 3676/3676
f 3636/3636 3676/3676 3639/3639
f 3055/3055 3048/3048 3053/3053
f 3055/3055 3053/3053 3095/3095
f 3770/3770 3771/3771 3213/3213
f 3770/3770 3213/3213 3210/3210
f 3772/3772 3773/3773 3771/3771
f 3772/3772 3771/3771 3770/3770
f 3772/3772 3770/3770 3775/3775
f 3772/3772 3775/3775 3774/3774
f 3277/3277 3776/3776 3774/3774
f 3277/3277 3774/3774 3276/3276
f 3777/3777 3779/3779 3776/3776
f 3777/3777 3776/3776 3778/3778
f 3777/3777 3781/3781 3780/3780
f 3777/3777 3780/3780 3779/3779
f 3780/3780 3773/3773 3772/3772
f 3780/3780 3772/3772 3779/3779
f 3780/3780 3781/3781 3783/3783
f 3780/3780 3783/3783 3782/3782
f 3784/3784 3785/3785 3782/3782
f 3784/3784 3782/3782 3783/3783
f 3784/3784 3788/3788 3787/3787
f 3784/3784 3787/3787 3786/3786
f 3594/3594 3786/3786 3787/3787
f 3594/3594 3787/3787 3593/3593
f 3789/3789 3790/3790 3786/3786
f 3789/3789 3786/3786 3594/3594
f 3784/3784 3786/3786 3790/3790
f 3784/3784 3790/3790 3785/3785
f 3791/3791 3793/3793 3792/3792
f 3791/3791 3792/3792 3788/3788
f 3788/3788 3792/3792 3794/3794
f 3788/3788 3794/3794 3787/3787
f 3783/3783 3791/3791 3788/3788
f 3783/3783 3788/3788 3784/3784
f 3785/3785 3796/3796 3795/3795
f 3785/3785 3795/3795 3782/3782
f 3795/3795 3796/3796 3798/3798
f 3795/3795 3798/3798 3797/3797
f 3797/3797 3798/3798 3800/3800
f 3797/3797 3800/3800 3799/3799
f 3799/3799 3213/3213 3771/3771
f 3799/3799 3771/3771 3797/3797
f 3771/3771 3773/3773 3795/3795
f 3771/3771 3795/3795 3797/3797
f 3801/3801 3796/3796 3785/3785
f 3801/3801 3785/3785 3790/3790
f 3801/3801 3802/3802 3798/3798
f 3801/3801 3798/3798 3796/3796
f 3780/3780 3782/3782 3795/3795
f 3780/3780 3795/3795 3773/3773
f 3803/3803 3804/3804 3781/3781
f 3803/3803 3781/3781 3777/3777
f 3803/3803 3806/3806 3805/3805
f 3803/3803 3805/3805 3804/3804
f 3804/3804 3805/3805 3793/3793
f 3804/3804 3793/3793 3791/3791
f 3781/3781 3804/3804 3791/3791
f 3781/3781 3791/3791 3783/3783
f 3807/3807 3809/3809 3806/3806
f 3807/3807 3806/3806 3808/3808
f 3805/3805 3806/3806 3809/3809
f 3805/3805 3809/3809 3810/3810
f 3808/3808 3806/3806 3803/3803
f 3808/3808 3803/3803 3811/3811
f 3777/3777 3778/3778 3811/3811
f 3777/3777 3811/3811 3803/3803
f 3778/3778 3813/3813 3812/3812
f 3778/3778 3812/3812 3811/3811
f 3277/3277 3813/3813 3778/3778
f 3277/3277 3778/3778 3776/3776
f 3772/3772 3774/3774 3776/3776
f 3772/3772 3776/3776 3779/3779
f 3276/3276 3774/3774 3775/3775
f 3276/3276 3775/3775 3279/3279
f 3211/3211 3775/3775 3770/3770
f 3211/3211 3770/3770 3210/3210
f 3775/3775 3211/3211 3281/3281
f 3775/3775 3281/3281 3279/3279
f 3799/3799 3214/3214 3209/3209
f 3799/3799 3209/3209 3213/3213
f 3311/3311 3814/3814 3304/3304
f 3311/3311 3304/3304 3302/3302
f 3814/3814 3311/3311 3447/3447
f 3814/3814 3447/3447 3448/3448
f 3815/3815 3816/3816 3814/3814
f 3815/3815 3814/3814 3448/3448
f 3815/3815 3448/3448 3445/3445
f 3815/3815 3445/3445 3462/3462
f 3815/3815 3462/3462 3460/3460
f 3815/3815 3460/3460 3817/3817
f 3816/3816 3815/3815 3817/3817
f 3816/3816 3817/3817 3818/3818
f 3814/3814 3816/3816 3819/3819
f 3814/3814 3819/3819 3304/3304
f 3819/3819 3816/3816 3818/3818
f 3819/3819 3818/3818 3820/3820
f 3821/3821 3819/3819 3820/3820
f 3821/3821 3820/3820 3822/3822
f 3305/3305 3304/3304 3819/3819
f 3305/3305 3819/3819 3821/3821
f 3823/3823 3821/3821 3822/3822
f 3823/3823 3822/3822 3824/3824
f 3823/3823 3306/3306 3305/3305
f 3823/3823 3305/3305 3821/3821
f 3823/3823 3824/3824 3248/3248
f 3823/3823 3248/3248 3246/3246
f 3824/3824 3822/3822 3826/3826
f 3824/3824 3826/3826 3825/3825
f 3826/3826 3828/3828 3827/3827
f 3826/3826 3827/3827 3825/3825
f 3252/3252 3251/3251 3825/3825
f 3252/3252 3825/3825 3827/3827
f 3251/3251 3248/3248 3824/3824
f 3251/3251 3824/3824 3825/3825
f 3826/3826 3822/3822 3820/3820
f 3826/3826 3820/3820 3829/3829
f 3246/3246 3247/3247 3306/3306
f 3246/3246 3306/3306 3823/3823
f 3829/3829 3820/3820 3818/3818
f 3829/3829 3818/3818 3830/3830
f 3831/3831 3830/3830 3833/3833
f 3831/3831 3833/3833 3832/3832
f 3831/3831 3832/3832 3835/3835
f 3831/3831 3835/3835 3834/3834
f 3834/3834 3835/3835 3837/3837
f 3834/3834 3837/3837 3836/3836
f 3838/3838 3840/3840 3836/3836
f 3838/3838 3836/3836 3839/3839
f 3836/3836 3840/3840 3841/3841
f 3836/3836 3841/3841 3834/3834
f 3839/3839 3836/3836 3837/3837
f 3839/3839 3837/3837 3842/3842
f 3835/3835 3844/3844 3843/3843
f 3835/3835 3843/3843 3837/3837
f 3845/3845 3844/3844 3835/3835
f 3845/3845 3835/3835 3832/3832
f 3831/3831 3834/3834 3841/3841
f 3831/3831 3841/3841 3846/3846
f 3826/3826 3829/3829 3846/3846
f 3826/3826 3846/3846 3828/3828
f 3846/3846 3829/3829 3830/3830
f 3846/3846 3830/3830 3831/3831
f 3847/3847 3828/3828 3846/3846
f 3847/3847 3846/3846 3841/3841
f 3833/3833 3830/3830 3818/3818
f 3833/3833 3818/3818 3817/3817
f 3833/3833 3817/3817 3460/3460
f 3833/3833 3460/3460 3848/3848
f 3848/3848 3460/3460 3461/3461
f 3848/3848 3461/3461 3849/3849
f 3849/3849 3461/3461 3458/3458
f 3849/3849 3458/3458 3850/3850
f 3851/3851 3852/3852 3849/3849
f 3851/3851 3849/3849 3850/3850
f 3845/3845 3848/3848 3849/3849
f 3845/3845 3849/3849 3852/3852
f 3833/3833 3848/3848 3845/3845
f 3833/3833 3845/3845 3832/3832
f 3311/3311 3309/3309 3449/3449
f 3311/3311 3449/3449 3447/3447
f 3498/3498 3501/3501 3592/3592
f 3498/3498 3592/3592 3794/3794
f 3499/3499 3498/3498 3794/3794
f 3499/3499 3794/3794 3792/3792
f 3853/3853 3499/3499 3792/3792
f 3853/3853 3792/3792 3793/3793
f 3810/3810 3493/3493 3494/3494
f 3810/3810 3494/3494 3853/3853
f 3494/3494 3496/3496 3499/3499
f 3494/3494 3499/3499 3853/3853
f 3805/3805 3810/3810 3853/3853
f 3805/3805 3853/3853 3793/3793
f 3540/3540 3565/3565 3534/3534
f 3540/3540 3534/3534 3532/3532
f 3524/3524 3854/3854 3543/3543
f 3524/3524 3543/3543 3525/3525
f 3542/3542 3543/3543 3854/3854
f 3542/3542 3854/3854 3855/3855
f 3855/3855 3854/3854 3857/3857
f 3855/3855 3857/3857 3856/3856
f 3858/3858 3859/3859 3855/3855
f 3858/3858 3855/3855 3856/3856
f 3858/3858 3856/3856 3861/3861
f 3858/3858 3861/3861 3860/3860
f 3862/3862 3863/3863 3858/3858
f 3862/3862 3858/3858 3860/3860
f 3864/3864 3865/3865 3862/3862
f 3864/3864 3862/3862 3860/3860
f 3860/3860 3861/3861 3866/3866
f 3860/3860 3866/3866 3864/3864
f 3867/3867 3866/3866 3861/3861
f 3867/3867 3861/3861 3868/3868
f 3869/3869 3870/3870 3867/3867
f 3869/3869 3867/3867 3868/3868
f 3520/3520 3518/3518 3869/3869
f 3520/3520 3869/3869 3523/3523
f 3869/3869 3518/3518 3519/3519
f 3869/3869 3519/3519 3870/3870
f 3868/3868 3857/3857 3523/3523
f 3868/3868 3523/3523 3869/3869
f 3871/3871 3867/3867 3870/3870
f 3871/3871 3870/3870 3872/3872
f 3873/3873 3866/3866 3867/3867
f 3873/3873 3867/3867 3871/3871
f 3874/3874 3875/3875 3871/3871
f 3874/3874 3871/3871 3872/3872
f 3873/3873 3871/3871 3875/3875
f 3873/3873 3875/3875 3876/3876
f 3868/3868 3861/3861 3856/3856
f 3868/3868 3856/3856 3857/3857
f 3864/3864 3866/3866 3873/3873
f 3864/3864 3873/3873 3877/3877
f 3873/3873 3876/3876 3878/3878
f 3873/3873 3878/3878 3877/3877
f 3879/3879 3878/3878 3876/3876
f 3879/3879 3876/3876 3880/3880
f 3878/3878 3879/3879 3882/3882
f 3878/3878 3882/3882 3881/3881
f 3881/3881 3883/3883 3877/3877
f 3881/3881 3877/3877 3878/3878
f 3883/3883 3865/3865 3864/3864
f 3883/3883 3864/3864 3877/3877
f 3884/3884 3885/3885 3865/3865
f 3884/3884 3865/3865 3883/3883
f 3865/3865 3885/3885 3886/3886
f 3865/3865 3886/3886 3862/3862
f 3863/3863 3862/3862 3886/3886
f 3863/3863 3886/3886 3887/3887
f 3863/3863 3887/3887 3889/3889
f 3863/3863 3889/3889 3888/3888
f 3889/3889 3891/3891 3890/3890
f 3889/3889 3890/3890 3888/3888
f 3889/3889 3887/3887 3424/3424
f 3889/3889 3424/3424 3423/3423
f 3892/3892 3424/3424 3887/3887
f 3892/3892 3887/3887 3886/3886
f 3889/3889 3423/3423 3412/3412
f 3889/3889 3412/3412 3891/3891
f 3893/3893 3891/3891 3412/3412
f 3893/3893 3412/3412 3413/3413
f 3539/3539 3890/3890 3891/3891
f 3539/3539 3891/3891 3893/3893
f 3888/3888 3890/3890 3544/3544
f 3888/3888 3544/3544 3859/3859
f 3544/3544 3542/3542 3855/3855
f 3544/3544 3855/3855 3859/3859
f 3888/3888 3859/3859 3858/3858
f 3888/3888 3858/3858 3863/3863
f 3854/3854 3524/3524 3523/3523
f 3854/3854 3523/3523 3857/3857
f 3621/3621 3623/3623 3617/3617
f 3621/3621 3617/3617 3618/3618
f 3643/3643 3623/3623 3621/3621
f 3643/3643 3621/3621 3725/3725
f 3066/3066 3064/3064 3894/3894
f 3066/3066 3894/3894 3616/3616
f 3064/3064 3065/3065 3895/3895
f 3064/3064 3895/3895 3894/3894
f 3896/3896 3897/3897 3765/3765
f 3896/3896 3765/3765 3895/3895
f 3896/3896 3898/3898 3838/3838
f 3896/3896 3838/3838 3897/3897
f 3839/3839 3767/3767 3897/3897
f 3839/3839 3897/3897 3838/3838
f 3897/3897 3767/3767 3763/3763
f 3897/3897 3763/3763 3765/3765
f 3899/3899 3900/3900 3898/3898
f 3899/3899 3898/3898 3896/3896
f 3896/3896 3895/3895 3065/3065
f 3896/3896 3065/3065 3899/3899
f 3063/3063 3021/3021 3899/3899
f 3063/3063 3899/3899 3065/3065
f 3021/3021 3018/3018 3900/3900
f 3021/3021 3900/3900 3899/3899
f 3900/3900 3902/3902 3901/3901
f 3900/3900 3901/3901 3898/3898
f 3903/3903 3847/3847 3901/3901
f 3903/3903 3901/3901 3902/3902
f 3903/3903 3904/3904 3252/3252
f 3903/3903 3252/3252 3827/3827
f 3017/3017 3022/3022 3904/3904
f 3017/3017 3904/3904 3019/3019
f 3904/3904 3022/3022 3253/3253
f 3904/3904 3253/3253 3252/3252
f 3019/3019 3904/3904 3903/3903
f 3019/3019 3903/3903 3902/3902
f 3019/3019 3902/3902 3900/3900
f 3019/3019 3900/3900 3018/3018
f 3828/3828 3847/3847 3903/3903
f 3828/3828 3903/3903 3827/3827
f 3901/3901 3847/3847 3841/3841
f 3901/3901 3841/3841 3840/3840
f 3838/3838 3898/3898 3901/3901
f 3838/3838 3901/3901 3840/3840
f 3895/3895 3765/3765 3764/3764
f 3895/3895 3764/3764 3894/3894
f 3616/3616 3894/3894 3764/3764
f 3616/3616 3764/3764 3615/3615
f 3080/3080 3089/3089 3717/3717
f 3080/3080 3717/3717 3079/3079
f 3079/3079 3717/3717 3131/3131
f 3079/3079 3131/3131 3082/3082
f 3718/3718 3128/3128 3126/3126
f 3718/3718 3126/3126 3131/3131
f 3111/3111 3129/3129 3905/3905
f 3111/3111 3905/3905 3112/3112
f 3130/3130 3906/3906 3905/3905
f 3130/3130 3905/3905 3129/3129
f 3907/3907 3905/3905 3906/3906
f 3907/3907 3906/3906 3908/3908
f 3909/3909 3907/3907 3908/3908
f 3909/3909 3908/3908 3910/3910
f 3911/3911 3913/3913 3909/3909
f 3911/3911 3909/3909 3912/3912
f 3912/3912 3915/3915 3914/3914
f 3912/3912 3914/3914 3911/3911
f 3912/3912 3909/3909 3910/3910
f 3912/3912 3910/3910 3916/3916
f 3917/3917 3916/3916 3910/3910
f 3917/3917 3910/3910 3918/3918
f 3917/3917 3921/3921 3920/3920
f 3917/3917 3920/3920 3919/3919
f 3919/3919 3920/3920 3923/3923
f 3919/3919 3923/3923 3922/3922
f 3924/3924 3922/3922 3926/3926
f 3924/3924 3926/3926 3925/3925
f 3927/3927 3919/3919 3922/3922
f 3927/3927 3922/3922 3924/3924
f 3923/3923 3514/3514 3926/3926
f 3923/3923 3926/3926 3922/3922
f 3920/3920 3921/3921 3929/3929
f 3920/3920 3929/3929 3928/3928
f 3920/3920 3928/3928 3930/3930
f 3920/3920 3930/3930 3923/3923
f 3917/3917 3919/3919 3927/3927
f 3917/3917 3927/3927 3916/3916
f 3931/3931 3921/3921 3917/3917
f 3931/3931 3917/3917 3918/3918
f 3931/3931 3932/3932 3929/3929
f 3931/3931 3929/3929 3921/3921
f 3933/3933 3935/3935 3934/3934
f 3933/3933 3934/3934 3932/3932
f 3932/3932 3934/3934 3936/3936
f 3932/3932 3936/3936 3929/3929
f 3937/3937 3933/3933 3932/3932
f 3937/3937 3932/3932 3931/3931
f 3938/3938 3937/3937 3931/3931
f 3938/3938 3931/3931 3918/3918
f 3908/3908 3938/3938 3918/3918
f 3908/3908 3918/3918 3910/3910
f 3908/3908 3906/3906 3939/3939
f 3908/3908 3939/3939 3938/3938
f 3940/3940 3937/3937 3938/3938
f 3940/3940 3938/3938 3939/3939
f 3912/3912 3916/3916 3927/3927
f 3912/3912 3927/3927 3915/3915
f 3915/3915 3927/3927 3924/3924
f 3915/3915 3924/3924 3941/3941
f 3941/3941 3944/3944 3943/3943
f 3941/3941 3943/3943 3942/3942
f 3945/3945 3942/3942 3943/3943
f 3945/3945 3943/3943 3946/3946
f 3914/3914 3942/3942 3945/3945
f 3914/3914 3945/3945 3947/3947
f 3914/3914 3915/3915 3941/3941
f 3914/3914 3941/3941 3942/3942
f 3924/3924 3925/3925 3944/3944
f 3924/3924 3944/3944 3941/3941
f 3925/3925 3949/3949 3948/3948
f 3925/3925 3948/3948 3944/3944
f 3950/3950 3943/3943 3944/3944
f 3950/3950 3944/3944 3948/3948
f 3914/3914 3947/3947 3951/3951
f 3914/3914 3951/3951 3911/3911
f 3952/3952 3913/3913 3911/3911
f 3952/3952 3911/3911 3951/3951
f 3952/3952 3951/3951 3953/3953
f 3952/3952 3953/3953 3119/3119
f 3953/3953 3951/3951 3947/3947
f 3953/3953 3947/3947 3954/3954
f 3955/3955 3954/3954 3947/3947
f 3955/3955 3947/3947 3945/3945
f 3955/3955 3945/3945 3946/3946
f 3955/3955 3946/3946 3280/3280
f 3267/3267 3955/3955 3280/3280
f 3267/3267 3280/3280 3275/3275
f 3265/3265 3954/3954 3955/3955
f 3265/3265 3955/3955 3267/3267
f 3953/3953 3954/3954 3265/3265
f 3953/3953 3265/3265 3266/3266
f 3266/3266 3118/3118 3119/3119
f 3266/3266 3119/3119 3953/3953
f 3113/3113 3952/3952 3119/3119
f 3113/3113 3119/3119 3115/3115
f 3114/3114 3913/3913 3952/3952
f 3114/3114 3952/3952 3113/3113
f 3114/3114 3907/3907 3909/3909
f 3114/3114 3909/3909 3913/3913
f 3112/3112 3905/3905 3907/3907
f 3112/3112 3907/3907 3114/3114
f 3906/3906 3130/3130 3956/3956
f 3906/3906 3956/3956 3939/3939
f 3956/3956 3130/3130 3127/3127
f 3956/3956 3127/3127 3957/3957
f 3128/3128 3958/3958 3957/3957
f 3128/3128 3957/3957 3127/3127
f 3959/3959 3957/3957 3958/3958
f 3959/3959 3958/3958 3960/3960
f 3960/3960 3962/3962 3961/3961
f 3960/3960 3961/3961 3959/3959
f 3960/3960 3964/3964 3963/3963
f 3960/3960 3963/3963 3962/3962
f 3965/3965 3962/3962 3963/3963
f 3965/3965 3963/3963 3966/3966
f 3965/3965 3966/3966 3968/3968
f 3965/3965 3968/3968 3967/3967
f 3969/3969 3967/3967 3968/3968
f 3969/3969 3968/3968 3970/3970
f 3971/3971 3967/3967 3969/3969
f 3971/3971 3969/3969 3972/3972
f 3965/3965 3967/3967 3971/3971
f 3965/3965 3971/3971 3973/3973
f 3974/3974 3966/3966 3963/3963
f 3974/3974 3963/3963 3975/3975
f 3966/3966 3974/3974 3976/3976
f 3966/3966 3976/3976 3968/3968
f 3962/3962 3965/3965 3973/3973
f 3962/3962 3973/3973 3961/3961
f 3961/3961 3973/3973 3978/3978
f 3961/3961 3978/3978 3977/3977
f 3961/3961 3977/3977 3979/3979
f 3961/3961 3979/3979 3959/3959
f 3719/3719 3716/3716 3980/3980
f 3719/3719 3980/3980 3964/3964
f 3713/3713 3714/3714 3975/3975
f 3713/3713 3975/3975 3980/3980
f 3980/3980 3975/3975 3963/3963
f 3980/3980 3963/3963 3964/3964
f 3713/3713 3980/3980 3716/3716
f 3713/3713 3716/3716 3707/3707
f 3719/3719 3964/3964 3960/3960
f 3719/3719 3960/3960 3958/3958
f 3956/3956 3957/3957 3959/3959
f 3956/3956 3959/3959 3979/3979
f 3128/3128 3718/3718 3719/3719
f 3128/3128 3719/3719 3958/3958
f 3939/3939 3956/3956 3979/3979
f 3939/3939 3979/3979 3940/3940
f 3940/3940 3979/3979 3977/3977
f 3940/3940 3977/3977 3981/3981
f 3977/3977 3978/3978 3982/3982
f 3977/3977 3982/3982 3981/3981
f 3982/3982 3984/3984 3983/3983
f 3982/3982 3983/3983 3935/3935
f 3983/3983 3987/3987 3986/3986
f 3983/3983 3986/3986 3985/3985
f 3986/3986 3989/3989 3988/3988
f 3986/3986 3988/3988 3985/3985
f 3989/3989 3986/3986 3991/3991
f 3989/3989 3991/3991 3990/3990
f 3992/3992 3993/3993 3989/3989
f 3992/3992 3989/3989 3990/3990
f 3993/3993 3992/3992 3874/3874
f 3993/3993 3874/3874 3994/3994
f 3993/3993 3994/3994 3996/3996
f 3993/3993 3996/3996 3995/3995
f 3993/3993 3995/3995 3988/3988
f 3993/3993 3988/3988 3989/3989
f 3988/3988 3995/3995 3997/3997
f 3988/3988 3997/3997 3936/3936
f 3936/3936 3934/3934 3985/3985
f 3936/3936 3985/3985 3988/3988
f 3997/3997 3995/3995 3996/3996
f 3997/3997 3996/3996 3998/3998
f 3516/3516 3998/3998 3996/3996
f 3516/3516 3996/3996 3999/3999
f 3516/3516 3515/3515 3930/3930
f 3516/3516 3930/3930 3998/3998
f 3928/3928 3997/3997 3998/3998
f 3928/3928 3998/3998 3930/3930
f 3874/3874 3872/3872 4000/4000
f 3874/3874 4000/4000 3994/3994
f 4000/4000 3999/3999 3996/3996
f 4000/4000 3996/3996 3994/3994
f 3519/3519 4000/4000 3872/3872
f 3519/3519 3872/3872 3870/3870
f 3517/3517 3999/3999 4000/4000
f 3517/3517 4000/4000 3519/3519
f 3990/3990 4002/4002 4001/4001
f 3990/3990 4001/4001 3992/3992
f 4002/4002 3990/3990 3991/3991
f 4002/4002 3991/3991 4003/4003
f 4004/4004 4002/4002 4003/4003
f 4004/4004 4003/4003 4005/4005
f 4004/4004 3880/3880 4001/4001
f 4004/4004 4001/4001 4002/4002
f 4004/4004 4005/4005 4007/4007
f 4004/4004 4007/4007 4006/4006
f 3879/3879 3880/3880 4004/4004
f 3879/3879 4004/4004 4006/4006
f 4003/4003 3991/3991 4009/4009
f 4003/4003 4009/4009 4008/4008
f 4010/4010 4005/4005 4003/4003
f 4010/4010 4003/4003 4008/4008
f 4001/4001 3875/3875 3874/3874
f 4001/4001 3874/3874 3992/3992
f 3986/3986 3987/3987 4009/4009
f 3986/3986 4009/4009 3991/3991
f 3984/3984 4011/4011 3987/3987
f 3984/3984 3987/3987 3983/3983
f 3978/3978 4012/4012 3984/3984
f 3978/3978 3984/3984 3982/3982
f 3972/3972 4013/4013 4012/4012
f 3972/3972 4012/4012 3971/3971
f 4013/4013 3972/3972 4015/4015
f 4013/4013 4015/4015 4014/4014
f 4016/4016 4017/4017 4014/4014
f 4016/4016 4014/4014 4015/4015
f 4017/4017 4019/4019 4018/4018
f 4017/4017 4018/4018 4014/4014
f 4014/4014 4018/4018 4011/4011
f 4014/4014 4011/4011 4013/4013
f 4013/4013 4011/4011 3984/3984
f 4013/4013 3984/3984 4012/4012
f 3978/3978 3973/3973 3971/3971
f 3978/3978 3971/3971 4012/4012
f 4018/4018 4009/4009 3987/3987
f 4018/4018 3987/3987 4011/4011
f 3935/3935 3983/3983 3985/3985
f 3935/3935 3985/3985 3934/3934
f 3933/3933 3981/3981 3982/3982
f 3933/3933 3982/3982 3935/3935
f 3981/3981 3933/3933 3937/3937
f 3981/3981 3937/3937 3940/3940
f 3928/3928 3929/3929 3936/3936
f 3928/3928 3936/3936 3997/3997
f 3923/3923 3930/3930 3515/3515
f 3923/3923 3515/3515 3514/3514
f 3514/3514 3513/3513 4020/4020
f 3514/3514 4020/4020 3926/3926
f 4021/4021 4020/4020 3513/3513
f 4021/4021 3513/3513 3510/3510
f 4021/4021 3510/3510 3509/3509
f 4021/4021 3509/3509 4022/4022
f 4022/4022 3509/3509 3502/3502
f 4022/4022 3502/3502 4023/4023
f 4023/4023 3502/3502 3495/3495
f 4023/4023 3495/3495 3493/3493
f 3810/3810 3809/3809 4023/4023
f 3810/3810 4023/4023 3493/3493
f 4022/4022 4023/4023 3809/3809
f 4022/4022 3809/3809 3807/3807
f 4024/4024 4021/4021 4022/4022
f 4024/4024 4022/4022 3807/3807
f 4025/4025 4024/4024 3807/3807
f 4025/4025 3807/3807 3808/3808
f 4025/4025 3808/3808 3811/3811
f 4025/4025 3811/3811 3812/3812
f 4025/4025 3812/3812 3950/3950
f 4025/4025 3950/3950 3948/3948
f 4024/4024 4025/4025 3948/3948
f 4024/4024 3948/3948 3949/3949
f 3949/3949 4020/4020 4021/4021
f 3949/3949 4021/4021 4024/4024
f 3925/3925 3926/3926 4020/4020
f 3925/3925 4020/4020 3949/3949
f 3946/3946 3943/3943 3950/3950
f 3946/3946 3950/3950 4026/4026
f 3946/3946 4026/4026 3278/3278
f 3946/3946 3278/3278 3280/3280
f 4026/4026 3950/3950 3812/3812
f 4026/4026 3812/3812 3813/3813
f 3278/3278 4026/4026 3813/3813
f 3278/3278 3813/3813 3277/3277
f 3036/3036 3253/3253 3022/3022
f 3036/3036 3022/3022 3023/3023
f 3614/3614 3760/3760 3620/3620
f 3614/3614 3620/3620 3613/3613
f 3592/3592 3593/3593 3787/3787
f 3592/3592 3787/3787 3794/3794
f 3594/3594 3589/3589 3587/3587
f 3594/3594 3587/3587 3789/3789
f 3839/3839 3842/3842 3766/3766
f 3839/3839 3766/3766 3767/3767
f 4027/4027 3842/3842 3837/3837
f 4027/4027 3837/3837 3843/3843
f 4027/4027 3757/3757 3766/3766
f 4027/4027 3766/3766 3842/3842
f 4027/4027 3843/3843 4028/4028
f 4027/4027 4028/4028 3754/3754
f 3843/3843 3844/3844 4029/4029
f 3843/3843 4029/4029 4028/4028
f 3845/3845 3852/3852 4029/4029
f 3845/3845 4029/4029 3844/3844
f 4029/4029 3852/3852 3851/3851
f 4029/4029 3851/3851 4030/4030
f 4030/4030 3851/3851 4032/4032
f 4030/4030 4032/4032 4031/4031
f 4031/4031 4032/4032 4034/4034
f 4031/4031 4034/4034 4033/4033
f 4033/4033 4034/4034 4036/4036
f 4033/4033 4036/4036 4035/4035
f 4035/4035 4036/4036 4038/4038
f 4035/4035 4038/4038 4037/4037
f 4037/4037 4038/4038 4040/4040
f 4037/4037 4040/4040 4039/4039
f 4041/4041 4042/4042 4039/4039
f 4041/4041 4039/4039 4040/4040
f 4041/4041 4043/4043 4006/4006
f 4041/4041 4006/4006 4007/4007
f 4041/4041 4007/4007 4044/4044
f 4041/4041 4044/4044 4042/4042
f 4045/4045 4043/4043 4041/4041
f 4045/4045 4041/4041 4040/4040
f 4046/4046 4039/4039 4042/4042
f 4046/4046 4042/4042 4047/4047
f 4039/4039 4046/4046 4048/4048
f 4039/4039 4048/4048 4037/4037
f 4049/4049 4046/4046 4047/4047
f 4049/4049 4047/4047 4050/4050
f 4049/4049 4051/4051 4048/4048
f 4049/4049 4048/4048 4046/4046
f 4038/4038 4036/4036 4053/4053
f 4038/4038 4053/4053 4052/4052
f 4038/4038 4052/4052 4045/4045
f 4038/4038 4045/4045 4040/4040
f 4054/4054 4055/4055 4052/4052
f 4054/4054 4052/4052 4053/4053
f 4055/4055 4056/4056 4045/4045
f 4055/4055 4045/4045 4052/4052
f 4057/4057 4053/4053 4036/4036
f 4057/4057 4036/4036 4034/4034
f 4058/4058 4035/4035 4037/4037
f 4058/4058 4037/4037 4048/4048
f 4059/4059 4058/4058 4048/4048
f 4059/4059 4048/4048 4051/4051
f 4060/4060 4058/4058 4059/4059
f 4060/4060 4059/4059 4061/4061
f 3742/3742 4059/4059 4051/4051
f 3742/3742 4051/4051 4062/4062
f 3742/3742 3743/3743 4061/4061
f 3742/3742 4061/4061 4059/4059
f 4060/4060 4033/4033 4035/4035
f 4060/4060 4035/4035 4058/4058
f 4060/4060 4063/4063 4031/4031
f 4060/4060 4031/4031 4033/4033
f 3752/3752 3753/3753 4064/4064
f 3752/3752 4064/4064 4063/4063
f 4030/4030 4031/4031 4063/4063
f 4030/4030 4063/4063 4064/4064
f 4064/4064 3753/3753 3754/3754
f 4064/4064 3754/3754 4028/4028
f 4030/4030 4064/4064 4028/4028
f 4030/4030 4028/4028 4029/4029
f 4061/4061 3752/3752 4063/4063
f 4061/4061 4063/4063 4060/4060
f 3850/3850 4065/4065 4032/4032
f 3850/3850 4032/4032 3851/3851
f 3850/3850 3458/3458 3456/3456
f 3850/3850 3456/3456 4065/4065
f 4065/4065 3456/3456 3457/3457
f 4065/4065 3457/3457 4057/4057
f 4065/4065 4057/4057 4034/4034
f 4065/4065 4034/4034 4032/4032
f 3757/3757 4027/4027 3754/3754
f 3757/3757 3754/3754 3751/3751
f 3686/3686 3679/3679 3695/3695
f 3686/3686 3695/3695 4066/4066
f 4067/4067 4066/4066 4069/4069
f 4067/4067 4069/4069 4068/4068
f 3686/3686 4066/4066 4067/4067
f 3686/3686 4067/4067 3687/3687
f 4067/4067 4068/4068 4070/4070
f 4067/4067 4070/4070 3710/3710
f 4070/4070 4068/4068 4072/4072
f 4070/4070 4072/4072 4071/4071
f 3712/3712 4071/4071 4073/4073
f 3712/3712 4073/4073 3711/3711
f 4071/4071 4072/4072 4074/4074
f 4071/4071 4074/4074 4073/4073
f 4075/4075 4077/4077 4076/4076
f 4075/4075 4076/4076 4074/4074
f 4078/4078 4079/4079 4077/4077
f 4078/4078 4077/4077 4075/4075
f 3694/3694 3691/3691 4080/4080
f 3694/3694 4080/4080 4078/4078
f 4080/4080 3691/3691 3692/3692
f 4080/4080 3692/3692 4081/4081
f 3668/3668 3669/3669 4081/4081
f 3668/3668 4081/4081 3692/3692
f 3669/3669 4083/4083 4082/4082
f 3669/3669 4082/4082 4081/4081
f 4082/4082 4084/4084 4080/4080
f 4082/4082 4080/4080 4081/4081
f 4078/4078 4080/4080 4084/4084
f 4078/4078 4084/4084 4079/4079
f 4084/4084 4086/4086 4085/4085
f 4084/4084 4085/4085 4079/4079
f 4079/4079 4085/4085 4087/4087
f 4079/4079 4087/4087 4077/4077
f 4088/4088 3694/3694 4078/4078
f 4088/4088 4078/4078 4075/4075
f 4072/4072 4088/4088 4075/4075
f 4072/4072 4075/4075 4074/4074
f 4088/4088 4072/4072 4068/4068
f 4088/4088 4068/4068 4069/4069
f 3694/3694 4088/4088 4069/4069
f 3694/3694 4069/4069 3693/3693
f 4073/4073 4074/4074 4076/4076
f 4073/4073 4076/4076 4089/4089
f 3974/3974 4089/4089 4076/4076
f 3974/3974 4076/4076 3976/3976
f 3714/3714 4089/4089 3974/3974
f 3714/3714 3974/3974 3975/3975
f 3711/3711 4073/4073 4089/4089
f 3711/3711 4089/4089 3714/3714
f 4076/4076 4077/4077 4087/4087
f 4076/4076 4087/4087 3976/3976
f 4070/4070 4071/4071 3712/3712
f 4070/4070 3712/3712 3709/3709
f 4070/4070 3709/3709 3710/3710
f 3703/3703 3687/3687 4067/4067
f 3703/3703 4067/4067 3710/3710
f 3693/3693 4069/4069 4066/4066
f 3693/3693 4066/4066 3695/3695
f 3587/3587 3588/3588 4090/4090
f 3587/3587 4090/4090 3789/3789
f 3789/3789 4090/4090 3801/3801
f 3789/3789 3801/3801 3790/3790
f 4090/4090 3588/3588 4092/4092
f 4090/4090 4092/4092 4091/4091
f 4091/4091 4092/4092 4094/4094
f 4091/4091 4094/4094 4093/4093
f 4093/4093 4094/4094 4096/4096
f 4093/4093 4096/4096 4095/4095
f 4093/4093 4095/4095 4098/4098
f 4093/4093 4098/4098 4097/4097
f 3215/3215 3800/3800 4097/4097
f 3215/3215 4097/4097 4098/4098
f 4099/4099 4100/4100 4098/4098
f 4099/4099 4098/4098 4095/4095
f 3223/3223 3221/3221 4099/4099
f 3223/3223 4099/4099 4101/4101
f 4101/4101 4099/4099 4095/4095
f 4101/4101 4095/4095 4096/4096
f 4102/4102 4103/4103 4096/4096
f 4102/4102 4096/4096 4094/4094
f 4092/4092 4104/4104 4102/4102
f 4092/4092 4102/4102 4094/4094
f 4105/4105 4106/4106 4102/4102
f 4105/4105 4102/4102 4104/4104
f 4102/4102 4106/4106 4107/4107
f 4102/4102 4107/4107 4103/4103
f 4101/4101 4096/4096 4103/4103
f 4101/4101 4103/4103 4108/4108
f 4108/4108 4103/4103 4107/4107
f 4108/4108 4107/4107 4109/4109
f 4108/4108 4109/4109 4111/4111
f 4108/4108 4111/4111 4110/4110
f 3223/3223 4101/4101 4108/4108
f 3223/3223 4108/4108 4110/4110
f 3221/3221 3218/3218 4100/4100
f 3221/3221 4100/4100 4099/4099
f 4100/4100 3216/3216 3215/3215
f 4100/4100 3215/3215 4098/4098
f 3218/3218 3205/3205 3216/3216
f 3218/3218 3216/3216 4100/4100
f 3800/3800 3798/3798 3802/3802
f 3800/3800 3802/3802 4097/4097
f 4093/4093 4097/4097 3802/3802
f 4093/4093 3802/3802 4091/4091
f 3801/3801 4090/4090 4091/4091
f 3801/3801 4091/4091 3802/3802
f 3588/3588 3585/3585 4104/4104
f 3588/3588 4104/4104 4092/4092
f 3585/3585 3586/3586 4105/4105
f 3585/3585 4105/4105 4104/4104
f 4105/4105 3586/3586 4113/4113
f 4105/4105 4113/4113 4112/4112
f 4112/4112 4113/4113 3431/3431
f 4112/4112 3431/3431 3433/3433
f 3584/3584 3578/3578 4113/4113
f 3584/3584 4113/4113 3586/3586
f 4113/4113 3578/3578 3430/3430
f 4113/4113 3430/3430 3431/3431
f 3433/3433 3435/3435 4114/4114
f 3433/3433 4114/4114 4112/4112
f 3436/3436 4115/4115 4114/4114
f 3436/3436 4114/4114 3435/3435
f 3436/3436 4117/4117 4116/4116
f 3436/3436 4116/4116 4115/4115
f 4116/4116 4118/4118 4111/4111
f 4116/4116 4111/4111 4109/4109
f 3385/3385 3386/3386 4119/4119
f 3385/3385 4119/4119 4118/4118
f 4119/4119 3386/3386 3387/3387
f 4119/4119 3387/3387 4120/4120
f 4121/4121 4122/4122 4120/4120
f 4121/4121 4120/4120 3387/3387
f 4122/4122 4121/4121 4124/4124
f 4122/4122 4124/4124 4123/4123
f 4125/4125 4126/4126 4122/4122
f 4125/4125 4122/4122 4123/4123
f 4127/4127 4129/4129 4128/4128
f 4127/4127 4128/4128 4125/4125
f 4130/4130 4126/4126 4125/4125
f 4130/4130 4125/4125 4128/4128
f 4127/4127 4125/4125 4123/4123
f 4127/4127 4123/4123 4131/4131
f 4132/4132 4120/4120 4122/4122
f 4132/4132 4122/4122 4126/4126
f 4126/4126 4130/4130 4133/4133
f 4126/4126 4133/4133 4132/4132
f 4132/4132 4133/4133 4135/4135
f 4132/4132 4135/4135 4134/4134
f 4134/4134 4119/4119 4120/4120
f 4134/4134 4120/4120 4132/4132
f 4124/4124 4136/4136 4131/4131
f 4124/4124 4131/4131 4123/4123
f 3379/3379 4137/4137 4136/4136
f 3379/3379 4136/4136 4124/4124
f 4137/4137 4139/4139 4138/4138
f 4137/4137 4138/4138 4136/4136
f 4136/4136 4138/4138 4140/4140
f 4136/4136 4140/4140 4131/4131
f 3381/3381 3379/3379 4124/4124
f 3381/3381 4124/4124 4121/4121
f 3387/3387 3382/3382 3381/3381
f 3387/3387 3381/3381 4121/4121
f 4111/4111 4118/4118 4119/4119
f 4111/4111 4119/4119 4134/4134
f 3385/3385 4118/4118 4116/4116
f 3385/3385 4116/4116 4117/4117
f 3371/3371 4117/4117 3436/3436
f 3371/3371 3436/3436 3370/3370
f 3371/3371 3373/3373 3385/3385
f 3371/3371 3385/3385 4117/4117
f 4116/4116 4109/4109 4107/4107
f 4116/4116 4107/4107 4115/4115
f 4115/4115 4107/4107 4106/4106
f 4115/4115 4106/4106 4114/4114
f 4105/4105 4112/4112 4114/4114
f 4105/4105 4114/4114 4106/4106
f 3410/3410 3409/3409 3432/3432
f 3410/3410 3432/3432 3574/3574
f 3799/3799 3800/3800 3215/3215
f 3799/3799 3215/3215 3214/3214
f 3742/3742 4062/4062 4141/4141
f 3742/3742 4141/4141 3741/3741
f 4141/4141 4062/4062 4143/4143
f 4141/4141 4143/4143 4142/4142
f 4144/4144 4146/4146 4145/4145
f 4144/4144 4145/4145 4142/4142
f 4147/4147 4149/4149 4148/4148
f 4147/4147 4148/4148 4144/4144
f 4143/4143 4147/4147 4144/4144
f 4143/4143 4144/4144 4142/4142
f 4143/4143 4049/4049 4050/4050
f 4143/4143 4050/4050 4147/4147
f 4062/4062 4051/4051 4049/4049
f 4062/4062 4049/4049 4143/4143
f 4050/4050 4150/4150 4149/4149
f 4050/4050 4149/4149 4147/4147
f 4150/4150 4152/4152 4151/4151
f 4150/4150 4151/4151 4149/4149
f 4047/4047 4153/4153 4150/4150
f 4047/4047 4150/4150 4050/4050
f 4042/4042 4044/4044 4153/4153
f 4042/4042 4153/4153 4047/4047
f 4010/4010 4154/4154 4153/4153
f 4010/4010 4153/4153 4044/4044
f 4019/4019 4017/4017 4152/4152
f 4019/4019 4152/4152 4154/4154
f 4153/4153 4154/4154 4152/4152
f 4153/4153 4152/4152 4150/4150
f 4151/4151 4152/4152 4017/4017
f 4151/4151 4017/4017 4016/4016
f 4016/4016 4156/4156 4155/4155
f 4016/4016 4155/4155 4151/4151
f 4149/4149 4151/4151 4155/4155
f 4149/4149 4155/4155 4148/4148
f 4008/4008 4019/4019 4154/4154
f 4008/4008 4154/4154 4010/4010
f 4144/4144 4148/4148 4157/4157
f 4144/4144 4157/4157 4146/4146
f 4158/4158 4146/4146 4157/4157
f 4158/4158 4157/4157 4159/4159
f 4145/4145 4146/4146 4158/4158
f 4145/4145 4158/4158 4160/4160
f 4145/4145 4160/4160 4162/4162
f 4145/4145 4162/4162 4161/4161
f 4141/4141 4142/4142 4145/4145
f 4141/4141 4145/4145 4161/4161
f 3747/3747 3744/3744 4161/4161
f 3747/3747 4161/4161 4162/4162
f 3666/3666 4162/4162 4160/4160
f 3666/3666 4160/4160 3665/3665
f 4160/4160 4158/4158 3664/3664
f 4160/4160 3664/3664 3665/3665
f 3747/3747 4162/4162 3666/3666
f 3747/3747 3666/3666 3748/3748
f 4141/4141 4161/4161 3744/3744
f 4141/4141 3744/3744 3741/3741
f 4158/4158 4159/4159 4083/4083
f 4158/4158 4083/4083 3664/3664
f 4157/4157 4164/4164 4163/4163
f 4157/4157 4163/4163 4159/4159
f 4157/4157 4148/4148 4155/4155
f 4157/4157 4155/4155 4164/4164
f 4156/4156 4165/4165 4164/4164
f 4156/4156 4164/4164 4155/4155
f 4086/4086 4163/4163 4164/4164
f 4086/4086 4164/4164 4165/4165
f 4086/4086 4084/4084 4082/4082
f 4086/4086 4082/4082 4163/4163
f 4159/4159 4163/4163 4082/4082
f 4159/4159 4082/4082 4083/4083
f 4166/4166 4167/4167 4165/4165
f 4166/4166 4165/4165 4156/4156
f 4016/4016 4015/4015 4166/4166
f 4016/4016 4166/4166 4156/4156
f 4166/4166 4015/4015 3972/3972
f 4166/4166 3972/3972 3969/3969
f 4167/4167 4166/4166 3969/3969
f 4167/4167 3969/3969 3970/3970
f 4086/4086 4165/4165 4167/4167
f 4086/4086 4167/4167 4085/4085
f 3743/3743 3745/3745 3752/3752
f 3743/3743 3752/3752 4061/4061
f 3675/3675 3749/3749 3748/3748
f 3675/3675 3748/3748 3674/3674
f 3666/3666 3661/3661 3674/3674
f 3666/3666 3674/3674 3748/3748
f 4111/4111 4134/4134 4135/4135
f 4111/4111 4135/4135 4110/4110
f 4110/4110 4135/4135 3222/3222
f 4110/4110 3222/3222 3223/3223
f 3224/3224 3222/3222 4135/4135
f 3224/3224 4135/4135 4133/4133
f 4133/4133 4130/4130 4168/4168
f 4133/4133 4168/4168 3224/3224
f 4130/4130 4128/4128 4169/4169
f 4130/4130 4169/4169 4168/4168
f 4129/4129 4170/4170 4169/4169
f 4129/4129 4169/4169 4128/4128
f 4171/4171 4172/4172 4170/4170
f 4171/4171 4170/4170 4129/4129
f 4171/4171 4173/4173 3194/3194
f 4171/4171 3194/3194 4172/4172
f 4174/4174 4172/4172 3194/3194
f 4174/4174 3194/3194 3192/3192
f 4174/4174 4175/4175 4170/4170
f 4174/4174 4170/4170 4172/4172
f 4176/4176 4175/4175 4174/4174
f 4176/4176 4174/4174 3191/3191
f 4168/4168 4169/4169 4176/4176
f 4168/4168 4176/4176 4177/4177
f 3189/3189 4177/4177 4176/4176
f 3189/3189 4176/4176 3191/3191
f 3220/3220 4177/4177 3189/3189
f 3220/3220 3189/3189 3190/3190
f 4168/4168 4177/4177 3220/3220
f 4168/4168 3220/3220 3224/3224
f 4176/4176 4169/4169 4170/4170
f 4176/4176 4170/4170 4175/4175
f 4174/4174 3192/3192 3187/3187
f 4174/4174 3187/3187 3191/3191
f 4178/4178 4179/4179 4173/4173
f 4178/4178 4173/4173 4171/4171
f 4131/4131 4140/4140 4178/4178
f 4131/4131 4178/4178 4127/4127
f 4178/4178 4140/4140 4180/4180
f 4178/4178 4180/4180 4179/4179
f 4181/4181 4179/4179 4180/4180
f 4181/4181 4180/4180 4182/4182
f 4173/4173 4179/4179 4181/4181
f 4173/4173 4181/4181 4183/4183
f 4183/4183 3193/3193 3194/3194
f 4183/4183 3194/3194 4173/4173
f 4183/4183 4181/4181 4184/4184
f 4183/4183 4184/4184 3199/3199
f 3350/3350 4186/4186 4184/4184
f 3350/3350 4184/4184 4185/4185
f 3199/3199 4184/4184 4186/4186
f 3199/3199 4186/4186 3198/3198
f 4181/4181 4182/4182 4185/4185
f 4181/4181 4185/4185 4184/4184
f 3193/3193 4183/4183 3199/3199
f 3193/3193 3199/3199 3195/3195
f 4187/4187 4182/4182 4180/4180
f 4187/4187 4180/4180 4188/4188
f 4185/4185 4182/4182 4187/4187
f 4185/4185 4187/4187 4189/4189
f 3348/3348 3350/3350 4185/4185
f 3348/3348 4185/4185 4189/4189
f 4187/4187 4190/4190 3339/3339
f 4187/4187 3339/3339 4189/4189
f 3337/3337 3348/3348 4189/4189
f 3337/3337 4189/4189 3339/3339
f 4188/4188 4191/4191 4190/4190
f 4188/4188 4190/4190 4187/4187
f 4138/4138 4188/4188 4180/4180
f 4138/4138 4180/4180 4140/4140
f 4139/4139 4191/4191 4188/4188
f 4139/4139 4188/4188 4138/4138
f 4178/4178 4171/4171 4129/4129
f 4178/4178 4129/4129 4127/4127
f 3332/3332 3333/3333 3383/3383
f 3332/3332 3383/3383 3378/3378
f 4139/4139 4137/4137 3379/3379
f 4139/4139 3379/3379 3380/3380
f 3664/3664 4083/4083 3669/3669
f 3664/3664 3669/3669 3663/3663
f 3668/3668 3692/3692 3690/3690
f 3668/3668 3690/3690 3670/3670
f 3420/3420 3418/3418 3424/3424
f 3420/3420 3424/3424 3892/3892
f 4057/4057 3457/3457 4054/4054
f 4057/4057 4054/4054 4053/4053
f 4054/4054 3457/3457 3454/3454
f 4054/4054 3454/3454 4192/4192
f 3465/3465 4192/4192 3454/3454
f 3465/3465 3454/3454 3455/3455
f 4193/4193 4192/4192 3465/3465
f 4193/4193 3465/3465 4194/4194
f 4193/4193 4194/4194 3884/3884
f 4193/4193 3884/3884 4195/4195
f 3884/3884 3883/3883 3881/3881
f 3884/3884 3881/3881 4195/4195
f 4195/4195 3881/3881 3882/3882
f 4195/4195 3882/3882 4056/4056
f 4056/4056 4055/4055 4193/4193
f 4056/4056 4193/4193 4195/4195
f 3465/3465 3464/3464 4196/4196
f 3465/3465 4196/4196 4194/4194
f 4194/4194 4196/4196 3885/3885
f 4194/4194 3885/3885 3884/3884
f 3892/3892 4196/4196 3464/3464
f 3892/3892 3464/3464 3420/3420
f 3885/3885 4196/4196 3892/3892
f 3885/3885 3892/3892 3886/3886
f 4054/4054 4192/4192 4193/4193
f 4054/4054 4193/4193 4055/4055
f 4045/4045 4056/4056 3882/3882
f 4045/4045 3882/3882 4043/4043
f 3879/3879 4006/4006 4043/4043
f 3879/3879 4043/4043 3882/3882
f 4007/4007 4005/4005 4010/4010
f 4007/4007 4010/4010 4044/4044
f 4008/4008 4009/4009 4018/4018
f 4008/4008 4018/4018 4019/4019
f 3166/3166 3200/3200 3161/3161
f 3166/3166 3161/3161 3165/3165
f 3333/3333 3331/3331 3339/3339
f 3333/3333 3339/3339 4190/4190
f 3333/3333 4190/4190 4191/4191
f 3333/3333 4191/4191 3383/3383
f 4191/4191 4139/4139 3380/3380
f 4191/4191 3380/3380 3383/3383
f 4186/4186 4197/4197 3201/3201
f 4186/4186 3201/3201 3198/3198
f 3349/3349 4197/4197 4186/4186
f 3349/3349 4186/4186 3350/3350
f 3162/3162 4197/4197 3349/3349
f 3162/3162 3349/3349 3346/3346
f 3160/3160 3201/3201 4197/4197
f 3160/3160 4197/4197 3162/3162
f 3200/3200 3201/3201 3160/3160
f 3200/3200 3160/3160 3161/3161
f 3162/3162 3346/3346 3157/3157
f 3162/3162 3157/3157 3155/3155
f 3890/3890 3539/3539 3537/3537
f 3890/3890 3537/3537 3544/3544
f 3539/3539 3893/3893 4198/4198
f 3539/3539 4198/4198 3538/3538
f 4198/4198 3893/3893 3413/3413
f 4198/4198 3413/3413 3414/3414
f 4198/4198 3414/3414 3573/3573
f 4198/4198 3573/3573 3568/3568
f 4198/4198 3568/3568 3541/3541
f 4198/4198 3541/3541 3538/3538
f 3517/3517 3512/3512 3516/3516
f 3517/3517 3516/3516 3999/3999
f 3876/3876 3875/3875 4001/4001
f 3876/3876 4001/4001 3880/3880
f 3970/3970 4087/4087 4085/4085
f 3970/3970 4085/4085 4167/4167
f 3970/3970 3968/3968 3976/3976
f 3970/3970 3976/3976 4087/4087
f 4199/4199 4200/4200 4201/4201
f 4199/4199 4201/4201 4202/4202
f 4203/4203 4199/4199 4204/4204
f 4203/4203 4204/4204 4205/4205
f 4200/4200 4199/4199 4203/4203
f 4200/4200 4203/4203 4206/4206
f 4206/4206 4207/4207 4208/4208
f 4206/4206 4208/4208 4200/4200
f 4208/4208 4207/4207 4209/4209
f 4208/4208 4209/4209 4210/4210
f 4208/4208 4210/4210 4211/4211
f 4208/4208 4211/4211 4212/4212
f 4211/4211 4210/4210 4213/4213
f 4211/4211 4213/4213 4214/4214
f 4215/4215 4216/4216 4212/4212
f 4215/4215 4212/4212 4211/4211
f 4215/4215 4211/4211 4214/4214
f 4215/4215 4214/4214 4217/4217
f 4218/4218 4219/4219 4217/4217
f 4218/4218 4217/4217 4214/4214
f 4218/4218 4220/4220 4221/4221
f 4218/4218 4221/4221 4219/4219
f 4220/4220 4218/4218 4222/4222
f 4220/4220 4222/4222 4223/4223
f 4222/4222 4218/4218 4214/4214
f 4222/4222 4214/4214 4213/4213
f 4219/4219 4224/4224 4225/4225
f 4219/4219 4225/4225 4217/4217
f 4226/4226 4215/4215 4217/4217
f 4226/4226 4217/4217 4225/4225
f 4227/4227 4216/4216 4215/4215
f 4227/4227 4215/4215 4226/4226
f 4228/4228 4229/4229 4227/4227
f 4228/4228 4227/4227 4230/4230
f 4228/4228 4230/4230 4231/4231
f 4228/4228 4231/4231 4232/4232
f 4228/4228 4233/4233 4234/4234
f 4228/4228 4234/4234 4229/4229
f 4235/4235 4233/4233 4228/4228
f 4235/4235 4228/4228 4232/4232
f 4226/4226 4236/4236 4230/4230
f 4226/4226 4230/4230 4227/4227
f 4236/4236 4237/4237 4231/4231
f 4236/4236 4231/4231 4230/4230
f 4236/4236 4238/4238 4239/4239
f 4236/4236 4239/4239 4237/4237
f 4238/4238 4236/4236 4226/4226
f 4238/4238 4226/4226 4225/4225
f 4229/4229 4240/4240 4216/4216
f 4229/4229 4216/4216 4227/4227
f 4212/4212 4216/4216 4240/4240
f 4212/4212 4240/4240 4241/4241
f 4242/4242 4241/4241 4240/4240
f 4242/4242 4240/4240 4243/4243
f 4240/4240 4229/4229 4234/4234
f 4240/4240 4234/4234 4243/4243
f 4213/4213 4210/4210 4209/4209
f 4213/4213 4209/4209 4244/4244
f 4245/4245 4244/4244 4209/4209
f 4245/4245 4209/4209 4246/4246
f 4247/4247 4248/4248 4245/4245
f 4247/4247 4245/4245 4246/4246
f 4249/4249 4248/4248 4247/4247
f 4249/4249 4247/4247 4250/4250
f 4249/4249 4251/4251 4252/4252
f 4249/4249 4252/4252 4248/4248
f 4253/4253 4254/4254 4251/4251
f 4253/4253 4251/4251 4249/4249
f 4255/4255 4253/4253 4249/4249
f 4255/4255 4249/4249 4250/4250
f 4250/4250 4247/4247 4256/4256
f 4250/4250 4256/4256 4257/4257
f 4258/4258 4256/4256 4259/4259
f 4258/4258 4259/4259 4260/4260
f 4256/4256 4247/4247 4246/4246
f 4256/4256 4246/4246 4259/4259
f 4257/4257 4256/4256 4258/4258
f 4257/4257 4258/4258 4261/4261
f 4262/4262 4263/4263 4244/4244
f 4262/4262 4244/4244 4245/4245
f 4248/4248 4252/4252 4262/4262
f 4248/4248 4262/4262 4245/4245
f 4264/4264 4265/4265 4263/4263
f 4264/4264 4263/4263 4262/4262
f 4266/4266 4267/4267 4265/4265
f 4266/4266 4265/4265 4264/4264
f 4268/4268 4266/4266 4264/4264
f 4268/4268 4264/4264 4269/4269
f 4264/4264 4262/4262 4252/4252
f 4264/4264 4252/4252 4269/4269
f 4263/4263 4222/4222 4213/4213
f 4263/4263 4213/4213 4244/4244
f 4263/4263 4265/4265 4223/4223
f 4263/4263 4223/4223 4222/4222
f 4209/4209 4207/4207 4259/4259
f 4209/4209 4259/4259 4246/4246
f 4200/4200 4208/4208 4212/4212
f 4200/4200 4212/4212 4241/4241
f 4260/4260 4259/4259 4207/4207
f 4260/4260 4207/4207 4206/4206
f 4206/4206 4203/4203 4270/4270
f 4206/4206 4270/4270 4260/4260
f 4203/4203 4205/4205 4271/4271
f 4203/4203 4271/4271 4270/4270
f 4271/4271 4205/4205 4272/4272
f 4271/4271 4272/4272 4273/4273
f 4270/4270 4271/4271 4274/4274
f 4270/4270 4274/4274 4275/4275
f 4274/4274 4276/4276 4277/4277
f 4274/4274 4277/4277 4278/4278
f 4271/4271 4273/4273 4276/4276
f 4271/4271 4276/4276 4274/4274
f 4273/4273 4279/4279 4280/4280
f 4273/4273 4280/4280 4276/4276
f 4280/4280 4279/4279 4281/4281
f 4280/4280 4281/4281 4282/4282
f 4281/4281 4279/4279 4283/4283
f 4281/4281 4283/4283 4284/4284
f 4283/4283 4279/4279 4273/4273
f 4283/4283 4273/4273 4272/4272
f 4285/4285 4277/4277 4276/4276
f 4285/4285 4276/4276 4280/4280
f 4280/4280 4282/4282 4286/4286
f 4280/4280 4286/4286 4285/4285
f 4286/4286 4287/4287 4288/4288
f 4286/4286 4288/4288 4285/4285
f 4286/4286 4289/4289 4290/4290
f 4286/4286 4290/4290 4287/4287
f 4286/4286 4282/4282 4291/4291
f 4286/4286 4291/4291 4289/4289
f 4277/4277 4285/4285 4288/4288
f 4277/4277 4288/4288 4292/4292
f 4277/4277 4292/4292 4293/4293
f 4277/4277 4293/4293 4278/4278
f 4275/4275 4274/4274 4278/4278
f 4275/4275 4278/4278 4294/4294
f 4260/4260 4270/4270 4275/4275
f 4260/4260 4275/4275 4258/4258
f 4261/4261 4258/4258 4275/4275
f 4261/4261 4275/4275 4294/4294
f 4295/4295 4261/4261 4294/4294
f 4295/4295 4294/4294 4296/4296
f 4295/4295 4297/4297 4257/4257
f 4295/4295 4257/4257 4261/4261
f 4298/4298 4297/4297 4295/4295
f 4298/4298 4295/4295 4296/4296
f 4298/4298 4296/4296 4299/4299
f 4294/4294 4278/4278 4293/4293
f 4294/4294 4293/4293 4296/4296
f 4205/4205 4204/4204 4300/4300
f 4205/4205 4300/4300 4272/4272
f 4301/4301 4302/4302 4300/4300
f 4301/4301 4300/4300 4204/4204
f 4301/4301 4303/4303 4304/4304
f 4301/4301 4304/4304 4302/4302
f 4202/4202 4305/4305 4303/4303
f 4202/4202 4303/4303 4301/4301
f 4204/4204 4199/4199 4202/4202
f 4204/4204 4202/4202 4301/4301
f 4201/4201 4306/4306 4305/4305
f 4201/4201 4305/4305 4202/4202
f 4306/4306 4201/4201 4242/4242
f 4306/4306 4242/4242 4243/4243
f 4242/4242 4201/4201 4200/4200
f 4242/4242 4200/4200 4241/4241
f 4306/4306 4307/4307 4308/4308
f 4306/4306 4308/4308 4305/4305
f 4308/4308 4309/4309 4303/4303
f 4308/4308 4303/4303 4305/4305
f 4303/4303 4309/4309 4310/4310
f 4303/4303 4310/4310 4304/4304
f 4310/4310 4311/4311 4312/4312
f 4310/4310 4312/4312 4304/4304
f 4313/4313 4312/4312 4311/4311
f 4313/4313 4311/4311 4314/4314
f 4311/4311 4315/4315 4316/4316
f 4311/4311 4316/4316 4314/4314
f 4310/4310 4317/4317 4315/4315
f 4310/4310 4315/4315 4311/4311
f 4312/4312 4318/4318 4302/4302
f 4312/4312 4302/4302 4304/4304
f 4310/4310 4309/4309 4319/4319
f 4310/4310 4319/4319 4317/4317
f 4319/4319 4320/4320 4321/4321
f 4319/4319 4321/4321 4317/4317
f 4319/4319 4322/4322 4323/4323
f 4319/4319 4323/4323 4320/4320
f 4308/4308 4322/4322 4319/4319
f 4308/4308 4319/4319 4309/4309
f 4283/4283 4272/4272 4300/4300
f 4283/4283 4300/4300 4324/4324
f 4318/4318 4325/4325 4326/4326
f 4318/4318 4326/4326 4324/4324
f 4325/4325 4327/4327 4328/4328
f 4325/4325 4328/4328 4326/4326
f 4328/4328 4327/4327 4329/4329
f 4328/4328 4329/4329 4330/4330
f 4329/4329 4327/4327 4331/4331
f 4329/4329 4331/4331 4332/4332
f 4325/4325 4313/4313 4331/4331
f 4325/4325 4331/4331 4327/4327
f 4284/4284 4326/4326 4328/4328
f 4284/4284 4328/4328 4333/4333
f 4283/4283 4324/4324 4326/4326
f 4283/4283 4326/4326 4284/4284
f 4318/4318 4312/4312 4313/4313
f 4318/4318 4313/4313 4325/4325
f 4302/4302 4318/4318 4324/4324
f 4302/4302 4324/4324 4300/4300
f 4334/4334 4335/4335 4336/4336
f 4334/4334 4336/4336 4337/4337
f 4335/4335 4334/4334 4338/4338
f 4335/4335 4338/4338 4339/4339
f 4338/4338 4340/4340 4341/4341
f 4338/4338 4341/4341 4342/4342
f 4340/4340 4343/4343 4344/4344
f 4340/4340 4344/4344 4341/4341
f 4345/4345 4346/4346 4347/4347
f 4345/4345 4347/4347 4343/4343
f 4345/4345 4348/4348 4349/4349
f 4345/4345 4349/4349 4346/4346
f 4350/4350 4351/4351 4349/4349
f 4350/4350 4349/4349 4348/4348
f 4351/4351 4350/4350 4352/4352
f 4351/4351 4352/4352 4353/4353
f 4353/4353 4354/4354 4355/4355
f 4353/4353 4355/4355 4351/4351
f 4356/4356 4357/4357 4354/4354
f 4356/4356 4354/4354 4353/4353
f 4356/4356 4358/4358 4359/4359
f 4356/4356 4359/4359 4357/4357
f 4360/4360 4361/4361 4358/4358
f 4360/4360 4358/4358 4356/4356
f 4360/4360 4356/4356 4353/4353
f 4360/4360 4353/4353 4352/4352
f 4354/4354 4362/4362 4363/4363
f 4354/4354 4363/4363 4355/4355
f 4354/4354 4357/4357 4364/4364
f 4354/4354 4364/4364 4362/4362
f 4349/4349 4351/4351 4355/4355
f 4349/4349 4355/4355 4365/4365
f 4365/4365 4366/4366 4346/4346
f 4365/4365 4346/4346 4349/4349
f 4366/4366 4365/4365 4367/4367
f 4366/4366 4367/4367 4368/4368
f 4365/4365 4355/4355 4363/4363
f 4365/4365 4363/4363 4367/4367
f 4366/4366 4369/4369 4347/4347
f 4366/4366 4347/4347 4346/4346
f 4370/4370 4371/4371 4352/4352
f 4370/4370 4352/4352 4350/4350
f 4337/4337 4372/4372 4370/4370
f 4337/4337 4370/4370 4373/4373
f 4337/4337 4373/4373 4374/4374
f 4337/4337 4374/4374 4334/4334
f 4345/4345 4374/4374 4373/4373
f 4345/4345 4373/4373 4348/4348
f 4370/4370 4350/4350 4348/4348
f 4370/4370 4348/4348 4373/4373
f 4372/4372 4337/4337 4336/4336
f 4372/4372 4336/4336 4375/4375
f 4370/4370 4372/4372 4376/4376
f 4370/4370 4376/4376 4371/4371
f 4372/4372 4375/4375 4377/4377
f 4372/4372 4377/4377 4376/4376
f 4378/4378 4379/4379 4375/4375
f 4378/4378 4375/4375 4336/4336
f 4335/4335 4380/4380 4378/4378
f 4335/4335 4378/4378 4336/4336
f 4374/4374 4345/4345 4343/4343
f 4374/4374 4343/4343 4340/4340
f 4344/4344 4343/4343 4347/4347
f 4344/4344 4347/4347 4381/4381
f 4382/4382 4383/4383 4344/4344
f 4382/4382 4344/4344 4381/4381
f 4381/4381 4384/4384 4385/4385
f 4381/4381 4385/4385 4382/4382
f 4347/4347 4369/4369 4384/4384
f 4347/4347 4384/4384 4381/4381
f 4385/4385 4384/4384 4386/4386
f 4385/4385 4386/4386 4387/4387
f 4388/4388 4382/4382 4385/4385
f 4388/4388 4385/4385 4389/4389
f 4383/4383 4382/4382 4388/4388
f 4383/4383 4388/4388 4390/4390
f 4391/4391 4392/4392 4390/4390
f 4391/4391 4390/4390 4388/4388
f 4388/4388 4389/4389 4393/4393
f 4388/4388 4393/4393 4391/4391
f 4389/4389 4385/4385 4387/4387
f 4389/4389 4387/4387 4394/4394
f 4395/4395 4396/4396 4394/4394
f 4395/4395 4394/4394 4387/4387
f 4387/4387 4386/4386 4397/4397
f 4387/4387 4397/4397 4395/4395
f 4386/4386 4384/4384 4369/4369
f 4386/4386 4369/4369 4398/4398
f 4369/4369 4366/4366 4368/4368
f 4369/4369 4368/4368 4398/4398
f 4399/4399 4397/4397 4386/4386
f 4399/4399 4386/4386 4398/4398
f 4397/4397 4399/4399 4400/4400
f 4397/4397 4400/4400 4401/4401
f 4400/4400 4399/4399 4402/4402
f 4400/4400 4402/4402 4403/4403
f 4399/4399 4398/4398 4368/4368
f 4399/4399 4368/4368 4402/4402
f 4341/4341 4344/4344 4383/4383
f 4341/4341 4383/4383 4404/4404
f 4341/4341 4404/4404 4405/4405
f 4341/4341 4405/4405 4342/4342
f 4405/4405 4404/4404 4406/4406
f 4405/4405 4406/4406 4407/4407
f 4408/4408 4342/4342 4405/4405
f 4408/4408 4405/4405 4409/4409
f 4410/4410 4339/4339 4408/4408
f 4410/4410 4408/4408 4411/4411
f 4410/4410 4412/4412 4413/4413
f 4410/4410 4413/4413 4414/4414
f 4410/4410 4411/4411 4415/4415
f 4410/4410 4415/4415 4412/4412
f 4335/4335 4339/4339 4410/4410
f 4335/4335 4410/4410 4414/4414
f 4409/4409 4416/4416 4411/4411
f 4409/4409 4411/4411 4408/4408
f 4417/4417 4416/4416 4409/4409
f 4417/4417 4409/4409 4418/4418
f 4407/4407 4418/4418 4409/4409
f 4407/4407 4409/4409 4405/4405
f 4408/4408 4339/4339 4338/4338
f 4408/4408 4338/4338 4342/4342
f 4407/4407 4406/4406 4419/4419
f 4407/4407 4419/4419 4420/4420
f 4421/4421 4419/4419 4392/4392
f 4421/4421 4392/4392 4422/4422
f 4423/4423 4421/4421 4424/4424
f 4423/4423 4424/4424 4425/4425
f 4424/4424 4421/4421 4422/4422
f 4424/4424 4422/4422 4426/4426
f 4423/4423 4420/4420 4419/4419
f 4423/4423 4419/4419 4421/4421
f 4392/4392 4419/4419 4406/4406
f 4392/4392 4406/4406 4390/4390
f 4390/4390 4406/4406 4404/4404
f 4390/4390 4404/4404 4383/4383
f 4338/4338 4334/4334 4374/4374
f 4338/4338 4374/4374 4340/4340
f 4335/4335 4414/4414 4427/4427
f 4335/4335 4427/4427 4380/4380
f 4428/4428 4380/4380 4427/4427
f 4428/4428 4427/4427 4429/4429
f 4428/4428 4430/4430 4431/4431
f 4428/4428 4431/4431 4432/4432
f 4433/4433 4434/4434 4431/4431
f 4433/4433 4431/4431 4430/4430
f 4433/4433 4435/4435 4436/4436
f 4433/4433 4436/4436 4434/4434
f 4437/4437 4435/4435 4438/4438
f 4437/4437 4438/4438 4439/4439
f 4437/4437 4440/4440 4436/4436
f 4437/4437 4436/4436 4435/4435
f 4441/4441 4442/4442 4436/4436
f 4441/4441 4436/4436 4440/4440
f 4441/4441 4443/4443 4444/4444
f 4441/4441 4444/4444 4442/4442
f 4445/4445 4444/4444 4443/4443
f 4445/4445 4443/4443 4446/4446
f 4447/4447 4445/4445 4448/4448
f 4447/4447 4448/4448 4449/4449
f 4446/4446 4450/4450 4448/4448
f 4446/4446 4448/4448 4445/4445
f 4447/4447 4451/4451 4444/4444
f 4447/4447 4444/4444 4445/4445
f 4239/4239 4452/4452 4446/4446
f 4239/4239 4446/4446 4443/4443
f 4450/4450 4446/4446 4452/4452
f 4450/4450 4452/4452 4453/4453
f 4454/4454 4453/4453 4452/4452
f 4454/4454 4452/4452 4455/4455
f 4238/4238 4455/4455 4452/4452
f 4238/4238 4452/4452 4239/4239
f 4443/4443 4441/4441 4237/4237
f 4443/4443 4237/4237 4239/4239
f 4456/4456 4434/4434 4436/4436
f 4456/4456 4436/4436 4442/4442
f 4456/4456 4451/4451 4457/4457
f 4456/4456 4457/4457 4458/4458
f 4456/4456 4442/4442 4444/4444
f 4456/4456 4444/4444 4451/4451
f 4434/4434 4456/4456 4458/4458
f 4434/4434 4458/4458 4431/4431
f 4237/4237 4441/4441 4440/4440
f 4237/4237 4440/4440 4231/4231
f 4437/4437 4232/4232 4231/4231
f 4437/4437 4231/4231 4440/4440
f 4235/4235 4232/4232 4437/4437
f 4235/4235 4437/4437 4439/4439
f 4459/4459 4235/4235 4439/4439
f 4459/4459 4439/4439 4460/4460
f 4235/4235 4459/4459 4461/4461
f 4235/4235 4461/4461 4233/4233
f 4234/4234 4233/4233 4461/4461
f 4234/4234 4461/4461 4307/4307
f 4307/4307 4461/4461 4322/4322
f 4307/4307 4322/4322 4308/4308
f 4461/4461 4459/4459 4323/4323
f 4461/4461 4323/4323 4322/4322
f 4462/4462 4323/4323 4459/4459
f 4462/4462 4459/4459 4460/4460
f 4462/4462 4460/4460 4463/4463
f 4462/4462 4463/4463 4464/4464
f 4460/4460 4439/4439 4438/4438
f 4460/4460 4438/4438 4463/4463
f 4464/4464 4463/4463 4465/4465
f 4464/4464 4465/4465 4466/4466
f 4467/4467 4468/4468 4462/4462
f 4467/4467 4462/4462 4464/4464
f 4467/4467 4464/4464 4466/4466
f 4467/4467 4466/4466 4469/4469
f 4323/4323 4462/4462 4468/4468
f 4323/4323 4468/4468 4320/4320
f 4438/4438 4435/4435 4433/4433
f 4438/4438 4433/4433 4470/4470
f 4470/4470 4433/4433 4430/4430
f 4470/4470 4430/4430 4471/4471
f 4472/4472 4465/4465 4470/4470
f 4472/4472 4470/4470 4471/4471
f 4473/4473 4474/4474 4472/4472
f 4473/4473 4472/4472 4475/4475
f 4476/4476 4477/4477 4474/4474
f 4476/4476 4474/4474 4473/4473
f 4476/4476 4478/4478 4479/4479
f 4476/4476 4479/4479 4480/4480
f 4473/4473 4481/4481 4478/4478
f 4473/4473 4478/4478 4476/4476
f 4482/4482 4477/4477 4476/4476
f 4482/4482 4476/4476 4480/4480
f 4474/4474 4466/4466 4465/4465
f 4474/4474 4465/4465 4472/4472
f 4469/4469 4466/4466 4474/4474
f 4469/4469 4474/4474 4477/4477
f 4481/4481 4473/4473 4475/4475
f 4481/4481 4475/4475 4483/4483
f 4429/4429 4475/4475 4472/4472
f 4429/4429 4472/4472 4471/4471
f 4427/4427 4483/4483 4475/4475
f 4427/4427 4475/4475 4429/4429
f 4429/4429 4471/4471 4430/4430
f 4429/4429 4430/4430 4428/4428
f 4470/4470 4465/4465 4463/4463
f 4470/4470 4463/4463 4438/4438
f 4378/4378 4432/4432 4484/4484
f 4378/4378 4484/4484 4379/4379
f 4484/4484 4485/4485 4486/4486
f 4484/4484 4486/4486 4379/4379
f 4484/4484 4458/4458 4457/4457
f 4484/4484 4457/4457 4485/4485
f 4485/4485 4487/4487 4488/4488
f 4485/4485 4488/4488 4486/4486
f 4488/4488 4487/4487 4489/4489
f 4488/4488 4489/4489 4490/4490
f 4377/4377 4486/4486 4488/4488
f 4377/4377 4488/4488 4491/4491
f 4379/4379 4486/4486 4377/4377
f 4379/4379 4377/4377 4375/4375
f 4492/4492 4376/4376 4377/4377
f 4492/4492 4377/4377 4491/4491
f 4371/4371 4376/4376 4492/4492
f 4371/4371 4492/4492 4493/4493
f 4493/4493 4494/4494 4361/4361
f 4493/4493 4361/4361 4360/4360
f 4495/4495 4494/4494 4493/4493
f 4495/4495 4493/4493 4492/4492
f 4371/4371 4493/4493 4360/4360
f 4371/4371 4360/4360 4352/4352
f 4491/4491 4496/4496 4495/4495
f 4491/4491 4495/4495 4492/4492
f 4495/4495 4496/4496 4497/4497
f 4495/4495 4497/4497 4498/4498
f 4499/4499 4497/4497 4496/4496
f 4499/4499 4496/4496 4490/4490
f 4488/4488 4490/4490 4496/4496
f 4488/4488 4496/4496 4491/4491
f 4499/4499 4490/4490 4489/4489
f 4499/4499 4489/4489 4500/4500
f 4501/4501 4500/4500 4502/4502
f 4501/4501 4502/4502 4503/4503
f 4501/4501 4503/4503 4504/4504
f 4501/4501 4504/4504 4505/4505
f 4506/4506 4504/4504 4503/4503
f 4506/4506 4503/4503 4507/4507
f 4503/4503 4502/4502 4508/4508
f 4503/4503 4508/4508 4507/4507
f 4501/4501 4505/4505 4509/4509
f 4501/4501 4509/4509 4510/4510
f 4509/4509 4505/4505 4511/4511
f 4509/4509 4511/4511 4512/4512
f 4511/4511 4505/4505 4504/4504
f 4511/4511 4504/4504 4513/4513
f 4510/4510 4499/4499 4500/4500
f 4510/4510 4500/4500 4501/4501
f 4489/4489 4514/4514 4502/4502
f 4489/4489 4502/4502 4500/4500
f 4515/4515 4514/4514 4489/4489
f 4515/4515 4489/4489 4487/4487
f 4447/4447 4449/4449 4514/4514
f 4447/4447 4514/4514 4515/4515
f 4457/4457 4451/4451 4447/4447
f 4457/4457 4447/4447 4515/4515
f 4457/4457 4515/4515 4487/4487
f 4457/4457 4487/4487 4485/4485
f 4449/4449 4508/4508 4502/4502
f 4449/4449 4502/4502 4514/4514
f 4484/4484 4432/4432 4431/4431
f 4484/4484 4431/4431 4458/4458
f 4380/4380 4428/4428 4432/4432
f 4380/4380 4432/4432 4378/4378
f 4427/4427 4414/4414 4413/4413
f 4427/4427 4413/4413 4483/4483
f 4512/4512 4516/4516 4517/4517
f 4512/4512 4517/4517 4509/4509
f 4518/4518 4517/4517 4519/4519
f 4518/4518 4519/4519 4520/4520
f 4510/4510 4518/4518 4497/4497
f 4510/4510 4497/4497 4499/4499
f 4520/4520 4498/4498 4497/4497
f 4520/4520 4497/4497 4518/4518
f 4521/4521 4498/4498 4520/4520
f 4521/4521 4520/4520 4522/4522
f 4521/4521 4523/4523 4361/4361
f 4521/4521 4361/4361 4494/4494
f 4361/4361 4523/4523 4524/4524
f 4361/4361 4524/4524 4358/4358
f 4525/4525 4526/4526 4527/4527
f 4525/4525 4527/4527 4524/4524
f 4528/4528 4529/4529 4526/4526
f 4528/4528 4526/4526 4525/4525
f 4530/4530 4531/4531 4529/4529
f 4530/4530 4529/4529 4528/4528
f 4532/4532 4533/4533 4531/4531
f 4532/4532 4531/4531 4530/4530
f 4532/4532 4534/4534 4535/4535
f 4532/4532 4535/4535 4533/4533
f 4536/4536 4534/4534 4532/4532
f 4536/4536 4532/4532 4537/4537
f 4538/4538 4537/4537 4532/4532
f 4538/4538 4532/4532 4530/4530
f 4529/4529 4531/4531 4539/4539
f 4529/4529 4539/4539 4540/4540
f 4531/4531 4533/4533 4541/4541
f 4531/4531 4541/4541 4539/4539
f 4542/4542 4538/4538 4530/4530
f 4542/4542 4530/4530 4528/4528
f 4543/4543 4522/4522 4544/4544
f 4543/4543 4544/4544 4542/4542
f 4525/4525 4543/4543 4542/4542
f 4525/4525 4542/4542 4528/4528
f 4544/4544 4545/4545 4538/4538
f 4544/4544 4538/4538 4542/4542
f 4529/4529 4540/4540 4546/4546
f 4529/4529 4546/4546 4526/4526
f 4527/4527 4526/4526 4546/4546
f 4527/4527 4546/4546 4547/4547
f 4524/4524 4527/4527 4359/4359
f 4524/4524 4359/4359 4358/4358
f 4359/4359 4527/4527 4547/4547
f 4359/4359 4547/4547 4548/4548
f 4549/4549 4547/4547 4546/4546
f 4549/4549 4546/4546 4540/4540
f 4550/4550 4549/4549 4540/4540
f 4550/4550 4540/4540 4539/4539
f 4549/4549 4551/4551 4548/4548
f 4549/4549 4548/4548 4547/4547
f 4551/4551 4549/4549 4550/4550
f 4551/4551 4550/4550 4552/4552
f 4523/4523 4543/4543 4525/4525
f 4523/4523 4525/4525 4524/4524
f 4521/4521 4522/4522 4543/4543
f 4521/4521 4543/4543 4523/4523
f 4495/4495 4498/4498 4521/4521
f 4495/4495 4521/4521 4494/4494
f 4519/4519 4544/4544 4522/4522
f 4519/4519 4522/4522 4520/4520
f 4553/4553 4545/4545 4544/4544
f 4553/4553 4544/4544 4519/4519
f 4554/4554 4545/4545 4553/4553
f 4554/4554 4553/4553 4555/4555
f 4554/4554 4537/4537 4538/4538
f 4554/4554 4538/4538 4545/4545
f 4556/4556 4536/4536 4537/4537
f 4556/4556 4537/4537 4554/4554
f 4556/4556 4557/4557 4558/4558
f 4556/4556 4558/4558 4559/4559
f 4557/4557 4555/4555 4560/4560
f 4557/4557 4560/4560 4561/4561
f 4553/4553 4516/4516 4560/4560
f 4553/4553 4560/4560 4555/4555
f 4562/4562 4563/4563 4561/4561
f 4562/4562 4561/4561 4560/4560
f 4564/4564 4562/4562 4560/4560
f 4564/4564 4560/4560 4516/4516
f 4556/4556 4554/4554 4555/4555
f 4556/4556 4555/4555 4557/4557
f 4565/4565 4558/4558 4557/4557
f 4565/4565 4557/4557 4561/4561
f 4565/4565 4566/4566 4567/4567
f 4565/4565 4567/4567 4568/4568
f 4567/4567 4566/4566 4569/4569
f 4567/4567 4569/4569 4570/4570
f 4563/4563 4571/4571 4569/4569
f 4563/4563 4569/4569 4566/4566
f 4566/4566 4565/4565 4561/4561
f 4566/4566 4561/4561 4563/4563
f 4572/4572 4573/4573 4568/4568
f 4572/4572 4568/4568 4567/4567
f 4568/4568 4574/4574 4558/4558
f 4568/4568 4558/4558 4565/4565
f 4568/4568 4573/4573 4575/4575
f 4568/4568 4575/4575 4574/4574
f 4576/4576 4577/4577 4559/4559
f 4576/4576 4559/4559 4578/4578
f 4577/4577 4576/4576 4579/4579
f 4577/4577 4579/4579 4580/4580
f 4559/4559 4577/4577 4536/4536
f 4559/4559 4536/4536 4556/4556
f 4577/4577 4580/4580 4534/4534
f 4577/4577 4534/4534 4536/4536
f 4581/4581 4582/4582 4579/4579
f 4581/4581 4579/4579 4583/4583
f 4576/4576 4584/4584 4583/4583
f 4576/4576 4583/4583 4579/4579
f 4579/4579 4582/4582 4585/4585
f 4579/4579 4585/4585 4580/4580
f 4586/4586 4584/4584 4576/4576
f 4586/4586 4576/4576 4578/4578
f 4587/4587 4588/4588 4586/4586
f 4587/4587 4586/4586 4575/4575
f 4574/4574 4575/4575 4586/4586
f 4574/4574 4586/4586 4578/4578
f 4586/4586 4588/4588 4589/4589
f 4586/4586 4589/4589 4584/4584
f 4578/4578 4559/4559 4558/4558
f 4578/4578 4558/4558 4574/4574
f 4519/4519 4517/4517 4516/4516
f 4519/4519 4516/4516 4553/4553
f 4517/4517 4518/4518 4510/4510
f 4517/4517 4510/4510 4509/4509
f 4516/4516 4512/4512 4590/4590
f 4516/4516 4590/4590 4564/4564
f 4564/4564 4590/4590 4591/4591
f 4564/4564 4591/4591 4592/4592
f 4592/4592 4591/4591 4593/4593
f 4592/4592 4593/4593 4594/4594
f 4594/4594 4595/4595 4596/4596
f 4594/4594 4596/4596 4592/4592
f 4594/4594 4597/4597 4598/4598
f 4594/4594 4598/4598 4595/4595
f 4598/4598 4597/4597 4599/4599
f 4598/4598 4599/4599 4600/4600
f 4598/4598 4600/4600 4601/4601
f 4598/4598 4601/4601 4602/4602
f 4600/4600 4603/4603 4604/4604
f 4600/4600 4604/4604 4601/4601
f 4604/4604 4603/4603 4605/4605
f 4604/4604 4605/4605 4606/4606
f 4607/4607 4601/4601 4604/4604
f 4607/4607 4604/4604 4608/4608
f 4609/4609 4610/4610 4607/4607
f 4609/4609 4607/4607 4611/4611
f 4608/4608 4612/4612 4611/4611
f 4608/4608 4611/4611 4607/4607
f 4602/4602 4601/4601 4607/4607
f 4602/4602 4607/4607 4610/4610
f 4604/4604 4606/4606 4613/4613
f 4604/4604 4613/4613 4608/4608
f 4606/4606 4605/4605 4614/4614
f 4606/4606 4614/4614 4615/4615
f 4615/4615 4616/4616 4613/4613
f 4615/4615 4613/4613 4606/4606
f 4617/4617 4618/4618 4605/4605
f 4617/4617 4605/4605 4603/4603
f 4617/4617 4619/4619 4620/4620
f 4617/4617 4620/4620 4618/4618
f 4621/4621 4622/4622 4620/4620
f 4621/4621 4620/4620 4619/4619
f 4623/4623 4621/4621 4619/4619
f 4623/4623 4619/4619 4624/4624
f 4624/4624 4619/4619 4617/4617
f 4624/4624 4617/4617 4599/4599
f 4605/4605 4618/4618 4625/4625
f 4605/4605 4625/4625 4614/4614
f 4626/4626 4625/4625 4618/4618
f 4626/4626 4618/4618 4620/4620
f 4600/4600 4599/4599 4617/4617
f 4600/4600 4617/4617 4603/4603
f 4602/4602 4627/4627 4595/4595
f 4602/4602 4595/4595 4598/4598
f 4628/4628 4627/4627 4602/4602
f 4628/4628 4602/4602 4610/4610
f 4628/4628 4569/4569 4571/4571
f 4628/4628 4571/4571 4627/4627
f 4569/4569 4628/4628 4629/4629
f 4569/4569 4629/4629 4570/4570
f 4609/4609 4630/4630 4631/4631
f 4609/4609 4631/4631 4629/4629
f 4632/4632 4633/4633 4630/4630
f 4632/4632 4630/4630 4634/4634
f 4609/4609 4611/4611 4634/4634
f 4609/4609 4634/4634 4630/4630
f 4635/4635 4631/4631 4630/4630
f 4635/4635 4630/4630 4633/4633
f 4628/4628 4610/4610 4609/4609
f 4628/4628 4609/4609 4629/4629
f 4636/4636 4570/4570 4629/4629
f 4636/4636 4629/4629 4631/4631
f 4635/4635 4637/4637 4636/4636
f 4635/4635 4636/4636 4631/4631
f 4636/4636 4572/4572 4567/4567
f 4636/4636 4567/4567 4570/4570
f 4636/4636 4637/4637 4638/4638
f 4636/4636 4638/4638 4572/4572
f 4596/4596 4595/4595 4627/4627
f 4596/4596 4627/4627 4571/4571
f 4562/4562 4596/4596 4571/4571
f 4562/4562 4571/4571 4563/4563
f 4564/4564 4592/4592 4596/4596
f 4564/4564 4596/4596 4562/4562
f 4639/4639 4624/4624 4599/4599
f 4639/4639 4599/4599 4597/4597
f 4639/4639 4640/4640 4623/4623
f 4639/4639 4623/4623 4624/4624
f 4640/4640 4641/4641 4642/4642
f 4640/4640 4642/4642 4623/4623
f 4640/4640 4643/4643 4644/4644
f 4640/4640 4644/4644 4641/4641
f 4645/4645 4644/4644 4643/4643
f 4645/4645 4643/4643 4646/4646
f 4647/4647 4648/4648 4644/4644
f 4647/4647 4644/4644 4645/4645
f 4649/4649 4650/4650 4647/4647
f 4649/4649 4647/4647 4645/4645
f 4651/4651 4649/4649 4645/4645
f 4651/4651 4645/4645 4646/4646
f 4593/4593 4591/4591 4646/4646
f 4593/4593 4646/4646 4643/4643
f 4639/4639 4593/4593 4643/4643
f 4639/4639 4643/4643 4640/4640
f 4593/4593 4639/4639 4597/4597
f 4593/4593 4597/4597 4594/4594
f 4641/4641 4652/4652 4653/4653
f 4641/4641 4653/4653 4642/4642
f 4654/4654 4653/4653 4652/4652
f 4654/4654 4652/4652 4655/4655
f 4654/4654 4656/4656 4657/4657
f 4654/4654 4657/4657 4653/4653
f 4658/4658 4659/4659 4656/4656
f 4658/4658 4656/4656 4654/4654
f 4655/4655 4660/4660 4658/4658
f 4655/4655 4658/4658 4654/4654
f 4652/4652 4648/4648 4661/4661
f 4652/4652 4661/4661 4655/4655
f 4662/4662 4663/4663 4661/4661
f 4662/4662 4661/4661 4664/4664
f 4647/4647 4664/4664 4661/4661
f 4647/4647 4661/4661 4648/4648
f 4660/4660 4655/4655 4661/4661
f 4660/4660 4661/4661 4663/4663
f 4648/4648 4652/4652 4641/4641
f 4648/4648 4641/4641 4644/4644
f 4623/4623 4642/4642 4665/4665
f 4623/4623 4665/4665 4621/4621
f 4665/4665 4666/4666 4622/4622
f 4665/4665 4622/4622 4621/4621
f 4667/4667 4666/4666 4665/4665
f 4667/4667 4665/4665 4657/4657
f 4642/4642 4653/4653 4657/4657
f 4642/4642 4657/4657 4665/4665
f 4590/4590 4651/4651 4646/4646
f 4590/4590 4646/4646 4591/4591
f 4512/4512 4511/4511 4651/4651
f 4512/4512 4651/4651 4590/4590
f 4668/4668 4669/4669 4670/4670
f 4668/4668 4670/4670 4671/4671
f 4672/4672 4668/4668 4673/4673
f 4672/4672 4673/4673 4674/4674
f 4672/4672 4674/4674 4675/4675
f 4672/4672 4675/4675 4676/4676
f 4674/4674 4677/4677 4678/4678
f 4674/4674 4678/4678 4675/4675
f 4679/4679 4678/4678 4677/4677
f 4679/4679 4677/4677 4680/4680
f 4681/4681 4678/4678 4679/4679
f 4681/4681 4679/4679 4682/4682
f 4681/4681 4683/4683 4675/4675
f 4681/4681 4675/4675 4678/4678
f 4683/4683 4684/4684 4676/4676
f 4683/4683 4676/4676 4675/4675
f 4685/4685 4676/4676 4684/4684
f 4685/4685 4684/4684 4686/4686
f 4687/4687 4685/4685 4686/4686
f 4687/4687 4688/4688 4689/4689
f 4687/4687 4689/4689 4685/4685
f 4690/4690 4688/4688 4687/4687
f 4690/4690 4687/4687 4691/4691
f 4691/4691 4687/4687 4686/4686
f 4691/4691 4686/4686 4692/4692
f 4689/4689 4672/4672 4676/4676
f 4689/4689 4676/4676 4685/4685
f 4692/4692 4686/4686 4684/4684
f 4692/4692 4684/4684 4693/4693
f 4694/4694 4693/4693 4684/4684
f 4694/4694 4684/4684 4683/4683
f 4695/4695 4696/4696 4694/4694
f 4695/4695 4694/4694 4697/4697
f 4681/4681 4697/4697 4694/4694
f 4681/4681 4694/4694 4683/4683
f 4698/4698 4693/4693 4694/4694
f 4698/4698 4694/4694 4696/4696
f 4699/4699 4692/4692 4693/4693
f 4699/4699 4693/4693 4698/4698
f 4700/4700 4699/4699 4698/4698
f 4700/4700 4698/4698 4701/4701
f 4702/4702 4691/4691 4692/4692
f 4702/4702 4692/4692 4699/4699
f 4699/4699 4700/4700 4703/4703
f 4699/4699 4703/4703 4702/4702
f 4682/4682 4704/4704 4697/4697
f 4682/4682 4697/4697 4681/4681
f 4705/4705 4706/4706 4682/4682
f 4705/4705 4682/4682 4679/4679
f 4707/4707 4705/4705 4708/4708
f 4707/4707 4708/4708 4709/4709
f 4706/4706 4705/4705 4707/4707
f 4706/4706 4707/4707 4710/4710
f 4704/4704 4682/4682 4706/4706
f 4704/4704 4706/4706 4711/4711
f 4711/4711 4706/4706 4710/4710
f 4711/4711 4710/4710 4712/4712
f 4713/4713 4710/4710 4707/4707
f 4713/4713 4707/4707 4714/4714
f 4715/4715 4712/4712 4710/4710
f 4715/4715 4710/4710 4713/4713
f 4716/4716 4715/4715 4713/4713
f 4716/4716 4713/4713 4717/4717
f 4714/4714 4718/4718 4717/4717
f 4714/4714 4717/4717 4713/4713
f 4707/4707 4709/4709 4719/4719
f 4707/4707 4719/4719 4714/4714
f 4719/4719 4709/4709 4720/4720
f 4719/4719 4720/4720 4721/4721
f 4709/4709 4708/4708 4722/4722
f 4709/4709 4722/4722 4720/4720
f 4705/4705 4679/4679 4680/4680
f 4705/4705 4680/4680 4708/4708
f 4708/4708 4680/4680 4723/4723
f 4708/4708 4723/4723 4722/4722
f 4724/4724 4723/4723 4680/4680
f 4724/4724 4680/4680 4677/4677
f 4725/4725 4722/4722 4723/4723
f 4725/4725 4723/4723 4726/4726
f 4724/4724 4727/4727 4726/4726
f 4724/4724 4726/4726 4723/4723
f 4673/4673 4724/4724 4677/4677
f 4673/4673 4677/4677 4674/4674
f 4673/4673 4728/4728 4727/4727
f 4673/4673 4727/4727 4724/4724
f 4671/4671 4728/4728 4673/4673
f 4671/4671 4673/4673 4668/4668
f 4729/4729 4730/4730 4728/4728
f 4729/4729 4728/4728 4671/4671
f 4731/4731 4732/4732 4730/4730
f 4731/4731 4730/4730 4729/4729
f 4733/4733 4734/4734 4731/4731
f 4733/4733 4731/4731 4729/4729
f 4735/4735 4736/4736 4734/4734
f 4735/4735 4734/4734 4733/4733
f 4735/4735 4733/4733 4670/4670
f 4735/4735 4670/4670 4737/4737
f 4671/4671 4670/4670 4733/4733
f 4671/4671 4733/4733 4729/4729
f 4738/4738 4739/4739 4732/4732
f 4738/4738 4732/4732 4731/4731
f 4738/4738 4740/4740 4741/4741
f 4738/4738 4741/4741 4739/4739
f 4738/4738 4742/4742 4743/4743
f 4738/4738 4743/4743 4740/4740
f 4731/4731 4734/4734 4742/4742
f 4731/4731 4742/4742 4738/4738
f 4730/4730 4732/4732 4744/4744
f 4730/4730 4744/4744 4745/4745
f 4739/4739 4746/4746 4744/4744
f 4739/4739 4744/4744 4732/4732
f 4730/4730 4745/4745 4727/4727
f 4730/4730 4727/4727 4728/4728
f 4669/4669 4668/4668 4672/4672
f 4669/4669 4672/4672 4689/4689
f 4670/4670 4669/4669 4737/4737
f 4747/4747 4748/4748 4737/4737
f 4747/4747 4737/4737 4669/4669
f 4689/4689 4688/4688 4747/4747
f 4689/4689 4747/4747 4669/4669
f 4747/4747 4749/4749 4750/4750
f 4747/4747 4750/4750 4748/4748
f 4747/4747 4688/4688 4690/4690
f 4747/4747 4690/4690 4749/4749
f 4749/4749 4751/4751 4752/4752
f 4749/4749 4752/4752 4750/4750
f 4753/4753 4754/4754 4752/4752
f 4753/4753 4752/4752 4751/4751
f 4755/4755 4754/4754 4753/4753
f 4755/4755 4753/4753 4756/4756
f 4755/4755 4757/4757 4758/4758
f 4755/4755 4758/4758 4754/4754
f 4759/4759 4758/4758 4757/4757
f 4759/4759 4757/4757 4760/4760
f 4761/4761 4762/4762 4758/4758
f 4761/4761 4758/4758 4759/4759
f 4762/4762 4761/4761 4763/4763
f 4762/4762 4763/4763 4764/4764
f 4762/4762 4752/4752 4754/4754
f 4762/4762 4754/4754 4758/4758
f 4752/4752 4762/4762 4764/4764
f 4752/4752 4764/4764 4750/4750
f 4764/4764 4763/4763 4765/4765
f 4764/4764 4765/4765 4766/4766
f 4763/4763 4767/4767 4736/4736
f 4763/4763 4736/4736 4765/4765
f 4735/4735 4766/4766 4765/4765
f 4735/4735 4765/4765 4736/4736
f 4761/4761 4768/4768 4767/4767
f 4761/4761 4767/4767 4763/4763
f 4759/4759 4769/4769 4768/4768
f 4759/4759 4768/4768 4761/4761
f 4768/4768 4743/4743 4742/4742
f 4768/4768 4742/4742 4767/4767
f 4743/4743 4768/4768 4769/4769
f 4743/4743 4769/4769 4770/4770
f 4769/4769 4759/4759 4760/4760
f 4769/4769 4760/4760 4771/4771
f 4772/4772 4771/4771 4760/4760
f 4772/4772 4760/4760 4773/4773
f 4774/4774 4775/4775 4771/4771
f 4774/4774 4771/4771 4772/4772
f 4613/4613 4774/4774 4612/4612
f 4613/4613 4612/4612 4608/4608
f 4772/4772 4776/4776 4612/4612
f 4772/4772 4612/4612 4774/4774
f 4775/4775 4774/4774 4613/4613
f 4775/4775 4613/4613 4616/4616
f 4771/4771 4775/4775 4770/4770
f 4771/4771 4770/4770 4769/4769
f 4777/4777 4776/4776 4772/4772
f 4777/4777 4772/4772 4773/4773
f 4777/4777 4773/4773 4778/4778
f 4777/4777 4778/4778 4779/4779
f 4777/4777 4632/4632 4634/4634
f 4777/4777 4634/4634 4776/4776
f 4780/4780 4632/4632 4777/4777
f 4780/4780 4777/4777 4779/4779
f 4778/4778 4773/4773 4760/4760
f 4778/4778 4760/4760 4757/4757
f 4755/4755 4781/4781 4778/4778
f 4755/4755 4778/4778 4757/4757
f 4782/4782 4781/4781 4755/4755
f 4782/4782 4755/4755 4756/4756
f 4782/4782 4783/4783 4784/4784
f 4782/4782 4784/4784 4781/4781
f 4783/4783 4785/4785 4786/4786
f 4783/4783 4786/4786 4784/4784
f 4787/4787 4788/4788 4786/4786
f 4787/4787 4786/4786 4785/4785
f 4785/4785 4789/4789 4790/4790
f 4785/4785 4790/4790 4787/4787
f 4783/4783 4791/4791 4789/4789
f 4783/4783 4789/4789 4785/4785
f 4779/4779 4778/4778 4781/4781
f 4779/4779 4781/4781 4784/4784
f 4786/4786 4780/4780 4779/4779
f 4786/4786 4779/4779 4784/4784
f 4792/4792 4791/4791 4783/4783
f 4792/4792 4783/4783 4782/4782
f 4793/4793 4794/4794 4795/4795
f 4793/4793 4795/4795 4792/4792
f 4793/4793 4792/4792 4782/4782
f 4793/4793 4782/4782 4756/4756
f 4795/4795 4796/4796 4791/4791
f 4795/4795 4791/4791 4792/4792
f 4793/4793 4756/4756 4753/4753
f 4793/4793 4753/4753 4797/4797
f 4703/4703 4794/4794 4793/4793
f 4703/4703 4793/4793 4797/4797
f 4702/4702 4703/4703 4797/4797
f 4702/4702 4797/4797 4798/4798
f 4690/4690 4798/4798 4751/4751
f 4690/4690 4751/4751 4749/4749
f 4797/4797 4753/4753 4751/4751
f 4797/4797 4751/4751 4798/4798
f 4691/4691 4702/4702 4798/4798
f 4691/4691 4798/4798 4690/4690
f 4737/4737 4748/4748 4766/4766
f 4737/4737 4766/4766 4735/4735
f 4766/4766 4748/4748 4750/4750
f 4766/4766 4750/4750 4764/4764
f 4307/4307 4306/4306 4243/4243
f 4307/4307 4243/4243 4234/4234
f 4298/4298 4799/4799 4255/4255
f 4298/4298 4255/4255 4297/4297
f 4799/4799 4800/4800 4253/4253
f 4799/4799 4253/4253 4255/4255
f 4801/4801 4802/4802 4800/4800
f 4801/4801 4800/4800 4799/4799
f 4802/4802 4801/4801 4803/4803
f 4802/4802 4803/4803 4804/4804
f 4800/4800 4802/4802 4254/4254
f 4800/4800 4254/4254 4253/4253
f 4802/4802 4804/4804 4805/4805
f 4802/4802 4805/4805 4254/4254
f 4806/4806 4807/4807 4805/4805
f 4806/4806 4805/4805 4804/4804
f 4807/4807 4806/4806 4808/4808
f 4807/4807 4808/4808 4809/4809
f 4807/4807 4809/4809 4810/4810
f 4807/4807 4810/4810 4811/4811
f 4809/4809 4812/4812 4813/4813
f 4809/4809 4813/4813 4810/4810
f 4813/4813 4812/4812 4814/4814
f 4813/4813 4814/4814 4815/4815
f 4813/4813 4815/4815 4816/4816
f 4813/4813 4816/4816 4817/4817
f 4810/4810 4813/4813 4817/4817
f 4810/4810 4817/4817 4818/4818
f 4819/4819 4820/4820 4814/4814
f 4819/4819 4814/4814 4812/4812
f 4815/4815 4814/4814 4821/4821
f 4815/4815 4821/4821 4822/4822
f 4814/4814 4820/4820 4823/4823
f 4814/4814 4823/4823 4821/4821
f 4809/4809 4808/4808 4819/4819
f 4809/4809 4819/4819 4812/4812
f 4819/4819 4808/4808 4824/4824
f 4819/4819 4824/4824 4825/4825
f 4808/4808 4806/4806 4826/4826
f 4808/4808 4826/4826 4824/4824
f 4805/4805 4807/4807 4811/4811
f 4805/4805 4811/4811 4827/4827
f 4805/4805 4827/4827 4251/4251
f 4805/4805 4251/4251 4254/4254
f 4269/4269 4252/4252 4251/4251
f 4269/4269 4251/4251 4827/4827
f 4811/4811 4268/4268 4269/4269
f 4811/4811 4269/4269 4827/4827
f 4268/4268 4811/4811 4810/4810
f 4268/4268 4810/4810 4818/4818
f 4803/4803 4826/4826 4806/4806
f 4803/4803 4806/4806 4804/4804
f 4803/4803 4828/4828 4829/4829
f 4803/4803 4829/4829 4826/4826
f 4828/4828 4803/4803 4801/4801
f 4828/4828 4801/4801 4830/4830
f 4299/4299 4831/4831 4830/4830
f 4299/4299 4830/4830 4298/4298
f 4831/4831 4832/4832 4828/4828
f 4831/4831 4828/4828 4830/4830
f 4831/4831 4833/4833 4834/4834
f 4831/4831 4834/4834 4832/4832
f 4835/4835 4833/4833 4831/4831
f 4835/4835 4831/4831 4299/4299
f 4298/4298 4830/4830 4801/4801
f 4298/4298 4801/4801 4799/4799
f 4832/4832 4836/4836 4829/4829
f 4832/4832 4829/4829 4828/4828
f 4834/4834 4837/4837 4836/4836
f 4834/4834 4836/4836 4832/4832
f 4837/4837 4838/4838 4839/4839
f 4837/4837 4839/4839 4836/4836
f 4837/4837 4840/4840 4841/4841
f 4837/4837 4841/4841 4838/4838
f 4842/4842 4840/4840 4837/4837
f 4842/4842 4837/4837 4834/4834
f 4843/4843 4829/4829 4836/4836
f 4843/4843 4836/4836 4839/4839
f 4843/4843 4839/4839 4844/4844
f 4843/4843 4844/4844 4845/4845
f 4824/4824 4826/4826 4829/4829
f 4824/4824 4829/4829 4843/4843
f 4824/4824 4843/4843 4845/4845
f 4824/4824 4845/4845 4825/4825
f 4835/4835 4299/4299 4296/4296
f 4835/4835 4296/4296 4293/4293
f 4833/4833 4846/4846 4842/4842
f 4833/4833 4842/4842 4834/4834
f 4842/4842 4846/4846 4847/4847
f 4842/4842 4847/4847 4848/4848
f 4848/4848 4847/4847 4849/4849
f 4848/4848 4849/4849 4850/4850
f 4848/4848 4851/4851 4840/4840
f 4848/4848 4840/4840 4842/4842
f 4852/4852 4853/4853 4851/4851
f 4852/4852 4851/4851 4854/4854
f 4852/4852 4855/4855 4856/4856
f 4852/4852 4856/4856 4857/4857
f 4856/4856 4855/4855 4858/4858
f 4856/4856 4858/4858 4859/4859
f 4860/4860 4856/4856 4859/4859
f 4860/4860 4859/4859 4861/4861
f 4860/4860 4861/4861 4862/4862
f 4860/4860 4862/4862 4863/4863
f 4862/4862 4861/4861 4864/4864
f 4862/4862 4864/4864 4865/4865
f 4862/4862 4865/4865 4866/4866
f 4862/4862 4866/4866 4867/4867
f 4862/4862 4867/4867 4868/4868
f 4862/4862 4868/4868 4863/4863
f 4859/4859 4869/4869 4864/4864
f 4859/4859 4864/4864 4861/4861
f 4865/4865 4864/4864 4870/4870
f 4865/4865 4870/4870 4871/4871
f 4864/4864 4869/4869 4872/4872
f 4864/4864 4872/4872 4870/4870
f 4857/4857 4856/4856 4860/4860
f 4857/4857 4860/4860 4873/4873
f 4873/4873 4874/4874 4875/4875
f 4873/4873 4875/4875 4857/4857
f 4874/4874 4873/4873 4876/4876
f 4874/4874 4876/4876 4877/4877
f 4876/4876 4873/4873 4860/4860
f 4876/4876 4860/4860 4863/4863
f 4853/4853 4875/4875 4878/4878
f 4853/4853 4878/4878 4841/4841
f 4875/4875 4874/4874 4879/4879
f 4875/4875 4879/4879 4878/4878
f 4853/4853 4852/4852 4857/4857
f 4853/4853 4857/4857 4875/4875
f 4858/4858 4880/4880 4881/4881
f 4858/4858 4881/4881 4882/4882
f 4883/4883 4880/4880 4858/4858
f 4883/4883 4858/4858 4855/4855
f 4852/4852 4854/4854 4883/4883
f 4852/4852 4883/4883 4855/4855
f 4884/4884 4883/4883 4854/4854
f 4884/4884 4854/4854 4850/4850
f 4851/4851 4848/4848 4850/4850
f 4851/4851 4850/4850 4854/4854
f 4880/4880 4883/4883 4884/4884
f 4880/4880 4884/4884 4885/4885
f 4886/4886 4887/4887 4885/4885
f 4886/4886 4885/4885 4884/4884
f 4885/4885 4888/4888 4881/4881
f 4885/4885 4881/4881 4880/4880
f 4885/4885 4887/4887 4889/4889
f 4885/4885 4889/4889 4888/4888
f 4872/4872 4869/4869 4882/4882
f 4872/4872 4882/4882 4890/4890
f 4872/4872 4890/4890 4891/4891
f 4872/4872 4891/4891 4892/4892
f 4892/4892 4891/4891 4893/4893
f 4892/4892 4893/4893 4894/4894
f 4891/4891 4895/4895 4896/4896
f 4891/4891 4896/4896 4893/4893
f 4897/4897 4895/4895 4891/4891
f 4897/4897 4891/4891 4890/4890
f 4890/4890 4882/4882 4881/4881
f 4890/4890 4881/4881 4897/4897
f 4859/4859 4858/4858 4882/4882
f 4859/4859 4882/4882 4869/4869
f 4840/4840 4851/4851 4853/4853
f 4840/4840 4853/4853 4841/4841
f 4849/4849 4886/4886 4884/4884
f 4849/4849 4884/4884 4850/4850
f 4886/4886 4849/4849 4898/4898
f 4886/4886 4898/4898 4899/4899
f 4900/4900 4288/4288 4287/4287
f 4900/4900 4287/4287 4898/4898
f 4900/4900 4901/4901 4292/4292
f 4900/4900 4292/4292 4288/4288
f 4846/4846 4901/4901 4900/4900
f 4846/4846 4900/4900 4847/4847
f 4835/4835 4293/4293 4292/4292
f 4835/4835 4292/4292 4901/4901
f 4833/4833 4835/4835 4901/4901
f 4833/4833 4901/4901 4846/4846
f 4847/4847 4900/4900 4898/4898
f 4847/4847 4898/4898 4849/4849
f 4899/4899 4898/4898 4287/4287
f 4899/4899 4287/4287 4290/4290
f 4887/4887 4886/4886 4899/4899
f 4887/4887 4899/4899 4902/4902
f 4903/4903 4904/4904 4905/4905
f 4903/4903 4905/4905 4902/4902
f 4903/4903 4906/4906 4907/4907
f 4903/4903 4907/4907 4904/4904
f 4907/4907 4906/4906 4908/4908
f 4907/4907 4908/4908 4909/4909
f 4904/4904 4907/4907 4910/4910
f 4904/4904 4910/4910 4911/4911
f 4905/4905 4904/4904 4911/4911
f 4905/4905 4911/4911 4912/4912
f 4911/4911 4910/4910 4913/4913
f 4911/4911 4913/4913 4914/4914
f 4910/4910 4915/4915 4916/4916
f 4910/4910 4916/4916 4913/4913
f 4909/4909 4915/4915 4910/4910
f 4909/4909 4910/4910 4907/4907
f 4909/4909 4908/4908 4917/4917
f 4909/4909 4917/4917 4918/4918
f 4291/4291 4919/4919 4917/4917
f 4291/4291 4917/4917 4908/4908
f 4917/4917 4920/4920 4921/4921
f 4917/4917 4921/4921 4918/4918
f 4333/4333 4920/4920 4917/4917
f 4333/4333 4917/4917 4919/4919
f 4289/4289 4291/4291 4908/4908
f 4289/4289 4908/4908 4906/4906
f 4289/4289 4906/4906 4903/4903
f 4289/4289 4903/4903 4290/4290
f 4899/4899 4290/4290 4903/4903
f 4899/4899 4903/4903 4902/4902
f 4887/4887 4902/4902 4905/4905
f 4887/4887 4905/4905 4889/4889
f 4844/4844 4839/4839 4838/4838
f 4844/4844 4838/4838 4922/4922
f 4923/4923 4844/4844 4922/4922
f 4923/4923 4922/4922 4924/4924
f 4923/4923 4925/4925 4926/4926
f 4923/4923 4926/4926 4927/4927
f 4928/4928 4925/4925 4929/4929
f 4928/4928 4929/4929 4930/4930
f 4928/4928 4930/4930 4931/4931
f 4928/4928 4931/4931 4932/4932
f 4931/4931 4930/4930 4933/4933
f 4931/4931 4933/4933 4934/4934
f 4935/4935 4932/4932 4931/4931
f 4935/4935 4931/4931 4936/4936
f 4935/4935 4936/4936 4937/4937
f 4935/4935 4937/4937 4938/4938
f 4936/4936 4939/4939 4940/4940
f 4936/4936 4940/4940 4937/4937
f 4941/4941 4940/4940 4939/4939
f 4941/4941 4939/4939 4942/4942
f 4941/4941 4943/4943 4944/4944
f 4941/4941 4944/4944 4945/4945
f 4941/4941 4942/4942 4946/4946
f 4941/4941 4946/4946 4943/4943
f 4940/4940 4941/4941 4945/4945
f 4940/4940 4945/4945 4947/4947
f 4948/4948 4942/4942 4939/4939
f 4948/4948 4939/4939 4934/4934
f 4949/4949 4946/4946 4942/4942
f 4949/4949 4942/4942 4948/4948
f 4950/4950 4949/4949 4948/4948
f 4950/4950 4948/4948 4951/4951
f 4934/4934 4933/4933 4951/4951
f 4934/4934 4951/4951 4948/4948
f 4931/4931 4934/4934 4939/4939
f 4931/4931 4939/4939 4936/4936
f 4952/4952 4953/4953 4938/4938
f 4952/4952 4938/4938 4937/4937
f 4952/4952 4947/4947 4954/4954
f 4952/4952 4954/4954 4955/4955
f 4952/4952 4937/4937 4940/4940
f 4952/4952 4940/4940 4947/4947
f 4953/4953 4952/4952 4955/4955
f 4953/4953 4955/4955 4956/4956
f 4957/4957 4958/4958 4935/4935
f 4957/4957 4935/4935 4938/4938
f 4957/4957 4938/4938 4953/4953
f 4957/4957 4953/4953 4959/4959
f 4935/4935 4958/4958 4960/4960
f 4935/4935 4960/4960 4932/4932
f 4958/4958 4961/4961 4962/4962
f 4958/4958 4962/4962 4960/4960
f 4963/4963 4961/4961 4964/4964
f 4963/4963 4964/4964 4965/4965
f 4816/4816 4963/4963 4966/4966
f 4816/4816 4966/4966 4817/4817
f 4966/4966 4963/4963 4965/4965
f 4966/4966 4965/4965 4967/4967
f 4816/4816 4962/4962 4961/4961
f 4816/4816 4961/4961 4963/4963
f 4964/4964 4968/4968 4969/4969
f 4964/4964 4969/4969 4965/4965
f 4964/4964 4957/4957 4959/4959
f 4964/4964 4959/4959 4968/4968
f 4957/4957 4964/4964 4961/4961
f 4957/4957 4961/4961 4958/4958
f 4960/4960 4970/4970 4928/4928
f 4960/4960 4928/4928 4932/4932
f 4928/4928 4970/4970 4926/4926
f 4928/4928 4926/4926 4925/4925
f 4821/4821 4823/4823 4927/4927
f 4821/4821 4927/4927 4926/4926
f 4822/4822 4821/4821 4926/4926
f 4822/4822 4926/4926 4970/4970
f 4822/4822 4970/4970 4960/4960
f 4822/4822 4960/4960 4962/4962
f 4933/4933 4930/4930 4929/4929
f 4933/4933 4929/4929 4971/4971
f 4924/4924 4879/4879 4971/4971
f 4924/4924 4971/4971 4929/4929
f 4924/4924 4922/4922 4878/4878
f 4924/4924 4878/4878 4879/4879
f 4925/4925 4923/4923 4924/4924
f 4925/4925 4924/4924 4929/4929
f 4933/4933 4971/4971 4877/4877
f 4933/4933 4877/4877 4951/4951
f 4874/4874 4877/4877 4971/4971
f 4874/4874 4971/4971 4879/4879
f 4844/4844 4923/4923 4927/4927
f 4844/4844 4927/4927 4845/4845
f 4838/4838 4841/4841 4878/4878
f 4838/4838 4878/4878 4922/4922
f 4257/4257 4297/4297 4255/4255
f 4257/4257 4255/4255 4250/4250
f 4972/4972 4412/4412 4415/4415
f 4972/4972 4415/4415 4973/4973
f 4974/4974 4972/4972 4973/4973
f 4974/4974 4973/4973 4975/4975
f 4974/4974 4976/4976 4977/4977
f 4974/4974 4977/4977 4972/4972
f 4479/4479 4478/4478 4976/4976
f 4479/4479 4976/4976 4978/4978
f 4979/4979 4980/4980 4978/4978
f 4979/4979 4978/4978 4981/4981
f 4979/4979 4981/4981 4982/4982
f 4979/4979 4982/4982 4983/4983
f 4982/4982 4981/4981 4974/4974
f 4982/4982 4974/4974 4975/4975
f 4982/4982 4984/4984 4985/4985
f 4982/4982 4985/4985 4983/4983
f 4986/4986 4985/4985 4984/4984
f 4986/4986 4984/4984 4987/4987
f 4986/4986 4988/4988 4989/4989
f 4986/4986 4989/4989 4990/4990
f 4796/4796 4795/4795 4989/4989
f 4796/4796 4989/4989 4988/4988
f 4991/4991 4796/4796 4988/4988
f 4991/4991 4988/4988 4992/4992
f 4986/4986 4987/4987 4992/4992
f 4986/4986 4992/4992 4988/4988
f 4993/4993 4990/4990 4994/4994
f 4993/4993 4994/4994 4995/4995
f 4990/4990 4989/4989 4996/4996
f 4990/4990 4996/4996 4994/4994
f 4985/4985 4986/4986 4990/4990
f 4985/4985 4990/4990 4993/4993
f 4987/4987 4984/4984 4997/4997
f 4987/4987 4997/4997 4998/4998
f 4997/4997 4999/4999 5000/5000
f 4997/4997 5000/5000 4998/4998
f 4999/4999 5001/5001 5002/5002
f 4999/4999 5002/5002 5000/5000
f 5001/5001 4999/4999 4973/4973
f 5001/5001 4973/4973 4415/4415
f 4973/4973 4999/4999 4997/4997
f 4973/4973 4997/4997 4975/4975
f 5003/5003 4992/4992 4987/4987
f 5003/5003 4987/4987 4998/4998
f 5003/5003 4998/4998 5000/5000
f 5003/5003 5000/5000 5004/5004
f 4982/4982 4975/4975 4997/4997
f 4982/4982 4997/4997 4984/4984
f 5005/5005 4979/4979 4983/4983
f 5005/5005 4983/4983 5006/5006
f 5005/5005 5006/5006 5007/5007
f 5005/5005 5007/5007 5008/5008
f 5006/5006 4993/4993 4995/4995
f 5006/5006 4995/4995 5007/5007
f 4983/4983 4985/4985 4993/4993
f 4983/4983 4993/4993 5006/5006
f 5009/5009 5010/5010 5008/5008
f 5009/5009 5008/5008 5011/5011
f 5007/5007 5012/5012 5011/5011
f 5007/5007 5011/5011 5008/5008
f 5010/5010 5013/5013 5005/5005
f 5010/5010 5005/5005 5008/5008
f 4979/4979 5005/5005 5013/5013
f 4979/4979 5013/5013 4980/4980
f 4980/4980 5013/5013 5014/5014
f 4980/4980 5014/5014 5015/5015
f 4479/4479 4978/4978 4980/4980
f 4479/4479 4980/4980 5015/5015
f 4974/4974 4981/4981 4978/4978
f 4974/4974 4978/4978 4976/4976
f 4478/4478 4481/4481 4977/4977
f 4478/4478 4977/4977 4976/4976
f 4413/4413 4412/4412 4972/4972
f 4413/4413 4972/4972 4977/4977
f 4977/4977 4481/4481 4483/4483
f 4977/4977 4483/4483 4413/4413
f 5001/5001 4415/4415 4411/4411
f 5001/5001 4411/4411 4416/4416
f 4513/4513 4504/4504 4506/4506
f 4513/4513 4506/4506 5016/5016
f 5016/5016 4650/4650 4649/4649
f 5016/5016 4649/4649 4513/4513
f 5017/5017 4650/4650 5016/5016
f 5017/5017 5016/5016 5018/5018
f 5017/5017 4664/4664 4647/4647
f 5017/5017 4647/4647 4650/4650
f 5017/5017 5019/5019 4662/4662
f 5017/5017 4662/4662 4664/4664
f 5018/5018 5020/5020 5019/5019
f 5018/5018 5019/5019 5017/5017
f 5016/5016 4506/4506 5021/5021
f 5016/5016 5021/5021 5018/5018
f 5021/5021 5022/5022 5020/5020
f 5021/5021 5020/5020 5018/5018
f 5023/5023 5024/5024 5022/5022
f 5023/5023 5022/5022 5021/5021
f 4507/4507 5023/5023 5021/5021
f 4507/4507 5021/5021 4506/4506
f 5025/5025 5026/5026 5024/5024
f 5025/5025 5024/5024 5023/5023
f 5025/5025 5023/5023 4507/4507
f 5025/5025 4507/4507 4508/4508
f 5025/5025 4448/4448 4450/4450
f 5025/5025 4450/4450 5026/5026
f 5026/5026 5027/5027 5028/5028
f 5026/5026 5028/5028 5024/5024
f 5028/5028 5027/5027 5029/5029
f 5028/5028 5029/5029 5030/5030
f 4454/4454 5029/5029 5027/5027
f 4454/4454 5027/5027 4453/4453
f 4453/4453 5027/5027 5026/5026
f 4453/4453 5026/5026 4450/4450
f 5028/5028 5031/5031 5022/5022
f 5028/5028 5022/5022 5024/5024
f 4448/4448 5025/5025 4508/4508
f 4448/4448 4508/4508 4449/4449
f 5031/5031 5032/5032 5020/5020
f 5031/5031 5020/5020 5022/5022
f 5033/5033 5034/5034 5035/5035
f 5033/5033 5035/5035 5032/5032
f 5033/5033 5036/5036 5037/5037
f 5033/5033 5037/5037 5034/5034
f 5036/5036 5038/5038 5039/5039
f 5036/5036 5039/5039 5037/5037
f 5040/5040 5041/5041 5038/5038
f 5040/5040 5038/5038 5042/5042
f 5038/5038 5036/5036 5043/5043
f 5038/5038 5043/5043 5042/5042
f 5041/5041 5044/5044 5039/5039
f 5041/5041 5039/5039 5038/5038
f 5037/5037 5039/5039 5045/5045
f 5037/5037 5045/5045 5046/5046
f 5047/5047 5034/5034 5037/5037
f 5047/5047 5037/5037 5046/5046
f 5033/5033 5048/5048 5043/5043
f 5033/5033 5043/5043 5036/5036
f 5028/5028 5030/5030 5048/5048
f 5028/5028 5048/5048 5031/5031
f 5048/5048 5033/5033 5032/5032
f 5048/5048 5032/5032 5031/5031
f 5049/5049 5043/5043 5048/5048
f 5049/5049 5048/5048 5030/5030
f 5035/5035 5019/5019 5020/5020
f 5035/5035 5020/5020 5032/5032
f 5035/5035 5050/5050 4662/4662
f 5035/5035 4662/4662 5019/5019
f 5050/5050 5051/5051 4663/4663
f 5050/5050 4663/4663 4662/4662
f 5051/5051 5052/5052 4660/4660
f 5051/5051 4660/4660 4663/4663
f 5053/5053 5052/5052 5051/5051
f 5053/5053 5051/5051 5054/5054
f 5047/5047 5054/5054 5051/5051
f 5047/5047 5051/5051 5050/5050
f 5035/5035 5034/5034 5047/5047
f 5035/5035 5047/5047 5050/5050
f 4513/4513 4649/4649 4651/4651
f 4513/4513 4651/4651 4511/4511
f 4700/4700 4996/4996 4794/4794
f 4700/4700 4794/4794 4703/4703
f 4701/4701 4994/4994 4996/4996
f 4701/4701 4996/4996 4700/4700
f 5055/5055 4995/4995 4994/4994
f 5055/5055 4994/4994 4701/4701
f 5012/5012 5055/5055 4696/4696
f 5012/5012 4696/4696 4695/4695
f 4696/4696 5055/5055 4701/4701
f 4696/4696 4701/4701 4698/4698
f 5007/5007 4995/4995 5055/5055
f 5007/5007 5055/5055 5012/5012
f 4742/4742 4734/4734 4736/4736
f 4742/4742 4736/4736 4767/4767
f 4726/4726 4727/4727 4745/4745
f 4726/4726 4745/4745 5056/5056
f 4744/4744 5057/5057 5056/5056
f 4744/4744 5056/5056 4745/4745
f 5057/5057 5058/5058 5059/5059
f 5057/5057 5059/5059 5056/5056
f 5060/5060 5058/5058 5057/5057
f 5060/5060 5057/5057 5061/5061
f 5060/5060 5062/5062 5063/5063
f 5060/5060 5063/5063 5058/5058
f 5064/5064 5062/5062 5060/5060
f 5064/5064 5060/5060 5065/5065
f 5066/5066 5062/5062 5064/5064
f 5066/5066 5064/5064 5067/5067
f 5062/5062 5066/5066 5068/5068
f 5062/5062 5068/5068 5063/5063
f 5069/5069 5070/5070 5063/5063
f 5069/5069 5063/5063 5068/5068
f 5071/5071 5070/5070 5069/5069
f 5071/5071 5069/5069 5072/5072
f 4722/4722 4725/4725 5071/5071
f 4722/4722 5071/5071 4720/4720
f 5071/5071 5072/5072 4721/4721
f 5071/5071 4721/4721 4720/4720
f 5070/5070 5071/5071 4725/4725
f 5070/5070 4725/4725 5059/5059
f 5073/5073 5074/5074 5072/5072
f 5073/5073 5072/5072 5069/5069
f 5075/5075 5073/5073 5069/5069
f 5075/5075 5069/5069 5068/5068
f 5076/5076 5074/5074 5073/5073
f 5076/5076 5073/5073 5077/5077
f 5075/5075 5078/5078 5077/5077
f 5075/5075 5077/5077 5073/5073
f 5070/5070 5059/5059 5058/5058
f 5070/5070 5058/5058 5063/5063
f 5066/5066 5079/5079 5075/5075
f 5066/5066 5075/5075 5068/5068
f 5075/5075 5079/5079 5080/5080
f 5075/5075 5080/5080 5078/5078
f 5081/5081 5082/5082 5078/5078
f 5081/5081 5078/5078 5080/5080
f 5080/5080 5083/5083 5084/5084
f 5080/5080 5084/5084 5081/5081
f 5083/5083 5080/5080 5079/5079
f 5083/5083 5079/5079 5085/5085
f 5085/5085 5079/5079 5066/5066
f 5085/5085 5066/5066 5067/5067
f 5086/5086 5085/5085 5067/5067
f 5086/5086 5067/5067 5087/5087
f 5067/5067 5064/5064 5088/5088
f 5067/5067 5088/5088 5087/5087
f 5065/5065 5089/5089 5088/5088
f 5065/5065 5088/5088 5064/5064
f 5065/5065 5090/5090 5091/5091
f 5065/5065 5091/5091 5089/5089
f 5091/5091 5090/5090 5092/5092
f 5091/5091 5092/5092 5093/5093
f 5091/5091 4625/4625 4626/4626
f 5091/5091 4626/4626 5089/5089
f 5094/5094 5088/5088 5089/5089
f 5094/5094 5089/5089 4626/4626
f 5091/5091 5093/5093 4614/4614
f 5091/5091 4614/4614 4625/4625
f 5095/5095 4615/4615 4614/4614
f 5095/5095 4614/4614 5093/5093
f 4741/4741 5095/5095 5093/5093
f 4741/4741 5093/5093 5092/5092
f 5090/5090 5061/5061 4746/4746
f 5090/5090 4746/4746 5092/5092
f 4746/4746 5061/5061 5057/5057
f 4746/4746 5057/5057 4744/4744
f 5090/5090 5065/5065 5060/5060
f 5090/5090 5060/5060 5061/5061
f 5056/5056 5059/5059 4725/4725
f 5056/5056 4725/4725 4726/4726
f 4823/4823 4820/4820 4819/4819
f 4823/4823 4819/4819 4825/4825
f 4845/4845 4927/4927 4823/4823
f 4845/4845 4823/4823 4825/4825
f 4268/4268 4818/4818 5096/5096
f 4268/4268 5096/5096 4266/4266
f 4266/4266 5096/5096 5097/5097
f 4266/4266 5097/5097 4267/4267
f 5098/5098 5097/5097 4967/4967
f 5098/5098 4967/4967 5099/5099
f 5098/5098 5099/5099 5040/5040
f 5098/5098 5040/5040 5100/5100
f 5041/5041 5040/5040 5099/5099
f 5041/5041 5099/5099 4969/4969
f 5099/5099 4967/4967 4965/4965
f 5099/5099 4965/4965 4969/4969
f 5101/5101 5098/5098 5100/5100
f 5101/5101 5100/5100 5102/5102
f 5098/5098 5101/5101 4267/4267
f 5098/5098 4267/4267 5097/5097
f 4265/4265 4267/4267 5101/5101
f 4265/4265 5101/5101 4223/4223
f 4223/4223 5101/5101 5102/5102
f 4223/4223 5102/5102 4220/4220
f 5102/5102 5100/5100 5103/5103
f 5102/5102 5103/5103 5104/5104
f 5105/5105 5104/5104 5103/5103
f 5105/5105 5103/5103 5049/5049
f 5105/5105 5029/5029 4454/4454
f 5105/5105 4454/4454 5106/5106
f 4219/4219 4221/4221 5106/5106
f 4219/4219 5106/5106 4224/4224
f 5106/5106 4454/4454 4455/4455
f 5106/5106 4455/4455 4224/4224
f 4221/4221 5104/5104 5105/5105
f 4221/4221 5105/5105 5106/5106
f 4221/4221 4220/4220 5102/5102
f 4221/4221 5102/5102 5104/5104
f 5030/5030 5029/5029 5105/5105
f 5030/5030 5105/5105 5049/5049
f 5103/5103 5042/5042 5043/5043
f 5103/5103 5043/5043 5049/5049
f 5040/5040 5042/5042 5103/5103
f 5040/5040 5103/5103 5100/5100
f 5097/5097 5096/5096 4966/4966
f 5097/5097 4966/4966 4967/4967
f 4818/4818 4817/4817 4966/4966
f 4818/4818 4966/4966 5096/5096
f 4282/4282 4281/4281 4919/4919
f 4282/4282 4919/4919 4291/4291
f 4281/4281 4284/4284 4333/4333
f 4281/4281 4333/4333 4919/4919
f 4920/4920 4333/4333 4328/4328
f 4920/4920 4328/4328 4330/4330
f 4313/4313 4314/4314 5107/5107
f 4313/4313 5107/5107 4331/4331
f 4332/4332 4331/4331 5107/5107
f 4332/4332 5107/5107 5108/5108
f 5109/5109 5110/5110 5108/5108
f 5109/5109 5108/5108 5107/5107
f 5111/5111 5112/5112 5110/5110
f 5111/5111 5110/5110 5109/5109
f 5113/5113 5114/5114 5111/5111
f 5113/5113 5111/5111 5115/5115
f 5114/5114 5113/5113 5116/5116
f 5114/5114 5116/5116 5117/5117
f 5114/5114 5118/5118 5112/5112
f 5114/5114 5112/5112 5111/5111
f 5119/5119 5120/5120 5112/5112
f 5119/5119 5112/5112 5118/5118
f 5119/5119 5121/5121 5122/5122
f 5119/5119 5122/5122 5123/5123
f 5121/5121 5124/5124 5125/5125
f 5121/5121 5125/5125 5122/5122
f 5126/5126 5127/5127 5128/5128
f 5126/5126 5128/5128 5124/5124
f 5129/5129 5126/5126 5124/5124
f 5129/5129 5124/5124 5121/5121
f 5125/5125 5124/5124 5128/5128
f 5125/5125 5128/5128 4716/4716
f 5122/5122 5130/5130 5131/5131
f 5122/5122 5131/5131 5123/5123
f 5122/5122 5125/5125 5132/5132
f 5122/5122 5132/5132 5130/5130
f 5119/5119 5118/5118 5129/5129
f 5119/5119 5129/5129 5121/5121
f 5133/5133 5120/5120 5119/5119
f 5133/5133 5119/5119 5123/5123
f 5133/5133 5123/5123 5131/5131
f 5133/5133 5131/5131 5134/5134
f 5135/5135 5134/5134 5136/5136
f 5135/5135 5136/5136 5137/5137
f 5134/5134 5131/5131 5138/5138
f 5134/5134 5138/5138 5136/5136
f 5139/5139 5133/5133 5134/5134
f 5139/5139 5134/5134 5135/5135
f 5140/5140 5120/5120 5133/5133
f 5140/5140 5133/5133 5139/5139
f 5110/5110 5112/5112 5120/5120
f 5110/5110 5120/5120 5140/5140
f 5110/5110 5140/5140 5141/5141
f 5110/5110 5141/5141 5108/5108
f 5142/5142 5141/5141 5140/5140
f 5142/5142 5140/5140 5139/5139
f 5114/5114 5117/5117 5129/5129
f 5114/5114 5129/5129 5118/5118
f 5117/5117 5143/5143 5126/5126
f 5117/5117 5126/5126 5129/5129
f 5143/5143 5144/5144 5145/5145
f 5143/5143 5145/5145 5146/5146
f 5147/5147 5148/5148 5145/5145
f 5147/5147 5145/5145 5144/5144
f 5116/5116 5149/5149 5147/5147
f 5116/5116 5147/5147 5144/5144
f 5116/5116 5144/5144 5143/5143
f 5116/5116 5143/5143 5117/5117
f 5126/5126 5143/5143 5146/5146
f 5126/5126 5146/5146 5127/5127
f 5127/5127 5146/5146 5150/5150
f 5127/5127 5150/5150 5151/5151
f 5152/5152 5150/5150 5146/5146
f 5152/5152 5146/5146 5145/5145
f 5116/5116 5113/5113 5153/5153
f 5116/5116 5153/5153 5149/5149
f 5154/5154 5153/5153 5113/5113
f 5154/5154 5113/5113 5115/5115
f 5154/5154 4321/4321 5155/5155
f 5154/5154 5155/5155 5153/5153
f 5155/5155 5156/5156 5149/5149
f 5155/5155 5149/5149 5153/5153
f 5157/5157 5147/5147 5149/5149
f 5157/5157 5149/5149 5156/5156
f 5157/5157 4482/4482 5148/5148
f 5157/5157 5148/5148 5147/5147
f 4469/4469 4477/4477 4482/4482
f 4469/4469 4482/4482 5157/5157
f 4467/4467 4469/4469 5157/5157
f 4467/4467 5157/5157 5156/5156
f 5155/5155 4468/4468 4467/4467
f 5155/5155 4467/4467 5156/5156
f 4468/4468 5155/5155 4321/4321
f 4468/4468 4321/4321 4320/4320
f 4315/4315 4317/4317 4321/4321
f 4315/4315 4321/4321 5154/5154
f 4316/4316 4315/4315 5154/5154
f 4316/4316 5154/5154 5115/5115
f 4316/4316 5115/5115 5111/5111
f 4316/4316 5111/5111 5109/5109
f 4314/4314 4316/4316 5109/5109
f 4314/4314 5109/5109 5107/5107
f 5108/5108 5141/5141 5158/5158
f 5108/5108 5158/5158 4332/4332
f 5158/5158 5159/5159 4329/4329
f 5158/5158 4329/4329 4332/4332
f 4330/4330 4329/4329 5159/5159
f 4330/4330 5159/5159 5160/5160
f 5161/5161 5162/5162 5160/5160
f 5161/5161 5160/5160 5159/5159
f 5162/5162 5161/5161 5163/5163
f 5162/5162 5163/5163 5164/5164
f 5162/5162 5164/5164 5165/5165
f 5162/5162 5165/5165 5166/5166
f 5167/5167 5168/5168 5165/5165
f 5167/5167 5165/5165 5164/5164
f 5167/5167 5169/5169 5170/5170
f 5167/5167 5170/5170 5168/5168
f 5171/5171 5172/5172 5170/5170
f 5171/5171 5170/5170 5169/5169
f 5173/5173 5174/5174 5171/5171
f 5173/5173 5171/5171 5169/5169
f 5167/5167 5175/5175 5173/5173
f 5167/5167 5173/5173 5169/5169
f 5176/5176 5177/5177 5165/5165
f 5176/5176 5165/5165 5168/5168
f 5168/5168 5170/5170 5178/5178
f 5168/5168 5178/5178 5176/5176
f 5164/5164 5163/5163 5175/5175
f 5164/5164 5175/5175 5167/5167
f 5163/5163 5179/5179 5180/5180
f 5163/5163 5180/5180 5175/5175
f 5163/5163 5161/5161 5181/5181
f 5163/5163 5181/5181 5179/5179
f 4921/4921 5166/5166 5182/5182
f 4921/4921 5182/5182 4918/4918
f 4915/4915 5182/5182 5177/5177
f 4915/4915 5177/5177 4916/4916
f 5182/5182 5166/5166 5165/5165
f 5182/5182 5165/5165 5177/5177
f 4915/4915 4909/4909 4918/4918
f 4915/4915 4918/4918 5182/5182
f 4921/4921 5160/5160 5162/5162
f 4921/4921 5162/5162 5166/5166
f 5158/5158 5181/5181 5161/5161
f 5158/5158 5161/5161 5159/5159
f 4330/4330 5160/5160 4921/4921
f 4330/4330 4921/4921 4920/4920
f 5141/5141 5142/5142 5181/5181
f 5141/5141 5181/5181 5158/5158
f 5142/5142 5183/5183 5179/5179
f 5142/5142 5179/5179 5181/5181
f 5179/5179 5183/5183 5184/5184
f 5179/5179 5184/5184 5180/5180
f 5184/5184 5137/5137 5185/5185
f 5184/5184 5185/5185 5186/5186
f 5185/5185 5187/5187 5188/5188
f 5185/5185 5188/5188 5189/5189
f 5188/5188 5187/5187 5190/5190
f 5188/5188 5190/5190 5191/5191
f 5191/5191 5192/5192 5193/5193
f 5191/5191 5193/5193 5188/5188
f 5194/5194 5192/5192 5191/5191
f 5194/5194 5191/5191 5195/5195
f 5195/5195 5196/5196 5076/5076
f 5195/5195 5076/5076 5194/5194
f 5195/5195 5197/5197 5198/5198
f 5195/5195 5198/5198 5196/5196
f 5195/5195 5191/5191 5190/5190
f 5195/5195 5190/5190 5197/5197
f 5190/5190 5138/5138 5199/5199
f 5190/5190 5199/5199 5197/5197
f 5138/5138 5190/5190 5187/5187
f 5138/5138 5187/5187 5136/5136
f 5199/5199 5200/5200 5198/5198
f 5199/5199 5198/5198 5197/5197
f 4718/4718 5201/5201 5198/5198
f 4718/4718 5198/5198 5200/5200
f 4718/4718 5200/5200 5132/5132
f 4718/4718 5132/5132 4717/4717
f 5130/5130 5132/5132 5200/5200
f 5130/5130 5200/5200 5199/5199
f 5076/5076 5196/5196 5202/5202
f 5076/5076 5202/5202 5074/5074
f 5202/5202 5196/5196 5198/5198
f 5202/5202 5198/5198 5201/5201
f 4721/4721 5072/5072 5074/5074
f 4721/4721 5074/5074 5202/5202
f 4719/4719 4721/4721 5202/5202
f 4719/4719 5202/5202 5201/5201
f 5192/5192 5194/5194 5203/5203
f 5192/5192 5203/5203 5204/5204
f 5204/5204 5205/5205 5193/5193
f 5204/5204 5193/5193 5192/5192
f 5206/5206 5207/5207 5205/5205
f 5206/5206 5205/5205 5204/5204
f 5206/5206 5204/5204 5203/5203
f 5206/5206 5203/5203 5082/5082
f 5206/5206 5208/5208 5209/5209
f 5206/5206 5209/5209 5207/5207
f 5081/5081 5208/5208 5206/5206
f 5081/5081 5206/5206 5082/5082
f 5205/5205 5210/5210 5211/5211
f 5205/5205 5211/5211 5193/5193
f 5212/5212 5210/5210 5205/5205
f 5212/5212 5205/5205 5207/5207
f 5203/5203 5194/5194 5076/5076
f 5203/5203 5076/5076 5077/5077
f 5188/5188 5193/5193 5211/5211
f 5188/5188 5211/5211 5189/5189
f 5186/5186 5185/5185 5189/5189
f 5186/5186 5189/5189 5213/5213
f 5180/5180 5184/5184 5186/5186
f 5180/5180 5186/5186 5214/5214
f 5174/5174 5173/5173 5214/5214
f 5174/5174 5214/5214 5215/5215
f 5215/5215 5216/5216 5217/5217
f 5215/5215 5217/5217 5174/5174
f 5218/5218 5217/5217 5216/5216
f 5218/5218 5216/5216 5219/5219
f 5219/5219 5216/5216 5220/5220
f 5219/5219 5220/5220 5221/5221
f 5216/5216 5215/5215 5213/5213
f 5216/5216 5213/5213 5220/5220
f 5215/5215 5214/5214 5186/5186
f 5215/5215 5186/5186 5213/5213
f 5180/5180 5214/5214 5173/5173
f 5180/5180 5173/5173 5175/5175
f 5220/5220 5213/5213 5189/5189
f 5220/5220 5189/5189 5211/5211
f 5137/5137 5136/5136 5187/5187
f 5137/5137 5187/5187 5185/5185
f 5135/5135 5137/5137 5184/5184
f 5135/5135 5184/5184 5183/5183
f 5183/5183 5142/5142 5139/5139
f 5183/5183 5139/5139 5135/5135
f 5130/5130 5199/5199 5138/5138
f 5130/5130 5138/5138 5131/5131
f 5125/5125 4716/4716 4717/4717
f 5125/5125 4717/4717 5132/5132
f 4716/4716 5128/5128 5222/5222
f 4716/4716 5222/5222 4715/4715
f 5223/5223 4712/4712 4715/4715
f 5223/5223 4715/4715 5222/5222
f 5223/5223 5224/5224 4711/4711
f 5223/5223 4711/4711 4712/4712
f 5224/5224 5225/5225 4704/4704
f 5224/5224 4704/4704 4711/4711
f 5225/5225 4695/4695 4697/4697
f 5225/5225 4697/4697 4704/4704
f 5012/5012 4695/4695 5225/5225
f 5012/5012 5225/5225 5011/5011
f 5224/5224 5009/5009 5011/5011
f 5224/5224 5011/5011 5225/5225
f 5226/5226 5009/5009 5224/5224
f 5226/5226 5224/5224 5223/5223
f 5227/5227 5010/5010 5009/5009
f 5227/5227 5009/5009 5226/5226
f 5227/5227 5014/5014 5013/5013
f 5227/5227 5013/5013 5010/5010
f 5227/5227 5150/5150 5152/5152
f 5227/5227 5152/5152 5014/5014
f 5226/5226 5151/5151 5150/5150
f 5226/5226 5150/5150 5227/5227
f 5151/5151 5226/5226 5223/5223
f 5151/5151 5223/5223 5222/5222
f 5127/5127 5151/5151 5222/5222
f 5127/5127 5222/5222 5128/5128
f 5148/5148 5228/5228 5152/5152
f 5148/5148 5152/5152 5145/5145
f 5148/5148 4482/4482 4480/4480
f 5148/5148 4480/4480 5228/5228
f 5228/5228 5015/5015 5014/5014
f 5228/5228 5014/5014 5152/5152
f 4480/4480 4479/4479 5015/5015
f 4480/4480 5015/5015 5228/5228
f 4238/4238 4225/4225 4224/4224
f 4238/4238 4224/4224 4455/4455
f 4816/4816 4815/4815 4822/4822
f 4816/4816 4822/4822 4962/4962
f 4794/4794 4996/4996 4989/4989
f 4794/4794 4989/4989 4795/4795
f 4796/4796 4991/4991 4789/4789
f 4796/4796 4789/4789 4791/4791
f 5041/5041 4969/4969 4968/4968
f 5041/5041 4968/4968 5044/5044
f 5229/5229 5045/5045 5039/5039
f 5229/5229 5039/5039 5044/5044
f 5229/5229 5044/5044 4968/4968
f 5229/5229 4968/4968 4959/4959
f 5229/5229 4956/4956 5230/5230
f 5229/5229 5230/5230 5045/5045
f 5045/5045 5230/5230 5231/5231
f 5045/5045 5231/5231 5046/5046
f 5047/5047 5046/5046 5231/5231
f 5047/5047 5231/5231 5054/5054
f 5231/5231 5232/5232 5053/5053
f 5231/5231 5053/5053 5054/5054
f 5232/5232 5233/5233 5234/5234
f 5232/5232 5234/5234 5053/5053
f 5233/5233 5235/5235 5236/5236
f 5233/5233 5236/5236 5234/5234
f 5235/5235 5237/5237 5238/5238
f 5235/5235 5238/5238 5236/5236
f 5237/5237 5239/5239 5240/5240
f 5237/5237 5240/5240 5238/5238
f 5239/5239 5241/5241 5242/5242
f 5239/5239 5242/5242 5240/5240
f 5243/5243 5242/5242 5241/5241
f 5243/5243 5241/5241 5244/5244
f 5243/5243 5209/5209 5208/5208
f 5243/5243 5208/5208 5245/5245
f 5243/5243 5244/5244 5246/5246
f 5243/5243 5246/5246 5209/5209
f 5247/5247 5242/5242 5243/5243
f 5247/5247 5243/5243 5245/5245
f 5248/5248 5249/5249 5244/5244
f 5248/5248 5244/5244 5241/5241
f 5241/5241 5239/5239 5250/5250
f 5241/5241 5250/5250 5248/5248
f 5251/5251 5252/5252 5249/5249
f 5251/5251 5249/5249 5248/5248
f 5251/5251 5248/5248 5250/5250
f 5251/5251 5250/5250 5253/5253
f 5240/5240 5254/5254 5255/5255
f 5240/5240 5255/5255 5238/5238
f 5240/5240 5242/5242 5247/5247
f 5240/5240 5247/5247 5254/5254
f 5256/5256 5255/5255 5254/5254
f 5256/5256 5254/5254 5257/5257
f 5257/5257 5254/5254 5247/5247
f 5257/5257 5247/5247 5258/5258
f 5259/5259 5236/5236 5238/5238
f 5259/5259 5238/5238 5255/5255
f 5260/5260 5250/5250 5239/5239
f 5260/5260 5239/5239 5237/5237
f 5261/5261 5253/5253 5250/5250
f 5261/5261 5250/5250 5260/5260
f 5262/5262 5263/5263 5261/5261
f 5262/5262 5261/5261 5260/5260
f 4944/4944 5264/5264 5253/5253
f 4944/4944 5253/5253 5261/5261
f 4944/4944 5261/5261 5263/5263
f 4944/4944 5263/5263 4945/4945
f 5262/5262 5260/5260 5237/5237
f 5262/5262 5237/5237 5235/5235
f 5262/5262 5235/5235 5233/5233
f 5262/5262 5233/5233 5265/5265
f 4954/4954 5265/5265 5266/5266
f 4954/4954 5266/5266 4955/4955
f 5232/5232 5266/5266 5265/5265
f 5232/5232 5265/5265 5233/5233
f 5266/5266 5230/5230 4956/4956
f 5266/5266 4956/4956 4955/4955
f 5232/5232 5231/5231 5230/5230
f 5232/5232 5230/5230 5266/5266
f 5263/5263 5262/5262 5265/5265
f 5263/5263 5265/5265 4954/4954
f 5052/5052 5053/5053 5234/5234
f 5052/5052 5234/5234 5267/5267
f 5052/5052 5267/5267 4658/4658
f 5052/5052 4658/4658 4660/4660
f 5267/5267 5259/5259 4659/4659
f 5267/5267 4659/4659 4658/4658
f 5267/5267 5234/5234 5236/5236
f 5267/5267 5236/5236 5259/5259
f 4959/4959 4953/4953 4956/4956
f 4959/4959 4956/4956 5229/5229
f 4888/4888 5268/5268 4897/4897
f 4888/4888 4897/4897 4881/4881
f 5269/5269 5270/5270 5271/5271
f 5269/5269 5271/5271 5268/5268
f 4888/4888 4889/4889 5269/5269
f 4888/4888 5269/5269 5268/5268
f 5269/5269 4912/4912 5272/5272
f 5269/5269 5272/5272 5270/5270
f 5272/5272 5273/5273 5274/5274
f 5272/5272 5274/5274 5270/5270
f 4914/4914 4913/4913 5275/5275
f 4914/4914 5275/5275 5273/5273
f 5273/5273 5275/5275 5276/5276
f 5273/5273 5276/5276 5274/5274
f 5277/5277 5276/5276 5278/5278
f 5277/5277 5278/5278 5279/5279
f 5280/5280 5277/5277 5279/5279
f 5280/5280 5279/5279 5281/5281
f 4896/4896 5280/5280 5282/5282
f 4896/4896 5282/5282 4893/4893
f 5282/5282 5283/5283 4894/4894
f 5282/5282 4894/4894 4893/4893
f 4870/4870 4894/4894 5283/5283
f 4870/4870 5283/5283 4871/4871
f 4871/4871 5283/5283 5284/5284
f 4871/4871 5284/5284 5285/5285
f 5284/5284 5283/5283 5282/5282
f 5284/5284 5282/5282 5286/5286
f 5280/5280 5281/5281 5286/5286
f 5280/5280 5286/5286 5282/5282
f 5286/5286 5281/5281 5287/5287
f 5286/5286 5287/5287 5288/5288
f 5281/5281 5279/5279 5289/5289
f 5281/5281 5289/5289 5287/5287
f 5290/5290 5277/5277 5280/5280
f 5290/5290 5280/5280 4896/4896
f 5274/5274 5276/5276 5277/5277
f 5274/5274 5277/5277 5290/5290
f 5290/5290 5271/5271 5270/5270
f 5290/5290 5270/5270 5274/5274
f 4896/4896 4895/4895 5271/5271
f 4896/4896 5271/5271 5290/5290
f 5275/5275 5291/5291 5278/5278
f 5275/5275 5278/5278 5276/5276
f 5176/5176 5178/5178 5278/5278
f 5176/5176 5278/5278 5291/5291
f 4916/4916 5177/5177 5176/5176
f 4916/4916 5176/5176 5291/5291
f 4913/4913 4916/4916 5291/5291
f 4913/4913 5291/5291 5275/5275
f 5278/5278 5178/5178 5289/5289
f 5278/5278 5289/5289 5279/5279
f 5272/5272 4914/4914 5273/5273
f 5272/5272 4912/4912 4911/4911
f 5272/5272 4911/4911 4914/4914
f 4905/4905 4912/4912 5269/5269
f 4905/4905 5269/5269 4889/4889
f 4895/4895 4897/4897 5268/5268
f 4895/4895 5268/5268 5271/5271
f 4789/4789 4991/4991 5292/5292
f 4789/4789 5292/5292 4790/4790
f 4991/4991 4992/4992 5003/5003
f 4991/4991 5003/5003 5292/5292
f 5292/5292 5293/5293 5294/5294
f 5292/5292 5294/5294 4790/4790
f 5293/5293 5295/5295 5296/5296
f 5293/5293 5296/5296 5294/5294
f 5295/5295 5297/5297 5298/5298
f 5295/5295 5298/5298 5296/5296
f 5295/5295 5299/5299 5300/5300
f 5295/5295 5300/5300 5297/5297
f 4417/4417 5300/5300 5299/5299
f 4417/4417 5299/5299 5002/5002
f 5301/5301 5297/5297 5300/5300
f 5301/5301 5300/5300 5302/5302
f 4425/4425 5303/5303 5301/5301
f 4425/4425 5301/5301 4423/4423
f 5303/5303 5298/5298 5297/5297
f 5303/5303 5297/5297 5301/5301
f 5304/5304 5296/5296 5298/5298
f 5304/5304 5298/5298 5305/5305
f 5294/5294 5296/5296 5304/5304
f 5294/5294 5304/5304 5306/5306
f 5307/5307 5306/5306 5304/5304
f 5307/5307 5304/5304 5308/5308
f 5304/5304 5305/5305 5309/5309
f 5304/5304 5309/5309 5308/5308
f 5303/5303 5310/5310 5305/5305
f 5303/5303 5305/5305 5298/5298
f 5310/5310 5311/5311 5309/5309
f 5310/5310 5309/5309 5305/5305
f 5310/5310 5312/5312 5313/5313
f 5310/5310 5313/5313 5311/5311
f 4425/4425 5312/5312 5310/5310
f 4425/4425 5310/5310 5303/5303
f 4423/4423 5301/5301 5302/5302
f 4423/4423 5302/5302 4420/4420
f 5302/5302 5300/5300 4417/4417
f 5302/5302 4417/4417 4418/4418
f 4420/4420 5302/5302 4418/4418
f 4420/4420 4418/4418 4407/4407
f 5002/5002 5299/5299 5004/5004
f 5002/5002 5004/5004 5000/5000
f 5295/5295 5293/5293 5004/5004
f 5295/5295 5004/5004 5299/5299
f 5003/5003 5004/5004 5293/5293
f 5003/5003 5293/5293 5292/5292
f 4790/4790 5294/5294 5306/5306
f 4790/4790 5306/5306 4787/4787
f 4787/4787 5306/5306 5307/5307
f 4787/4787 5307/5307 4788/4788
f 5307/5307 5314/5314 5315/5315
f 5307/5307 5315/5315 4788/4788
f 5314/5314 4635/4635 4633/4633
f 5314/5314 4633/4633 5315/5315
f 4786/4786 4788/4788 5315/5315
f 4786/4786 5315/5315 4780/4780
f 5315/5315 4633/4633 4632/4632
f 5315/5315 4632/4632 4780/4780
f 4635/4635 5314/5314 5316/5316
f 4635/4635 5316/5316 4637/4637
f 4638/4638 4637/4637 5316/5316
f 4638/4638 5316/5316 5317/5317
f 4638/4638 5317/5317 5318/5318
f 4638/4638 5318/5318 5319/5319
f 5318/5318 5311/5311 5313/5313
f 5318/5318 5313/5313 5320/5320
f 4587/4587 5320/5320 5321/5321
f 4587/4587 5321/5321 4588/4588
f 5321/5321 5322/5322 4589/4589
f 5321/5321 4589/4589 4588/4588
f 5323/5323 4589/4589 5322/5322
f 5323/5323 5322/5322 5324/5324
f 5324/5324 5325/5325 5326/5326
f 5324/5324 5326/5326 5323/5323
f 5327/5327 5325/5325 5324/5324
f 5327/5327 5324/5324 5328/5328
f 5329/5329 5327/5327 5330/5330
f 5329/5329 5330/5330 5331/5331
f 5332/5332 5330/5330 5327/5327
f 5332/5332 5327/5327 5328/5328
f 5329/5329 5333/5333 5325/5325
f 5329/5329 5325/5325 5327/5327
f 5334/5334 5328/5328 5324/5324
f 5334/5334 5324/5324 5322/5322
f 5328/5328 5334/5334 5335/5335
f 5328/5328 5335/5335 5332/5332
f 5334/5334 5336/5336 5337/5337
f 5334/5334 5337/5337 5335/5335
f 5336/5336 5334/5334 5322/5322
f 5336/5336 5322/5322 5321/5321
f 5326/5326 5325/5325 5333/5333
f 5326/5326 5333/5333 5338/5338
f 4581/4581 5326/5326 5338/5338
f 4581/4581 5338/5338 5339/5339
f 5339/5339 5338/5338 5340/5340
f 5339/5339 5340/5340 5341/5341
f 5338/5338 5333/5333 5342/5342
f 5338/5338 5342/5342 5340/5340
f 4583/4583 5323/5323 5326/5326
f 4583/4583 5326/5326 4581/4581
f 4589/4589 5323/5323 4583/4583
f 4589/4589 4583/4583 4584/4584
f 5313/5313 5336/5336 5321/5321
f 5313/5313 5321/5321 5320/5320
f 4587/4587 5319/5319 5318/5318
f 4587/4587 5318/5318 5320/5320
f 4573/4573 4572/4572 4638/4638
f 4573/4573 4638/4638 5319/5319
f 4573/4573 5319/5319 4587/4587
f 4573/4573 4587/4587 4575/4575
f 5318/5318 5317/5317 5309/5309
f 5318/5318 5309/5309 5311/5311
f 5317/5317 5316/5316 5308/5308
f 5317/5317 5308/5308 5309/5309
f 5307/5307 5308/5308 5316/5316
f 5307/5307 5316/5316 5314/5314
f 4612/4612 4776/4776 4634/4634
f 4612/4612 4634/4634 4611/4611
f 5001/5001 4416/4416 4417/4417
f 5001/5001 4417/4417 5002/5002
f 4944/4944 4943/4943 5343/5343
f 4944/4944 5343/5343 5264/5264
f 5343/5343 5344/5344 5345/5345
f 5343/5343 5345/5345 5264/5264
f 5346/5346 5344/5344 5347/5347
f 5346/5346 5347/5347 5348/5348
f 5349/5349 5346/5346 5350/5350
f 5349/5349 5350/5350 5351/5351
f 5345/5345 5344/5344 5346/5346
f 5345/5345 5346/5346 5349/5349
f 5345/5345 5349/5349 5252/5252
f 5345/5345 5252/5252 5251/5251
f 5264/5264 5345/5345 5251/5251
f 5264/5264 5251/5251 5253/5253
f 5252/5252 5349/5349 5351/5351
f 5252/5252 5351/5351 5352/5352
f 5352/5352 5351/5351 5353/5353
f 5352/5352 5353/5353 5354/5354
f 5249/5249 5252/5252 5352/5352
f 5249/5249 5352/5352 5355/5355
f 5244/5244 5249/5249 5355/5355
f 5244/5244 5355/5355 5246/5246
f 5212/5212 5246/5246 5355/5355
f 5212/5212 5355/5355 5356/5356
f 5221/5221 5356/5356 5354/5354
f 5221/5221 5354/5354 5219/5219
f 5355/5355 5352/5352 5354/5354
f 5355/5355 5354/5354 5356/5356
f 5353/5353 5218/5218 5219/5219
f 5353/5353 5219/5219 5354/5354
f 5218/5218 5353/5353 5357/5357
f 5218/5218 5357/5357 5358/5358
f 5351/5351 5350/5350 5357/5357
f 5351/5351 5357/5357 5353/5353
f 5210/5210 5212/5212 5356/5356
f 5210/5210 5356/5356 5221/5221
f 5346/5346 5348/5348 5359/5359
f 5346/5346 5359/5359 5350/5350
f 5360/5360 5361/5361 5359/5359
f 5360/5360 5359/5359 5348/5348
f 5347/5347 5362/5362 5360/5360
f 5347/5347 5360/5360 5348/5348
f 5347/5347 5363/5363 5364/5364
f 5347/5347 5364/5364 5362/5362
f 5343/5343 5363/5363 5347/5347
f 5343/5343 5347/5347 5344/5344
f 4949/4949 5364/5364 5363/5363
f 4949/4949 5363/5363 4946/4946
f 4868/4868 4867/4867 5362/5362
f 4868/4868 5362/5362 5364/5364
f 5362/5362 4867/4867 4866/4866
f 5362/5362 4866/4866 5360/5360
f 4949/4949 4950/4950 4868/4868
f 4949/4949 4868/4868 5364/5364
f 5343/5343 4943/4943 4946/4946
f 5343/5343 4946/4946 5363/5363
f 5360/5360 4866/4866 5285/5285
f 5360/5360 5285/5285 5361/5361
f 5359/5359 5361/5361 5365/5365
f 5359/5359 5365/5365 5366/5366
f 5359/5359 5366/5366 5357/5357
f 5359/5359 5357/5357 5350/5350
f 5358/5358 5357/5357 5366/5366
f 5358/5358 5366/5366 5367/5367
f 5288/5288 5367/5367 5366/5366
f 5288/5288 5366/5366 5365/5365
f 5288/5288 5365/5365 5284/5284
f 5288/5288 5284/5284 5286/5286
f 5361/5361 5285/5285 5284/5284
f 5361/5361 5284/5284 5365/5365
f 5368/5368 5358/5358 5367/5367
f 5368/5368 5367/5367 5369/5369
f 5218/5218 5358/5358 5368/5368
f 5218/5218 5368/5368 5217/5217
f 5368/5368 5171/5171 5174/5174
f 5368/5368 5174/5174 5217/5217
f 5369/5369 5172/5172 5171/5171
f 5369/5369 5171/5171 5368/5368
f 5288/5288 5287/5287 5369/5369
f 5288/5288 5369/5369 5367/5367
f 4945/4945 5263/5263 4954/4954
f 4945/4945 4954/4954 4947/4947
f 4877/4877 4876/4876 4950/4950
f 4877/4877 4950/4950 4951/4951
f 4868/4868 4950/4950 4876/4876
f 4868/4868 4876/4876 4863/4863
f 5313/5313 5312/5312 5337/5337
f 5313/5313 5337/5337 5336/5336
f 5312/5312 4425/4425 4424/4424
f 5312/5312 4424/4424 5337/5337
f 4426/4426 5335/5335 5337/5337
f 4426/4426 5337/5337 4424/4424
f 5335/5335 4426/4426 5370/5370
f 5335/5335 5370/5370 5332/5332
f 5332/5332 5370/5370 5371/5371
f 5332/5332 5371/5371 5330/5330
f 5331/5331 5330/5330 5371/5371
f 5331/5331 5371/5371 5372/5372
f 5373/5373 5331/5331 5372/5372
f 5373/5373 5372/5372 5374/5374
f 5373/5373 5374/5374 4396/4396
f 5373/5373 4396/4396 5375/5375
f 5376/5376 4394/4394 4396/4396
f 5376/5376 4396/4396 5374/5374
f 5376/5376 5374/5374 5372/5372
f 5376/5376 5372/5372 5377/5377
f 5378/5378 4393/4393 5376/5376
f 5378/5378 5376/5376 5377/5377
f 5370/5370 5379/5379 5378/5378
f 5370/5370 5378/5378 5371/5371
f 4391/4391 4393/4393 5378/5378
f 4391/4391 5378/5378 5379/5379
f 4422/4422 4392/4392 4391/4391
f 4422/4422 4391/4391 5379/5379
f 5370/5370 4426/4426 4422/4422
f 5370/5370 4422/4422 5379/5379
f 5378/5378 5377/5377 5372/5372
f 5378/5378 5372/5372 5371/5371
f 5376/5376 4393/4393 4389/4389
f 5376/5376 4389/4389 4394/4394
f 5380/5380 5373/5373 5375/5375
f 5380/5380 5375/5375 5381/5381
f 5333/5333 5329/5329 5380/5380
f 5333/5333 5380/5380 5342/5342
f 5380/5380 5381/5381 5382/5382
f 5380/5380 5382/5382 5342/5342
f 5383/5383 5384/5384 5382/5382
f 5383/5383 5382/5382 5381/5381
f 5375/5375 5385/5385 5383/5383
f 5375/5375 5383/5383 5381/5381
f 5385/5385 5375/5375 4396/4396
f 5385/5385 4396/4396 4395/4395
f 5385/5385 4401/4401 5386/5386
f 5385/5385 5386/5386 5383/5383
f 4552/4552 5387/5387 5386/5386
f 4552/4552 5386/5386 5388/5388
f 4401/4401 4400/4400 5388/5388
f 4401/4401 5388/5388 5386/5386
f 5383/5383 5386/5386 5387/5387
f 5383/5383 5387/5387 5384/5384
f 4395/4395 4397/4397 4401/4401
f 4395/4395 4401/4401 5385/5385
f 5389/5389 5390/5390 5382/5382
f 5389/5389 5382/5382 5384/5384
f 5387/5387 5391/5391 5389/5389
f 5387/5387 5389/5389 5384/5384
f 4550/4550 5391/5391 5387/5387
f 4550/4550 5387/5387 4552/4552
f 5389/5389 5391/5391 4541/4541
f 5389/5389 4541/4541 5392/5392
f 4539/4539 4541/4541 5391/5391
f 4539/4539 5391/5391 4550/4550
f 5390/5390 5389/5389 5392/5392
f 5390/5390 5392/5392 5393/5393
f 5340/5340 5342/5342 5382/5382
f 5340/5340 5382/5382 5390/5390
f 5341/5341 5340/5340 5390/5390
f 5341/5341 5390/5390 5393/5393
f 5380/5380 5329/5329 5331/5331
f 5380/5380 5331/5331 5373/5373
f 4534/4534 4580/4580 4585/4585
f 4534/4534 4585/4585 4535/4535
f 5341/5341 4582/4582 4581/4581
f 5341/5341 4581/4581 5339/5339
f 4866/4866 4865/4865 4871/4871
f 4866/4866 4871/4871 5285/5285
f 4870/4870 4872/4872 4892/4892
f 4870/4870 4892/4892 4894/4894
f 4622/4622 5094/5094 4626/4626
f 4622/4622 4626/4626 4620/4620
f 5259/5259 5255/5255 5256/5256
f 5259/5259 5256/5256 4659/4659
f 5256/5256 5394/5394 4656/4656
f 5256/5256 4656/4656 4659/4659
f 4667/4667 4657/4657 4656/4656
f 4667/4667 4656/4656 5394/5394
f 5395/5395 5396/5396 4667/4667
f 5395/5395 4667/4667 5394/5394
f 5395/5395 5397/5397 5086/5086
f 5395/5395 5086/5086 5396/5396
f 5086/5086 5397/5397 5083/5083
f 5086/5086 5083/5083 5085/5085
f 5397/5397 5258/5258 5084/5084
f 5397/5397 5084/5084 5083/5083
f 5258/5258 5397/5397 5395/5395
f 5258/5258 5395/5395 5257/5257
f 4667/4667 5396/5396 5398/5398
f 4667/4667 5398/5398 4666/4666
f 5396/5396 5086/5086 5087/5087
f 5396/5396 5087/5087 5398/5398
f 5094/5094 4622/4622 4666/4666
f 5094/5094 4666/4666 5398/5398
f 5087/5087 5088/5088 5094/5094
f 5087/5087 5094/5094 5398/5398
f 5256/5256 5257/5257 5395/5395
f 5256/5256 5395/5395 5394/5394
f 5247/5247 5245/5245 5084/5084
f 5247/5247 5084/5084 5258/5258
f 5081/5081 5084/5084 5245/5245
f 5081/5081 5245/5245 5208/5208
f 5209/5209 5246/5246 5212/5212
f 5209/5209 5212/5212 5207/5207
f 5210/5210 5221/5221 5220/5220
f 5210/5210 5220/5220 5211/5211
f 4368/4368 4367/4367 4363/4363
f 4368/4368 4363/4363 4402/4402
f 4535/4535 5392/5392 4541/4541
f 4535/4535 4541/4541 4533/4533
f 4535/4535 4585/4585 5393/5393
f 4535/4535 5393/5393 5392/5392
f 5393/5393 4585/4585 4582/4582
f 5393/5393 4582/4582 5341/5341
f 5388/5388 4400/4400 4403/4403
f 5388/5388 4403/4403 5399/5399
f 4551/4551 4552/4552 5388/5388
f 4551/4551 5388/5388 5399/5399
f 4364/4364 4548/4548 4551/4551
f 4364/4364 4551/4551 5399/5399
f 4362/4362 4364/4364 5399/5399
f 4362/4362 5399/5399 4403/4403
f 4402/4402 4363/4363 4362/4362
f 4402/4402 4362/4362 4403/4403
f 4364/4364 4357/4357 4359/4359
f 4364/4364 4359/4359 4548/4548
f 5092/5092 4746/4746 4739/4739
f 5092/5092 4739/4739 4741/4741
f 4741/4741 4740/4740 5400/5400
f 4741/4741 5400/5400 5095/5095
f 5400/5400 4616/4616 4615/4615
f 5400/5400 4615/4615 5095/5095
f 5400/5400 4770/4770 4775/4775
f 5400/5400 4775/4775 4616/4616
f 5400/5400 4740/4740 4743/4743
f 5400/5400 4743/4743 4770/4770
f 4719/4719 5201/5201 4718/4718
f 4719/4719 4718/4718 4714/4714
f 5078/5078 5082/5082 5203/5203
f 5078/5078 5203/5203 5077/5077
f 5172/5172 5369/5369 5287/5287
f 5172/5172 5287/5287 5289/5289
f 5172/5172 5289/5289 5178/5178
f 5172/5172 5178/5178 5170/5170
f 5975/5975 5402/5402 5499/5499
f 5975/5975 5499/5499 5974/5974
f 5671/5671 5403/5403 5498/5498
f 5671/5671 5498/5498 5670/5670
f 6091/6091 5404/5404 5497/5497
f 6091/6091 5497/5497 6090/6090
f 5763/5763 5405/5405 5496/5496
f 5763/5763 5496/5496 5762/5762
f 5565/5565 5899/5899 5900/5900
f 5565/5565 5900/5900 5564/5564
f 5406/5406 5870/5870 5871/5871
f 5406/5406 5871/5871 5503/5503
f 6003/6003 6004/6004 5694/5694
f 6003/6003 5694/5694 5693/5693
f 5694/5694 5401/5401 5500/5500
f 5694/5694 5500/5500 5693/5693
f 5970/5970 5409/5409 5586/5586
f 5970/5970 5586/5586 5969/5969
f 5667/5667 5410/5410 5585/5585
f 5667/5667 5585/5585 5666/5666
f 6086/6086 5411/5411 5584/5584
f 6086/6086 5584/5584 6085/6085
f 5759/5759 5412/5412 5583/5583
f 5759/5759 5583/5583 5758/5758
f 5562/5562 5904/5904 5905/5905
f 5562/5562 5905/5905 5582/5582
f 5413/5413 5875/5875 5876/5876
f 5413/5413 5876/5876 5581/5581
f 5713/5713 6020/6020 6021/6021
f 5713/5713 6021/6021 5712/5712
f 5690/5690 5408/5408 5587/5587
f 5690/5690 5587/5587 5689/5689
f 6126/6126 5606/5606 5963/5963
f 6126/6126 5963/5963 6125/6125
f 6129/6129 5605/5605 5662/5662
f 6129/6129 5662/5662 6128/6128
f 6132/6132 5604/5604 6079/6079
f 6132/6132 6079/6079 6131/6131
f 6135/6135 5603/5603 5754/5754
f 6135/6135 5754/5754 6134/6134
f 6137/6137 5911/5911 5602/5602
f 6137/6137 5602/5602 6136/6136
f 6139/6139 5882/5882 5601/5601
f 6139/6139 5601/5601 6138/6138
f 6143/6143 6027/6027 5708/5708
f 6143/6143 5708/5708 6142/6142
f 6123/6123 5607/5607 5685/5685
f 6123/6123 5685/5685 6122/6122
f 5960/5960 5425/5425 5616/5616
f 5960/5960 5616/5616 5959/5959
f 5659/5659 5426/5426 5615/5615
f 5659/5659 5615/5615 5658/5658
f 6076/6076 5427/5427 5614/5614
f 6076/6076 5614/5614 6075/6075
f 5751/5751 5428/5428 5613/5613
f 5751/5751 5613/5613 5750/5750
f 5558/5558 5914/5914 5915/5915
f 5558/5558 5915/5915 5612/5612
f 5429/5429 5885/5885 5886/5886
f 5429/5429 5886/5886 5611/5611
f 5705/5705 6030/6030 6031/6031
f 5705/5705 6031/6031 5704/5704
f 5682/5682 5424/5424 5617/5617
f 5682/5682 5617/5617 5681/5681
f 5957/5957 5819/5819 6204/6204
f 5957/5957 6204/6204 6205/6205
f 5820/5820 5821/5821 6201/6201
f 5820/5820 6201/6201 6202/6202
f 6073/6073 5823/5823 6198/6198
f 6073/6073 6198/6198 6199/6199
f 5824/5824 5825/5825 6195/6195
f 5824/5824 6195/6195 6196/6196
f 5826/5826 5917/5917 6193/6193
f 5826/5826 6193/6193 6194/6194
f 5827/5827 5888/5888 6215/6215
f 5827/5827 6215/6215 6216/6216
f 5830/5830 6033/6033 6211/6211
f 5830/5830 6211/6211 6212/6212
f 5816/5816 5817/5817 6207/6207
f 5816/5816 6207/6207 6208/6208
f 5806/5806 5908/5908 5909/5909
f 5806/5806 5909/5909 5592/5592
f 5804/5804 5805/5805 5593/5593
f 5804/5804 5593/5593 5756/5756
f 6082/6082 5803/5803 5594/5594
f 6082/6082 5594/5594 6081/6081
f 5800/5800 5801/5801 5595/5595
f 5800/5800 5595/5595 5664/5664
f 5966/5966 5815/5815 5596/5596
f 5966/5966 5596/5596 5965/5965
f 5812/5812 5813/5813 5597/5597
f 5812/5812 5597/5597 5687/5687
f 5810/5810 6024/6024 6025/6025
f 5810/5810 6025/6025 5710/5710
f 5807/5807 5879/5879 5880/5880
f 5807/5807 5880/5880 5591/5591
f 5563/5563 5902/5902 6247/6247
f 5563/5563 6247/6247 6248/6248
f 5761/5761 5449/5449 6249/6249
f 5761/5761 6249/6249 6250/6250
f 6088/6088 5450/5450 6252/6252
f 6088/6088 6252/6252 6253/6253
f 5669/5669 5451/5451 6255/6255
f 5669/5669 6255/6255 6256/6256
f 5972/5972 5452/5452 6258/6258
f 5972/5972 6258/6258 6259/6259
f 5692/5692 5453/5453 6261/6261
f 5692/5692 6261/6261 6262/6262
f 5715/5715 6018/6018 6241/6241
f 5715/5715 6241/6241 6242/6242
f 5448/5448 5873/5873 6245/6245
f 5448/5448 6245/6245 6246/6246
f 5912/5912 5913/5913 5622/5622
f 5912/5912 5622/5622 5559/5559
f 5753/5753 5457/5457 5623/5623
f 5753/5753 5623/5623 5752/5752
f 6078/6078 5458/5458 5624/5624
f 6078/6078 5624/5624 6077/6077
f 5661/5661 5459/5459 5625/5625
f 5661/5661 5625/5625 5660/5660
f 5962/5962 5460/5460 5626/5626
f 5962/5962 5626/5626 5961/5961
f 5684/5684 5461/5461 5627/5627
f 5684/5684 5627/5627 5683/5683
f 5707/5707 6028/6028 6029/6029
f 5707/5707 6029/6029 5706/5706
f 5456/5456 5883/5883 5884/5884
f 5456/5456 5884/5884 5621/5621
f 5851/5851 5402/5402 5975/5975
f 5851/5851 5975/5975 5976/5976
f 5853/5853 5403/5403 5671/5671
f 5853/5853 5671/5671 5852/5852
f 5855/5855 5404/5404 6091/6091
f 5855/5855 6091/6091 6092/6092
f 5857/5857 5405/5405 5763/5763
f 5857/5857 5763/5763 5856/5856
f 5898/5898 5899/5899 5565/5565
f 5898/5898 5565/5565 5858/5858
f 5869/5869 5870/5870 5406/5406
f 5869/5869 5406/5406 5859/5859
f 5849/5849 5401/5401 5694/5694
f 5849/5849 5694/5694 5848/5848
f 5465/5465 5977/5977 5978/5978
f 5465/5465 5978/5978 5473/5473
f 5466/5466 5672/5672 5673/5673
f 5466/5466 5673/5673 5474/5474
f 5467/5467 6093/6093 6094/6094
f 5467/5467 6094/6094 5475/5475
f 5468/5468 5764/5764 5765/5765
f 5468/5468 5765/5765 5476/5476
f 5897/5897 5566/5566 5567/5567
f 5897/5897 5567/5567 5896/5896
f 5868/5868 5469/5469 5477/5477
f 5868/5868 5477/5477 5867/5867
f 6013/6013 5718/5718 5719/5719
f 6013/6013 5719/5719 6012/6012
f 5464/5464 5695/5695 5696/5696
f 5464/5464 5696/5696 5472/5472
f 5473/5473 5978/5978 5979/5979
f 5473/5473 5979/5979 5481/5481
f 5474/5474 5673/5673 5674/5674
f 5474/5474 5674/5674 5482/5482
f 5475/5475 6094/6094 6095/6095
f 5475/5475 6095/6095 5483/5483
f 5476/5476 5765/5765 5766/5766
f 5476/5476 5766/5766 5484/5484
f 5896/5896 5567/5567 5568/5568
f 5896/5896 5568/5568 5895/5895
f 5867/5867 5477/5477 5485/5485
f 5867/5867 5485/5485 5866/5866
f 6012/6012 5719/5719 5720/5720
f 6012/6012 5720/5720 6011/6011
f 5472/5472 5696/5696 5697/5697
f 5472/5472 5697/5697 5480/5480
f 5481/5481 5979/5979 5980/5980
f 5481/5481 5980/5980 5489/5489
f 5482/5482 5674/5674 5675/5675
f 5482/5482 5675/5675 5490/5490
f 5483/5483 6095/6095 6096/6096
f 5483/5483 6096/6096 5491/5491
f 5484/5484 5766/5766 5767/5767
f 5484/5484 5767/5767 5492/5492
f 5895/5895 5568/5568 5569/5569
f 5895/5895 5569/5569 5894/5894
f 5866/5866 5485/5485 5493/5493
f 5866/5866 5493/5493 5865/5865
f 6011/6011 5720/5720 5721/5721
f 6011/6011 5721/5721 6010/6010
f 5480/5480 5697/5697 5698/5698
f 5480/5480 5698/5698 5488/5488
f 6103/6103 6104/6104 5449/5449
f 6103/6103 5449/5449 5761/5761
f 6100/6100 6101/6101 5450/5450
f 6100/6100 5450/5450 6088/6088
f 6097/6097 6098/6098 5451/5451
f 6097/6097 5451/5451 5669/5669
f 6118/6118 6119/6119 5452/5452
f 6118/6118 5452/5452 5972/5972
f 6115/6115 6116/6116 5453/5453
f 6115/6115 5453/5453 5692/5692
f 6111/6111 6112/6112 6018/6018
f 6111/6111 6018/6018 5715/5715
f 6107/6107 6108/6108 5873/5873
f 6107/6107 5873/5873 5448/5448
f 6105/6105 6106/6106 5902/5902
f 6105/6105 5902/5902 5563/5563
f 6321/6321 5954/5954 5505/5505
f 6321/6321 5505/5505 6320/6320
f 5655/5655 5506/5506 6317/6317
f 5655/5655 6317/6317 6318/6318
f 6070/6070 5507/5507 6314/6314
f 6070/6070 6314/6314 6315/6315
f 5747/5747 5508/5508 6335/6335
f 5747/5747 6335/6335 6336/6336
f 5555/5555 5920/5920 6333/6333
f 5555/5555 6333/6333 6334/6334
f 5509/5509 5891/5891 6331/6331
f 5509/5509 6331/6331 6332/6332
f 5701/5701 6036/6036 6327/6327
f 5701/5701 6327/6327 6328/6328
f 5678/5678 5504/5504 6323/6323
f 5678/5678 6323/6323 6324/6324
f 5953/5953 5513/5513 5521/5521
f 5953/5953 5521/5521 5952/5952
f 5654/5654 5514/5514 5522/5522
f 5654/5654 5522/5522 5653/5653
f 6069/6069 5515/5515 5523/5523
f 6069/6069 5523/5523 6068/6068
f 5746/5746 5516/5516 5524/5524
f 5746/5746 5524/5524 5745/5745
f 5554/5554 5921/5921 5922/5922
f 5554/5554 5922/5922 5553/5553
f 5517/5517 5892/5892 5893/5893
f 5517/5517 5893/5893 5525/5525
f 5700/5700 6037/6037 6038/6038
f 5700/5700 6038/6038 5699/5699
f 5677/5677 5512/5512 5520/5520
f 5677/5677 5520/5520 5676/5676
f 5508/5508 5747/5747 5832/5832
f 5508/5508 5832/5832 5833/5833
f 5507/5507 6070/6070 6071/6071
f 5507/5507 6071/6071 5847/5847
f 5506/5506 5655/5655 5844/5844
f 5506/5506 5844/5844 5845/5845
f 5505/5505 5954/5954 5955/5955
f 5505/5505 5955/5955 5843/5843
f 5504/5504 5678/5678 5840/5840
f 5504/5504 5840/5840 5841/5841
f 6036/6036 5701/5701 5838/5838
f 6036/6036 5838/5838 6035/6035
f 5891/5891 5509/5509 5835/5835
f 5891/5891 5835/5835 5890/5890
f 5920/5920 5555/5555 5834/5834
f 5920/5920 5834/5834 5919/5919
f 5486/5486 5537/5537 5536/5536
f 5486/5486 5536/5536 5494/5494
f 5478/5478 5538/5538 5537/5537
f 5478/5478 5537/5537 5486/5486
f 5470/5470 5539/5539 5538/5538
f 5470/5470 5538/5538 5478/5478
f 5861/5861 5407/5407 5540/5540
f 5861/5861 5540/5540 5860/5860
f 5541/5541 5540/5540 5407/5407
f 5541/5541 5407/5407 5502/5502
f 5542/5542 6109/6109 6110/6110
f 5542/5542 6110/6110 5455/5455
f 6244/6244 5542/5542 5455/5455
f 6244/6244 5455/5455 6243/6243
f 5589/5589 5580/5580 5543/5543
f 5589/5589 5543/5543 5414/5414
f 5599/5599 5590/5590 5808/5808
f 5599/5599 5808/5808 5809/5809
f 6141/6141 5609/5609 5600/5600
f 6141/6141 5600/5600 6140/6140
f 5629/5629 5620/5620 5546/5546
f 5629/5629 5546/5546 5463/5463
f 5619/5619 5610/5610 5547/5547
f 5619/5619 5547/5547 5430/5430
f 6214/6214 5828/5828 5829/5829
f 6214/6214 5829/5829 6213/6213
f 5510/5510 5550/5550 5836/5836
f 5510/5510 5836/5836 5837/5837
f 6330/6330 5550/5550 5510/5510
f 6330/6330 5510/5510 6329/6329
f 5552/5552 5551/5551 5518/5518
f 5552/5552 5518/5518 5526/5526
f 5516/5516 5554/5554 5553/5553
f 5516/5516 5553/5553 5524/5524
f 6334/6334 6308/6308 6309/6309
f 6334/6334 6309/6309 6335/6335
f 5508/5508 5555/5555 6334/6334
f 5508/5508 6334/6334 6335/6335
f 5555/5555 5508/5508 5833/5833
f 5555/5555 5833/5833 5834/5834
f 5825/5825 5826/5826 6194/6194
f 5825/5825 6194/6194 6195/6195
f 5428/5428 5558/5558 5612/5612
f 5428/5428 5612/5612 5613/5613
f 5559/5559 5622/5622 5623/5623
f 5559/5559 5623/5623 5457/5457
f 6136/6136 5602/5602 5603/5603
f 6136/6136 5603/5603 6135/6135
f 5805/5805 5806/5806 5592/5592
f 5805/5805 5592/5592 5593/5593
f 5412/5412 5562/5562 5582/5582
f 5412/5412 5582/5582 5583/5583
f 5449/5449 5563/5563 6248/6248
f 5449/5449 6248/6248 6249/6249
f 6104/6104 6105/6105 5563/5563
f 6104/6104 5563/5563 5449/5449
f 5405/5405 5565/5565 5564/5564
f 5405/5405 5564/5564 5496/5496
f 5565/5565 5405/5405 5857/5857
f 5565/5565 5857/5857 5858/5858
f 5567/5567 5566/5566 5468/5468
f 5567/5567 5468/5468 5476/5476
f 5568/5568 5567/5567 5476/5476
f 5568/5568 5476/5476 5484/5484
f 5569/5569 5568/5568 5484/5484
f 5569/5569 5484/5484 5492/5492
f 5571/5571 5903/5903 5904/5904
f 5571/5571 5904/5904 5562/5562
f 5572/5572 5571/5571 5562/5562
f 5572/5572 5562/5562 5412/5412
f 5760/5760 5572/5572 5412/5412
f 5760/5760 5412/5412 5759/5759
f 6087/6087 5573/5573 5411/5411
f 6087/6087 5411/5411 6086/6086
f 5668/5668 5574/5574 5410/5410
f 5668/5668 5410/5410 5667/5667
f 5971/5971 5575/5575 5409/5409
f 5971/5971 5409/5409 5970/5970
f 5691/5691 5576/5576 5408/5408
f 5691/5691 5408/5408 5690/5690
f 5714/5714 6019/6019 6020/6020
f 5714/5714 6020/6020 5713/5713
f 5543/5543 5579/5579 5578/5578
f 5543/5543 5578/5578 5414/5414
f 5570/5570 5874/5874 5875/5875
f 5570/5570 5875/5875 5413/5413
f 5791/5791 5877/5877 5878/5878
f 5791/5791 5878/5878 5440/5440
f 5790/5790 5906/5906 5907/5907
f 5790/5790 5907/5907 5561/5561
f 5789/5789 5790/5790 5561/5561
f 5789/5789 5561/5561 5441/5441
f 5788/5788 5789/5789 5441/5441
f 5788/5788 5441/5441 5757/5757
f 6084/6084 5787/5787 5442/5442
f 6084/6084 5442/5442 6083/6083
f 5784/5784 5785/5785 5443/5443
f 5784/5784 5443/5443 5665/5665
f 5968/5968 5799/5799 5444/5444
f 5968/5968 5444/5444 5967/5967
f 5796/5796 5797/5797 5445/5445
f 5796/5796 5445/5445 5688/5688
f 5794/5794 6022/6022 6023/6023
f 5794/5794 6023/6023 5711/5711
f 5544/5544 5792/5792 5793/5793
f 5544/5544 5793/5793 5447/5447
f 5591/5591 5880/5880 5881/5881
f 5591/5591 5881/5881 5421/5421
f 5592/5592 5909/5909 5910/5910
f 5592/5592 5910/5910 5560/5560
f 5593/5593 5592/5592 5560/5560
f 5593/5593 5560/5560 5420/5420
f 5756/5756 5593/5593 5420/5420
f 5756/5756 5420/5420 5755/5755
f 6081/6081 5594/5594 5419/5419
f 6081/6081 5419/5419 6080/6080
f 5664/5664 5595/5595 5418/5418
f 5664/5664 5418/5418 5663/5663
f 5965/5965 5596/5596 5417/5417
f 5965/5965 5417/5417 5964/5964
f 5687/5687 5597/5597 5416/5416
f 5687/5687 5416/5416 5686/5686
f 5710/5710 6025/6025 6026/6026
f 5710/5710 6026/6026 5709/5709
f 5545/5545 5590/5590 5599/5599
f 5545/5545 5599/5599 5422/5422
f 5882/5882 5883/5883 5456/5456
f 5882/5882 5456/5456 5601/5601
f 5602/5602 5911/5911 5912/5912
f 5602/5602 5912/5912 5559/5559
f 5603/5603 5602/5602 5559/5559
f 5603/5603 5559/5559 5457/5457
f 5754/5754 5603/5603 5457/5457
f 5754/5754 5457/5457 5753/5753
f 6079/6079 5604/5604 5458/5458
f 6079/6079 5458/5458 6078/6078
f 5662/5662 5605/5605 5459/5459
f 5662/5662 5459/5459 5661/5661
f 5963/5963 5606/5606 5460/5460
f 5963/5963 5460/5460 5962/5962
f 5685/5685 5607/5607 5461/5461
f 5685/5685 5461/5461 5684/5684
f 5708/5708 6027/6027 6028/6028
f 5708/5708 6028/6028 5707/5707
f 5600/5600 5609/5609 5463/5463
f 5600/5600 5463/5463 5546/5546
f 5611/5611 5886/5886 6149/6149
f 5611/5611 6149/6149 6150/6150
f 5612/5612 5915/5915 6151/6151
f 5612/5612 6151/6151 6152/6152
f 5613/5613 5612/5612 6152/6152
f 5613/5613 6152/6152 6153/6153
f 5750/5750 5613/5613 6153/6153
f 5750/5750 6153/6153 6154/6154
f 6075/6075 5614/5614 6156/6156
f 6075/6075 6156/6156 6157/6157
f 5658/5658 5615/5615 6159/6159
f 5658/5658 6159/6159 6160/6160
f 5959/5959 5616/5616 6162/6162
f 5959/5959 6162/6162 6163/6163
f 5681/5681 5617/5617 6165/6165
f 5681/5681 6165/6165 6166/6166
f 5704/5704 6031/6031 6145/6145
f 5704/5704 6145/6145 6146/6146
f 6148/6148 5610/5610 5619/5619
f 6148/6148 5619/5619 6147/6147
f 5621/5621 5884/5884 5885/5885
f 5621/5621 5885/5885 5429/5429
f 5622/5622 5913/5913 5914/5914
f 5622/5622 5914/5914 5558/5558
f 5623/5623 5622/5622 5558/5558
f 5623/5623 5558/5558 5428/5428
f 5752/5752 5623/5623 5428/5428
f 5752/5752 5428/5428 5751/5751
f 6077/6077 5624/5624 5427/5427
f 6077/6077 5427/5427 6076/6076
f 5660/5660 5625/5625 5426/5426
f 5660/5660 5426/5426 5659/5659
f 5961/5961 5626/5626 5425/5425
f 5961/5961 5425/5425 5960/5960
f 5683/5683 5627/5627 5424/5424
f 5683/5683 5424/5424 5682/5682
f 5706/5706 6029/6029 6030/6030
f 5706/5706 6030/6030 5705/5705
f 5547/5547 5620/5620 5629/5629
f 5547/5547 5629/5629 5430/5430
f 5512/5512 5631/5631 5630/5630
f 5512/5512 5630/5630 5520/5520
f 6296/6296 6297/6297 6323/6323
f 6296/6296 6323/6323 6322/6322
f 6323/6323 5504/5504 5632/5632
f 6323/6323 5632/5632 6322/6322
f 5632/5632 5504/5504 5841/5841
f 5632/5632 5841/5841 5842/5842
f 5817/5817 5818/5818 6206/6206
f 5817/5817 6206/6206 6207/6207
f 5617/5617 5635/5635 6164/6164
f 5617/5617 6164/6164 6165/6165
f 5424/5424 5636/5636 5635/5635
f 5424/5424 5635/5635 5617/5617
f 5627/5627 5637/5637 5636/5636
f 5627/5627 5636/5636 5424/5424
f 5461/5461 5638/5638 5637/5637
f 5461/5461 5637/5637 5627/5627
f 5607/5607 5639/5639 5638/5638
f 5607/5607 5638/5638 5461/5461
f 6124/6124 5639/5639 5607/5607
f 6124/6124 5607/5607 6123/6123
f 5597/5597 5641/5641 5640/5640
f 5597/5597 5640/5640 5416/5416
f 5813/5813 5814/5814 5641/5641
f 5813/5813 5641/5641 5597/5597
f 5797/5797 5798/5798 5642/5642
f 5797/5797 5642/5642 5445/5445
f 5408/5408 5644/5644 5643/5643
f 5408/5408 5643/5643 5587/5587
f 5576/5576 5645/5645 5644/5644
f 5576/5576 5644/5644 5408/5408
f 5453/5453 5646/5646 6260/6260
f 5453/5453 6260/6260 6261/6261
f 6116/6116 6117/6117 5646/5646
f 6116/6116 5646/5646 5453/5453
f 5401/5401 5648/5648 5647/5647
f 5401/5401 5647/5647 5500/5500
f 5648/5648 5401/5401 5849/5849
f 5648/5648 5849/5849 5850/5850
f 5650/5650 5649/5649 5464/5464
f 5650/5650 5464/5464 5472/5472
f 5651/5651 5650/5650 5472/5472
f 5651/5651 5472/5472 5480/5480
f 5652/5652 5651/5651 5480/5480
f 5652/5652 5480/5480 5488/5488
f 5513/5513 5950/5950 5951/5951
f 5513/5513 5951/5951 5521/5521
f 6293/6293 6294/6294 6320/6320
f 6293/6293 6320/6320 6319/6319
f 5505/5505 5949/5949 6319/6319
f 5505/5505 6319/6319 6320/6320
f 5949/5949 5505/5505 5843/5843
f 5949/5949 5843/5843 5948/5948
f 5819/5819 5946/5946 6203/6203
f 5819/5819 6203/6203 6204/6204
f 5616/5616 5944/5944 6161/6161
f 5616/5616 6161/6161 6162/6162
f 5425/5425 5943/5943 5944/5944
f 5425/5425 5944/5944 5616/5616
f 5626/5626 5942/5942 5943/5943
f 5626/5626 5943/5943 5425/5425
f 5460/5460 5941/5941 5942/5942
f 5460/5460 5942/5942 5626/5626
f 5606/5606 5940/5940 5941/5941
f 5606/5606 5941/5941 5460/5460
f 6127/6127 5940/5940 5606/5606
f 6127/6127 5606/5606 6126/6126
f 5596/5596 5938/5938 5939/5939
f 5596/5596 5939/5939 5417/5417
f 5815/5815 5937/5937 5938/5938
f 5815/5815 5938/5938 5596/5596
f 5799/5799 5935/5935 5936/5936
f 5799/5799 5936/5936 5444/5444
f 5409/5409 5933/5933 5934/5934
f 5409/5409 5934/5934 5586/5586
f 5575/5575 5932/5932 5933/5933
f 5575/5575 5933/5933 5409/5409
f 5452/5452 5931/5931 6257/6257
f 5452/5452 6257/6257 6258/6258
f 6119/6119 6120/6120 5931/5931
f 6119/6119 5931/5931 5452/5452
f 5402/5402 5928/5928 5929/5929
f 5402/5402 5929/5929 5499/5499
f 5928/5928 5402/5402 5851/5851
f 5928/5928 5851/5851 5927/5927
f 5925/5925 5926/5926 5465/5465
f 5925/5925 5465/5465 5473/5473
f 5924/5924 5925/5925 5473/5473
f 5924/5924 5473/5473 5481/5481
f 5923/5923 5924/5924 5481/5481
f 5923/5923 5481/5481 5489/5489
f 5982/5982 5677/5677 5676/5676
f 5982/5982 5676/5676 5981/5981
f 6324/6324 6298/6298 6299/6299
f 6324/6324 6299/6299 6325/6325
f 5983/5983 5678/5678 6324/6324
f 5983/5983 6324/6324 6325/6325
f 5678/5678 5983/5983 5984/5984
f 5678/5678 5984/5984 5840/5840
f 5986/5986 5816/5816 6208/6208
f 5986/5986 6208/6208 6209/6209
f 5988/5988 5681/5681 6166/6166
f 5988/5988 6166/6166 6167/6167
f 5989/5989 5682/5682 5681/5681
f 5989/5989 5681/5681 5988/5988
f 5990/5990 5683/5683 5682/5682
f 5990/5990 5682/5682 5989/5989
f 5991/5991 5684/5684 5683/5683
f 5991/5991 5683/5683 5990/5990
f 5992/5992 5685/5685 5684/5684
f 5992/5992 5684/5684 5991/5991
f 6122/6122 5685/5685 5992/5992
f 6122/6122 5992/5992 6121/6121
f 5994/5994 5687/5687 5686/5686
f 5994/5994 5686/5686 5993/5993
f 5995/5995 5812/5812 5687/5687
f 5995/5995 5687/5687 5994/5994
f 5997/5997 5796/5796 5688/5688
f 5997/5997 5688/5688 5996/5996
f 5999/5999 5690/5690 5689/5689
f 5999/5999 5689/5689 5998/5998
f 6000/6000 5691/5691 5690/5690
f 6000/6000 5690/5690 5999/5999
f 6001/6001 5692/5692 6262/6262
f 6001/6001 6262/6262 6263/6263
f 6114/6114 6115/6115 5692/5692
f 6114/6114 5692/5692 6001/6001
f 5696/5696 5695/5695 6006/6006
f 5696/5696 6006/6006 6007/6007
f 5697/5697 5696/5696 6007/6007
f 5697/5697 6007/6007 6008/6008
f 5698/5698 5697/5697 6008/6008
f 5698/5698 6008/6008 6009/6009
f 5518/5518 5700/5700 5699/5699
f 5518/5518 5699/5699 5526/5526
f 6328/6328 6302/6302 6303/6303
f 6328/6328 6303/6303 6329/6329
f 5510/5510 5701/5701 6328/6328
f 5510/5510 6328/6328 6329/6329
f 5701/5701 5510/5510 5837/5837
f 5701/5701 5837/5837 5838/5838
f 5829/5829 5830/5830 6212/6212
f 5829/5829 6212/6212 6213/6213
f 5619/5619 5704/5704 6146/6146
f 5619/5619 6146/6146 6147/6147
f 5430/5430 5705/5705 5704/5704
f 5430/5430 5704/5704 5619/5619
f 5629/5629 5706/5706 5705/5705
f 5629/5629 5705/5705 5430/5430
f 5463/5463 5707/5707 5706/5706
f 5463/5463 5706/5706 5629/5629
f 5609/5609 5708/5708 5707/5707
f 5609/5609 5707/5707 5463/5463
f 6142/6142 5708/5708 5609/5609
f 6142/6142 5609/5609 6141/6141
f 5599/5599 5710/5710 5709/5709
f 5599/5599 5709/5709 5422/5422
f 5809/5809 5810/5810 5710/5710
f 5809/5809 5710/5710 5599/5599
f 5793/5793 5794/5794 5711/5711
f 5793/5793 5711/5711 5447/5447
f 5414/5414 5713/5713 5712/5712
f 5414/5414 5712/5712 5589/5589
f 5578/5578 5714/5714 5713/5713
f 5578/5578 5713/5713 5414/5414
f 5455/5455 5715/5715 6242/6242
f 5455/5455 6242/6242 6243/6243
f 6110/6110 6111/6111 5715/5715
f 6110/6110 5715/5715 5455/5455
f 5407/5407 5717/5717 5716/5716
f 5407/5407 5716/5716 5502/5502
f 5717/5717 5407/5407 5861/5861
f 5717/5717 5861/5861 5862/5862
f 5719/5719 5718/5718 5470/5470
f 5719/5719 5470/5470 5478/5478
f 5720/5720 5719/5719 5478/5478
f 5720/5720 5478/5478 5486/5486
f 5721/5721 5720/5720 5486/5486
f 5721/5721 5486/5486 5494/5494
f 5514/5514 5723/5723 5722/5722
f 5514/5514 5722/5722 5522/5522
f 6290/6290 6291/6291 6317/6317
f 6290/6290 6317/6317 6316/6316
f 5506/5506 5724/5724 6316/6316
f 5506/5506 6316/6316 6317/6317
f 5724/5724 5506/5506 5845/5845
f 5724/5724 5845/5845 5846/5846
f 5821/5821 5822/5822 6200/6200
f 5821/5821 6200/6200 6201/6201
f 5615/5615 5727/5727 6158/6158
f 5615/5615 6158/6158 6159/6159
f 5426/5426 5728/5728 5727/5727
f 5426/5426 5727/5727 5615/5615
f 5625/5625 5729/5729 5728/5728
f 5625/5625 5728/5728 5426/5426
f 5459/5459 5730/5730 5729/5729
f 5459/5459 5729/5729 5625/5625
f 5605/5605 5731/5731 5730/5730
f 5605/5605 5730/5730 5459/5459
f 6130/6130 5731/5731 5605/5605
f 6130/6130 5605/5605 6129/6129
f 5595/5595 5733/5733 5732/5732
f 5595/5595 5732/5732 5418/5418
f 5801/5801 5802/5802 5733/5733
f 5801/5801 5733/5733 5595/5595
f 5785/5785 5786/5786 5734/5734
f 5785/5785 5734/5734 5443/5443
f 5410/5410 5736/5736 5735/5735
f 5410/5410 5735/5735 5585/5585
f 5574/5574 5737/5737 5736/5736
f 5574/5574 5736/5736 5410/5410
f 5451/5451 5738/5738 6254/6254
f 5451/5451 6254/6254 6255/6255
f 6098/6098 6099/6099 5738/5738
f 6098/6098 5738/5738 5451/5451
f 5403/5403 5740/5740 5739/5739
f 5403/5403 5739/5739 5498/5498
f 5740/5740 5403/5403 5853/5853
f 5740/5740 5853/5853 5854/5854
f 5742/5742 5741/5741 5466/5466
f 5742/5742 5466/5466 5474/5474
f 5743/5743 5742/5742 5474/5474
f 5743/5743 5474/5474 5482/5482
f 5744/5744 5743/5743 5482/5482
f 5744/5744 5482/5482 5490/5490
f 6040/6040 5746/5746 5745/5745
f 6040/6040 5745/5745 6039/6039
f 6336/6336 6310/6310 6311/6311
f 6336/6336 6311/6311 6337/6337
f 6041/6041 5747/5747 6336/6336
f 6041/6041 6336/6336 6337/6337
f 6042/6042 5832/5832 5747/5747
f 6042/6042 5747/5747 6041/6041
f 6044/6044 5824/5824 6196/6196
f 6044/6044 6196/6196 6197/6197
f 6046/6046 5750/5750 6154/6154
f 6046/6046 6154/6154 6155/6155
f 6047/6047 5751/5751 5750/5750
f 6047/6047 5750/5750 6046/6046
f 6048/6048 5752/5752 5751/5751
f 6048/6048 5751/5751 6047/6047
f 6049/6049 5753/5753 5752/5752
f 6049/6049 5752/5752 6048/6048
f 6050/6050 5754/5754 5753/5753
f 6050/6050 5753/5753 6049/6049
f 6134/6134 5754/5754 6050/6050
f 6134/6134 6050/6050 6133/6133
f 6052/6052 5756/5756 5755/5755
f 6052/6052 5755/5755 6051/6051
f 6053/6053 5804/5804 5756/5756
f 6053/6053 5756/5756 6052/6052
f 6055/6055 5788/5788 5757/5757
f 6055/6055 5757/5757 6054/6054
f 6057/6057 5759/5759 5758/5758
f 6057/6057 5758/5758 6056/6056
f 6058/6058 5760/5760 5759/5759
f 6058/6058 5759/5759 6057/6057
f 6059/6059 5761/5761 6250/6250
f 6059/6059 6250/6250 6251/6251
f 6102/6102 6103/6103 5761/5761
f 6102/6102 5761/5761 6059/6059
f 6062/6062 5763/5763 5762/5762
f 6062/6062 5762/5762 6061/6061
f 5763/5763 6062/6062 6063/6063
f 5763/5763 6063/6063 5856/5856
f 5765/5765 5764/5764 6064/6064
f 5765/5765 6064/6064 6065/6065
f 5766/5766 5765/5765 6065/6065
f 5766/5766 6065/6065 6066/6066
f 5767/5767 5766/5766 6066/6066
f 5767/5767 6066/6066 6067/6067
f 5670/5670 5498/5498 5769/5769
f 5670/5670 5769/5769 5768/5768
f 5498/5498 5739/5739 5770/5770
f 5498/5498 5770/5770 5769/5769
f 6090/6090 5497/5497 5771/5771
f 6090/6090 5771/5771 6089/6089
f 6061/6061 5762/5762 5772/5772
f 6061/6061 5772/5772 6060/6060
f 5762/5762 5496/5496 5773/5773
f 5762/5762 5773/5773 5772/5772
f 5496/5496 5564/5564 5774/5774
f 5496/5496 5774/5774 5773/5773
f 5564/5564 5900/5900 5901/5901
f 5564/5564 5901/5901 5774/5774
f 5503/5503 5871/5871 5872/5872
f 5503/5503 5872/5872 5775/5775
f 5777/5777 5776/5776 5541/5541
f 5777/5777 5541/5541 5502/5502
f 5502/5502 5716/5716 5778/5778
f 5502/5502 5778/5778 5777/5777
f 5716/5716 6016/6016 6017/6017
f 5716/5716 6017/6017 5778/5778
f 6003/6003 5693/5693 5780/5780
f 6003/6003 5780/5780 6002/6002
f 5693/5693 5500/5500 5781/5781
f 5693/5693 5781/5781 5780/5780
f 5500/5500 5647/5647 5782/5782
f 5500/5500 5782/5782 5781/5781
f 5974/5974 5499/5499 5783/5783
f 5974/5974 5783/5783 5973/5973
f 5499/5499 5929/5929 5930/5930
f 5499/5499 5930/5930 5783/5783
f 5666/5666 5585/5585 5785/5785
f 5666/5666 5785/5785 5784/5784
f 5585/5585 5735/5735 5786/5786
f 5585/5585 5786/5786 5785/5785
f 6085/6085 5584/5584 5787/5787
f 6085/6085 5787/5787 6084/6084
f 6056/6056 5758/5758 5788/5788
f 6056/6056 5788/5788 6055/6055
f 5758/5758 5583/5583 5789/5789
f 5758/5758 5789/5789 5788/5788
f 5583/5583 5582/5582 5790/5790
f 5583/5583 5790/5790 5789/5789
f 5582/5582 5905/5905 5906/5906
f 5582/5582 5906/5906 5790/5790
f 5581/5581 5876/5876 5877/5877
f 5581/5581 5877/5877 5791/5791
f 5793/5793 5792/5792 5580/5580
f 5793/5793 5580/5580 5589/5589
f 5589/5589 5712/5712 5794/5794
f 5589/5589 5794/5794 5793/5793
f 5712/5712 6021/6021 6022/6022
f 5712/5712 6022/6022 5794/5794
f 5998/5998 5689/5689 5796/5796
f 5998/5998 5796/5796 5997/5997
f 5689/5689 5587/5587 5797/5797
f 5689/5689 5797/5797 5796/5796
f 5587/5587 5643/5643 5798/5798
f 5587/5587 5798/5798 5797/5797
f 5969/5969 5586/5586 5799/5799
f 5969/5969 5799/5799 5968/5968
f 5586/5586 5934/5934 5935/5935
f 5586/5586 5935/5935 5799/5799
f 5665/5665 5443/5443 5801/5801
f 5665/5665 5801/5801 5800/5800
f 5443/5443 5734/5734 5802/5802
f 5443/5443 5802/5802 5801/5801
f 6083/6083 5442/5442 5803/5803
f 6083/6083 5803/5803 6082/6082
f 6054/6054 5757/5757 5804/5804
f 6054/6054 5804/5804 6053/6053
f 5757/5757 5441/5441 5805/5805
f 5757/5757 5805/5805 5804/5804
f 5441/5441 5561/5561 5806/5806
f 5441/5441 5806/5806 5805/5805
f 5561/5561 5907/5907 5908/5908
f 5561/5561 5908/5908 5806/5806
f 5440/5440 5878/5878 5879/5879
f 5440/5440 5879/5879 5807/5807
f 5809/5809 5808/5808 5544/5544
f 5809/5809 5544/5544 5447/5447
f 5447/5447 5711/5711 5810/5810
f 5447/5447 5810/5810 5809/5809
f 5711/5711 6023/6023 6024/6024
f 5711/5711 6024/6024 5810/5810
f 5996/5996 5688/5688 5812/5812
f 5996/5996 5812/5812 5995/5995
f 5688/5688 5445/5445 5813/5813
f 5688/5688 5813/5813 5812/5812
f 5445/5445 5642/5642 5814/5814
f 5445/5445 5814/5814 5813/5813
f 5967/5967 5444/5444 5815/5815
f 5967/5967 5815/5815 5966/5966
f 5444/5444 5936/5936 5937/5937
f 5444/5444 5937/5937 5815/5815
f 5680/5680 5432/5432 5817/5817
f 5680/5680 5817/5817 5816/5816
f 5432/5432 5634/5634 5818/5818
f 5432/5432 5818/5818 5817/5817
f 5958/5958 5433/5433 5819/5819
f 5958/5958 5819/5819 5957/5957
f 5433/5433 5945/5945 5946/5946
f 5433/5433 5946/5946 5819/5819
f 5657/5657 5434/5434 5821/5821
f 5657/5657 5821/5821 5820/5820
f 5434/5434 5726/5726 5822/5822
f 5434/5434 5822/5822 5821/5821
f 6074/6074 5435/5435 5823/5823
f 6074/6074 5823/5823 6073/6073
f 6045/6045 5749/5749 5824/5824
f 6045/6045 5824/5824 6044/6044
f 5749/5749 5436/5436 5825/5825
f 5749/5749 5825/5825 5824/5824
f 5436/5436 5557/5557 5826/5826
f 5436/5436 5826/5826 5825/5825
f 5557/5557 5916/5916 5917/5917
f 5557/5557 5917/5917 5826/5826
f 5437/5437 5887/5887 5888/5888
f 5437/5437 5888/5888 5827/5827
f 5829/5829 5828/5828 5548/5548
f 5829/5829 5548/5548 5438/5438
f 5438/5438 5703/5703 5830/5830
f 5438/5438 5830/5830 5829/5829
f 5703/5703 6032/6032 6033/6033
f 5703/5703 6033/6033 5830/5830
f 5987/5987 5680/5680 5816/5816
f 5987/5987 5816/5816 5986/5986
f 5464/5464 5849/5849 5848/5848
f 5464/5464 5848/5848 5695/5695
f 5850/5850 5849/5849 5464/5464
f 5850/5850 5464/5464 5649/5649
f 5465/5465 5851/5851 5976/5976
f 5465/5465 5976/5976 5977/5977
f 5927/5927 5851/5851 5465/5465
f 5927/5927 5465/5465 5926/5926
f 5466/5466 5853/5853 5852/5852
f 5466/5466 5852/5852 5672/5672
f 5854/5854 5853/5853 5466/5466
f 5854/5854 5466/5466 5741/5741
f 5467/5467 5855/5855 6092/6092
f 5467/5467 6092/6092 6093/6093
f 5856/5856 6063/6063 6064/6064
f 5856/5856 6064/6064 5764/5764
f 5468/5468 5857/5857 5856/5856
f 5468/5468 5856/5856 5764/5764
f 5858/5858 5857/5857 5468/5468
f 5858/5858 5468/5468 5566/5566
f 5897/5897 5898/5898 5858/5858
f 5897/5897 5858/5858 5566/5566
f 5868/5868 5869/5869 5859/5859
f 5868/5868 5859/5859 5469/5469
f 5470/5470 5861/5861 5860/5860
f 5470/5470 5860/5860 5539/5539
f 5862/5862 5861/5861 5470/5470
f 5862/5862 5470/5470 5718/5718
f 5848/5848 6005/6005 6006/6006
f 5848/5848 6006/6006 5695/5695
f 5694/5694 6004/6004 6005/6005
f 5694/5694 6005/6005 5848/5848
f 6016/6016 5716/5716 5717/5717
f 6016/6016 5717/5717 6015/6015
f 6014/6014 6015/6015 5717/5717
f 6014/6014 5717/5717 5862/5862
f 6013/6013 6014/6014 5862/5862
f 6013/6013 5862/5862 5718/5718
f 5537/5537 5866/5866 5865/5865
f 5537/5537 5865/5865 5536/5536
f 5538/5538 5867/5867 5866/5866
f 5538/5538 5866/5866 5537/5537
f 5539/5539 5868/5868 5867/5867
f 5539/5539 5867/5867 5538/5538
f 5539/5539 5860/5860 5869/5869
f 5539/5539 5869/5869 5868/5868
f 5860/5860 5540/5540 5870/5870
f 5860/5860 5870/5870 5869/5869
f 5871/5871 5870/5870 5540/5540
f 5871/5871 5540/5540 5541/5541
f 5872/5872 5871/5871 5541/5541
f 5872/5872 5541/5541 5776/5776
f 5873/5873 6108/6108 6109/6109
f 5873/5873 6109/6109 5542/5542
f 6245/6245 5873/5873 5542/5542
f 6245/6245 5542/5542 6244/6244
f 5875/5875 5874/5874 5579/5579
f 5875/5875 5579/5579 5543/5543
f 5876/5876 5875/5875 5543/5543
f 5876/5876 5543/5543 5580/5580
f 5877/5877 5876/5876 5580/5580
f 5877/5877 5580/5580 5792/5792
f 5878/5878 5877/5877 5792/5792
f 5878/5878 5792/5792 5544/5544
f 5879/5879 5878/5878 5544/5544
f 5879/5879 5544/5544 5808/5808
f 5880/5880 5879/5879 5808/5808
f 5880/5880 5808/5808 5590/5590
f 5881/5881 5880/5880 5590/5590
f 5881/5881 5590/5590 5545/5545
f 6140/6140 5600/5600 5882/5882
f 6140/6140 5882/5882 6139/6139
f 5600/5600 5546/5546 5883/5883
f 5600/5600 5883/5883 5882/5882
f 5884/5884 5883/5883 5546/5546
f 5884/5884 5546/5546 5620/5620
f 5885/5885 5884/5884 5620/5620
f 5885/5885 5620/5620 5547/5547
f 5886/5886 5885/5885 5547/5547
f 5886/5886 5547/5547 5610/5610
f 6149/6149 5886/5886 5610/5610
f 6149/6149 5610/5610 6148/6148
f 5888/5888 5887/5887 5548/5548
f 5888/5888 5548/5548 5828/5828
f 6215/6215 5888/5888 5828/5828
f 6215/6215 5828/5828 6214/6214
f 5550/5550 5891/5891 5890/5890
f 5550/5550 5890/5890 5836/5836
f 6331/6331 5891/5891 5550/5550
f 6331/6331 5550/5550 6330/6330
f 5893/5893 5892/5892 5551/5551
f 5893/5893 5551/5551 5552/5552
f 5485/5485 5895/5895 5894/5894
f 5485/5485 5894/5894 5493/5493
f 5477/5477 5896/5896 5895/5895
f 5477/5477 5895/5895 5485/5485
f 5469/5469 5897/5897 5896/5896
f 5469/5469 5896/5896 5477/5477
f 5469/5469 5859/5859 5898/5898
f 5469/5469 5898/5898 5897/5897
f 5859/5859 5406/5406 5899/5899
f 5859/5859 5899/5899 5898/5898
f 5900/5900 5899/5899 5406/5406
f 5900/5900 5406/5406 5503/5503
f 5901/5901 5900/5900 5503/5503
f 5901/5901 5503/5503 5775/5775
f 5902/5902 6106/6106 6107/6107
f 5902/5902 6107/6107 5448/5448
f 6247/6247 5902/5902 5448/5448
f 6247/6247 5448/5448 6246/6246
f 5904/5904 5903/5903 5570/5570
f 5904/5904 5570/5570 5413/5413
f 5905/5905 5904/5904 5413/5413
f 5905/5905 5413/5413 5581/5581
f 5906/5906 5905/5905 5581/5581
f 5906/5906 5581/5581 5791/5791
f 5907/5907 5906/5906 5791/5791
f 5907/5907 5791/5791 5440/5440
f 5908/5908 5907/5907 5440/5440
f 5908/5908 5440/5440 5807/5807
f 5909/5909 5908/5908 5807/5807
f 5909/5909 5807/5807 5591/5591
f 5910/5910 5909/5909 5591/5591
f 5910/5910 5591/5591 5421/5421
f 6138/6138 5601/5601 5911/5911
f 6138/6138 5911/5911 6137/6137
f 5912/5912 5911/5911 5601/5601
f 5912/5912 5601/5601 5456/5456
f 5456/5456 5621/5621 5913/5913
f 5456/5456 5913/5913 5912/5912
f 5914/5914 5913/5913 5621/5621
f 5914/5914 5621/5621 5429/5429
f 5915/5915 5914/5914 5429/5429
f 5915/5915 5429/5429 5611/5611
f 6151/6151 5915/5915 5611/5611
f 6151/6151 5611/5611 6150/6150
f 5917/5917 5916/5916 5437/5437
f 5917/5917 5437/5437 5827/5827
f 6216/6216 6193/6193 5917/5917
f 6216/6216 5917/5917 5827/5827
f 5509/5509 5920/5920 5919/5919
f 5509/5509 5919/5919 5835/5835
f 6333/6333 5920/5920 5509/5509
f 6333/6333 5509/5509 6332/6332
f 5922/5922 5921/5921 5517/5517
f 5922/5922 5517/5517 5525/5525
f 5675/5675 5674/5674 5924/5924
f 5675/5675 5924/5924 5923/5923
f 5674/5674 5673/5673 5925/5925
f 5674/5674 5925/5925 5924/5924
f 5673/5673 5672/5672 5926/5926
f 5673/5673 5926/5926 5925/5925
f 5852/5852 5927/5927 5926/5926
f 5852/5852 5926/5926 5672/5672
f 5671/5671 5928/5928 5927/5927
f 5671/5671 5927/5927 5852/5852
f 5929/5929 5928/5928 5671/5671
f 5929/5929 5671/5671 5670/5670
f 5930/5930 5929/5929 5670/5670
f 5930/5930 5670/5670 5768/5768
f 5931/5931 6120/6120 6097/6097
f 5931/5931 6097/6097 5669/5669
f 6257/6257 5931/5931 5669/5669
f 6257/6257 5669/5669 6256/6256
f 5933/5933 5932/5932 5668/5668
f 5933/5933 5668/5668 5667/5667
f 5934/5934 5933/5933 5667/5667
f 5934/5934 5667/5667 5666/5666
f 5935/5935 5934/5934 5666/5666
f 5935/5935 5666/5666 5784/5784
f 5936/5936 5935/5935 5784/5784
f 5936/5936 5784/5784 5665/5665
f 5937/5937 5936/5936 5665/5665
f 5937/5937 5665/5665 5800/5800
f 5938/5938 5937/5937 5800/5800
f 5938/5938 5800/5800 5664/5664
f 5939/5939 5938/5938 5664/5664
f 5939/5939 5664/5664 5663/5663
f 6128/6128 5662/5662 5940/5940
f 6128/6128 5940/5940 6127/6127
f 5941/5941 5940/5940 5662/5662
f 5941/5941 5662/5662 5661/5661
f 5942/5942 5941/5941 5661/5661
f 5942/5942 5661/5661 5660/5660
f 5943/5943 5942/5942 5660/5660
f 5943/5943 5660/5660 5659/5659
f 5944/5944 5943/5943 5659/5659
f 5944/5944 5659/5659 5658/5658
f 6161/6161 5944/5944 5658/5658
f 6161/6161 5658/5658 6160/6160
f 5946/5946 5945/5945 5657/5657
f 5946/5946 5657/5657 5820/5820
f 6203/6203 5946/5946 5820/5820
f 6203/6203 5820/5820 6202/6202
f 5655/5655 5949/5949 5948/5948
f 5655/5655 5948/5948 5844/5844
f 6319/6319 5949/5949 5655/5655
f 6319/6319 5655/5655 6318/6318
f 5951/5951 5950/5950 5654/5654
f 5951/5951 5654/5654 5653/5653
f 5631/5631 5953/5953 5952/5952
f 5631/5631 5952/5952 5630/5630
f 6321/6321 6295/6295 6296/6296
f 6321/6321 6296/6296 6322/6322
f 6322/6322 5632/5632 5954/5954
f 6322/6322 5954/5954 6321/6321
f 5955/5955 5954/5954 5632/5632
f 5955/5955 5632/5632 5842/5842
f 5818/5818 5957/5957 6205/6205
f 5818/5818 6205/6205 6206/6206
f 5634/5634 5958/5958 5957/5957
f 5634/5634 5957/5957 5818/5818
f 5635/5635 5959/5959 6163/6163
f 5635/5635 6163/6163 6164/6164
f 5636/5636 5960/5960 5959/5959
f 5636/5636 5959/5959 5635/5635
f 5637/5637 5961/5961 5960/5960
f 5637/5637 5960/5960 5636/5636
f 5638/5638 5962/5962 5961/5961
f 5638/5638 5961/5961 5637/5637
f 5639/5639 5963/5963 5962/5962
f 5639/5639 5962/5962 5638/5638
f 6125/6125 5963/5963 5639/5639
f 6125/6125 5639/5639 6124/6124
f 5641/5641 5965/5965 5964/5964
f 5641/5641 5964/5964 5640/5640
f 5814/5814 5966/5966 5965/5965
f 5814/5814 5965/5965 5641/5641
f 5642/5642 5967/5967 5966/5966
f 5642/5642 5966/5966 5814/5814
f 5798/5798 5968/5968 5967/5967
f 5798/5798 5967/5967 5642/5642
f 5643/5643 5969/5969 5968/5968
f 5643/5643 5968/5968 5798/5798
f 5644/5644 5970/5970 5969/5969
f 5644/5644 5969/5969 5643/5643
f 5645/5645 5971/5971 5970/5970
f 5645/5645 5970/5970 5644/5644
f 5646/5646 5972/5972 6259/6259
f 5646/5646 6259/6259 6260/6260
f 6117/6117 6118/6118 5972/5972
f 6117/6117 5972/5972 5646/5646
f 5647/5647 5974/5974 5973/5973
f 5647/5647 5973/5973 5782/5782
f 5648/5648 5975/5975 5974/5974
f 5648/5648 5974/5974 5647/5647
f 5976/5976 5975/5975 5648/5648
f 5976/5976 5648/5648 5850/5850
f 5977/5977 5976/5976 5850/5850
f 5977/5977 5850/5850 5649/5649
f 5978/5978 5977/5977 5649/5649
f 5978/5978 5649/5649 5650/5650
f 5979/5979 5978/5978 5650/5650
f 5979/5979 5650/5650 5651/5651
f 5980/5980 5979/5979 5651/5651
f 5980/5980 5651/5651 5652/5652
f 5519/5519 5982/5982 5981/5981
f 5519/5519 5981/5981 5527/5527
f 6325/6325 6299/6299 6300/6300
f 6325/6325 6300/6300 6326/6326
f 5511/5511 5983/5983 6325/6325
f 5511/5511 6325/6325 6326/6326
f 5984/5984 5983/5983 5511/5511
f 5984/5984 5511/5511 5839/5839
f 5831/5831 5986/5986 6209/6209
f 5831/5831 6209/6209 6210/6210
f 5439/5439 5987/5987 5986/5986
f 5439/5439 5986/5986 5831/5831
f 5618/5618 5988/5988 6167/6167
f 5618/5618 6167/6167 6168/6168
f 5431/5431 5989/5989 5988/5988
f 5431/5431 5988/5988 5618/5618
f 5628/5628 5990/5990 5989/5989
f 5628/5628 5989/5989 5431/5431
f 5462/5462 5991/5991 5990/5990
f 5462/5462 5990/5990 5628/5628
f 5608/5608 5992/5992 5991/5991
f 5608/5608 5991/5991 5462/5462
f 6144/6144 6121/6121 5992/5992
f 6144/6144 5992/5992 5608/5608
f 5598/5598 5994/5994 5993/5993
f 5598/5598 5993/5993 5423/5423
f 5811/5811 5995/5995 5994/5994
f 5811/5811 5994/5994 5598/5598
f 5446/5446 5996/5996 5995/5995
f 5446/5446 5995/5995 5811/5811
f 5795/5795 5997/5997 5996/5996
f 5795/5795 5996/5996 5446/5446
f 5588/5588 5998/5998 5997/5997
f 5588/5588 5997/5997 5795/5795
f 5415/5415 5999/5999 5998/5998
f 5415/5415 5998/5998 5588/5588
f 5577/5577 6000/6000 5999/5999
f 5577/5577 5999/5999 5415/5415
f 5454/5454 6001/6001 6263/6263
f 5454/5454 6263/6263 6264/6264
f 6113/6113 6114/6114 6001/6001
f 6113/6113 6001/6001 5454/5454
f 5501/5501 6003/6003 6002/6002
f 5501/5501 6002/6002 5779/5779
f 5501/5501 5863/5863 6004/6004
f 5501/5501 6004/6004 6003/6003
f 6005/6005 6004/6004 5863/5863
f 6005/6005 5863/5863 5864/5864
f 6006/6006 6005/6005 5864/5864
f 6006/6006 5864/5864 5471/5471
f 6007/6007 6006/6006 5471/5471
f 6007/6007 5471/5471 5479/5479
f 6008/6008 6007/6007 5479/5479
f 6008/6008 5479/5479 5487/5487
f 6009/6009 6008/6008 5487/5487
f 6009/6009 5487/5487 5495/5495
f 5487/5487 6011/6011 6010/6010
f 5487/5487 6010/6010 5495/5495
f 5479/5479 6012/6012 6011/6011
f 5479/5479 6011/6011 5487/5487
f 5471/5471 6013/6013 6012/6012
f 5471/5471 6012/6012 5479/5479
f 5471/5471 5864/5864 6014/6014
f 5471/5471 6014/6014 6013/6013
f 5864/5864 5863/5863 6015/6015
f 5864/5864 6015/6015 6014/6014
f 5501/5501 6016/6016 6015/6015
f 5501/5501 6015/6015 5863/5863
f 6017/6017 6016/6016 5501/5501
f 6017/6017 5501/5501 5779/5779
f 6018/6018 6112/6112 6113/6113
f 6018/6018 6113/6113 5454/5454
f 6264/6264 6241/6241 6018/6018
f 6264/6264 6018/6018 5454/5454
f 6020/6020 6019/6019 5577/5577
f 6020/6020 5577/5577 5415/5415
f 6021/6021 6020/6020 5415/5415
f 6021/6021 5415/5415 5588/5588
f 6022/6022 6021/6021 5588/5588
f 6022/6022 5588/5588 5795/5795
f 6023/6023 6022/6022 5795/5795
f 6023/6023 5795/5795 5446/5446
f 6024/6024 6023/6023 5446/5446
f 6024/6024 5446/5446 5811/5811
f 6025/6025 6024/6024 5811/5811
f 6025/6025 5811/5811 5598/5598
f 6026/6026 6025/6025 5598/5598
f 6026/6026 5598/5598 5423/5423
f 6144/6144 5608/5608 6027/6027
f 6144/6144 6027/6027 6143/6143
f 6028/6028 6027/6027 5608/5608
f 6028/6028 5608/5608 5462/5462
f 6029/6029 6028/6028 5462/5462
f 6029/6029 5462/5462 5628/5628
f 6030/6030 6029/6029 5628/5628
f 6030/6030 5628/5628 5431/5431
f 6031/6031 6030/6030 5431/5431
f 6031/6031 5431/5431 5618/5618
f 6168/6168 6145/6145 6031/6031
f 6168/6168 6031/6031 5618/5618
f 6033/6033 6032/6032 5439/5439
f 6033/6033 5439/5439 5831/5831
f 6211/6211 6033/6033 5831/5831
f 6211/6211 5831/5831 6210/6210
f 5511/5511 6036/6036 6035/6035
f 5511/5511 6035/6035 5839/5839
f 6327/6327 6036/6036 5511/5511
f 6327/6327 5511/5511 6326/6326
f 6038/6038 6037/6037 5519/5519
f 6038/6038 5519/5519 5527/5527
f 5515/5515 6040/6040 6039/6039
f 5515/5515 6039/6039 5523/5523
f 6337/6337 6311/6311 6312/6312
f 6337/6337 6312/6312 6314/6314
f 5507/5507 6041/6041 6337/6337
f 5507/5507 6337/6337 6314/6314
f 5847/5847 6042/6042 6041/6041
f 5847/5847 6041/6041 5507/5507
f 5823/5823 6044/6044 6197/6197
f 5823/5823 6197/6197 6198/6198
f 5435/5435 6045/6045 6044/6044
f 5435/5435 6044/6044 5823/5823
f 5614/5614 6046/6046 6155/6155
f 5614/5614 6155/6155 6156/6156
f 5427/5427 6047/6047 6046/6046
f 5427/5427 6046/6046 5614/5614
f 5624/5624 6048/6048 6047/6047
f 5624/5624 6047/6047 5427/5427
f 5458/5458 6049/6049 6048/6048
f 5458/5458 6048/6048 5624/5624
f 5604/5604 6050/6050 6049/6049
f 5604/5604 6049/6049 5458/5458
f 6133/6133 6050/6050 5604/5604
f 6133/6133 5604/5604 6132/6132
f 5594/5594 6052/6052 6051/6051
f 5594/5594 6051/6051 5419/5419
f 5803/5803 6053/6053 6052/6052
f 5803/5803 6052/6052 5594/5594
f 5442/5442 6054/6054 6053/6053
f 5442/5442 6053/6053 5803/5803
f 5787/5787 6055/6055 6054/6054
f 5787/5787 6054/6054 5442/5442
f 5584/5584 6056/6056 6055/6055
f 5584/5584 6055/6055 5787/5787
f 5411/5411 6057/6057 6056/6056
f 5411/5411 6056/6056 5584/5584
f 5573/5573 6058/6058 6057/6057
f 5573/5573 6057/6057 5411/5411
f 5450/5450 6059/6059 6251/6251
f 5450/5450 6251/6251 6252/6252
f 6101/6101 6102/6102 6059/6059
f 6101/6101 6059/6059 5450/5450
f 5497/5497 6061/6061 6060/6060
f 5497/5497 6060/6060 5771/5771
f 5404/5404 6062/6062 6061/6061
f 5404/5404 6061/6061 5497/5497
f 6063/6063 6062/6062 5404/5404
f 6063/6063 5404/5404 5855/5855
f 6064/6064 6063/6063 5855/5855
f 6064/6064 5855/5855 5467/5467
f 6065/6065 6064/6064 5467/5467
f 6065/6065 5467/5467 5475/5475
f 6066/6066 6065/6065 5475/5475
f 6066/6066 5475/5475 5483/5483
f 6067/6067 6066/6066 5483/5483
f 6067/6067 5483/5483 5491/5491
f 5723/5723 6069/6069 6068/6068
f 5723/5723 6068/6068 5722/5722
f 6315/6315 6313/6313 6290/6290
f 6315/6315 6290/6290 6316/6316
f 5724/5724 6070/6070 6315/6315
f 5724/5724 6315/6315 6316/6316
f 6071/6071 6070/6070 5724/5724
f 6071/6071 5724/5724 5846/5846
f 5822/5822 6073/6073 6199/6199
f 5822/5822 6199/6199 6200/6200
f 5726/5726 6074/6074 6073/6073
f 5726/5726 6073/6073 5822/5822
f 5727/5727 6075/6075 6157/6157
f 5727/5727 6157/6157 6158/6158
f 5728/5728 6076/6076 6075/6075
f 5728/5728 6075/6075 5727/5727
f 5729/5729 6077/6077 6076/6076
f 5729/5729 6076/6076 5728/5728
f 5730/5730 6078/6078 6077/6077
f 5730/5730 6077/6077 5729/5729
f 5731/5731 6079/6079 6078/6078
f 5731/5731 6078/6078 5730/5730
f 6131/6131 6079/6079 5731/5731
f 6131/6131 5731/5731 6130/6130
f 5733/5733 6081/6081 6080/6080
f 5733/5733 6080/6080 5732/5732
f 5802/5802 6082/6082 6081/6081
f 5802/5802 6081/6081 5733/5733
f 5734/5734 6083/6083 6082/6082
f 5734/5734 6082/6082 5802/5802
f 5786/5786 6084/6084 6083/6083
f 5786/5786 6083/6083 5734/5734
f 5735/5735 6085/6085 6084/6084
f 5735/5735 6084/6084 5786/5786
f 5736/5736 6086/6086 6085/6085
f 5736/5736 6085/6085 5735/5735
f 5737/5737 6087/6087 6086/6086
f 5737/5737 6086/6086 5736/5736
f 5738/5738 6088/6088 6253/6253
f 5738/5738 6253/6253 6254/6254
f 6099/6099 6100/6100 6088/6088
f 6099/6099 6088/6088 5738/5738
f 5739/5739 6090/6090 6089/6089
f 5739/5739 6089/6089 5770/5770
f 5740/5740 6091/6091 6090/6090
f 5740/5740 6090/6090 5739/5739
f 6092/6092 6091/6091 5740/5740
f 6092/6092 5740/5740 5854/5854
f 6093/6093 6092/6092 5854/5854
f 6093/6093 5854/5854 5741/5741
f 6094/6094 6093/6093 5741/5741
f 6094/6094 5741/5741 5742/5742
f 6095/6095 6094/6094 5742/5742
f 6095/6095 5742/5742 5743/5743
f 6096/6096 6095/6095 5743/5743
f 6096/6096 5743/5743 5744/5744
f 5768/5768 5769/5769 6230/6230
f 5768/5768 6230/6230 6231/6231
f 5769/5769 5770/5770 6229/6229
f 5769/5769 6229/6229 6230/6230
f 5770/5770 6089/6089 6228/6228
f 5770/5770 6228/6228 6229/6229
f 6089/6089 5771/5771 6227/6227
f 6089/6089 6227/6227 6228/6228
f 5771/5771 6060/6060 6226/6226
f 5771/5771 6226/6226 6227/6227
f 6060/6060 5772/5772 6225/6225
f 6060/6060 6225/6225 6226/6226
f 5772/5772 5773/5773 6224/6224
f 5772/5772 6224/6224 6225/6225
f 5773/5773 5774/5774 6223/6223
f 5773/5773 6223/6223 6224/6224
f 5774/5774 5901/5901 6222/6222
f 5774/5774 6222/6222 6223/6223
f 6221/6221 6222/6222 5901/5901
f 6221/6221 5901/5901 5775/5775
f 5775/5775 5872/5872 6220/6220
f 5775/5775 6220/6220 6221/6221
f 6219/6219 6220/6220 5872/5872
f 6219/6219 5872/5872 5776/5776
f 6218/6218 6219/6219 5776/5776
f 6218/6218 5776/5776 5777/5777
f 5777/5777 5778/5778 6217/6217
f 5777/5777 6217/6217 6218/6218
f 5778/5778 6017/6017 6240/6240
f 5778/5778 6240/6240 6217/6217
f 6239/6239 6240/6240 6017/6017
f 6239/6239 6017/6017 5779/5779
f 5779/5779 6002/6002 6238/6238
f 5779/5779 6238/6238 6239/6239
f 6002/6002 5780/5780 6237/6237
f 6002/6002 6237/6237 6238/6238
f 5780/5780 5781/5781 6236/6236
f 5780/5780 6236/6236 6237/6237
f 5781/5781 5782/5782 6235/6235
f 5781/5781 6235/6235 6236/6236
f 5782/5782 5973/5973 6234/6234
f 5782/5782 6234/6234 6235/6235
f 5973/5973 5783/5783 6233/6233
f 5973/5973 6233/6233 6234/6234
f 5783/5783 5930/5930 6232/6232
f 5783/5783 6232/6232 6233/6233
f 6231/6231 6232/6232 5930/5930
f 6231/6231 5930/5930 5768/5768
f 5686/5686 6122/6122 6121/6121
f 5686/5686 6121/6121 5993/5993
f 5416/5416 6123/6123 6122/6122
f 5416/5416 6122/6122 5686/5686
f 5640/5640 6124/6124 6123/6123
f 5640/5640 6123/6123 5416/5416
f 5964/5964 6125/6125 6124/6124
f 5964/5964 6124/6124 5640/5640
f 5417/5417 6126/6126 6125/6125
f 5417/5417 6125/6125 5964/5964
f 5939/5939 6127/6127 6126/6126
f 5939/5939 6126/6126 5417/5417
f 5663/5663 6128/6128 6127/6127
f 5663/5663 6127/6127 5939/5939
f 5418/5418 6129/6129 6128/6128
f 5418/5418 6128/6128 5663/5663
f 5732/5732 6130/6130 6129/6129
f 5732/5732 6129/6129 5418/5418
f 6080/6080 6131/6131 6130/6130
f 6080/6080 6130/6130 5732/5732
f 5419/5419 6132/6132 6131/6131
f 5419/5419 6131/6131 6080/6080
f 6051/6051 6133/6133 6132/6132
f 6051/6051 6132/6132 5419/5419
f 5755/5755 6134/6134 6133/6133
f 5755/5755 6133/6133 6051/6051
f 5420/5420 6135/6135 6134/6134
f 5420/5420 6134/6134 5755/5755
f 5560/5560 6136/6136 6135/6135
f 5560/5560 6135/6135 5420/5420
f 5910/5910 6137/6137 6136/6136
f 5910/5910 6136/6136 5560/5560
f 5421/5421 6138/6138 6137/6137
f 5421/5421 6137/6137 5910/5910
f 5881/5881 6139/6139 6138/6138
f 5881/5881 6138/6138 5421/5421
f 5545/5545 6140/6140 6139/6139
f 5545/5545 6139/6139 5881/5881
f 5422/5422 6141/6141 6140/6140
f 5422/5422 6140/6140 5545/5545
f 5709/5709 6142/6142 6141/6141
f 5709/5709 6141/6141 5422/5422
f 6026/6026 6143/6143 6142/6142
f 6026/6026 6142/6142 5709/5709
f 5423/5423 6144/6144 6143/6143
f 5423/5423 6143/6143 6026/6026
f 5993/5993 6121/6121 6144/6144
f 5993/5993 6144/6144 5423/5423
f 6146/6146 6145/6145 6032/6032
f 6146/6146 6032/6032 5703/5703
f 6147/6147 6146/6146 5703/5703
f 6147/6147 5703/5703 5438/5438
f 5548/5548 6148/6148 6147/6147
f 5548/5548 6147/6147 5438/5438
f 5887/5887 6149/6149 6148/6148
f 5887/5887 6148/6148 5548/5548
f 6150/6150 6149/6149 5887/5887
f 6150/6150 5887/5887 5437/5437
f 5916/5916 6151/6151 6150/6150
f 5916/5916 6150/6150 5437/5437
f 6152/6152 6151/6151 5916/5916
f 6152/6152 5916/5916 5557/5557
f 6153/6153 6152/6152 5557/5557
f 6153/6153 5557/5557 5436/5436
f 6154/6154 6153/6153 5436/5436
f 6154/6154 5436/5436 5749/5749
f 6155/6155 6154/6154 5749/5749
f 6155/6155 5749/5749 6045/6045
f 6156/6156 6155/6155 6045/6045
f 6156/6156 6045/6045 5435/5435
f 6157/6157 6156/6156 5435/5435
f 6157/6157 5435/5435 6074/6074
f 6158/6158 6157/6157 6074/6074
f 6158/6158 6074/6074 5726/5726
f 6159/6159 6158/6158 5726/5726
f 6159/6159 5726/5726 5434/5434
f 6160/6160 6159/6159 5434/5434
f 6160/6160 5434/5434 5657/5657
f 5945/5945 6161/6161 6160/6160
f 5945/5945 6160/6160 5657/5657
f 6162/6162 6161/6161 5945/5945
f 6162/6162 5945/5945 5433/5433
f 6163/6163 6162/6162 5433/5433
f 6163/6163 5433/5433 5958/5958
f 6164/6164 6163/6163 5958/5958
f 6164/6164 5958/5958 5634/5634
f 6165/6165 6164/6164 5634/5634
f 6165/6165 5634/5634 5432/5432
f 6166/6166 6165/6165 5432/5432
f 6166/6166 5432/5432 5680/5680
f 6167/6167 6166/6166 5680/5680
f 6167/6167 5680/5680 5987/5987
f 6168/6168 6167/6167 5987/5987
f 6168/6168 5987/5987 5439/5439
f 6032/6032 6145/6145 6168/6168
f 6032/6032 6168/6168 5439/5439
f 6169/6169 6170/6170 5748/5748
f 6169/6169 5748/5748 5528/5528
f 6183/6183 6169/6169 5528/5528
f 6183/6183 5528/5528 5556/5556
f 6170/6170 6191/6191 6043/6043
f 6170/6170 6043/6043 5748/5748
f 6191/6191 6171/6171 5529/5529
f 6191/6191 5529/5529 6043/6043
f 6171/6171 6172/6172 6072/6072
f 6171/6171 6072/6072 5529/5529
f 6172/6172 6190/6190 5725/5725
f 6172/6172 5725/5725 6072/6072
f 6173/6173 6174/6174 5656/5656
f 6173/6173 5656/5656 5530/5530
f 6190/6190 6173/6173 5530/5530
f 6190/6190 5530/5530 5725/5725
f 6174/6174 6188/6188 5947/5947
f 6174/6174 5947/5947 5656/5656
f 6175/6175 6176/6176 5956/5956
f 6175/6175 5956/5956 5531/5531
f 6188/6188 6175/6175 5531/5531
f 6188/6188 5531/5531 5947/5947
f 6176/6176 6187/6187 5633/5633
f 6176/6176 5633/5633 5956/5956
f 6177/6177 6178/6178 5679/5679
f 6177/6177 5679/5679 5532/5532
f 6187/6187 6177/6177 5532/5532
f 6187/6187 5532/5532 5633/5633
f 6178/6178 6189/6189 5985/5985
f 6178/6178 5985/5985 5679/5679
f 6179/6179 6185/6185 5534/5534
f 6179/6179 5534/5534 5702/5702
f 6180/6180 6179/6179 5702/5702
f 6180/6180 5702/5702 6034/6034
f 6192/6192 6180/6180 6034/6034
f 6192/6192 6034/6034 5533/5533
f 6181/6181 6184/6184 5918/5918
f 6181/6181 5918/5918 5535/5535
f 6182/6182 6181/6181 5535/5535
f 6182/6182 5535/5535 5889/5889
f 6186/6186 6182/6182 5889/5889
f 6186/6186 5889/5889 5549/5549
f 6184/6184 6183/6183 5556/5556
f 6184/6184 5556/5556 5918/5918
f 6185/6185 6186/6186 5549/5549
f 6185/6185 5549/5549 5534/5534
f 6189/6189 6192/6192 5533/5533
f 6189/6189 5533/5533 5985/5985
f 5833/5833 5832/5832 6170/6170
f 5833/5833 6170/6170 6169/6169
f 5834/5834 5833/5833 6169/6169
f 5834/5834 6169/6169 6183/6183
f 5919/5919 5834/5834 6183/6183
f 5919/5919 6183/6183 6184/6184
f 5890/5890 5835/5835 6181/6181
f 5890/5890 6181/6181 6182/6182
f 5837/5837 5836/5836 6186/6186
f 5837/5837 6186/6186 6185/6185
f 5838/5838 5837/5837 6185/6185
f 5838/5838 6185/6185 6179/6179
f 6035/6035 5838/5838 6179/6179
f 6035/6035 6179/6179 6180/6180
f 5840/5840 5984/5984 6189/6189
f 5840/5840 6189/6189 6178/6178
f 5841/5841 5840/5840 6178/6178
f 5841/5841 6178/6178 6177/6177
f 5842/5842 5841/5841 6177/6177
f 5842/5842 6177/6177 6187/6187
f 5843/5843 5955/5955 6176/6176
f 5843/5843 6176/6176 6175/6175
f 5948/5948 5843/5843 6175/6175
f 5948/5948 6175/6175 6188/6188
f 5845/5845 5844/5844 6174/6174
f 5845/5845 6174/6174 6173/6173
f 5846/5846 5845/5845 6173/6173
f 5846/5846 6173/6173 6190/6190
f 5847/5847 6071/6071 6172/6172
f 5847/5847 6172/6172 6171/6171
f 6170/6170 5832/5832 6042/6042
f 6170/6170 6042/6042 6191/6191
f 5836/5836 5890/5890 6182/6182
f 5836/5836 6182/6182 6186/6186
f 5835/5835 5919/5919 6184/6184
f 5835/5835 6184/6184 6181/6181
f 5844/5844 5948/5948 6188/6188
f 5844/5844 6188/6188 6174/6174
f 6176/6176 5955/5955 5842/5842
f 6176/6176 5842/5842 6187/6187
f 6189/6189 5984/5984 5839/5839
f 6189/6189 5839/5839 6192/6192
f 5839/5839 6035/6035 6180/6180
f 5839/5839 6180/6180 6192/6192
f 6191/6191 6042/6042 5847/5847
f 6191/6191 5847/5847 6171/6171
f 6172/6172 6071/6071 5846/5846
f 6172/6172 5846/5846 6190/6190
f 6194/6194 6193/6193 5918/5918
f 6194/6194 5918/5918 5556/5556
f 6195/6195 6194/6194 5556/5556
f 6195/6195 5556/5556 5528/5528
f 6196/6196 6195/6195 5528/5528
f 6196/6196 5528/5528 5748/5748
f 6197/6197 6196/6196 5748/5748
f 6197/6197 5748/5748 6043/6043
f 6198/6198 6197/6197 6043/6043
f 6198/6198 6043/6043 5529/5529
f 6199/6199 6198/6198 5529/5529
f 6199/6199 5529/5529 6072/6072
f 6200/6200 6199/6199 6072/6072
f 6200/6200 6072/6072 5725/5725
f 6201/6201 6200/6200 5725/5725
f 6201/6201 5725/5725 5530/5530
f 6202/6202 6201/6201 5530/5530
f 6202/6202 5530/5530 5656/5656
f 5947/5947 6203/6203 6202/6202
f 5947/5947 6202/6202 5656/5656
f 6204/6204 6203/6203 5947/5947
f 6204/6204 5947/5947 5531/5531
f 6205/6205 6204/6204 5531/5531
f 6205/6205 5531/5531 5956/5956
f 6206/6206 6205/6205 5956/5956
f 6206/6206 5956/5956 5633/5633
f 6207/6207 6206/6206 5633/5633
f 6207/6207 5633/5633 5532/5532
f 6208/6208 6207/6207 5532/5532
f 6208/6208 5532/5532 5679/5679
f 6209/6209 6208/6208 5679/5679
f 6209/6209 5679/5679 5985/5985
f 6210/6210 6209/6209 5985/5985
f 6210/6210 5985/5985 5533/5533
f 6034/6034 6211/6211 6210/6210
f 6034/6034 6210/6210 5533/5533
f 6212/6212 6211/6211 6034/6034
f 6212/6212 6034/6034 5702/5702
f 6213/6213 6212/6212 5702/5702
f 6213/6213 5702/5702 5534/5534
f 5549/5549 6214/6214 6213/6213
f 5549/5549 6213/6213 5534/5534
f 5889/5889 6215/6215 6214/6214
f 5889/5889 6214/6214 5549/5549
f 6216/6216 6215/6215 5889/5889
f 6216/6216 5889/5889 5535/5535
f 5918/5918 6193/6193 6216/6216
f 5918/5918 6216/6216 5535/5535
f 6218/6218 6217/6217 6111/6111
f 6218/6218 6111/6111 6110/6110
f 6110/6110 6109/6109 6219/6219
f 6110/6110 6219/6219 6218/6218
f 6109/6109 6108/6108 6220/6220
f 6109/6109 6220/6220 6219/6219
f 6221/6221 6220/6220 6108/6108
f 6221/6221 6108/6108 6107/6107
f 6107/6107 6106/6106 6222/6222
f 6107/6107 6222/6222 6221/6221
f 6223/6223 6222/6222 6106/6106
f 6223/6223 6106/6106 6105/6105
f 6224/6224 6223/6223 6105/6105
f 6224/6224 6105/6105 6104/6104
f 6225/6225 6224/6224 6104/6104
f 6225/6225 6104/6104 6103/6103
f 6226/6226 6225/6225 6103/6103
f 6226/6226 6103/6103 6102/6102
f 6227/6227 6226/6226 6102/6102
f 6227/6227 6102/6102 6101/6101
f 6228/6228 6227/6227 6101/6101
f 6228/6228 6101/6101 6100/6100
f 6229/6229 6228/6228 6100/6100
f 6229/6229 6100/6100 6099/6099
f 6230/6230 6229/6229 6099/6099
f 6230/6230 6099/6099 6098/6098
f 6231/6231 6230/6230 6098/6098
f 6231/6231 6098/6098 6097/6097
f 6097/6097 6120/6120 6232/6232
f 6097/6097 6232/6232 6231/6231
f 6233/6233 6232/6232 6120/6120
f 6233/6233 6120/6120 6119/6119
f 6234/6234 6233/6233 6119/6119
f 6234/6234 6119/6119 6118/6118
f 6235/6235 6234/6234 6118/6118
f 6235/6235 6118/6118 6117/6117
f 6236/6236 6235/6235 6117/6117
f 6236/6236 6117/6117 6116/6116
f 6237/6237 6236/6236 6116/6116
f 6237/6237 6116/6116 6115/6115
f 6238/6238 6237/6237 6115/6115
f 6238/6238 6115/6115 6114/6114
f 6239/6239 6238/6238 6114/6114
f 6239/6239 6114/6114 6113/6113
f 6113/6113 6112/6112 6240/6240
f 6113/6113 6240/6240 6239/6239
f 6217/6217 6240/6240 6112/6112
f 6217/6217 6112/6112 6111/6111
f 6242/6242 6241/6241 6019/6019
f 6242/6242 6019/6019 5714/5714
f 6243/6243 6242/6242 5714/5714
f 6243/6243 5714/5714 5578/5578
f 5579/5579 6244/6244 6243/6243
f 5579/5579 6243/6243 5578/5578
f 5874/5874 6245/6245 6244/6244
f 5874/5874 6244/6244 5579/5579
f 6246/6246 6245/6245 5874/5874
f 6246/6246 5874/5874 5570/5570
f 5903/5903 6247/6247 6246/6246
f 5903/5903 6246/6246 5570/5570
f 6248/6248 6247/6247 5903/5903
f 6248/6248 5903/5903 5571/5571
f 6249/6249 6248/6248 5571/5571
f 6249/6249 5571/5571 5572/5572
f 6250/6250 6249/6249 5572/5572
f 6250/6250 5572/5572 5760/5760
f 6251/6251 6250/6250 5760/5760
f 6251/6251 5760/5760 6058/6058
f 6252/6252 6251/6251 6058/6058
f 6252/6252 6058/6058 5573/5573
f 6253/6253 6252/6252 5573/5573
f 6253/6253 5573/5573 6087/6087
f 6254/6254 6253/6253 6087/6087
f 6254/6254 6087/6087 5737/5737
f 6255/6255 6254/6254 5737/5737
f 6255/6255 5737/5737 5574/5574
f 6256/6256 6255/6255 5574/5574
f 6256/6256 5574/5574 5668/5668
f 5932/5932 6257/6257 6256/6256
f 5932/5932 6256/6256 5668/5668
f 6258/6258 6257/6257 5932/5932
f 6258/6258 5932/5932 5575/5575
f 6259/6259 6258/6258 5575/5575
f 6259/6259 5575/5575 5971/5971
f 6260/6260 6259/6259 5971/5971
f 6260/6260 5971/5971 5645/5645
f 6261/6261 6260/6260 5645/5645
f 6261/6261 5645/5645 5576/5576
f 6262/6262 6261/6261 5576/5576
f 6262/6262 5576/5576 5691/5691
f 6263/6263 6262/6262 5691/5691
f 6263/6263 5691/5691 6000/6000
f 6264/6264 6263/6263 6000/6000
f 6264/6264 6000/6000 5577/5577
f 6019/6019 6241/6241 6264/6264
f 6019/6019 6264/6264 5577/5577
f 5952/5952 5521/5521 6267/6267
f 5952/5952 6267/6267 6268/6268
f 6266/6266 6267/6267 5521/5521
f 6266/6266 5521/5521 5951/5951
f 6265/6265 6266/6266 5951/5951
f 6265/6265 5951/5951 5653/5653
f 5630/5630 6269/6269 5676/5676
f 5630/5630 5676/5676 5520/5520
f 5952/5952 6268/6268 6269/6269
f 5952/5952 6269/6269 5630/5630
f 5722/5722 6265/6265 5653/5653
f 5722/5722 5653/5653 5522/5522
f 5523/5523 6275/6275 6274/6274
f 5523/5523 6274/6274 6068/6068
f 6275/6275 6276/6276 6273/6273
f 6275/6275 6273/6273 6274/6274
f 6276/6276 6277/6277 6272/6272
f 6276/6276 6272/6272 6273/6273
f 6271/6271 6272/6272 6277/6277
f 6271/6271 6277/6277 6278/6278
f 6270/6270 6271/6271 6278/6278
f 6270/6270 6278/6278 6279/6279
f 5981/5981 6270/6270 6279/6279
f 5981/5981 6279/6279 5527/5527
f 5676/5676 6269/6269 6270/6270
f 5676/5676 6270/6270 5981/5981
f 6269/6269 6268/6268 6271/6271
f 6269/6269 6271/6271 6270/6270
f 6268/6268 6267/6267 6272/6272
f 6268/6268 6272/6272 6271/6271
f 6273/6273 6272/6272 6267/6267
f 6273/6273 6267/6267 6266/6266
f 6274/6274 6273/6273 6266/6266
f 6274/6274 6266/6266 6265/6265
f 6068/6068 6274/6274 6265/6265
f 6068/6068 6265/6265 5722/5722
f 5745/5745 6285/6285 6284/6284
f 5745/5745 6284/6284 6039/6039
f 6285/6285 6286/6286 6283/6283
f 6285/6285 6283/6283 6284/6284
f 6286/6286 6287/6287 6282/6282
f 6286/6286 6282/6282 6283/6283
f 6281/6281 6282/6282 6287/6287
f 6281/6281 6287/6287 6288/6288
f 6280/6280 6281/6281 6288/6288
f 6280/6280 6288/6288 6289/6289
f 6038/6038 6280/6280 6289/6289
f 6038/6038 6289/6289 5699/5699
f 5527/5527 6279/6279 6280/6280
f 5527/5527 6280/6280 6038/6038
f 6279/6279 6278/6278 6281/6281
f 6279/6279 6281/6281 6280/6280
f 6278/6278 6277/6277 6282/6282
f 6278/6278 6282/6282 6281/6281
f 6283/6283 6282/6282 6277/6277
f 6283/6283 6277/6277 6276/6276
f 6284/6284 6283/6283 6276/6276
f 6284/6284 6276/6276 6275/6275
f 6039/6039 6284/6284 6275/6275
f 6039/6039 6275/6275 5523/5523
f 5553/5553 6285/6285 5745/5745
f 5553/5553 5745/5745 5524/5524
f 5922/5922 6286/6286 6285/6285
f 5922/5922 6285/6285 5553/5553
f 5525/5525 6287/6287 6286/6286
f 5525/5525 6286/6286 5922/5922
f 6288/6288 6287/6287 5525/5525
f 6288/6288 5525/5525 5893/5893
f 6289/6289 6288/6288 5893/5893
f 6289/6289 5893/5893 5552/5552
f 5699/5699 6289/6289 5552/5552
f 5699/5699 5552/5552 5526/5526
f 6291/6291 6290/6290 5723/5723
f 6291/6291 5723/5723 5514/5514
f 6292/6292 6291/6291 5514/5514
f 6292/6292 5514/5514 5654/5654
f 5950/5950 6293/6293 6292/6292
f 5950/5950 6292/6292 5654/5654
f 6294/6294 6293/6293 5950/5950
f 6294/6294 5950/5950 5513/5513
f 6295/6295 6294/6294 5513/5513
f 6295/6295 5513/5513 5953/5953
f 6296/6296 6295/6295 5953/5953
f 6296/6296 5953/5953 5631/5631
f 6297/6297 6296/6296 5631/5631
f 6297/6297 5631/5631 5512/5512
f 6298/6298 6297/6297 5512/5512
f 6298/6298 5512/5512 5677/5677
f 6299/6299 6298/6298 5677/5677
f 6299/6299 5677/5677 5982/5982
f 6300/6300 6299/6299 5982/5982
f 6300/6300 5982/5982 5519/5519
f 6037/6037 6301/6301 6300/6300
f 6037/6037 6300/6300 5519/5519
f 6302/6302 6301/6301 6037/6037
f 6302/6302 6037/6037 5700/5700
f 6303/6303 6302/6302 5700/5700
f 6303/6303 5700/5700 5518/5518
f 5551/5551 6304/6304 6303/6303
f 5551/5551 6303/6303 5518/5518
f 5892/5892 6305/6305 6304/6304
f 5892/5892 6304/6304 5551/5551
f 6306/6306 6305/6305 5892/5892
f 6306/6306 5892/5892 5517/5517
f 5921/5921 6307/6307 6306/6306
f 5921/5921 6306/6306 5517/5517
f 6308/6308 6307/6307 5921/5921
f 6308/6308 5921/5921 5554/5554
f 6309/6309 6308/6308 5554/5554
f 6309/6309 5554/5554 5516/5516
f 6310/6310 6309/6309 5516/5516
f 6310/6310 5516/5516 5746/5746
f 6311/6311 6310/6310 5746/5746
f 6311/6311 5746/5746 6040/6040
f 6312/6312 6311/6311 6040/6040
f 6312/6312 6040/6040 5515/5515
f 6313/6313 6312/6312 5515/5515
f 6313/6313 5515/5515 6069/6069
f 6290/6290 6313/6313 6069/6069
f 6290/6290 6069/6069 5723/5723
f 6315/6315 6314/6314 6312/6312
f 6315/6315 6312/6312 6313/6313
f 6318/6318 6317/6317 6291/6291
f 6318/6318 6291/6291 6292/6292
f 6293/6293 6319/6319 6318/6318
f 6293/6293 6318/6318 6292/6292
f 6321/6321 6320/6320 6294/6294
f 6321/6321 6294/6294 6295/6295
f 6324/6324 6323/6323 6297/6297
f 6324/6324 6297/6297 6298/6298
f 6301/6301 6327/6327 6326/6326
f 6301/6301 6326/6326 6300/6300
f 6328/6328 6327/6327 6301/6301
f 6328/6328 6301/6301 6302/6302
f 6330/6330 6329/6329 6303/6303
f 6330/6330 6303/6303 6304/6304
f 6305/6305 6331/6331 6330/6330
f 6305/6305 6330/6330 6304/6304
f 6332/6332 6331/6331 6305/6305
f 6332/6332 6305/6305 6306/6306
f 6307/6307 6333/6333 6332/6332
f 6307/6307 6332/6332 6306/6306
f 6334/6334 6333/6333 6307/6307
f 6334/6334 6307/6307 6308/6308
f 6336/6336 6335/6335 6309/6309
f 6336/6336 6309/6309 6310/6310
f 6344/6344 6345/6345 6342/6342
f 6344/6344 6342/6342 6343/6343
f 6360/6360 6361/6361 6354/6354
f 6360/6360 6354/6354 6355/6355
f 6345/6345 6346/6346 6341/6341
f 6345/6345 6341/6341 6342/6342
f 6359/6359 6360/6360 6355/6355
f 6359/6359 6355/6355 6356/6356
f 6347/6347 6348/6348 6341/6341
f 6347/6347 6341/6341 6346/6346
f 6358/6358 6359/6359 6356/6356
f 6358/6358 6356/6356 6357/6357
f 6361/6361 6362/6362 6353/6353
f 6361/6361 6353/6353 6354/6354
f 6351/6351 6352/6352 6344/6344
f 6351/6351 6344/6344 6343/6343
f 6339/6339 6341/6341 6348/6348
f 6339/6339 6348/6348 6349/6349
f 6342/6342 6341/6341 6339/6339
f 6342/6342 6339/6339 6338/6338
f 6343/6343 6342/6342 6338/6338
f 6343/6343 6338/6338 6340/6340
f 6350/6350 6351/6351 6343/6343
f 6350/6350 6343/6343 6340/6340
f 5923/5923 6344/6344 6352/6352
f 5923/5923 6352/6352 5675/5675
f 5489/5489 6345/6345 6344/6344
f 5489/5489 6344/6344 5923/5923
f 5489/5489 5980/5980 6346/6346
f 5489/5489 6346/6346 6345/6345
f 5652/5652 6347/6347 6346/6346
f 5652/5652 6346/6346 5980/5980
f 5698/5698 6347/6347 5652/5652
f 5698/5698 5652/5652 5488/5488
f 6009/6009 6348/6348 6347/6347
f 6009/6009 6347/6347 5698/5698
f 6349/6349 6348/6348 6009/6009
f 6349/6349 6009/6009 5495/5495
f 5721/5721 6358/6358 6357/6357
f 5721/5721 6357/6357 6010/6010
f 6067/6067 6353/6353 6362/6362
f 6067/6067 6362/6362 5767/5767
f 6096/6096 6351/6351 6350/6350
f 6096/6096 6350/6350 5491/5491
f 5744/5744 6352/6352 6351/6351
f 5744/5744 6351/6351 6096/6096
f 5675/5675 6352/6352 5744/5744
f 5675/5675 5744/5744 5490/5490
f 5491/5491 6350/6350 6353/6353
f 5491/5491 6353/6353 6067/6067
f 6354/6354 6353/6353 6350/6350
f 6354/6354 6350/6350 6340/6340
f 6355/6355 6354/6354 6340/6340
f 6355/6355 6340/6340 6338/6338
f 6356/6356 6355/6355 6338/6338
f 6356/6356 6338/6338 6339/6339
f 6357/6357 6356/6356 6339/6339
f 6357/6357 6339/6339 6349/6349
f 6010/6010 6357/6357 6349/6349
f 6010/6010 6349/6349 5495/5495
f 5536/5536 6358/6358 5721/5721
f 5536/5536 5721/5721 5494/5494
f 5865/5865 6359/6359 6358/6358
f 5865/5865 6358/6358 5536/5536
f 5493/5493 6360/6360 6359/6359
f 5493/5493 6359/6359 5865/5865
f 5894/5894 6361/6361 6360/6360
f 5894/5894 6360/6360 5493/5493
f 5569/5569 6362/6362 6361/6361
f 5569/5569 6361/6361 5894/5894
f 5767/5767 6362/6362 5569/5569
f 5767/5767 5569/5569 5492/5492
f 6667/6667 6882/6882 6883/6883
f 6667/6667 6883/6883 6521/6521
f 6669/6669 6670/6670 6431/6431
f 6669/6669 6431/6431 6511/6511
f 6950/6950 6672/6672 6430/6430
f 6950/6950 6430/6430 6949/6949
f 6673/6673 6674/6674 6429/6429
f 6673/6673 6429/6429 6471/6471
f 6674/6674 6675/6675 6444/6444
f 6674/6674 6444/6444 6429/6429
f 6977/6977 6677/6677 6454/6454
f 6977/6977 6454/6454 6976/6976
f 6679/6679 6828/6828 6829/6829
f 6679/6679 6829/6829 6501/6501
f 6681/6681 6682/6682 6433/6433
f 6681/6681 6433/6433 6491/6491
f 6520/6520 6886/6886 6887/6887
f 6520/6520 6887/6887 6519/6519
f 6510/6510 6373/6373 6381/6381
f 6510/6510 6381/6381 6509/6509
f 6946/6946 6374/6374 6382/6382
f 6946/6946 6382/6382 6945/6945
f 6470/6470 6375/6375 6383/6383
f 6470/6470 6383/6383 6469/6469
f 6375/6375 6445/6445 6446/6446
f 6375/6375 6446/6446 6383/6383
f 6973/6973 6455/6455 6456/6456
f 6973/6973 6456/6456 6972/6972
f 6500/6500 6832/6832 6833/6833
f 6500/6500 6833/6833 6499/6499
f 6490/6490 6371/6371 6379/6379
f 6490/6490 6379/6379 6489/6489
f 6887/6887 6888/6888 6772/6772
f 6887/6887 6772/6772 6519/6519
f 6381/6381 6769/6769 6770/6770
f 6381/6381 6770/6770 6509/6509
f 6382/6382 6767/6767 6944/6944
f 6382/6382 6944/6944 6945/6945
f 6383/6383 6765/6765 6766/6766
f 6383/6383 6766/6766 6469/6469
f 6446/6446 6764/6764 6765/6765
f 6446/6446 6765/6765 6383/6383
f 6456/6456 6778/6778 6971/6971
f 6456/6456 6971/6971 6972/6972
f 6833/6833 6834/6834 6776/6776
f 6833/6833 6776/6776 6499/6499
f 6379/6379 6773/6773 6774/6774
f 6379/6379 6774/6774 6489/6489
f 6516/6516 6893/6893 7030/7030
f 6516/6516 7030/7030 7031/7031
f 6506/6506 6389/6389 7026/7026
f 6506/6506 7026/7026 7027/7027
f 6939/6939 6390/6390 7023/7023
f 6939/6939 7023/7023 7024/7024
f 6466/6466 6391/6391 7020/7020
f 6466/6466 7020/7020 7021/7021
f 6391/6391 6449/6449 7019/7019
f 6391/6391 7019/7019 7020/7020
f 6966/6966 6459/6459 7015/7015
f 6966/6966 7015/7015 7016/7016
f 6496/6496 6839/6839 7012/7012
f 6496/6496 7012/7012 7013/7013
f 6486/6486 6387/6387 7032/7032
f 6486/6486 7032/7032 7033/7033
f 6635/6635 6843/6843 6844/6844
f 6635/6635 6844/6844 6494/6494
f 6962/6962 6649/6649 6461/6461
f 6962/6962 6461/6461 6961/6961
f 6646/6646 6647/6647 6451/6451
f 6646/6646 6451/6451 6399/6399
f 6645/6645 6646/6646 6399/6399
f 6645/6645 6399/6399 6464/6464
f 6935/6935 6644/6644 6398/6398
f 6935/6935 6398/6398 6934/6934
f 6641/6641 6642/6642 6397/6397
f 6641/6641 6397/6397 6504/6504
f 6639/6639 6897/6897 6898/6898
f 6639/6639 6898/6898 6514/6514
f 6637/6637 6638/6638 6395/6395
f 6637/6637 6395/6395 6484/6484
f 7056/7056 6748/6748 6749/6749
f 7056/7056 6749/6749 7055/7055
f 7054/7054 7055/7055 6749/6749
f 7054/7054 6749/6749 6750/6750
f 7051/7051 7052/7052 6751/6751
f 7051/7051 6751/6751 6942/6942
f 7048/7048 7049/7049 6753/6753
f 7048/7048 6753/6753 6754/6754
f 7044/7044 7045/7045 6890/6890
f 7044/7044 6890/6890 6756/6756
f 7042/7042 7043/7043 6757/6757
f 7042/7042 6757/6757 6758/6758
f 7038/7038 7039/7039 6836/6836
f 7038/7038 6836/6836 6760/6760
f 7035/7035 7036/7036 6762/6762
f 7035/7035 6762/6762 6969/6969
f 6448/6448 6716/6716 6717/6717
f 6448/6448 6717/6717 6420/6420
f 6467/6467 6420/6420 6717/6717
f 6467/6467 6717/6717 6718/6718
f 6941/6941 6421/6421 6719/6719
f 6941/6941 6719/6719 6940/6940
f 6507/6507 6422/6422 6721/6721
f 6507/6507 6721/6721 6722/6722
f 6517/6517 6891/6891 6892/6892
f 6517/6517 6892/6892 6724/6724
f 6487/6487 6424/6424 6725/6725
f 6487/6487 6725/6725 6726/6726
f 6497/6497 6837/6837 6838/6838
f 6497/6497 6838/6838 6728/6728
f 6968/6968 6458/6458 6730/6730
f 6968/6968 6730/6730 6967/6967
f 6975/6975 6693/6693 6794/6794
f 6975/6975 6794/6794 6974/6974
f 6690/6690 6691/6691 6780/6780
f 6690/6690 6780/6780 6781/6781
f 6689/6689 6690/6690 6781/6781
f 6689/6689 6781/6781 6782/6782
f 6948/6948 6688/6688 6783/6783
f 6948/6948 6783/6783 6947/6947
f 6685/6685 6686/6686 6785/6785
f 6685/6685 6785/6785 6786/6786
f 6683/6683 6884/6884 6885/6885
f 6683/6683 6885/6885 6788/6788
f 6697/6697 6698/6698 6789/6789
f 6697/6697 6789/6789 6790/6790
f 6695/6695 6830/6830 6831/6831
f 6695/6695 6831/6831 6792/6792
f 7084/7084 7085/7085 6899/6899
f 7084/7084 6899/6899 6513/6513
f 7088/7088 7089/7089 6437/6437
f 7088/7088 6437/6437 6503/6503
f 7091/7091 7092/7092 6438/6438
f 7091/7091 6438/6438 6933/6933
f 7094/7094 7095/7095 6439/6439
f 7094/7094 6439/6439 6463/6463
f 7095/7095 7096/7096 6452/6452
f 7095/7095 6452/6452 6439/6439
f 7099/7099 7100/7100 6462/6462
f 7099/7099 6462/6462 6960/6960
f 7102/7102 7103/7103 6845/6845
f 7102/7102 6845/6845 6493/6493
f 7106/7106 7083/7083 6435/6435
f 7106/7106 6435/6435 6483/6483
f 7004/7004 6676/6676 6428/6428
f 7004/7004 6428/6428 7003/7003
f 7001/7001 7002/7002 6692/6692
f 7001/7001 6692/6692 6779/6779
f 6999/6999 7000/7000 6376/6376
f 6999/6999 6376/6376 6384/6384
f 6384/6384 6763/6763 6998/6998
f 6384/6384 6998/6998 6999/6999
f 7058/7058 6747/6747 6996/6996
f 7058/7058 6996/6996 7057/7057
f 6419/6419 6715/6715 6994/6994
f 6419/6419 6994/6994 6995/6995
f 7018/7018 6993/6993 6392/6392
f 7018/7018 6392/6392 7017/7017
f 6988/6988 6989/6989 6648/6648
f 6988/6988 6648/6648 6400/6400
f 7097/7097 7098/7098 6440/6440
f 7097/7097 6440/6440 6987/6987
f 6677/6677 6678/6678 6427/6427
f 6677/6677 6427/6427 6454/6454
f 6794/6794 6693/6693 6694/6694
f 6794/6794 6694/6694 6793/6793
f 6456/6456 6455/6455 6377/6377
f 6456/6456 6377/6377 6385/6385
f 6385/6385 6777/6777 6778/6778
f 6385/6385 6778/6778 6456/6456
f 6762/6762 7036/7036 7037/7037
f 6762/6762 7037/7037 6761/6761
f 6730/6730 6458/6458 6426/6426
f 6730/6730 6426/6426 6729/6729
f 7015/7015 6459/6459 6393/6393
f 7015/7015 6393/6393 7014/7014
f 6461/6461 6649/6649 6650/6650
f 6461/6461 6650/6650 6401/6401
f 7100/7100 7101/7101 6441/6441
f 7100/7100 6441/6441 6462/6462
f 7093/7093 7094/7094 6463/6463
f 7093/7093 6463/6463 6906/6906
f 6908/6908 6645/6645 6464/6464
f 6908/6908 6464/6464 6907/6907
f 6912/6912 6466/6466 7021/7021
f 6912/6912 7021/7021 7022/7022
f 6914/6914 6467/6467 6718/6718
f 6914/6914 6718/6718 6913/6913
f 7053/7053 7054/7054 6750/6750
f 7053/7053 6750/6750 6915/6915
f 6469/6469 6766/6766 6917/6917
f 6469/6469 6917/6917 6918/6918
f 6919/6919 6470/6470 6469/6469
f 6919/6919 6469/6469 6918/6918
f 6921/6921 6689/6689 6782/6782
f 6921/6921 6782/6782 6920/6920
f 6923/6923 6673/6673 6471/6471
f 6923/6923 6471/6471 6922/6922
f 7089/7089 7090/7090 6473/6473
f 7089/7089 6473/6473 6437/6437
f 6642/6642 6643/6643 6474/6474
f 6642/6642 6474/6474 6397/6397
f 6389/6389 6476/6476 7025/7025
f 6389/6389 7025/7025 7026/7026
f 6422/6422 6477/6477 6720/6720
f 6422/6422 6720/6720 6721/6721
f 7049/7049 7050/7050 6752/6752
f 7049/7049 6752/6752 6753/6753
f 6479/6479 6768/6768 6769/6769
f 6479/6479 6769/6769 6381/6381
f 6373/6373 6480/6480 6479/6479
f 6373/6373 6479/6479 6381/6381
f 6686/6686 6687/6687 6784/6784
f 6686/6686 6784/6784 6785/6785
f 6670/6670 6671/6671 6481/6481
f 6670/6670 6481/6481 6431/6431
f 7105/7105 7106/7106 6483/6483
f 7105/7105 6483/6483 6798/6798
f 6800/6800 6637/6637 6484/6484
f 6800/6800 6484/6484 6799/6799
f 6804/6804 6486/6486 7033/7033
f 6804/6804 7033/7033 7034/7034
f 6806/6806 6487/6487 6726/6726
f 6806/6806 6726/6726 6805/6805
f 7041/7041 7042/7042 6758/6758
f 7041/7041 6758/6758 6807/6807
f 6489/6489 6774/6774 6809/6809
f 6489/6489 6809/6809 6810/6810
f 6811/6811 6490/6490 6489/6489
f 6811/6811 6489/6489 6810/6810
f 6813/6813 6697/6697 6790/6790
f 6813/6813 6790/6790 6812/6812
f 6815/6815 6681/6681 6491/6491
f 6815/6815 6491/6491 6814/6814
f 7101/7101 7102/7102 6493/6493
f 7101/7101 6493/6493 6441/6441
f 6650/6650 6635/6635 6494/6494
f 6650/6650 6494/6494 6401/6401
f 6393/6393 6496/6496 7013/7013
f 6393/6393 7013/7013 7014/7014
f 6426/6426 6497/6497 6728/6728
f 6426/6426 6728/6728 6729/6729
f 7037/7037 7038/7038 6760/6760
f 7037/7037 6760/6760 6761/6761
f 6499/6499 6776/6776 6777/6777
f 6499/6499 6777/6777 6385/6385
f 6377/6377 6500/6500 6499/6499
f 6377/6377 6499/6499 6385/6385
f 6694/6694 6695/6695 6792/6792
f 6694/6694 6792/6792 6793/6793
f 6678/6678 6679/6679 6501/6501
f 6678/6678 6501/6501 6427/6427
f 7086/7086 7087/7087 6872/6872
f 7086/7086 6872/6872 6436/6436
f 6640/6640 6870/6870 6871/6871
f 6640/6640 6871/6871 6396/6396
f 6388/6388 6866/6866 7028/7028
f 6388/6388 7028/7028 7029/7029
f 6423/6423 6864/6864 6865/6865
f 6423/6423 6865/6865 6723/6723
f 7046/7046 7047/7047 6863/6863
f 7046/7046 6863/6863 6755/6755
f 6860/6860 6861/6861 6771/6771
f 6860/6860 6771/6771 6380/6380
f 6372/6372 6859/6859 6860/6860
f 6372/6372 6860/6860 6380/6380
f 6684/6684 6857/6857 6858/6858
f 6684/6684 6858/6858 6787/6787
f 6668/6668 6855/6855 6856/6856
f 6668/6668 6856/6856 6432/6432
f 7083/7083 7084/7084 6513/6513
f 7083/7083 6513/6513 6435/6435
f 6638/6638 6639/6639 6514/6514
f 6638/6638 6514/6514 6395/6395
f 6387/6387 6516/6516 7031/7031
f 6387/6387 7031/7031 7032/7032
f 6424/6424 6517/6517 6724/6724
f 6424/6424 6724/6724 6725/6725
f 7043/7043 7044/7044 6756/6756
f 7043/7043 6756/6756 6757/6757
f 6519/6519 6772/6772 6773/6773
f 6519/6519 6773/6773 6379/6379
f 6371/6371 6520/6520 6519/6519
f 6371/6371 6519/6519 6379/6379
f 6698/6698 6683/6683 6788/6788
f 6698/6698 6788/6788 6789/6789
f 6682/6682 6667/6667 6521/6521
f 6682/6682 6521/6521 6433/6433
f 6522/6522 6363/6363 7126/7126
f 6522/6522 7126/7126 7127/7127
f 6853/6853 6364/6364 7129/7129
f 6853/6853 7129/7129 7130/7130
f 6482/6482 6365/6365 7108/7108
f 6482/6482 7108/7108 7109/7109
f 6472/6472 6925/6925 7112/7112
f 6472/6472 7112/7112 7113/7113
f 6443/6443 6367/6367 7114/7114
f 6443/6443 7114/7114 7115/7115
f 6453/6453 6979/6979 7118/7118
f 6453/6453 7118/7118 7119/7119
f 6502/6502 6369/6369 7120/7120
f 6502/6502 7120/7120 7121/7121
f 6492/6492 6817/6817 7124/7124
f 6492/6492 7124/7124 7125/7125
f 6368/6368 7006/7006 7116/7116
f 6368/6368 7116/7116 7117/7117
f 6369/6369 6453/6453 7119/7119
f 6369/6369 7119/7119 7120/7120
f 6367/6367 6472/6472 7113/7113
f 6367/6367 7113/7113 7114/7114
f 6366/6366 6952/6952 7110/7110
f 6366/6366 7110/7110 7111/7111
f 6363/6363 6492/6492 7125/7125
f 6363/6363 7125/7125 7126/7126
f 6826/6826 6502/6502 7121/7121
f 6826/6826 7121/7121 7122/7122
f 6365/6365 6512/6512 7107/7107
f 6365/6365 7107/7107 7108/7108
f 6880/6880 6522/6522 7127/7127
f 6880/6880 7127/7127 7128/7128
f 6435/6435 6513/6513 7228/7228
f 6435/6435 7228/7228 7229/7229
f 6436/6436 6872/6872 7249/7249
f 6436/6436 7249/7249 7250/7250
f 6437/6437 6473/6473 7246/7246
f 6437/6437 7246/7246 7247/7247
f 6906/6906 6463/6463 7242/7242
f 6906/6906 7242/7242 7243/7243
f 6439/6439 6452/6452 7240/7240
f 6439/6439 7240/7240 7241/7241
f 6960/6960 6462/6462 7236/7236
f 6960/6960 7236/7236 7237/7237
f 6441/6441 6493/6493 7234/7234
f 6441/6441 7234/7234 7235/7235
f 6798/6798 6483/6483 7230/7230
f 6798/6798 7230/7230 7231/7231
f 6987/6987 6440/6440 7238/7238
f 6987/6987 7238/7238 7239/7239
f 6462/6462 6441/6441 7235/7235
f 6462/6462 7235/7235 7236/7236
f 6463/6463 6439/6439 7241/7241
f 6463/6463 7241/7241 7242/7242
f 6933/6933 6438/6438 7244/7244
f 6933/6933 7244/7244 7245/7245
f 6483/6483 6435/6435 7229/7229
f 6483/6483 7229/7229 7230/7230
f 6493/6493 6845/6845 7233/7233
f 6493/6493 7233/7233 7234/7234
f 6503/6503 6437/6437 7247/7247
f 6503/6503 7247/7247 7248/7248
f 6513/6513 6899/6899 7251/7251
f 6513/6513 7251/7251 7228/7228
f 6539/6539 6540/6540 7204/7204
f 6539/6539 7204/7204 7205/7205
f 6541/6541 6873/6873 7225/7225
f 6541/6541 7225/7225 7226/7226
f 6543/6543 6544/6544 7222/7222
f 6543/6543 7222/7222 7223/7223
f 6905/6905 6546/6546 7218/7218
f 6905/6905 7218/7218 7219/7219
f 6547/6547 6548/6548 7216/7216
f 6547/6547 7216/7216 7217/7217
f 6959/6959 6550/6550 7212/7212
f 6959/6959 7212/7212 7213/7213
f 6551/6551 6552/6552 7210/7210
f 6551/6551 7210/7210 7211/7211
f 6797/6797 6554/6554 7206/7206
f 6797/6797 7206/7206 7207/7207
f 6986/6986 6549/6549 7214/7214
f 6986/6986 7214/7214 7215/7215
f 6550/6550 6551/6551 7211/7211
f 6550/6550 7211/7211 7212/7212
f 6546/6546 6547/6547 7217/7217
f 6546/6546 7217/7217 7218/7218
f 6932/6932 6545/6545 7220/7220
f 6932/6932 7220/7220 7221/7221
f 6554/6554 6539/6539 7205/7205
f 6554/6554 7205/7205 7206/7206
f 6552/6552 6846/6846 7209/7209
f 6552/6552 7209/7209 7210/7210
f 6542/6542 6543/6543 7223/7223
f 6542/6542 7223/7223 7224/7224
f 6540/6540 6900/6900 7227/7227
f 6540/6540 7227/7227 7204/7204
f 6555/6555 6556/6556 6572/6572
f 6555/6555 6572/6572 6571/6571
f 6557/6557 6874/6874 6875/6875
f 6557/6557 6875/6875 6573/6573
f 6559/6559 6560/6560 6576/6576
f 6559/6559 6576/6576 6575/6575
f 6904/6904 6562/6562 6578/6578
f 6904/6904 6578/6578 6903/6903
f 6563/6563 6564/6564 6580/6580
f 6563/6563 6580/6580 6579/6579
f 6958/6958 6566/6566 6582/6582
f 6958/6958 6582/6582 6957/6957
f 6567/6567 6568/6568 6584/6584
f 6567/6567 6584/6584 6583/6583
f 6796/6796 6570/6570 6586/6586
f 6796/6796 6586/6586 6795/6795
f 6985/6985 6565/6565 6581/6581
f 6985/6985 6581/6581 6984/6984
f 6566/6566 6567/6567 6583/6583
f 6566/6566 6583/6583 6582/6582
f 6562/6562 6563/6563 6579/6579
f 6562/6562 6579/6579 6578/6578
f 6931/6931 6561/6561 6577/6577
f 6931/6931 6577/6577 6930/6930
f 6570/6570 6555/6555 6571/6571
f 6570/6570 6571/6571 6586/6586
f 6568/6568 6847/6847 6848/6848
f 6568/6568 6848/6848 6584/6584
f 6558/6558 6559/6559 6575/6575
f 6558/6558 6575/6575 6574/6574
f 6556/6556 6901/6901 6902/6902
f 6556/6556 6902/6902 6572/6572
f 7147/7147 7148/7148 6587/6587
f 7147/7147 6587/6587 6588/6588
f 7144/7144 7145/7145 6589/6589
f 7144/7144 6589/6589 6851/6851
f 7141/7141 7142/7142 6591/6591
f 7141/7141 6591/6591 6592/6592
f 7137/7137 7138/7138 6927/6927
f 7137/7137 6927/6927 6594/6594
f 7135/7135 7136/7136 6595/6595
f 7135/7135 6595/6595 6596/6596
f 7131/7131 7132/7132 6981/6981
f 7131/7131 6981/6981 6598/6598
f 7153/7153 7154/7154 6599/6599
f 7153/7153 6599/6599 6600/6600
f 7149/7149 7150/7150 6819/6819
f 7149/7149 6819/6819 6602/6602
f 7133/7133 7134/7134 7008/7008
f 7133/7133 7008/7008 6597/6597
f 7154/7154 7131/7131 6598/6598
f 7154/7154 6598/6598 6599/6599
f 7136/7136 7137/7137 6594/6594
f 7136/7136 6594/6594 6595/6595
f 7139/7139 7140/7140 6954/6954
f 7139/7139 6954/6954 6593/6593
f 7148/7148 7149/7149 6602/6602
f 7148/7148 6602/6602 6587/6587
f 7152/7152 7153/7153 6600/6600
f 7152/7152 6600/6600 6824/6824
f 7142/7142 7143/7143 6590/6590
f 7142/7142 6590/6590 6591/6591
f 7146/7146 7147/7147 6588/6588
f 7146/7146 6588/6588 6878/6878
f 6588/6588 6587/6587 6603/6603
f 6588/6588 6603/6603 6604/6604
f 6851/6851 6589/6589 6605/6605
f 6851/6851 6605/6605 6850/6850
f 6592/6592 6591/6591 6607/6607
f 6592/6592 6607/6607 6608/6608
f 6594/6594 6927/6927 6928/6928
f 6594/6594 6928/6928 6610/6610
f 6596/6596 6595/6595 6611/6611
f 6596/6596 6611/6611 6612/6612
f 6598/6598 6981/6981 6982/6982
f 6598/6598 6982/6982 6614/6614
f 6600/6600 6599/6599 6615/6615
f 6600/6600 6615/6615 6616/6616
f 6602/6602 6819/6819 6820/6820
f 6602/6602 6820/6820 6618/6618
f 6597/6597 7008/7008 7009/7009
f 6597/6597 7009/7009 6613/6613
f 6599/6599 6598/6598 6614/6614
f 6599/6599 6614/6614 6615/6615
f 6595/6595 6594/6594 6610/6610
f 6595/6595 6610/6610 6611/6611
f 6593/6593 6954/6954 6955/6955
f 6593/6593 6955/6955 6609/6609
f 6587/6587 6602/6602 6618/6618
f 6587/6587 6618/6618 6603/6603
f 6824/6824 6600/6600 6616/6616
f 6824/6824 6616/6616 6823/6823
f 6591/6591 6590/6590 6606/6606
f 6591/6591 6606/6606 6607/6607
f 6878/6878 6588/6588 6604/6604
f 6878/6878 6604/6604 6877/6877
f 6604/6604 6603/6603 6619/6619
f 6604/6604 6619/6619 6620/6620
f 6850/6850 6605/6605 6621/6621
f 6850/6850 6621/6621 6849/6849
f 6608/6608 6607/6607 6623/6623
f 6608/6608 6623/6623 6624/6624
f 6610/6610 6928/6928 6929/6929
f 6610/6610 6929/6929 6626/6626
f 6612/6612 6611/6611 6627/6627
f 6612/6612 6627/6627 6628/6628
f 6614/6614 6982/6982 6983/6983
f 6614/6614 6983/6983 6630/6630
f 6616/6616 6615/6615 6631/6631
f 6616/6616 6631/6631 6632/6632
f 6618/6618 6820/6820 6821/6821
f 6618/6618 6821/6821 6634/6634
f 6613/6613 7009/7009 7010/7010
f 6613/6613 7010/7010 6629/6629
f 6615/6615 6614/6614 6630/6630
f 6615/6615 6630/6630 6631/6631
f 6611/6611 6610/6610 6626/6626
f 6611/6611 6626/6626 6627/6627
f 6609/6609 6955/6955 6956/6956
f 6609/6609 6956/6956 6625/6625
f 6603/6603 6618/6618 6634/6634
f 6603/6603 6634/6634 6619/6619
f 6823/6823 6616/6616 6632/6632
f 6823/6823 6632/6632 6822/6822
f 6607/6607 6606/6606 6622/6622
f 6607/6607 6622/6622 6623/6623
f 6877/6877 6604/6604 6620/6620
f 6877/6877 6620/6620 6876/6876
f 6495/6495 6841/6841 7080/7080
f 6495/6495 7080/7080 7081/7081
f 6802/6802 6485/6485 7077/7077
f 6802/6802 7077/7077 7078/7078
f 6485/6485 6410/6410 7076/7076
f 6485/6485 7076/7076 7077/7077
f 6410/6410 6515/6515 7075/7075
f 6410/6410 7075/7075 7076/7076
f 6515/6515 6895/6895 7074/7074
f 6515/6515 7074/7074 7075/7075
f 6409/6409 6868/6868 7072/7072
f 6409/6409 7072/7072 7073/7073
f 6505/6505 6408/6408 7070/7070
f 6505/6505 7070/7070 7071/7071
f 6408/6408 6475/6475 7069/7069
f 6408/6408 7069/7069 7070/7070
f 6937/6937 6407/6407 7067/7067
f 6937/6937 7067/7067 7068/7068
f 6910/6910 6465/6465 7065/7065
f 6910/6910 7065/7065 7066/7066
f 6465/6465 6406/6406 7064/7064
f 6465/6465 7064/7064 7065/7065
f 6406/6406 6450/6450 7063/7063
f 6406/6406 7063/7063 7064/7064
f 7061/7061 7062/7062 6991/6991
f 7061/7061 6991/6991 6405/6405
f 6964/6964 6460/6460 7059/7059
f 6964/6964 7059/7059 7060/7060
f 7082/7082 7059/7059 6460/6460
f 7082/7082 6460/6460 6404/6404
f 6404/6404 6495/6495 7081/7081
f 6404/6404 7081/7081 7082/7082
f 6522/6522 6880/6880 6881/6881
f 6522/6522 6881/6881 6651/6651
f 6364/6364 6853/6853 6854/6854
f 6364/6364 6854/6854 6652/6652
f 6512/6512 6365/6365 6654/6654
f 6512/6512 6654/6654 6653/6653
f 6365/6365 6482/6482 6655/6655
f 6365/6365 6655/6655 6654/6654
f 6952/6952 6366/6366 6656/6656
f 6952/6952 6656/6656 6951/6951
f 6925/6925 6472/6472 6657/6657
f 6925/6925 6657/6657 6924/6924
f 6472/6472 6367/6367 6658/6658
f 6472/6472 6658/6658 6657/6657
f 6367/6367 6443/6443 6659/6659
f 6367/6367 6659/6659 6658/6658
f 7006/7006 6368/6368 6660/6660
f 7006/7006 6660/6660 7005/7005
f 6979/6979 6453/6453 6661/6661
f 6979/6979 6661/6661 6978/6978
f 6453/6453 6369/6369 6662/6662
f 6453/6453 6662/6662 6661/6661
f 6369/6369 6502/6502 6663/6663
f 6369/6369 6663/6663 6662/6662
f 6502/6502 6826/6826 6827/6827
f 6502/6502 6827/6827 6663/6663
f 6817/6817 6492/6492 6665/6665
f 6817/6817 6665/6665 6816/6816
f 6492/6492 6363/6363 6666/6666
f 6492/6492 6666/6666 6665/6665
f 6363/6363 6522/6522 6651/6651
f 6363/6363 6651/6651 6666/6666
f 6651/6651 6881/6881 6882/6882
f 6651/6651 6882/6882 6667/6667
f 6652/6652 6854/6854 6855/6855
f 6652/6652 6855/6855 6668/6668
f 6653/6653 6654/6654 6670/6670
f 6653/6653 6670/6670 6669/6669
f 6654/6654 6655/6655 6671/6671
f 6654/6654 6671/6671 6670/6670
f 6951/6951 6656/6656 6672/6672
f 6951/6951 6672/6672 6950/6950
f 6924/6924 6657/6657 6673/6673
f 6924/6924 6673/6673 6923/6923
f 6657/6657 6658/6658 6674/6674
f 6657/6657 6674/6674 6673/6673
f 6658/6658 6659/6659 6675/6675
f 6658/6658 6675/6675 6674/6674
f 7005/7005 6660/6660 6676/6676
f 7005/7005 6676/6676 7004/7004
f 6978/6978 6661/6661 6677/6677
f 6978/6978 6677/6677 6977/6977
f 6661/6661 6662/6662 6678/6678
f 6661/6661 6678/6678 6677/6677
f 6662/6662 6663/6663 6679/6679
f 6662/6662 6679/6679 6678/6678
f 6663/6663 6827/6827 6828/6828
f 6663/6663 6828/6828 6679/6679
f 6816/6816 6665/6665 6681/6681
f 6816/6816 6681/6681 6815/6815
f 6665/6665 6666/6666 6682/6682
f 6665/6665 6682/6682 6681/6681
f 6666/6666 6651/6651 6667/6667
f 6666/6666 6667/6667 6682/6682
f 6521/6521 6883/6883 6884/6884
f 6521/6521 6884/6884 6683/6683
f 6432/6432 6856/6856 6857/6857
f 6432/6432 6857/6857 6684/6684
f 6511/6511 6431/6431 6686/6686
f 6511/6511 6686/6686 6685/6685
f 6431/6431 6481/6481 6687/6687
f 6431/6431 6687/6687 6686/6686
f 6949/6949 6430/6430 6688/6688
f 6949/6949 6688/6688 6948/6948
f 6922/6922 6471/6471 6689/6689
f 6922/6922 6689/6689 6921/6921
f 6471/6471 6429/6429 6690/6690
f 6471/6471 6690/6690 6689/6689
f 6429/6429 6444/6444 6691/6691
f 6429/6429 6691/6691 6690/6690
f 6692/6692 7002/7002 7003/7003
f 6692/6692 7003/7003 6428/6428
f 6976/6976 6454/6454 6693/6693
f 6976/6976 6693/6693 6975/6975
f 6694/6694 6693/6693 6454/6454
f 6694/6694 6454/6454 6427/6427
f 6427/6427 6501/6501 6695/6695
f 6427/6427 6695/6695 6694/6694
f 6501/6501 6829/6829 6830/6830
f 6501/6501 6830/6830 6695/6695
f 6814/6814 6491/6491 6697/6697
f 6814/6814 6697/6697 6813/6813
f 6491/6491 6433/6433 6698/6698
f 6491/6491 6698/6698 6697/6697
f 6433/6433 6521/6521 6683/6683
f 6433/6433 6683/6683 6698/6698
f 6991/6991 6992/6992 6699/6699
f 6991/6991 6699/6699 6405/6405
f 6701/6701 6700/6700 6450/6450
f 6701/6701 6450/6450 6406/6406
f 6702/6702 6701/6701 6406/6406
f 6702/6702 6406/6406 6465/6465
f 6911/6911 6702/6702 6465/6465
f 6911/6911 6465/6465 6910/6910
f 6938/6938 6703/6703 6407/6407
f 6938/6938 6407/6407 6937/6937
f 6705/6705 6704/6704 6475/6475
f 6705/6705 6475/6475 6408/6408
f 6706/6706 6705/6705 6408/6408
f 6706/6706 6408/6408 6505/6505
f 6707/6707 6867/6867 6868/6868
f 6707/6707 6868/6868 6409/6409
f 6708/6708 6894/6894 6895/6895
f 6708/6708 6895/6895 6515/6515
f 6709/6709 6708/6708 6515/6515
f 6709/6709 6515/6515 6410/6410
f 6710/6710 6709/6709 6410/6410
f 6710/6710 6410/6410 6485/6485
f 6803/6803 6710/6710 6485/6485
f 6803/6803 6485/6485 6802/6802
f 6712/6712 6840/6840 6841/6841
f 6712/6712 6841/6841 6495/6495
f 6713/6713 6712/6712 6495/6495
f 6713/6713 6495/6495 6404/6404
f 6460/6460 6714/6714 6713/6713
f 6460/6460 6713/6713 6404/6404
f 6965/6965 6714/6714 6460/6460
f 6965/6965 6460/6460 6964/6964
f 6715/6715 6392/6392 6993/6993
f 6715/6715 6993/6993 6994/6994
f 6717/6717 6716/6716 6449/6449
f 6717/6717 6449/6449 6391/6391
f 6718/6718 6717/6717 6391/6391
f 6718/6718 6391/6391 6466/6466
f 6913/6913 6718/6718 6466/6466
f 6913/6913 6466/6466 6912/6912
f 6940/6940 6719/6719 6390/6390
f 6940/6940 6390/6390 6939/6939
f 6721/6721 6720/6720 6476/6476
f 6721/6721 6476/6476 6389/6389
f 6722/6722 6721/6721 6389/6389
f 6722/6722 6389/6389 6506/6506
f 6723/6723 6865/6865 6866/6866
f 6723/6723 6866/6866 6388/6388
f 6724/6724 6892/6892 6893/6893
f 6724/6724 6893/6893 6516/6516
f 6725/6725 6724/6724 6516/6516
f 6725/6725 6516/6516 6387/6387
f 6726/6726 6725/6725 6387/6387
f 6726/6726 6387/6387 6486/6486
f 6805/6805 6726/6726 6486/6486
f 6805/6805 6486/6486 6804/6804
f 6728/6728 6838/6838 6839/6839
f 6728/6728 6839/6839 6496/6496
f 6729/6729 6728/6728 6496/6496
f 6729/6729 6496/6496 6393/6393
f 6459/6459 6730/6730 6729/6729
f 6459/6459 6729/6729 6393/6393
f 6967/6967 6730/6730 6459/6459
f 6967/6967 6459/6459 6966/6966
f 6963/6963 6731/6731 6649/6649
f 6963/6963 6649/6649 6962/6962
f 6648/6648 6989/6989 6990/6990
f 6648/6648 6990/6990 6732/6732
f 6734/6734 6733/6733 6647/6647
f 6734/6734 6647/6647 6646/6646
f 6735/6735 6734/6734 6646/6646
f 6735/6735 6646/6646 6645/6645
f 6909/6909 6735/6735 6645/6645
f 6909/6909 6645/6645 6908/6908
f 6936/6936 6736/6736 6644/6644
f 6936/6936 6644/6644 6935/6935
f 6738/6738 6737/6737 6643/6643
f 6738/6738 6643/6643 6642/6642
f 6739/6739 6738/6738 6642/6642
f 6739/6739 6642/6642 6641/6641
f 6740/6740 6869/6869 6870/6870
f 6740/6740 6870/6870 6640/6640
f 6741/6741 6896/6896 6897/6897
f 6741/6741 6897/6897 6639/6639
f 6742/6742 6741/6741 6639/6639
f 6742/6742 6639/6639 6638/6638
f 6743/6743 6742/6742 6638/6638
f 6743/6743 6638/6638 6637/6637
f 6801/6801 6743/6743 6637/6637
f 6801/6801 6637/6637 6800/6800
f 6745/6745 6842/6842 6843/6843
f 6745/6745 6843/6843 6635/6635
f 6746/6746 6745/6745 6635/6635
f 6746/6746 6635/6635 6650/6650
f 6650/6650 6649/6649 6731/6731
f 6650/6650 6731/6731 6746/6746
f 6747/6747 6419/6419 6995/6995
f 6747/6747 6995/6995 6996/6996
f 6749/6749 6748/6748 6448/6448
f 6749/6749 6448/6448 6420/6420
f 6750/6750 6749/6749 6420/6420
f 6750/6750 6420/6420 6467/6467
f 6915/6915 6750/6750 6467/6467
f 6915/6915 6467/6467 6914/6914
f 6942/6942 6751/6751 6421/6421
f 6942/6942 6421/6421 6941/6941
f 6753/6753 6752/6752 6477/6477
f 6753/6753 6477/6477 6422/6422
f 6754/6754 6753/6753 6422/6422
f 6754/6754 6422/6422 6507/6507
f 6755/6755 6863/6863 6864/6864
f 6755/6755 6864/6864 6423/6423
f 6756/6756 6890/6890 6891/6891
f 6756/6756 6891/6891 6517/6517
f 6757/6757 6756/6756 6517/6517
f 6757/6757 6517/6517 6424/6424
f 6758/6758 6757/6757 6424/6424
f 6758/6758 6424/6424 6487/6487
f 6807/6807 6758/6758 6487/6487
f 6807/6807 6487/6487 6806/6806
f 6760/6760 6836/6836 6837/6837
f 6760/6760 6837/6837 6497/6497
f 6761/6761 6760/6760 6497/6497
f 6761/6761 6497/6497 6426/6426
f 6458/6458 6762/6762 6761/6761
f 6458/6458 6761/6761 6426/6426
f 6969/6969 6762/6762 6458/6458
f 6969/6969 6458/6458 6968/6968
f 6763/6763 6411/6411 6997/6997
f 6763/6763 6997/6997 6998/6998
f 6765/6765 6764/6764 6447/6447
f 6765/6765 6447/6447 6412/6412
f 6766/6766 6765/6765 6412/6412
f 6766/6766 6412/6412 6468/6468
f 6917/6917 6766/6766 6468/6468
f 6917/6917 6468/6468 6916/6916
f 6944/6944 6767/6767 6413/6413
f 6944/6944 6413/6413 6943/6943
f 6769/6769 6768/6768 6478/6478
f 6769/6769 6478/6478 6414/6414
f 6770/6770 6769/6769 6414/6414
f 6770/6770 6414/6414 6508/6508
f 6771/6771 6861/6861 6862/6862
f 6771/6771 6862/6862 6415/6415
f 6772/6772 6888/6888 6889/6889
f 6772/6772 6889/6889 6518/6518
f 6773/6773 6772/6772 6518/6518
f 6773/6773 6518/6518 6416/6416
f 6774/6774 6773/6773 6416/6416
f 6774/6774 6416/6416 6488/6488
f 6809/6809 6774/6774 6488/6488
f 6809/6809 6488/6488 6808/6808
f 6776/6776 6834/6834 6835/6835
f 6776/6776 6835/6835 6498/6498
f 6777/6777 6776/6776 6498/6498
f 6777/6777 6498/6498 6418/6418
f 6778/6778 6777/6777 6418/6418
f 6778/6778 6418/6418 6457/6457
f 6971/6971 6778/6778 6457/6457
f 6971/6971 6457/6457 6970/6970
f 7000/7000 7001/7001 6779/6779
f 7000/7000 6779/6779 6376/6376
f 6781/6781 6780/6780 6445/6445
f 6781/6781 6445/6445 6375/6375
f 6782/6782 6781/6781 6375/6375
f 6782/6782 6375/6375 6470/6470
f 6920/6920 6782/6782 6470/6470
f 6920/6920 6470/6470 6919/6919
f 6947/6947 6783/6783 6374/6374
f 6947/6947 6374/6374 6946/6946
f 6785/6785 6784/6784 6480/6480
f 6785/6785 6480/6480 6373/6373
f 6786/6786 6785/6785 6373/6373
f 6786/6786 6373/6373 6510/6510
f 6787/6787 6858/6858 6859/6859
f 6787/6787 6859/6859 6372/6372
f 6788/6788 6885/6885 6886/6886
f 6788/6788 6886/6886 6520/6520
f 6789/6789 6788/6788 6520/6520
f 6789/6789 6520/6520 6371/6371
f 6790/6790 6789/6789 6371/6371
f 6790/6790 6371/6371 6490/6490
f 6812/6812 6790/6790 6490/6490
f 6812/6812 6490/6490 6811/6811
f 6792/6792 6831/6831 6832/6832
f 6792/6792 6832/6832 6500/6500
f 6793/6793 6792/6792 6500/6500
f 6793/6793 6500/6500 6377/6377
f 6455/6455 6794/6794 6793/6793
f 6455/6455 6793/6793 6377/6377
f 6974/6974 6794/6794 6455/6455
f 6974/6974 6455/6455 6973/6973
f 6569/6569 6796/6796 6795/6795
f 6569/6569 6795/6795 6585/6585
f 6553/6553 6797/6797 7207/7207
f 6553/6553 7207/7207 7208/7208
f 6442/6442 6798/6798 7231/7231
f 6442/6442 7231/7231 7232/7232
f 7105/7105 6798/6798 6442/6442
f 7105/7105 6442/6442 7104/7104
f 6636/6636 6800/6800 6799/6799
f 6636/6636 6799/6799 6402/6402
f 6744/6744 6801/6801 6800/6800
f 6744/6744 6800/6800 6636/6636
f 6403/6403 6802/6802 7078/7078
f 6403/6403 7078/7078 7079/7079
f 6711/6711 6803/6803 6802/6802
f 6711/6711 6802/6802 6403/6403
f 6394/6394 6804/6804 7034/7034
f 6394/6394 7034/7034 7011/7011
f 6727/6727 6805/6805 6804/6804
f 6727/6727 6804/6804 6394/6394
f 6425/6425 6806/6806 6805/6805
f 6425/6425 6805/6805 6727/6727
f 6759/6759 6807/6807 6806/6806
f 6759/6759 6806/6806 6425/6425
f 7040/7040 7041/7041 6807/6807
f 7040/7040 6807/6807 6759/6759
f 6775/6775 6809/6809 6808/6808
f 6775/6775 6808/6808 6417/6417
f 6810/6810 6809/6809 6775/6775
f 6810/6810 6775/6775 6386/6386
f 6378/6378 6811/6811 6810/6810
f 6378/6378 6810/6810 6386/6386
f 6791/6791 6812/6812 6811/6811
f 6791/6791 6811/6811 6378/6378
f 6696/6696 6813/6813 6812/6812
f 6696/6696 6812/6812 6791/6791
f 6434/6434 6814/6814 6813/6813
f 6434/6434 6813/6813 6696/6696
f 6680/6680 6815/6815 6814/6814
f 6680/6680 6814/6814 6434/6434
f 6664/6664 6816/6816 6815/6815
f 6664/6664 6815/6815 6680/6680
f 6370/6370 6817/6817 6816/6816
f 6370/6370 6816/6816 6664/6664
f 7124/7124 6817/6817 6370/6370
f 7124/7124 6370/6370 7123/7123
f 6819/6819 7150/7150 7151/7151
f 6819/6819 7151/7151 6601/6601
f 6820/6820 6819/6819 6601/6601
f 6820/6820 6601/6601 6617/6617
f 6821/6821 6820/6820 6617/6617
f 6821/6821 6617/6617 6633/6633
f 6617/6617 6823/6823 6822/6822
f 6617/6617 6822/6822 6633/6633
f 6601/6601 6824/6824 6823/6823
f 6601/6601 6823/6823 6617/6617
f 7151/7151 7152/7152 6824/6824
f 7151/7151 6824/6824 6601/6601
f 6826/6826 7122/7122 7123/7123
f 6826/6826 7123/7123 6370/6370
f 6827/6827 6826/6826 6370/6370
f 6827/6827 6370/6370 6664/6664
f 6828/6828 6827/6827 6664/6664
f 6828/6828 6664/6664 6680/6680
f 6829/6829 6828/6828 6680/6680
f 6829/6829 6680/6680 6434/6434
f 6830/6830 6829/6829 6434/6434
f 6830/6830 6434/6434 6696/6696
f 6831/6831 6830/6830 6696/6696
f 6831/6831 6696/6696 6791/6791
f 6832/6832 6831/6831 6791/6791
f 6832/6832 6791/6791 6378/6378
f 6833/6833 6832/6832 6378/6378
f 6833/6833 6378/6378 6386/6386
f 6386/6386 6775/6775 6834/6834
f 6386/6386 6834/6834 6833/6833
f 6835/6835 6834/6834 6775/6775
f 6835/6835 6775/6775 6417/6417
f 6836/6836 7039/7039 7040/7040
f 6836/6836 7040/7040 6759/6759
f 6837/6837 6836/6836 6759/6759
f 6837/6837 6759/6759 6425/6425
f 6838/6838 6837/6837 6425/6425
f 6838/6838 6425/6425 6727/6727
f 6839/6839 6838/6838 6727/6727
f 6839/6839 6727/6727 6394/6394
f 7012/7012 6839/6839 6394/6394
f 7012/7012 6394/6394 7011/7011
f 6841/6841 6840/6840 6711/6711
f 6841/6841 6711/6711 6403/6403
f 7080/7080 6841/6841 6403/6403
f 7080/7080 6403/6403 7079/7079
f 6843/6843 6842/6842 6744/6744
f 6843/6843 6744/6744 6636/6636
f 6844/6844 6843/6843 6636/6636
f 6844/6844 6636/6636 6402/6402
f 6845/6845 7103/7103 7104/7104
f 6845/6845 7104/7104 6442/6442
f 7233/7233 6845/6845 6442/6442
f 7233/7233 6442/6442 7232/7232
f 7209/7209 6846/6846 6553/6553
f 7209/7209 6553/6553 7208/7208
f 6848/6848 6847/6847 6569/6569
f 6848/6848 6569/6569 6585/6585
f 6606/6606 6850/6850 6849/6849
f 6606/6606 6849/6849 6622/6622
f 6590/6590 6851/6851 6850/6850
f 6590/6590 6850/6850 6606/6606
f 7143/7143 7144/7144 6851/6851
f 7143/7143 6851/6851 6590/6590
f 6853/6853 7130/7130 7107/7107
f 6853/6853 7107/7107 6512/6512
f 6854/6854 6853/6853 6512/6512
f 6854/6854 6512/6512 6653/6653
f 6855/6855 6854/6854 6653/6653
f 6855/6855 6653/6653 6669/6669
f 6856/6856 6855/6855 6669/6669
f 6856/6856 6669/6669 6511/6511
f 6857/6857 6856/6856 6511/6511
f 6857/6857 6511/6511 6685/6685
f 6858/6858 6857/6857 6685/6685
f 6858/6858 6685/6685 6786/6786
f 6859/6859 6858/6858 6786/6786
f 6859/6859 6786/6786 6510/6510
f 6860/6860 6859/6859 6510/6510
f 6860/6860 6510/6510 6509/6509
f 6509/6509 6770/6770 6861/6861
f 6509/6509 6861/6861 6860/6860
f 6862/6862 6861/6861 6770/6770
f 6862/6862 6770/6770 6508/6508
f 6863/6863 7047/7047 7048/7048
f 6863/6863 7048/7048 6754/6754
f 6864/6864 6863/6863 6754/6754
f 6864/6864 6754/6754 6507/6507
f 6865/6865 6864/6864 6507/6507
f 6865/6865 6507/6507 6722/6722
f 6866/6866 6865/6865 6722/6722
f 6866/6866 6722/6722 6506/6506
f 7028/7028 6866/6866 6506/6506
f 7028/7028 6506/6506 7027/7027
f 6868/6868 6867/6867 6706/6706
f 6868/6868 6706/6706 6505/6505
f 7072/7072 6868/6868 6505/6505
f 7072/7072 6505/6505 7071/7071
f 6870/6870 6869/6869 6739/6739
f 6870/6870 6739/6739 6641/6641
f 6871/6871 6870/6870 6641/6641
f 6871/6871 6641/6641 6504/6504
f 6872/6872 7087/7087 7088/7088
f 6872/6872 7088/7088 6503/6503
f 7249/7249 6872/6872 6503/6503
f 7249/7249 6503/6503 7248/7248
f 7225/7225 6873/6873 6542/6542
f 7225/7225 6542/6542 7224/7224
f 6875/6875 6874/6874 6558/6558
f 6875/6875 6558/6558 6574/6574
f 6605/6605 6877/6877 6876/6876
f 6605/6605 6876/6876 6621/6621
f 6589/6589 6878/6878 6877/6877
f 6589/6589 6877/6877 6605/6605
f 7145/7145 7146/7146 6878/6878
f 7145/7145 6878/6878 6589/6589
f 6880/6880 7128/7128 7129/7129
f 6880/6880 7129/7129 6364/6364
f 6881/6881 6880/6880 6364/6364
f 6881/6881 6364/6364 6652/6652
f 6882/6882 6881/6881 6652/6652
f 6882/6882 6652/6652 6668/6668
f 6883/6883 6882/6882 6668/6668
f 6883/6883 6668/6668 6432/6432
f 6884/6884 6883/6883 6432/6432
f 6884/6884 6432/6432 6684/6684
f 6885/6885 6884/6884 6684/6684
f 6885/6885 6684/6684 6787/6787
f 6886/6886 6885/6885 6787/6787
f 6886/6886 6787/6787 6372/6372
f 6887/6887 6886/6886 6372/6372
f 6887/6887 6372/6372 6380/6380
f 6380/6380 6771/6771 6888/6888
f 6380/6380 6888/6888 6887/6887
f 6889/6889 6888/6888 6771/6771
f 6889/6889 6771/6771 6415/6415
f 6890/6890 7045/7045 7046/7046
f 6890/6890 7046/7046 6755/6755
f 6891/6891 6890/6890 6755/6755
f 6891/6891 6755/6755 6423/6423
f 6892/6892 6891/6891 6423/6423
f 6892/6892 6423/6423 6723/6723
f 6893/6893 6892/6892 6723/6723
f 6893/6893 6723/6723 6388/6388
f 7030/7030 6893/6893 6388/6388
f 7030/7030 6388/6388 7029/7029
f 6895/6895 6894/6894 6707/6707
f 6895/6895 6707/6707 6409/6409
f 7074/7074 6895/6895 6409/6409
f 7074/7074 6409/6409 7073/7073
f 6897/6897 6896/6896 6740/6740
f 6897/6897 6740/6740 6640/6640
f 6898/6898 6897/6897 6640/6640
f 6898/6898 6640/6640 6396/6396
f 6899/6899 7085/7085 7086/7086
f 6899/6899 7086/7086 6436/6436
f 7251/7251 6899/6899 6436/6436
f 7251/7251 6436/6436 7250/7250
f 7227/7227 6900/6900 6541/6541
f 7227/7227 6541/6541 7226/7226
f 6902/6902 6901/6901 6557/6557
f 6902/6902 6557/6557 6573/6573
f 6561/6561 6904/6904 6903/6903
f 6561/6561 6903/6903 6577/6577
f 6545/6545 6905/6905 7219/7219
f 6545/6545 7219/7219 7220/7220
f 6438/6438 6906/6906 7243/7243
f 6438/6438 7243/7243 7244/7244
f 7093/7093 6906/6906 6438/6438
f 7093/7093 6438/6438 7092/7092
f 6644/6644 6908/6908 6907/6907
f 6644/6644 6907/6907 6398/6398
f 6736/6736 6909/6909 6908/6908
f 6736/6736 6908/6908 6644/6644
f 6407/6407 6910/6910 7066/7066
f 6407/6407 7066/7066 7067/7067
f 6703/6703 6911/6911 6910/6910
f 6703/6703 6910/6910 6407/6407
f 6390/6390 6912/6912 7022/7022
f 6390/6390 7022/7022 7023/7023
f 6719/6719 6913/6913 6912/6912
f 6719/6719 6912/6912 6390/6390
f 6421/6421 6914/6914 6913/6913
f 6421/6421 6913/6913 6719/6719
f 6751/6751 6915/6915 6914/6914
f 6751/6751 6914/6914 6421/6421
f 7052/7052 7053/7053 6915/6915
f 7052/7052 6915/6915 6751/6751
f 6767/6767 6917/6917 6916/6916
f 6767/6767 6916/6916 6413/6413
f 6918/6918 6917/6917 6767/6767
f 6918/6918 6767/6767 6382/6382
f 6374/6374 6919/6919 6918/6918
f 6374/6374 6918/6918 6382/6382
f 6783/6783 6920/6920 6919/6919
f 6783/6783 6919/6919 6374/6374
f 6688/6688 6921/6921 6920/6920
f 6688/6688 6920/6920 6783/6783
f 6430/6430 6922/6922 6921/6921
f 6430/6430 6921/6921 6688/6688
f 6672/6672 6923/6923 6922/6922
f 6672/6672 6922/6922 6430/6430
f 6656/6656 6924/6924 6923/6923
f 6656/6656 6923/6923 6672/6672
f 6366/6366 6925/6925 6924/6924
f 6366/6366 6924/6924 6656/6656
f 7112/7112 6925/6925 6366/6366
f 7112/7112 6366/6366 7111/7111
f 6927/6927 7138/7138 7139/7139
f 6927/6927 7139/7139 6593/6593
f 6928/6928 6927/6927 6593/6593
f 6928/6928 6593/6593 6609/6609
f 6929/6929 6928/6928 6609/6609
f 6929/6929 6609/6609 6625/6625
f 6560/6560 6931/6931 6930/6930
f 6560/6560 6930/6930 6576/6576
f 6544/6544 6932/6932 7221/7221
f 6544/6544 7221/7221 7222/7222
f 6473/6473 6933/6933 7245/7245
f 6473/6473 7245/7245 7246/7246
f 7091/7091 6933/6933 6473/6473
f 7091/7091 6473/6473 7090/7090
f 6643/6643 6935/6935 6934/6934
f 6643/6643 6934/6934 6474/6474
f 6737/6737 6936/6936 6935/6935
f 6737/6737 6935/6935 6643/6643
f 6475/6475 6937/6937 7068/7068
f 6475/6475 7068/7068 7069/7069
f 6704/6704 6938/6938 6937/6937
f 6704/6704 6937/6937 6475/6475
f 6476/6476 6939/6939 7024/7024
f 6476/6476 7024/7024 7025/7025
f 6720/6720 6940/6940 6939/6939
f 6720/6720 6939/6939 6476/6476
f 6477/6477 6941/6941 6940/6940
f 6477/6477 6940/6940 6720/6720
f 6752/6752 6942/6942 6941/6941
f 6752/6752 6941/6941 6477/6477
f 7050/7050 7051/7051 6942/6942
f 7050/7050 6942/6942 6752/6752
f 6768/6768 6944/6944 6943/6943
f 6768/6768 6943/6943 6478/6478
f 6945/6945 6944/6944 6768/6768
f 6945/6945 6768/6768 6479/6479
f 6480/6480 6946/6946 6945/6945
f 6480/6480 6945/6945 6479/6479
f 6784/6784 6947/6947 6946/6946
f 6784/6784 6946/6946 6480/6480
f 6687/6687 6948/6948 6947/6947
f 6687/6687 6947/6947 6784/6784
f 6481/6481 6949/6949 6948/6948
f 6481/6481 6948/6948 6687/6687
f 6671/6671 6950/6950 6949/6949
f 6671/6671 6949/6949 6481/6481
f 6655/6655 6951/6951 6950/6950
f 6655/6655 6950/6950 6671/6671
f 6482/6482 6952/6952 6951/6951
f 6482/6482 6951/6951 6655/6655
f 7110/7110 6952/6952 6482/6482
f 7110/7110 6482/6482 7109/7109
f 6954/6954 7140/7140 7141/7141
f 6954/6954 7141/7141 6592/6592
f 6955/6955 6954/6954 6592/6592
f 6955/6955 6592/6592 6608/6608
f 6956/6956 6955/6955 6608/6608
f 6956/6956 6608/6608 6624/6624
f 6565/6565 6958/6958 6957/6957
f 6565/6565 6957/6957 6581/6581
f 6549/6549 6959/6959 7213/7213
f 6549/6549 7213/7213 7214/7214
f 6440/6440 6960/6960 7237/7237
f 6440/6440 7237/7237 7238/7238
f 7099/7099 6960/6960 6440/6440
f 7099/7099 6440/6440 7098/7098
f 6648/6648 6962/6962 6961/6961
f 6648/6648 6961/6961 6400/6400
f 6732/6732 6963/6963 6962/6962
f 6732/6732 6962/6962 6648/6648
f 6405/6405 6964/6964 7060/7060
f 6405/6405 7060/7060 7061/7061
f 6699/6699 6965/6965 6964/6964
f 6699/6699 6964/6964 6405/6405
f 6392/6392 6966/6966 7016/7016
f 6392/6392 7016/7016 7017/7017
f 6715/6715 6967/6967 6966/6966
f 6715/6715 6966/6966 6392/6392
f 6419/6419 6968/6968 6967/6967
f 6419/6419 6967/6967 6715/6715
f 6747/6747 6969/6969 6968/6968
f 6747/6747 6968/6968 6419/6419
f 7058/7058 7035/7035 6969/6969
f 7058/7058 6969/6969 6747/6747
f 6763/6763 6971/6971 6970/6970
f 6763/6763 6970/6970 6411/6411
f 6972/6972 6971/6971 6763/6763
f 6972/6972 6763/6763 6384/6384
f 6376/6376 6973/6973 6972/6972
f 6376/6376 6972/6972 6384/6384
f 6779/6779 6974/6974 6973/6973
f 6779/6779 6973/6973 6376/6376
f 6692/6692 6975/6975 6974/6974
f 6692/6692 6974/6974 6779/6779
f 6428/6428 6976/6976 6975/6975
f 6428/6428 6975/6975 6692/6692
f 6676/6676 6977/6977 6976/6976
f 6676/6676 6976/6976 6428/6428
f 6660/6660 6978/6978 6977/6977
f 6660/6660 6977/6977 6676/6676
f 6368/6368 6979/6979 6978/6978
f 6368/6368 6978/6978 6660/6660
f 7118/7118 6979/6979 6368/6368
f 7118/7118 6368/6368 7117/7117
f 6981/6981 7132/7132 7133/7133
f 6981/6981 7133/7133 6597/6597
f 6982/6982 6981/6981 6597/6597
f 6982/6982 6597/6597 6613/6613
f 6983/6983 6982/6982 6613/6613
f 6983/6983 6613/6613 6629/6629
f 6564/6564 6985/6985 6984/6984
f 6564/6564 6984/6984 6580/6580
f 6548/6548 6986/6986 7215/7215
f 6548/6548 7215/7215 7216/7216
f 6452/6452 6987/6987 7239/7239
f 6452/6452 7239/7239 7240/7240
f 7097/7097 6987/6987 6452/6452
f 7097/7097 6452/6452 7096/7096
f 6451/6451 6647/6647 6989/6989
f 6451/6451 6989/6989 6988/6988
f 6990/6990 6989/6989 6647/6647
f 6990/6990 6647/6647 6733/6733
f 6991/6991 7062/7062 7063/7063
f 6991/6991 7063/7063 6450/6450
f 6450/6450 6700/6700 6992/6992
f 6450/6450 6992/6992 6991/6991
f 7019/7019 6449/6449 6993/6993
f 7019/7019 6993/6993 7018/7018
f 6994/6994 6993/6993 6449/6449
f 6994/6994 6449/6449 6716/6716
f 6995/6995 6994/6994 6716/6716
f 6995/6995 6716/6716 6448/6448
f 6996/6996 6995/6995 6448/6448
f 6996/6996 6448/6448 6748/6748
f 7057/7057 6996/6996 6748/6748
f 7057/7057 6748/6748 7056/7056
f 6998/6998 6997/6997 6447/6447
f 6998/6998 6447/6447 6764/6764
f 6999/6999 6998/6998 6764/6764
f 6999/6999 6764/6764 6446/6446
f 6446/6446 6445/6445 7000/7000
f 6446/6446 7000/7000 6999/6999
f 6445/6445 6780/6780 7001/7001
f 6445/6445 7001/7001 7000/7000
f 6780/6780 6691/6691 7002/7002
f 6780/6780 7002/7002 7001/7001
f 7003/7003 7002/7002 6691/6691
f 7003/7003 6691/6691 6444/6444
f 6675/6675 7004/7004 7003/7003
f 6675/6675 7003/7003 6444/6444
f 6659/6659 7005/7005 7004/7004
f 6659/6659 7004/7004 6675/6675
f 6443/6443 7006/7006 7005/7005
f 6443/6443 7005/7005 6659/6659
f 7116/7116 7006/7006 6443/6443
f 7116/7116 6443/6443 7115/7115
f 7008/7008 7134/7134 7135/7135
f 7008/7008 7135/7135 6596/6596
f 7009/7009 7008/7008 6596/6596
f 7009/7009 6596/6596 6612/6612
f 7010/7010 7009/7009 6612/6612
f 7010/7010 6612/6612 6628/6628
f 6840/6840 7012/7012 7011/7011
f 6840/6840 7011/7011 6711/6711
f 7013/7013 7012/7012 6840/6840
f 7013/7013 6840/6840 6712/6712
f 7014/7014 7013/7013 6712/6712
f 7014/7014 6712/6712 6713/6713
f 6714/6714 7015/7015 7014/7014
f 6714/6714 7014/7014 6713/6713
f 7016/7016 7015/7015 6714/6714
f 7016/7016 6714/6714 6965/6965
f 7017/7017 7016/7016 6965/6965
f 7017/7017 6965/6965 6699/6699
f 6992/6992 7018/7018 7017/7017
f 6992/6992 7017/7017 6699/6699
f 6700/6700 7019/7019 7018/7018
f 6700/6700 7018/7018 6992/6992
f 7020/7020 7019/7019 6700/6700
f 7020/7020 6700/6700 6701/6701
f 7021/7021 7020/7020 6701/6701
f 7021/7021 6701/6701 6702/6702
f 7022/7022 7021/7021 6702/6702
f 7022/7022 6702/6702 6911/6911
f 7023/7023 7022/7022 6911/6911
f 7023/7023 6911/6911 6703/6703
f 7024/7024 7023/7023 6703/6703
f 7024/7024 6703/6703 6938/6938
f 7025/7025 7024/7024 6938/6938
f 7025/7025 6938/6938 6704/6704
f 7026/7026 7025/7025 6704/6704
f 7026/7026 6704/6704 6705/6705
f 7027/7027 7026/7026 6705/6705
f 7027/7027 6705/6705 6706/6706
f 6867/6867 7028/7028 7027/7027
f 6867/6867 7027/7027 6706/6706
f 7029/7029 7028/7028 6867/6867
f 7029/7029 6867/6867 6707/6707
f 6894/6894 7030/7030 7029/7029
f 6894/6894 7029/7029 6707/6707
f 7031/7031 7030/7030 6894/6894
f 7031/7031 6894/6894 6708/6708
f 7032/7032 7031/7031 6708/6708
f 7032/7032 6708/6708 6709/6709
f 7033/7033 7032/7032 6709/6709
f 7033/7033 6709/6709 6710/6710
f 7034/7034 7033/7033 6710/6710
f 7034/7034 6710/6710 6803/6803
f 7011/7011 7034/7034 6803/6803
f 7011/7011 6803/6803 6711/6711
f 6970/6970 6457/6457 7036/7036
f 6970/6970 7036/7036 7035/7035
f 7037/7037 7036/7036 6457/6457
f 7037/7037 6457/6457 6418/6418
f 6418/6418 6498/6498 7038/7038
f 6418/6418 7038/7038 7037/7037
f 6498/6498 6835/6835 7039/7039
f 6498/6498 7039/7039 7038/7038
f 7040/7040 7039/7039 6835/6835
f 7040/7040 6835/6835 6417/6417
f 6417/6417 6808/6808 7041/7041
f 6417/6417 7041/7041 7040/7040
f 6808/6808 6488/6488 7042/7042
f 6808/6808 7042/7042 7041/7041
f 6488/6488 6416/6416 7043/7043
f 6488/6488 7043/7043 7042/7042
f 6416/6416 6518/6518 7044/7044
f 6416/6416 7044/7044 7043/7043
f 6518/6518 6889/6889 7045/7045
f 6518/6518 7045/7045 7044/7044
f 7046/7046 7045/7045 6889/6889
f 7046/7046 6889/6889 6415/6415
f 6415/6415 6862/6862 7047/7047
f 6415/6415 7047/7047 7046/7046
f 7048/7048 7047/7047 6862/6862
f 7048/7048 6862/6862 6508/6508
f 6508/6508 6414/6414 7049/7049
f 6508/6508 7049/7049 7048/7048
f 6414/6414 6478/6478 7050/7050
f 6414/6414 7050/7050 7049/7049
f 6478/6478 6943/6943 7051/7051
f 6478/6478 7051/7051 7050/7050
f 6943/6943 6413/6413 7052/7052
f 6943/6943 7052/7052 7051/7051
f 6413/6413 6916/6916 7053/7053
f 6413/6413 7053/7053 7052/7052
f 6916/6916 6468/6468 7054/7054
f 6916/6916 7054/7054 7053/7053
f 6468/6468 6412/6412 7055/7055
f 6468/6468 7055/7055 7054/7054
f 6447/6447 7056/7056 7055/7055
f 6447/6447 7055/7055 6412/6412
f 6997/6997 7057/7057 7056/7056
f 6997/6997 7056/7056 6447/6447
f 6411/6411 7058/7058 7057/7057
f 6411/6411 7057/7057 6997/6997
f 6411/6411 6970/6970 7035/7035
f 6411/6411 7035/7035 7058/7058
f 7060/7060 7059/7059 6731/6731
f 7060/7060 6731/6731 6963/6963
f 7061/7061 7060/7060 6963/6963
f 7061/7061 6963/6963 6732/6732
f 6732/6732 6990/6990 7062/7062
f 6732/6732 7062/7062 7061/7061
f 7063/7063 7062/7062 6990/6990
f 7063/7063 6990/6990 6733/6733
f 7064/7064 7063/7063 6733/6733
f 7064/7064 6733/6733 6734/6734
f 7065/7065 7064/7064 6734/6734
f 7065/7065 6734/6734 6735/6735
f 7066/7066 7065/7065 6735/6735
f 7066/7066 6735/6735 6909/6909
f 7067/7067 7066/7066 6909/6909
f 7067/7067 6909/6909 6736/6736
f 7068/7068 7067/7067 6736/6736
f 7068/7068 6736/6736 6936/6936
f 7069/7069 7068/7068 6936/6936
f 7069/7069 6936/6936 6737/6737
f 7070/7070 7069/7069 6737/6737
f 7070/7070 6737/6737 6738/6738
f 7071/7071 7070/7070 6738/6738
f 7071/7071 6738/6738 6739/6739
f 6869/6869 7072/7072 7071/7071
f 6869/6869 7071/7071 6739/6739
f 7073/7073 7072/7072 6869/6869
f 7073/7073 6869/6869 6740/6740
f 6896/6896 7074/7074 7073/7073
f 6896/6896 7073/7073 6740/6740
f 7075/7075 7074/7074 6896/6896
f 7075/7075 6896/6896 6741/6741
f 7076/7076 7075/7075 6741/6741
f 7076/7076 6741/6741 6742/6742
f 7077/7077 7076/7076 6742/6742
f 7077/7077 6742/6742 6743/6743
f 7078/7078 7077/7077 6743/6743
f 7078/7078 6743/6743 6801/6801
f 7079/7079 7078/7078 6801/6801
f 7079/7079 6801/6801 6744/6744
f 6842/6842 7080/7080 7079/7079
f 6842/6842 7079/7079 6744/6744
f 7081/7081 7080/7080 6842/6842
f 7081/7081 6842/6842 6745/6745
f 7082/7082 7081/7081 6745/6745
f 7082/7082 6745/6745 6746/6746
f 6746/6746 6731/6731 7059/7059
f 6746/6746 7059/7059 7082/7082
f 6395/6395 6514/6514 7084/7084
f 6395/6395 7084/7084 7083/7083
f 6514/6514 6898/6898 7085/7085
f 6514/6514 7085/7085 7084/7084
f 7086/7086 7085/7085 6898/6898
f 7086/7086 6898/6898 6396/6396
f 6396/6396 6871/6871 7087/7087
f 6396/6396 7087/7087 7086/7086
f 7088/7088 7087/7087 6871/6871
f 7088/7088 6871/6871 6504/6504
f 6504/6504 6397/6397 7089/7089
f 6504/6504 7089/7089 7088/7088
f 6397/6397 6474/6474 7090/7090
f 6397/6397 7090/7090 7089/7089
f 6934/6934 7091/7091 7090/7090
f 6934/6934 7090/7090 6474/6474
f 6934/6934 6398/6398 7092/7092
f 6934/6934 7092/7092 7091/7091
f 6907/6907 7093/7093 7092/7092
f 6907/6907 7092/7092 6398/6398
f 6907/6907 6464/6464 7094/7094
f 6907/6907 7094/7094 7093/7093
f 6464/6464 6399/6399 7095/7095
f 6464/6464 7095/7095 7094/7094
f 6399/6399 6451/6451 7096/7096
f 6399/6399 7096/7096 7095/7095
f 6988/6988 7097/7097 7096/7096
f 6988/6988 7096/7096 6451/6451
f 6988/6988 6400/6400 7098/7098
f 6988/6988 7098/7098 7097/7097
f 6961/6961 7099/7099 7098/7098
f 6961/6961 7098/7098 6400/6400
f 6961/6961 6461/6461 7100/7100
f 6961/6961 7100/7100 7099/7099
f 6461/6461 6401/6401 7101/7101
f 6461/6461 7101/7101 7100/7100
f 6401/6401 6494/6494 7102/7102
f 6401/6401 7102/7102 7101/7101
f 6494/6494 6844/6844 7103/7103
f 6494/6494 7103/7103 7102/7102
f 7104/7104 7103/7103 6844/6844
f 7104/7104 6844/6844 6402/6402
f 6799/6799 7105/7105 7104/7104
f 6799/6799 7104/7104 6402/6402
f 6799/6799 6484/6484 7106/7106
f 6799/6799 7106/7106 7105/7105
f 6484/6484 6395/6395 7083/7083
f 6484/6484 7083/7083 7106/7106
f 7108/7108 7107/7107 7168/7168
f 7108/7108 7168/7168 7169/7169
f 7109/7109 7108/7108 7169/7169
f 7109/7109 7169/7169 7170/7170
f 7171/7171 7110/7110 7109/7109
f 7171/7171 7109/7109 7170/7170
f 7111/7111 7110/7110 7171/7171
f 7111/7111 7171/7171 7172/7172
f 7173/7173 7112/7112 7111/7111
f 7173/7173 7111/7111 7172/7172
f 7113/7113 7112/7112 7173/7173
f 7113/7113 7173/7173 7174/7174
f 7114/7114 7113/7113 7174/7174
f 7114/7114 7174/7174 7175/7175
f 7115/7115 7114/7114 7175/7175
f 7115/7115 7175/7175 7176/7176
f 7177/7177 7116/7116 7115/7115
f 7177/7177 7115/7115 7176/7176
f 7117/7117 7116/7116 7177/7177
f 7117/7117 7177/7177 7178/7178
f 7178/7178 7155/7155 7118/7118
f 7178/7178 7118/7118 7117/7117
f 7119/7119 7118/7118 7155/7155
f 7119/7119 7155/7155 7156/7156
f 7120/7120 7119/7119 7156/7156
f 7120/7120 7156/7156 7157/7157
f 7121/7121 7120/7120 7157/7157
f 7121/7121 7157/7157 7158/7158
f 7122/7122 7121/7121 7158/7158
f 7122/7122 7158/7158 7159/7159
f 7123/7123 7122/7122 7159/7159
f 7123/7123 7159/7159 7160/7160
f 7161/7161 7124/7124 7123/7123
f 7161/7161 7123/7123 7160/7160
f 7125/7125 7124/7124 7161/7161
f 7125/7125 7161/7161 7162/7162
f 7126/7126 7125/7125 7162/7162
f 7126/7126 7162/7162 7163/7163
f 7127/7127 7126/7126 7163/7163
f 7127/7127 7163/7163 7164/7164
f 7128/7128 7127/7127 7164/7164
f 7128/7128 7164/7164 7165/7165
f 7129/7129 7128/7128 7165/7165
f 7129/7129 7165/7165 7166/7166
f 7130/7130 7129/7129 7166/7166
f 7130/7130 7166/7166 7167/7167
f 7107/7107 7130/7130 7167/7167
f 7107/7107 7167/7167 7168/7168
f 6534/6534 6980/6980 7132/7132
f 6534/6534 7132/7132 7131/7131
f 7133/7133 7132/7132 6980/6980
f 7133/7133 6980/6980 6533/6533
f 6533/6533 7007/7007 7134/7134
f 6533/6533 7134/7134 7133/7133
f 7135/7135 7134/7134 7007/7007
f 7135/7135 7007/7007 6532/6532
f 6532/6532 6531/6531 7136/7136
f 6532/6532 7136/7136 7135/7135
f 6531/6531 6530/6530 7137/7137
f 6531/6531 7137/7137 7136/7136
f 6530/6530 6926/6926 7138/7138
f 6530/6530 7138/7138 7137/7137
f 7139/7139 7138/7138 6926/6926
f 7139/7139 6926/6926 6529/6529
f 6529/6529 6953/6953 7140/7140
f 6529/6529 7140/7140 7139/7139
f 7141/7141 7140/7140 6953/6953
f 7141/7141 6953/6953 6528/6528
f 6528/6528 6527/6527 7142/7142
f 6528/6528 7142/7142 7141/7141
f 6527/6527 6526/6526 7143/7143
f 6527/6527 7143/7143 7142/7142
f 6526/6526 6852/6852 7144/7144
f 6526/6526 7144/7144 7143/7143
f 6852/6852 6525/6525 7145/7145
f 6852/6852 7145/7145 7144/7144
f 6525/6525 6879/6879 7146/7146
f 6525/6525 7146/7146 7145/7145
f 6879/6879 6524/6524 7147/7147
f 6879/6879 7147/7147 7146/7146
f 6524/6524 6523/6523 7148/7148
f 6524/6524 7148/7148 7147/7147
f 6523/6523 6538/6538 7149/7149
f 6523/6523 7149/7149 7148/7148
f 6538/6538 6818/6818 7150/7150
f 6538/6538 7150/7150 7149/7149
f 7151/7151 7150/7150 6818/6818
f 7151/7151 6818/6818 6537/6537
f 6537/6537 6825/6825 7152/7152
f 6537/6537 7152/7152 7151/7151
f 6825/6825 6536/6536 7153/7153
f 6825/6825 7153/7153 7152/7152
f 6536/6536 6535/6535 7154/7154
f 6536/6536 7154/7154 7153/7153
f 6535/6535 6534/6534 7131/7131
f 6535/6535 7131/7131 7154/7154
f 7156/7156 7155/7155 6980/6980
f 7156/7156 6980/6980 6534/6534
f 7157/7157 7156/7156 6534/6534
f 7157/7157 6534/6534 6535/6535
f 7158/7158 7157/7157 6535/6535
f 7158/7158 6535/6535 6536/6536
f 7159/7159 7158/7158 6536/6536
f 7159/7159 6536/6536 6825/6825
f 7160/7160 7159/7159 6825/6825
f 7160/7160 6825/6825 6537/6537
f 6818/6818 7161/7161 7160/7160
f 6818/6818 7160/7160 6537/6537
f 7162/7162 7161/7161 6818/6818
f 7162/7162 6818/6818 6538/6538
f 7163/7163 7162/7162 6538/6538
f 7163/7163 6538/6538 6523/6523
f 7164/7164 7163/7163 6523/6523
f 7164/7164 6523/6523 6524/6524
f 7165/7165 7164/7164 6524/6524
f 7165/7165 6524/6524 6879/6879
f 7166/7166 7165/7165 6879/6879
f 7166/7166 6879/6879 6525/6525
f 7167/7167 7166/7166 6525/6525
f 7167/7167 6525/6525 6852/6852
f 7168/7168 7167/7167 6852/6852
f 7168/7168 6852/6852 6526/6526
f 7169/7169 7168/7168 6526/6526
f 7169/7169 6526/6526 6527/6527
f 7170/7170 7169/7169 6527/6527
f 7170/7170 6527/6527 6528/6528
f 6953/6953 7171/7171 7170/7170
f 6953/6953 7170/7170 6528/6528
f 7172/7172 7171/7171 6953/6953
f 7172/7172 6953/6953 6529/6529
f 6926/6926 7173/7173 7172/7172
f 6926/6926 7172/7172 6529/6529
f 7174/7174 7173/7173 6926/6926
f 7174/7174 6926/6926 6530/6530
f 7175/7175 7174/7174 6530/6530
f 7175/7175 6530/6530 6531/6531
f 7176/7176 7175/7175 6531/6531
f 7176/7176 6531/6531 6532/6532
f 7007/7007 7177/7177 7176/7176
f 7007/7007 7176/7176 6532/6532
f 7178/7178 7177/7177 7007/7007
f 7178/7178 7007/7007 6533/6533
f 6980/6980 7155/7155 7178/7178
f 6980/6980 7178/7178 6533/6533
f 7180/7180 7181/7181 6577/6577
f 7180/7180 6577/6577 6903/6903
f 7181/7181 7182/7182 6930/6930
f 7181/7181 6930/6930 6577/6577
f 7182/7182 7183/7183 6576/6576
f 7182/7182 6576/6576 6930/6930
f 6580/6580 7179/7179 6578/6578
f 6580/6580 6578/6578 6579/6579
f 7179/7179 7180/7180 6903/6903
f 7179/7179 6903/6903 6578/6578
f 7183/7183 6574/6574 6575/6575
f 7183/7183 6575/6575 6576/6576
f 6581/6581 7189/7189 7188/7188
f 6581/6581 7188/7188 6984/6984
f 7189/7189 7190/7190 7187/7187
f 7189/7189 7187/7187 7188/7188
f 7190/7190 7191/7191 7186/7186
f 7190/7190 7186/7186 7187/7187
f 7191/7191 7192/7192 7185/7185
f 7191/7191 7185/7185 7186/7186
f 7192/7192 7193/7193 7184/7184
f 7192/7192 7184/7184 7185/7185
f 7193/7193 6573/6573 6875/6875
f 7193/7193 6875/6875 7184/7184
f 7184/7184 6875/6875 6574/6574
f 7184/7184 6574/6574 7183/7183
f 7185/7185 7184/7184 7183/7183
f 7185/7185 7183/7183 7182/7182
f 7186/7186 7185/7185 7182/7182
f 7186/7186 7182/7182 7181/7181
f 7187/7187 7186/7186 7181/7181
f 7187/7187 7181/7181 7180/7180
f 7188/7188 7187/7187 7180/7180
f 7188/7188 7180/7180 7179/7179
f 6984/6984 7188/7188 7179/7179
f 6984/6984 7179/7179 6580/6580
f 6582/6582 7199/7199 7198/7198
f 6582/6582 7198/7198 6957/6957
f 7199/7199 7200/7200 7197/7197
f 7199/7199 7197/7197 7198/7198
f 7200/7200 7201/7201 7196/7196
f 7200/7200 7196/7196 7197/7197
f 7201/7201 7202/7202 7195/7195
f 7201/7201 7195/7195 7196/7196
f 7202/7202 7203/7203 7194/7194
f 7202/7202 7194/7194 7195/7195
f 7203/7203 6572/6572 6902/6902
f 7203/7203 6902/6902 7194/7194
f 7194/7194 6902/6902 6573/6573
f 7194/7194 6573/6573 7193/7193
f 7195/7195 7194/7194 7193/7193
f 7195/7195 7193/7193 7192/7192
f 7196/7196 7195/7195 7192/7192
f 7196/7196 7192/7192 7191/7191
f 7197/7197 7196/7196 7191/7191
f 7197/7197 7191/7191 7190/7190
f 7198/7198 7197/7197 7190/7190
f 7198/7198 7190/7190 7189/7189
f 6957/6957 7198/7198 7189/7189
f 6957/6957 7189/7189 6581/6581
f 6584/6584 7199/7199 6582/6582
f 6584/6584 6582/6582 6583/6583
f 6848/6848 7200/7200 7199/7199
f 6848/6848 7199/7199 6584/6584
f 6585/6585 7201/7201 7200/7200
f 6585/6585 7200/7200 6848/6848
f 6795/6795 7202/7202 7201/7201
f 6795/6795 7201/7201 6585/6585
f 6586/6586 7203/7203 7202/7202
f 6586/6586 7202/7202 6795/6795
f 6571/6571 6572/6572 7203/7203
f 6571/6571 7203/7203 6586/6586
f 7205/7205 7204/7204 6556/6556
f 7205/7205 6556/6556 6555/6555
f 7206/7206 7205/7205 6555/6555
f 7206/7206 6555/6555 6570/6570
f 7207/7207 7206/7206 6570/6570
f 7207/7207 6570/6570 6796/6796
f 7208/7208 7207/7207 6796/6796
f 7208/7208 6796/6796 6569/6569
f 6847/6847 7209/7209 7208/7208
f 6847/6847 7208/7208 6569/6569
f 7210/7210 7209/7209 6847/6847
f 7210/7210 6847/6847 6568/6568
f 7211/7211 7210/7210 6568/6568
f 7211/7211 6568/6568 6567/6567
f 7212/7212 7211/7211 6567/6567
f 7212/7212 6567/6567 6566/6566
f 7213/7213 7212/7212 6566/6566
f 7213/7213 6566/6566 6958/6958
f 7214/7214 7213/7213 6958/6958
f 7214/7214 6958/6958 6565/6565
f 7215/7215 7214/7214 6565/6565
f 7215/7215 6565/6565 6985/6985
f 7216/7216 7215/7215 6985/6985
f 7216/7216 6985/6985 6564/6564
f 7217/7217 7216/7216 6564/6564
f 7217/7217 6564/6564 6563/6563
f 7218/7218 7217/7217 6563/6563
f 7218/7218 6563/6563 6562/6562
f 7219/7219 7218/7218 6562/6562
f 7219/7219 6562/6562 6904/6904
f 7220/7220 7219/7219 6904/6904
f 7220/7220 6904/6904 6561/6561
f 7221/7221 7220/7220 6561/6561
f 7221/7221 6561/6561 6931/6931
f 7222/7222 7221/7221 6931/6931
f 7222/7222 6931/6931 6560/6560
f 7223/7223 7222/7222 6560/6560
f 7223/7223 6560/6560 6559/6559
f 7224/7224 7223/7223 6559/6559
f 7224/7224 6559/6559 6558/6558
f 6874/6874 7225/7225 7224/7224
f 6874/6874 7224/7224 6558/6558
f 7226/7226 7225/7225 6874/6874
f 7226/7226 6874/6874 6557/6557
f 6901/6901 7227/7227 7226/7226
f 6901/6901 7226/7226 6557/6557
f 7204/7204 7227/7227 6901/6901
f 7204/7204 6901/6901 6556/6556
f 7229/7229 7228/7228 6540/6540
f 7229/7229 6540/6540 6539/6539
f 7230/7230 7229/7229 6539/6539
f 7230/7230 6539/6539 6554/6554
f 7231/7231 7230/7230 6554/6554
f 7231/7231 6554/6554 6797/6797
f 7232/7232 7231/7231 6797/6797
f 7232/7232 6797/6797 6553/6553
f 6846/6846 7233/7233 7232/7232
f 6846/6846 7232/7232 6553/6553
f 7234/7234 7233/7233 6846/6846
f 7234/7234 6846/6846 6552/6552
f 7235/7235 7234/7234 6552/6552
f 7235/7235 6552/6552 6551/6551
f 7236/7236 7235/7235 6551/6551
f 7236/7236 6551/6551 6550/6550
f 7237/7237 7236/7236 6550/6550
f 7237/7237 6550/6550 6959/6959
f 7238/7238 7237/7237 6959/6959
f 7238/7238 6959/6959 6549/6549
f 7239/7239 7238/7238 6549/6549
f 7239/7239 6549/6549 6986/6986
f 7240/7240 7239/7239 6986/6986
f 7240/7240 6986/6986 6548/6548
f 7241/7241 7240/7240 6548/6548
f 7241/7241 6548/6548 6547/6547
f 7242/7242 7241/7241 6547/6547
f 7242/7242 6547/6547 6546/6546
f 7243/7243 7242/7242 6546/6546
f 7243/7243 6546/6546 6905/6905
f 7244/7244 7243/7243 6905/6905
f 7244/7244 6905/6905 6545/6545
f 7245/7245 7244/7244 6545/6545
f 7245/7245 6545/6545 6932/6932
f 7246/7246 7245/7245 6932/6932
f 7246/7246 6932/6932 6544/6544
f 7247/7247 7246/7246 6544/6544
f 7247/7247 6544/6544 6543/6543
f 7248/7248 7247/7247 6543/6543
f 7248/7248 6543/6543 6542/6542
f 6873/6873 7249/7249 7248/7248
f 6873/6873 7248/7248 6542/6542
f 7250/7250 7249/7249 6873/6873
f 7250/7250 6873/6873 6541/6541
f 6900/6900 7251/7251 7250/7250
f 6900/6900 7250/7250 6541/6541
f 7228/7228 7251/7251 6900/6900
f 7228/7228 6900/6900 6540/6540
f 7258/7258 7259/7259 7254/7254
f 7258/7258 7254/7254 7255/7255
f 7259/7259 7260/7260 7253/7253
f 7259/7259 7253/7253 7254/7254
f 7260/7260 7261/7261 7252/7252
f 7260/7260 7252/7252 7253/7253
f 6929/6929 7257/7257 7256/7256
f 6929/6929 7256/7256 6626/6626
f 7257/7257 7258/7258 7255/7255
f 7257/7257 7255/7255 7256/7256
f 7261/7261 6822/6822 6632/6632
f 7261/7261 6632/6632 7252/7252
f 7252/7252 6632/6632 6631/6631
f 7252/7252 6631/6631 6630/6630
f 7253/7253 7252/7252 6630/6630
f 7253/7253 6630/6630 6983/6983
f 7254/7254 7253/7253 6983/6983
f 7254/7254 6983/6983 6629/6629
f 7255/7255 7254/7254 6629/6629
f 7255/7255 6629/6629 7010/7010
f 7256/7256 7255/7255 7010/7010
f 7256/7256 7010/7010 6628/6628
f 6626/6626 7256/7256 6628/6628
f 6626/6626 6628/6628 6627/6627
f 6956/6956 7267/7267 7266/7266
f 6956/6956 7266/7266 6625/6625
f 7267/7267 7268/7268 7265/7265
f 7267/7267 7265/7265 7266/7266
f 7268/7268 7269/7269 7264/7264
f 7268/7268 7264/7264 7265/7265
f 7269/7269 7270/7270 7263/7263
f 7269/7269 7263/7263 7264/7264
f 7270/7270 7271/7271 7262/7262
f 7270/7270 7262/7262 7263/7263
f 7271/7271 6821/6821 6633/6633
f 7271/7271 6633/6633 7262/7262
f 7262/7262 6633/6633 6822/6822
f 7262/7262 6822/6822 7261/7261
f 7263/7263 7262/7262 7261/7261
f 7263/7263 7261/7261 7260/7260
f 7264/7264 7263/7263 7260/7260
f 7264/7264 7260/7260 7259/7259
f 7265/7265 7264/7264 7259/7259
f 7265/7265 7259/7259 7258/7258
f 7266/7266 7265/7265 7258/7258
f 7266/7266 7258/7258 7257/7257
f 6625/6625 7266/7266 7257/7257
f 6625/6625 7257/7257 6929/6929
f 6622/6622 7276/7276 6624/6624
f 6622/6622 6624/6624 6623/6623
f 6849/6849 7275/7275 7276/7276
f 6849/6849 7276/7276 6622/6622
f 6621/6621 7274/7274 7275/7275
f 6621/6621 7275/7275 6849/6849
f 6876/6876 7273/7273 7274/7274
f 6876/6876 7274/7274 6621/6621
f 6620/6620 7272/7272 7273/7273
f 6620/6620 7273/7273 6876/6876
f 6620/6620 6619/6619 6634/6634
f 6620/6620 6634/6634 7272/7272
f 7272/7272 6634/6634 6821/6821
f 7272/7272 6821/6821 7271/7271
f 7273/7273 7272/7272 7271/7271
f 7273/7273 7271/7271 7270/7270
f 7274/7274 7273/7273 7270/7270
f 7274/7274 7270/7270 7269/7269
f 7275/7275 7274/7274 7269/7269
f 7275/7275 7269/7269 7268/7268
f 7276/7276 7275/7275 7268/7268
f 7276/7276 7268/7268 7267/7267
f 6624/6624 7276/7276 7267/7267
f 6624/6624 7267/7267 6956/6956
f 7277/7277 7278/7278 7298/7298
f 7277/7277 7298/7298 7297/7297
f 7278/7278 7279/7279 7299/7299
f 7278/7278 7299/7299 7298/7298
f 7279/7279 7280/7280 7300/7300
f 7279/7279 7300/7300 7299/7299
f 7280/7280 7281/7281 7301/7301
f 7280/7280 7301/7301 7300/7300
f 7281/7281 7282/7282 7302/7302
f 7281/7281 7302/7302 7301/7301
f 7282/7282 7283/7283 7303/7303
f 7282/7282 7303/7303 7302/7302
f 7283/7283 7284/7284 7304/7304
f 7283/7283 7304/7304 7303/7303
f 7284/7284 7285/7285 7305/7305
f 7284/7284 7305/7305 7304/7304
f 7285/7285 7286/7286 7306/7306
f 7285/7285 7306/7306 7305/7305
f 7286/7286 7287/7287 7307/7307
f 7286/7286 7307/7307 7306/7306
f 7287/7287 7288/7288 7308/7308
f 7287/7287 7308/7308 7307/7307
f 7288/7288 7289/7289 7309/7309
f 7288/7288 7309/7309 7308/7308
f 7289/7289 7290/7290 7310/7310
f 7289/7289 7310/7310 7309/7309
f 7290/7290 7291/7291 7311/7311
f 7290/7290 7311/7311 7310/7310
f 7291/7291 7292/7292 7312/7312
f 7291/7291 7312/7312 7311/7311
f 7292/7292 7293/7293 7313/7313
f 7292/7292 7313/7313 7312/7312
f 7293/7293 7294/7294 7314/7314
f 7293/7293 7314/7314 7313/7313
f 7294/7294 7295/7295 7315/7315
f 7294/7294 7315/7315 7314/7314
f 7295/7295 7296/7296 7316/7316
f 7295/7295 7316/7316 7315/7315
f 7296/7296 7277/7277 7297/7297
f 7296/7296 7297/7297 7316/7316
f 7297/7297 7298/7298 7318/7318
f 7297/7297 7318/7318 7317/7317
f 7298/7298 7299/7299 7319/7319
f 7298/7298 7319/7319 7318/7318
f 7299/7299 7300/7300 7320/7320
f 7299/7299 7320/7320 7319/7319
f 7300/7300 7301/7301 7321/7321
f 7300/7300 7321/7321 7320/7320
f 7301/7301 7302/7302 7322/7322
f 7301/7301 7322/7322 7321/7321
f 7302/7302 7303/7303 7323/7323
f 7302/7302 7323/7323 7322/7322
f 7303/7303 7304/7304 7324/7324
f 7303/7303 7324/7324 7323/7323
f 7304/7304 7305/7305 7325/7325
f 7304/7304 7325/7325 7324/7324
f 7305/7305 7306/7306 7326/7326
f 7305/7305 7326/7326 7325/7325
f 7306/7306 7307/7307 7327/7327
f 7306/7306 7327/7327 7326/7326
f 7307/7307 7308/7308 7328/7328
f 7307/7307 7328/7328 7327/7327
f 7308/7308 7309/7309 7329/7329
f 7308/7308 7329/7329 7328/7328
f 7309/7309 7310/7310 7330/7330
f 7309/7309 7330/7330 7329/7329
f 7310/7310 7311/7311 7331/7331
f 7310/7310 7331/7331 7330/7330
f 7311/7311 7312/7312 7332/7332
f 7311/7311 7332/7332 7331/7331
f 7312/7312 7313/7313 7333/7333
f 7312/7312 7333/7333 7332/7332
f 7313/7313 7314/7314 7334/7334
f 7313/7313 7334/7334 7333/7333
f 7314/7314 7315/7315 7335/7335
f 7314/7314 7335/7335 7334/7334
f 7315/7315 7316/7316 7336/7336
f 7315/7315 7336/7336 7335/7335
f 7316/7316 7297/7297 7317/7317
f 7316/7316 7317/7317 7336/7336
f 7317/7317 7318/7318 7338/7338
f 7317/7317 7338/7338 7337/7337
f 7318/7318 7319/7319 7339/7339
f 7318/7318 7339/7339 7338/7338
f 7319/7319 7320/7320 7340/7340
f 7319/7319 7340/7340 7339/7339
f 7320/7320 7321/7321 7341/7341
f 7320/7320 7341/7341 7340/7340
f 7321/7321 7322/7322 7342/7342
f 7321/7321 7342/7342 7341/7341
f 7322/7322 7323/7323 7343/7343
f 7322/7322 7343/7343 7342/7342
f 7323/7323 7324/7324 7344/7344
f 7323/7323 7344/7344 7343/7343
f 7324/7324 7325/7325 7345/7345
f 7324/7324 7345/7345 7344/7344
f 7325/7325 7326/7326 7346/7346
f 7325/7325 7346/7346 7345/7345
f 7326/7326 7327/7327 7347/7347
f 7326/7326 7347/7347 7346/7346
f 7327/7327 7328/7328 7348/7348
f 7327/7327 7348/7348 7347/7347
f 7328/7328 7329/7329 7349/7349
f 7328/7328 7349/7349 7348/7348
f 7329/7329 7330/7330 7350/7350
f 7329/7329 7350/7350 7349/7349
f 7330/7330 7331/7331 7351/7351
f 7330/7330 7351/7351 7350/7350
f 7331/7331 7332/7332 7352/7352
f 7331/7331 7352/7352 7351/7351
f 7332/7332 7333/7333 7353/7353
f 7332/7332 7353/7353 7352/7352
f 7333/7333 7334/7334 7354/7354
f 7333/7333 7354/7354 7353/7353
f 7334/7334 7335/7335 7355/7355
f 7334/7334 7355/7355 7354/7354
f 7335/7335 7336/7336 7356/7356
f 7335/7335 7356/7356 7355/7355
f 7336/7336 7317/7317 7337/7337
f 7336/7336 7337/7337 7356/7356
f 7337/7337 7338/7338 7358/7358
f 7337/7337 7358/7358 7357/7357
f 7338/7338 7339/7339 7359/7359
f 7338/7338 7359/7359 7358/7358
f 7339/7339 7340/7340 7360/7360
f 7339/7339 7360/7360 7359/7359
f 7340/7340 7341/7341 7361/7361
f 7340/7340 7361/7361 7360/7360
f 7341/7341 7342/7342 7362/7362
f 7341/7341 7362/7362 7361/7361
f 7342/7342 7343/7343 7363/7363
f 7342/7342 7363/7363 7362/7362
f 7343/7343 7344/7344 7364/7364
f 7343/7343 7364/7364 7363/7363
f 7344/7344 7345/7345 7365/7365
f 7344/7344 7365/7365 7364/7364
f 7345/7345 7346/7346 7366/7366
f 7345/7345 7366/7366 7365/7365
f 7346/7346 7347/7347 7367/7367
f 7346/7346 7367/7367 7366/7366
f 7347/7347 7348/7348 7368/7368
f 7347/7347 7368/7368 7367/7367
f 7348/7348 7349/7349 7369/7369
f 7348/7348 7369/7369 7368/7368
f 7349/7349 7350/7350 7370/7370
f 7349/7349 7370/7370 7369/7369
f 7350/7350 7351/7351 7371/7371
f 7350/7350 7371/7371 7370/7370
f 7351/7351 7352/7352 7372/7372
f 7351/7351 7372/7372 7371/7371
f 7352/7352 7353/7353 7373/7373
f 7352/7352 7373/7373 7372/7372
f 7353/7353 7354/7354 7374/7374
f 7353/7353 7374/7374 7373/7373
f 7354/7354 7355/7355 7375/7375
f 7354/7354 7375/7375 7374/7374
f 7355/7355 7356/7356 7376/7376
f 7355/7355 7376/7376 7375/7375
f 7356/7356 7337/7337 7357/7357
f 7356/7356 7357/7357 7376/7376
f 7357/7357 7358/7358 7378/7378
f 7357/7357 7378/7378 7377/7377
f 7358/7358 7359/7359 7379/7379
f 7358/7358 7379/7379 7378/7378
f 7359/7359 7360/7360 7380/7380
f 7359/7359 7380/7380 7379/7379
f 7360/7360 7361/7361 7381/7381
f 7360/7360 7381/7381 7380/7380
f 7361/7361 7362/7362 7382/7382
f 7361/7361 7382/7382 7381/7381
f 7362/7362 7363/7363 7383/7383
f 7362/7362 7383/7383 7382/7382
f 7363/7363 7364/7364 7384/7384
f 7363/7363 7384/7384 7383/7383
f 7364/7364 7365/7365 7385/7385
f 7364/7364 7385/7385 7384/7384
f 7365/7365 7366/7366 7386/7386
f 7365/7365 7386/7386 7385/7385
f 7366/7366 7367/7367 7387/7387
f 7366/7366 7387/7387 7386/7386
f 7367/7367 7368/7368 7388/7388
f 7367/7367 7388/7388 7387/7387
f 7368/7368 7369/7369 7389/7389
f 7368/7368 7389/7389 7388/7388
f 7369/7369 7370/7370 7390/7390
f 7369/7369 7390/7390 7389/7389
f 7370/7370 7371/7371 7391/7391
f 7370/7370 7391/7391 7390/7390
f 7371/7371 7372/7372 7392/7392
f 7371/7371 7392/7392 7391/7391
f 7372/7372 7373/7373 7393/7393
f 7372/7372 7393/7393 7392/7392
f 7373/7373 7374/7374 7394/7394
f 7373/7373 7394/7394 7393/7393
f 7374/7374 7375/7375 7395/7395
f 7374/7374 7395/7395 7394/7394
f 7375/7375 7376/7376 7396/7396
f 7375/7375 7396/7396 7395/7395
f 7376/7376 7357/7357 7377/7377
f 7376/7376 7377/7377 7396/7396
f 7377/7377 7378/7378 7398/7398
f 7377/7377 7398/7398 7397/7397
f 7378/7378 7379/7379 7399/7399
f 7378/7378 7399/7399 7398/7398
f 7379/7379 7380/7380 7400/7400
f 7379/7379 7400/7400 7399/7399
f 7380/7380 7381/7381 7401/7401
f 7380/7380 7401/7401 7400/7400
f 7381/7381 7382/7382 7402/7402
f 7381/7381 7402/7402 7401/7401
f 7382/7382 7383/7383 7403/7403
f 7382/7382 7403/7403 7402/7402
f 7383/7383 7384/7384 7404/7404
f 7383/7383 7404/7404 7403/7403
f 7384/7384 7385/7385 7405/7405
f 7384/7384 7405/7405 7404/7404
f 7385/7385 7386/7386 7406/7406
f 7385/7385 7406/7406 7405/7405
f 7386/7386 7387/7387 7407/7407
f 7386/7386 7407/7407 7406/7406
f 7387/7387 7388/7388 7408/7408
f 7387/7387 7408/7408 7407/7407
f 7388/7388 7389/7389 7409/7409
f 7388/7388 7409/7409 7408/7408
f 7389/7389 7390/7390 7410/7410
f 7389/7389 7410/7410 7409/7409
f 7390/7390 7391/7391 7411/7411
f 7390/7390 7411/7411 7410/7410
f 7391/7391 7392/7392 7412/7412
f 7391/7391 7412/7412 7411/7411
f 7392/7392 7393/7393 7413/7413
f 7392/7392 7413/7413 7412/7412
f 7393/7393 7394/7394 7414/7414
f 7393/7393 7414/7414 7413/7413
f 7394/7394 7395/7395 7415/7415
f 7394/7394 7415/7415 7414/7414
f 7395/7395 7396/7396 7416/7416
f 7395/7395 7416/7416 7415/7415
f 7396/7396 7377/7377 7397/7397
f 7396/7396 7397/7397 7416/7416
f 7397/7397 7398/7398 7418/7418
f 7397/7397 7418/7418 7417/7417
f 7398/7398 7399/7399 7419/7419
f 7398/7398 7419/7419 7418/7418
f 7399/7399 7400/7400 7420/7420
f 7399/7399 7420/7420 7419/7419
f 7400/7400 7401/7401 7421/7421
f 7400/7400 7421/7421 7420/7420
f 7401/7401 7402/7402 7422/7422
f 7401/7401 7422/7422 7421/7421
f 7402/7402 7403/7403 7423/7423
f 7402/7402 7423/7423 7422/7422
f 7403/7403 7404/7404 7424/7424
f 7403/7403 7424/7424 7423/7423
f 7404/7404 7405/7405 7425/7425
f 7404/7404 7425/7425 7424/7424
f 7405/7405 7406/7406 7426/7426
f 7405/7405 7426/7426 7425/7425
f 7406/7406 7407/7407 7427/7427
f 7406/7406 7427/7427 7426/7426
f 7407/7407 7408/7408 7428/7428
f 7407/7407 7428/7428 7427/7427
f 7408/7408 7409/7409 7429/7429
f 7408/7408 7429/7429 7428/7428
f 7409/7409 7410/7410 7430/7430
f 7409/7409 7430/7430 7429/7429
f 7410/7410 7411/7411 7431/7431
f 7410/7410 7431/7431 7430/7430
f 7411/7411 7412/7412 7432/7432
f 7411/7411 7432/7432 7431/7431
f 7412/7412 7413/7413 7433/7433
f 7412/7412 7433/7433 7432/7432
f 7413/7413 7414/7414 7434/7434
f 7413/7413 7434/7434 7433/7433
f 7414/7414 7415/7415 7435/7435
f 7414/7414 7435/7435 7434/7434
f 7415/7415 7416/7416 7436/7436
f 7415/7415 7436/7436 7435/7435
f 7416/7416 7397/7397 7417/7417
f 7416/7416 7417/7417 7436/7436
f 7417/7417 7418/7418 7438/7438
f 7417/7417 7438/7438 7437/7437
f 7418/7418 7419/7419 7439/7439
f 7418/7418 7439/7439 7438/7438
f 7419/7419 7420/7420 7440/7440
f 7419/7419 7440/7440 7439/7439
f 7420/7420 7421/7421 7441/7441
f 7420/7420 7441/7441 7440/7440
f 7421/7421 7422/7422 7442/7442
f 7421/7421 7442/7442 7441/7441
f 7422/7422 7423/7423 7443/7443
f 7422/7422 7443/7443 7442/7442
f 7423/7423 7424/7424 7444/7444
f 7423/7423 7444/7444 7443/7443
f 7424/7424 7425/7425 7445/7445
f 7424/7424 7445/7445 7444/7444
f 7425/7425 7426/7426 7446/7446
f 7425/7425 7446/7446 7445/7445
f 7426/7426 7427/7427 7447/7447
f 7426/7426 7447/7447 7446/7446
f 7427/7427 7428/7428 7448/7448
f 7427/7427 7448/7448 7447/7447
f 7428/7428 7429/7429 7449/7449
f 7428/7428 7449/7449 7448/7448
f 7429/7429 7430/7430 7450/7450
f 7429/7429 7450/7450 7449/7449
f 7430/7430 7431/7431 7451/7451
f 7430/7430 7451/7451 7450/7450
f 7431/7431 7432/7432 7452/7452
f 7431/7431 7452/7452 7451/7451
f 7432/7432 7433/7433 7453/7453
f 7432/7432 7453/7453 7452/7452
f 7433/7433 7434/7434 7454/7454
f 7433/7433 7454/7454 7453/7453
f 7434/7434 7435/7435 7455/7455
f 7434/7434 7455/7455 7454/7454
f 7435/7435 7436/7436 7456/7456
f 7435/7435 7456/7456 7455/7455
f 7436/7436 7417/7417 7437/7437
f 7436/7436 7437/7437 7456/7456
f 7437/7437 7438/7438 7458/7458
f 7437/7437 7458/7458 7457/7457
f 7438/7438 7439/7439 7459/7459
f 7438/7438 7459/7459 7458/7458
f 7439/7439 7440/7440 7460/7460
f 7439/7439 7460/7460 7459/7459
f 7440/7440 7441/7441 7461/7461
f 7440/7440 7461/7461 7460/7460
f 7441/7441 7442/7442 7462/7462
f 7441/7441 7462/7462 7461/7461
f 7442/7442 7443/7443 7463/7463
f 7442/7442 7463/7463 7462/7462
f 7443/7443 7444/7444 7464/7464
f 7443/7443 7464/7464 7463/7463
f 7444/7444 7445/7445 7465/7465
f 7444/7444 7465/7465 7464/7464
f 7445/7445 7446/7446 7466/7466
f 7445/7445 7466/7466 7465/7465
f 7446/7446 7447/7447 7467/7467
f 7446/7446 7467/7467 7466/7466
f 7447/7447 7448/7448 7468/7468
f 7447/7447 7468/7468 7467/7467
f 7448/7448 7449/7449 7469/7469
f 7448/7448 7469/7469 7468/7468
f 7449/7449 7450/7450 7470/7470
f 7449/7449 7470/7470 7469/7469
f 7450/7450 7451/7451 7471/7471
f 7450/7450 7471/7471 7470/7470
f 7451/7451 7452/7452 7472/7472
f 7451/7451 7472/7472 7471/7471
f 7452/7452 7453/7453 7473/7473
f 7452/7452 7473/7473 7472/7472
f 7453/7453 7454/7454 7474/7474
f 7453/7453 7474/7474 7473/7473
f 7454/7454 7455/7455 7475/7475
f 7454/7454 7475/7475 7474/7474
f 7455/7455 7456/7456 7476/7476
f 7455/7455 7476/7476 7475/7475
f 7456/7456 7437/7437 7457/7457
f 7456/7456 7457/7457 7476/7476
f 7457/7457 7458/7458 7478/7478
f 7457/7457 7478/7478 7477/7477
f 7458/7458 7459/7459 7479/7479
f 7458/7458 7479/7479 7478/7478
f 7459/7459 7460/7460 7480/7480
f 7459/7459 7480/7480 7479/7479
f 7460/7460 7461/7461 7481/7481
f 7460/7460 7481/7481 7480/7480
f 7461/7461 7462/7462 7482/7482
f 7461/7461 7482/7482 7481/7481
f 7462/7462 7463/7463 7483/7483
f 7462/7462 7483/7483 7482/7482
f 7463/7463 7464/7464 7484/7484
f 7463/7463 7484/7484 7483/7483
f 7464/7464 7465/7465 7485/7485
f 7464/7464 7485/7485 7484/7484
f 7465/7465 7466/7466 7486/7486
f 7465/7465 7486/7486 7485/7485
f 7466/7466 7467/7467 7487/7487
f 7466/7466 7487/7487 7486/7486
f 7467/7467 7468/7468 7488/7488
f 7467/7467 7488/7488 7487/7487
f 7468/7468 7469/7469 7489/7489
f 7468/7468 7489/7489 7488/7488
f 7469/7469 7470/7470 7490/7490
f 7469/7469 7490/7490 7489/7489
f 7470/7470 7471/7471 7491/7491
f 7470/7470 7491/7491 7490/7490
f 7471/7471 7472/7472 7492/7492
f 7471/7471 7492/7492 7491/7491
f 7472/7472 7473/7473 7493/7493
f 7472/7472 7493/7493 7492/7492
f 7473/7473 7474/7474 7494/7494
f 7473/7473 7494/7494 7493/7493
f 7474/7474 7475/7475 7495/7495
f 7474/7474 7495/7495 7494/7494
f 7475/7475 7476/7476 7496/7496
f 7475/7475 7496/7496 7495/7495
f 7476/7476 7457/7457 7477/7477
f 7476/7476 7477/7477 7496/7496
f 7477/7477 7478/7478 7498/7498
f 7477/7477 7498/7498 7497/7497
f 7478/7478 7479/7479 7499/7499
f 7478/7478 7499/7499 7498/7498
f 7479/7479 7480/7480 7500/7500
f 7479/7479 7500/7500 7499/7499
f 7480/7480 7481/7481 7501/7501
f 7480/7480 7501/7501 7500/7500
f 7481/7481 7482/7482 7502/7502
f 7481/7481 7502/7502 7501/7501
f 7482/7482 7483/7483 7503/7503
f 7482/7482 7503/7503 7502/7502
f 7483/7483 7484/7484 7504/7504
f 7483/7483 7504/7504 7503/7503
f 7484/7484 7485/7485 7505/7505
f 7484/7484 7505/7505 7504/7504
f 7485/7485 7486/7486 7506/7506
f 7485/7485 7506/7506 7505/7505
f 7486/7486 7487/7487 7507/7507
f 7486/7486 7507/7507 7506/7506
f 7487/7487 7488/7488 7508/7508
f 7487/7487 7508/7508 7507/7507
f 7488/7488 7489/7489 7509/7509
f 7488/7488 7509/7509 7508/7508
f 7489/7489 7490/7490 7510/7510
f 7489/7489 7510/7510 7509/7509
f 7490/7490 7491/7491 7511/7511
f 7490/7490 7511/7511 7510/7510
f 7491/7491 7492/7492 7512/7512
f 7491/7491 7512/7512 7511/7511
f 7492/7492 7493/7493 7513/7513
f 7492/7492 7513/7513 7512/7512
f 7493/7493 7494/7494 7514/7514
f 7493/7493 7514/7514 7513/7513
f 7494/7494 7495/7495 7515/7515
f 7494/7494 7515/7515 7514/7514
f 7495/7495 7496/7496 7516/7516
f 7495/7495 7516/7516 7515/7515
f 7496/7496 7477/7477 7497/7497
f 7496/7496 7497/7497 7516/7516
f 7497/7497 7498/7498 7518/7518
f 7497/7497 7518/7518 7517/7517
f 7498/7498 7499/7499 7519/7519
f 7498/7498 7519/7519 7518/7518
f 7499/7499 7500/7500 7520/7520
f 7499/7499 7520/7520 7519/7519
f 7500/7500 7501/7501 7521/7521
f 7500/7500 7521/7521 7520/7520
f 7501/7501 7502/7502 7522/7522
f 7501/7501 7522/7522 7521/7521
f 7502/7502 7503/7503 7523/7523
f 7502/7502 7523/7523 7522/7522
f 7503/7503 7504/7504 7524/7524
f 7503/7503 7524/7524 7523/7523
f 7504/7504 7505/7505 7525/7525
f 7504/7504 7525/7525 7524/7524
f 7505/7505 7506/7506 7526/7526
f 7505/7505 7526/7526 7525/7525
f 7506/7506 7507/7507 7527/7527
f 7506/7506 7527/7527 7526/7526
f 7507/7507 7508/7508 7528/7528
f 7507/7507 7528/7528 7527/7527
f 7508/7508 7509/7509 7529/7529
f 7508/7508 7529/7529 7528/7528
f 7509/7509 7510/7510 7530/7530
f 7509/7509 7530/7530 7529/7529
f 7510/7510 7511/7511 7531/7531
f 7510/7510 7531/7531 7530/7530
f 7511/7511 7512/7512 7532/7532
f 7511/7511 7532/7532 7531/7531
f 7512/7512 7513/7513 7533/7533
f 7512/7512 7533/7533 7532/7532
f 7513/7513 7514/7514 7534/7534
f 7513/7513 7534/7534 7533/7533
f 7514/7514 7515/7515 7535/7535
f 7514/7514 7535/7535 7534/7534
f 7515/7515 7516/7516 7536/7536
f 7515/7515 7536/7536 7535/7535
f 7516/7516 7497/7497 7517/7517
f 7516/7516 7517/7517 7536/7536
f 7517/7517 7518/7518 7538/7538
f 7517/7517 7538/7538 7537/7537
f 7518/7518 7519/7519 7539/7539
f 7518/7518 7539/7539 7538/7538
f 7519/7519 7520/7520 7540/7540
f 7519/7519 7540/7540 7539/7539
f 7520/7520 7521/7521 7541/7541
f 7520/7520 7541/7541 7540/7540
f 7521/7521 7522/7522 7542/7542
f 7521/7521 7542/7542 7541/7541
f 7522/7522 7523/7523 7543/7543
f 7522/7522 7543/7543 7542/7542
f 7523/7523 7524/7524 7544/7544
f 7523/7523 7544/7544 7543/7543
f 7524/7524 7525/7525 7545/7545
f 7524/7524 7545/7545 7544/7544
f 7525/7525 7526/7526 7546/7546
f 7525/7525 7546/7546 7545/7545
f 7526/7526 7527/7527 7547/7547
f 7526/7526 7547/7547 7546/7546
f 7527/7527 7528/7528 7548/7548
f 7527/7527 7548/7548 7547/7547
f 7528/7528 7529/7529 7549/7549
f 7528/7528 7549/7549 7548/7548
f 7529/7529 7530/7530 7550/7550
f 7529/7529 7550/7550 7549/7549
f 7530/7530 7531/7531 7551/7551
f 7530/7530 7551/7551 7550/7550
f 7531/7531 7532/7532 7552/7552
f 7531/7531 7552/7552 7551/7551
f 7532/7532 7533/7533 7553/7553
f 7532/7532 7553/7553 7552/7552
f 7533/7533 7534/7534 7554/7554
f 7533/7533 7554/7554 7553/7553
f 7534/7534 7535/7535 7555/7555
f 7534/7534 7555/7555 7554/7554
f 7535/7535 7536/7536 7556/7556
f 7535/7535 7556/7556 7555/7555
f 7536/7536 7517/7517 7537/7537
f 7536/7536 7537/7537 7556/7556
f 7537/7537 7538/7538 7558/7558
f 7537/7537 7558/7558 7557/7557
f 7538/7538 7539/7539 7559/7559
f 7538/7538 7559/7559 7558/7558
f 7539/7539 7540/7540 7560/7560
f 7539/7539 7560/7560 7559/7559
f 7540/7540 7541/7541 7561/7561
f 7540/7540 7561/7561 7560/7560
f 7541/7541 7542/7542 7562/7562
f 7541/7541 7562/7562 7561/7561
f 7542/7542 7543/7543 7563/7563
f 7542/7542 7563/7563 7562/7562
f 7543/7543 7544/7544 7564/7564
f 7543/7543 7564/7564 7563/7563
f 7544/7544 7545/7545 7565/7565
f 7544/7544 7565/7565 7564/7564
f 7545/7545 7546/7546 7566/7566
f 7545/7545 7566/7566 7565/7565
f 7546/7546 7547/7547 7567/7567
f 7546/7546 7567/7567 7566/7566
f 7547/7547 7548/7548 7568/7568
f 7547/7547 7568/7568 7567/7567
f 7548/7548 7549/7549 7569/7569
f 7548/7548 7569/7569 7568/7568
f 7549/7549 7550/7550 7570/7570
f 7549/7549 7570/7570 7569/7569
f 7550/7550 7551/7551 7571/7571
f 7550/7550 7571/7571 7570/7570
f 7551/7551 7552/7552 7572/7572
f 7551/7551 7572/7572 7571/7571
f 7552/7552 7553/7553 7573/7573
f 7552/7552 7573/7573 7572/7572
f 7553/7553 7554/7554 7574/7574
f 7553/7553 7574/7574 7573/7573
f 7554/7554 7555/7555 7575/7575
f 7554/7554 7575/7575 7574/7574
f 7555/7555 7556/7556 7576/7576
f 7555/7555 7576/7576 7575/7575
f 7556/7556 7537/7537 7557/7557
f 7556/7556 7557/7557 7576/7576
f 7557/7557 7558/7558 7578/7578
f 7557/7557 7578/7578 7577/7577
f 7558/7558 7559/7559 7579/7579
f 7558/7558 7579/7579 7578/7578
f 7559/7559 7560/7560 7580/7580
f 7559/7559 7580/7580 7579/7579
f 7560/7560 7561/7561 7581/7581
f 7560/7560 7581/7581 7580/7580
f 7561/7561 7562/7562 7582/7582
f 7561/7561 7582/7582 7581/7581
f 7562/7562 7563/7563 7583/7583
f 7562/7562 7583/7583 7582/7582
f 7563/7563 7564/7564 7584/7584
f 7563/7563 7584/7584 7583/7583
f 7564/7564 7565/7565 7585/7585
f 7564/7564 7585/7585 7584/7584
f 7565/7565 7566/7566 7586/7586
f 7565/7565 7586/7586 7585/7585
f 7566/7566 7567/7567 7587/7587
f 7566/7566 7587/7587 7586/7586
f 7567/7567 7568/7568 7588/7588
f 7567/7567 7588/7588 7587/7587
f 7568/7568 7569/7569 7589/7589
f 7568/7568 7589/7589 7588/7588
f 7569/7569 7570/7570 7590/7590
f 7569/7569 7590/7590 7589/7589
f 7570/7570 7571/7571 7591/7591
f 7570/7570 7591/7591 7590/7590
f 7571/7571 7572/7572 7592/7592
f 7571/7571 7592/7592 7591/7591
f 7572/7572 7573/7573 7593/7593
f 7572/7572 7593/7593 7592/7592
f 7573/7573 7574/7574 7594/7594
f 7573/7573 7594/7594 7593/7593
f 7574/7574 7575/7575 7595/7595
f 7574/7574 7595/7595 7594/7594
f 7575/7575 7576/7576 7596/7596
f 7575/7575 7596/7596 7595/7595
f 7576/7576 7557/7557 7577/7577
f 7576/7576 7577/7577 7596/7596
f 7577/7577 7578/7578 7598/7598
f 7577/7577 7598/7598 7597/7597
f 7578/7578 7579/7579 7599/7599
f 7578/7578 7599/7599 7598/7598
f 7579/7579 7580/7580 7600/7600
f 7579/7579 7600/7600 7599/7599
f 7580/7580 7581/7581 7601/7601
f 7580/7580 7601/7601 7600/7600
f 7581/7581 7582/7582 7602/7602
f 7581/7581 7602/7602 7601/7601
f 7582/7582 7583/7583 7603/7603
f 7582/7582 7603/7603 7602/7602
f 7583/7583 7584/7584 7604/7604
f 7583/7583 7604/7604 7603/7603
f 7584/7584 7585/7585 7605/7605
f 7584/7584 7605/7605 7604/7604
f 7585/7585 7586/7586 7606/7606
f 7585/7585 7606/7606 7605/7605
f 7586/7586 7587/7587 7607/7607
f 7586/7586 7607/7607 7606/7606
f 7587/7587 7588/7588 7608/7608
f 7587/7587 7608/7608 7607/7607
f 7588/7588 7589/7589 7609/7609
f 7588/7588 7609/7609 7608/7608
f 7589/7589 7590/7590 7610/7610
f 7589/7589 7610/7610 7609/7609
f 7590/7590 7591/7591 7611/7611
f 7590/7590 7611/7611 7610/7610
f 7591/7591 7592/7592 7612/7612
f 7591/7591 7612/7612 7611/7611
f 7592/7592 7593/7593 7613/7613
f 7592/7592 7613/7613 7612/7612
f 7593/7593 7594/7594 7614/7614
f 7593/7593 7614/7614 7613/7613
f 7594/7594 7595/7595 7615/7615
f 7594/7594 7615/7615 7614/7614
f 7595/7595 7596/7596 7616/7616
f 7595/7595 7616/7616 7615/7615
f 7596/7596 7577/7577 7597/7597
f 7596/7596 7597/7597 7616/7616
f 7597/7597 7598/7598 7618/7618
f 7597/7597 7618/7618 7617/7617
f 7598/7598 7599/7599 7619/7619
f 7598/7598 7619/7619 7618/7618
f 7599/7599 7600/7600 7620/7620
f 7599/7599 7620/7620 7619/7619
f 7600/7600 7601/7601 7621/7621
f 7600/7600 7621/7621 7620/7620
f 7601/7601 7602/7602 7622/7622
f 7601/7601 7622/7622 7621/7621
f 7602/7602 7603/7603 7623/7623
f 7602/7602 7623/7623 7622/7622
f 7603/7603 7604/7604 7624/7624
f 7603/7603 7624/7624 7623/7623
f 7604/7604 7605/7605 7625/7625
f 7604/7604 7625/7625 7624/7624
f 7605/7605 7606/7606 7626/7626
f 7605/7605 7626/7626 7625/7625
f 7606/7606 7607/7607 7627/7627
f 7606/7606 7627/7627 7626/7626
f 7607/7607 7608/7608 7628/7628
f 7607/7607 7628/7628 7627/7627
f 7608/7608 7609/7609 7629/7629
f 7608/7608 7629/7629 7628/7628
f 7609/7609 7610/7610 7630/7630
f 7609/7609 7630/7630 7629/7629
f 7610/7610 7611/7611 7631/7631
f 7610/7610 7631/7631 7630/7630
f 7611/7611 7612/7612 7632/7632
f 7611/7611 7632/7632 7631/7631
f 7612/7612 7613/7613 7633/7633
f 7612/7612 7633/7633 7632/7632
f 7613/7613 7614/7614 7634/7634
f 7613/7613 7634/7634 7633/7633
f 7614/7614 7615/7615 7635/7635
f 7614/7614 7635/7635 7634/7634
f 7615/7615 7616/7616 7636/7636
f 7615/7615 7636/7636 7635/7635
f 7616/7616 7597/7597 7617/7617
f 7616/7616 7617/7617 7636/7636
f 7617/7617 7618/7618 7638/7638
f 7617/7617 7638/7638 7637/7637
f 7618/7618 7619/7619 7639/7639
f 7618/7618 7639/7639 7638/7638
f 7619/7619 7620/7620 7640/7640
f 7619/7619 7640/7640 7639/7639
f 7620/7620 7621/7621 7641/7641
f 7620/7620 7641/7641 7640/7640
f 7621/7621 7622/7622 7642/7642
f 7621/7621 7642/7642 7641/7641
f 7622/7622 7623/7623 7643/7643
f 7622/7622 7643/7643 7642/7642
f 7623/7623 7624/7624 7644/7644
f 7623/7623 7644/7644 7643/7643
f 7624/7624 7625/7625 7645/7645
f 7624/7624 7645/7645 7644/7644
f 7625/7625 7626/7626 7646/7646
f 7625/7625 7646/7646 7645/7645
f 7626/7626 7627/7627 7647/7647
f 7626/7626 7647/7647 7646/7646
f 7627/7627 7628/7628 7648/7648
f 7627/7627 7648/7648 7647/7647
f 7628/7628 7629/7629 7649/7649
f 7628/7628 7649/7649 7648/7648
f 7629/7629 7630/7630 7650/7650
f 7629/7629 7650/7650 7649/7649
f 7630/7630 7631/7631 7651/7651
f 7630/7630 7651/7651 7650/7650
f 7631/7631 7632/7632 7652/7652
f 7631/7631 7652/7652 7651/7651
f 7632/7632 7633/7633 7653/7653
f 7632/7632 7653/7653 7652/7652
f 7633/7633 7634/7634 7654/7654
f 7633/7633 7654/7654 7653/7653
f 7634/7634 7635/7635 7655/7655
f 7634/7634 7655/7655 7654/7654
f 7635/7635 7636/7636 7656/7656
f 7635/7635 7656/7656 7655/7655
f 7636/7636 7617/7617 7637/7637
f 7636/7636 7637/7637 7656/7656
f 7278/7278 7277/7277 7657/7657
f 7279/7279 7278/7278 7657/7657
f 7280/7280 7279/7279 7657/7657
f 7281/7281 7280/7280 7657/7657
f 7282/7282 7281/7281 7657/7657
f 7283/7283 7282/7282 7657/7657
f 7284/7284 7283/7283 7657/7657
f 7285/7285 7284/7284 7657/7657
f 7286/7286 7285/7285 7657/7657
f 7287/7287 7286/7286 7657/7657
f 7288/7288 7287/7287 7657/7657
f 7289/7289 7288/7288 7657/7657
f 7290/7290 7289/7289 7657/7657
f 7291/7291 7290/7290 7657/7657
f 7292/7292 7291/7291 7657/7657
f 7293/7293 7292/7292 7657/7657
f 7294/7294 7293/7293 7657/7657
f 7295/7295 7294/7294 7657/7657
f 7296/7296 7295/7295 7657/7657
f 7277/7277 7296/7296 7657/7657
f 7637/7637 7638/7638 7658/7658
f 7638/7638 7639/7639 7658/7658
f 7639/7639 7640/7640 7658/7658
f 7640/7640 7641/7641 7658/7658
f 7641/7641 7642/7642 7658/7658
f 7642/7642 7643/7643 7658/7658
f 7643/7643 7644/7644 7658/7658
f 7644/7644 7645/7645 7658/7658
f 7645/7645 7646/7646 7658/7658
f 7646/7646 7647/7647 7658/7658
f 7647/7647 7648/7648 7658/7658
f 7648/7648 7649/7649 7658/7658
f 7649/7649 7650/7650 7658/7658
f 7650/7650 7651/7651 7658/7658
f 7651/7651 7652/7652 7658/7658
f 7652/7652 7653/7653 7658/7658
f 7653/7653 7654/7654 7658/7658
f 7654/7654 7655/7655 7658/7658
f 7655/7655 7656/7656 7658/7658
f 7656/7656 7637/7637 7658/7658
f 7659/7659 7660/7660 7676/7676
f 7659/7659 7676/7676 7675/7675
f 7660/7660 7661/7661 7677/7677
f 7660/7660 7677/7677 7676/7676
f 7661/7661 7662/7662 7678/7678
f 7661/7661 7678/7678 7677/7677
f 7662/7662 7663/7663 7679/7679
f 7662/7662 7679/7679 7678/7678
f 7663/7663 7664/7664 7680/7680
f 7663/7663 7680/7680 7679/7679
f 7664/7664 7665/7665 7681/7681
f 7664/7664 7681/7681 7680/7680
f 7665/7665 7666/7666 7682/7682
f 7665/7665 7682/7682 7681/7681
f 7666/7666 7667/7667 7683/7683
f 7666/7666 7683/7683 7682/7682
f 7667/7667 7668/7668 7684/7684
f 7667/7667 7684/7684 7683/7683
f 7668/7668 7669/7669 7685/7685
f 7668/7668 7685/7685 7684/7684
f 7669/7669 7670/7670 7686/7686
f 7669/7669 7686/7686 7685/7685
f 7670/7670 7671/7671 7687/7687
f 7670/7670 7687/7687 7686/7686
f 7671/7671 7672/7672 7688/7688
f 7671/7671 7688/7688 7687/7687
f 7672/7672 7673/7673 7689/7689
f 7672/7672 7689/7689 7688/7688
f 7673/7673 7674/7674 7690/7690
f 7673/7673 7690/7690 7689/7689
f 7674/7674 7659/7659 7675/7675
f 7674/7674 7675/7675 7690/7690
f 7675/7675 7676/7676 7692/7692
f 7675/7675 7692/7692 7691/7691
f 7676/7676 7677/7677 7693/7693
f 7676/7676 7693/7693 7692/7692
f 7677/7677 7678/7678 7694/7694
f 7677/7677 7694/7694 7693/7693
f 7678/7678 7679/7679 7695/7695
f 7678/7678 7695/7695 7694/7694
f 7679/7679 7680/7680 7696/7696
f 7679/7679 7696/7696 7695/7695
f 7680/7680 7681/7681 7697/7697
f 7680/7680 7697/7697 7696/7696
f 7681/7681 7682/7682 7698/7698
f 7681/7681 7698/7698 7697/7697
f 7682/7682 7683/7683 7699/7699
f 7682/7682 7699/7699 7698/7698
f 7683/7683 7684/7684 7700/7700
f 7683/7683 7700/7700 7699/7699
f 7684/7684 7685/7685 7701/7701
f 7684/7684 7701/7701 7700/7700
f 7685/7685 7686/7686 7702/7702
f 7685/7685 7702/7702 7701/7701
f 7686/7686 7687/7687 7703/7703
f 7686/7686 7703/7703 7702/7702
f 7687/7687 7688/7688 7704/7704
f 7687/7687 7704/7704 7703/7703
f 7688/7688 7689/7689 7705/7705
f 7688/7688 7705/7705 7704/7704
f 7689/7689 7690/7690 7706/7706
f 7689/7689 7706/7706 7705/7705
f 7690/7690 7675/7675 7691/7691
f 7690/7690 7691/7691 7706/7706
f 7691/7691 7692/7692 7708/7708
f 7691/7691 7708/7708 7707/7707
f 7692/7692 7693/7693 7709/7709
f 7692/7692 7709/7709 7708/7708
f 7693/7693 7694/7694 7710/7710
f 7693/7693 7710/7710 7709/7709
f 7694/7694 7695/7695 7711/7711
f 7694/7694 7711/7711 7710/7710
f 7695/7695 7696/7696 7712/7712
f 7695/7695 7712/7712 7711/7711
f 7696/7696 7697/7697 7713/7713
f 7696/7696 7713/7713 7712/7712
f 7697/7697 7698/7698 7714/7714
f 7697/7697 7714/7714 7713/7713
f 7698/7698 7699/7699 7715/7715
f 7698/7698 7715/7715 7714/7714
f 7699/7699 7700/7700 7716/7716
f 7699/7699 7716/7716 7715/7715
f 7700/7700 7701/7701 7717/7717
f 7700/7700 7717/7717 7716/7716
f 7701/7701 7702/7702 7718/7718
f 7701/7701 7718/7718 7717/7717
f 7702/7702 7703/7703 7719/7719
f 7702/7702 7719/7719 7718/7718
f 7703/7703 7704/7704 7720/7720
f 7703/7703 7720/7720 7719/7719
f 7704/7704 7705/7705 7721/7721
f 7704/7704 7721/7721 7720/7720
f 7705/7705 7706/7706 7722/7722
f 7705/7705 7722/7722 7721/7721
f 7706/7706 7691/7691 7707/7707
f 7706/7706 7707/7707 7722/7722
f 7707/7707 7708/7708 7724/7724
f 7707/7707 7724/7724 7723/7723
f 7708/7708 7709/7709 7725/7725
f 7708/7708 7725/7725 7724/7724
f 7709/7709 7710/7710 7726/7726
f 7709/7709 7726/7726 7725/7725
f 7710/7710 7711/7711 7727/7727
f 7710/7710 7727/7727 7726/7726
f 7711/7711 7712/7712 7728/7728
f 7711/7711 7728/7728 7727/7727
f 7712/7712 7713/7713 7729/7729
f 7712/7712 7729/7729 7728/7728
f 7713/7713 7714/7714 7730/7730
f 7713/7713 7730/7730 7729/7729
f 7714/7714 7715/7715 7731/7731
f 7714/7714 7731/7731 7730/7730
f 7715/7715 7716/7716 7732/7732
f 7715/7715 7732/7732 7731/7731
f 7716/7716 7717/7717 7733/7733
f 7716/7716 7733/7733 7732/7732
f 7717/7717 7718/7718 7734/7734
f 7717/7717 7734/7734 7733/7733
f 7718/7718 7719/7719 7735/7735
f 7718/7718 7735/7735 7734/7734
f 7719/7719 7720/7720 7736/7736
f 7719/7719 7736/7736 7735/7735
f 7720/7720 7721/7721 7737/7737
f 7720/7720 7737/7737 7736/7736
f 7721/7721 7722/7722 7738/7738
f 7721/7721 7738/7738 7737/7737
f 7722/7722 7707/7707 7723/7723
f 7722/7722 7723/7723 7738/7738
f 7723/7723 7724/7724 7740/7740
f 7723/7723 7740/7740 7739/7739
f 7724/7724 7725/7725 7741/7741
f 7724/7724 7741/7741 7740/7740
f 7725/7725 7726/7726 7742/7742
f 7725/7725 7742/7742 7741/7741
f 7726/7726 7727/7727 7743/7743
f 7726/7726 7743/7743 7742/7742
f 7727/7727 7728/7728 7744/7744
f 7727/7727 7744/7744 7743/7743
f 7728/7728 7729/7729 7745/7745
f 7728/7728 7745/7745 7744/7744
f 7729/7729 7730/7730 7746/7746
f 7729/7729 7746/7746 7745/7745
f 7730/7730 7731/7731 7747/7747
f 7730/7730 7747/7747 7746/7746
f 7731/7731 7732/7732 7748/7748
f 7731/7731 7748/7748 7747/7747
f 7732/7732 7733/7733 7749/7749
f 7732/7732 7749/7749 7748/7748
f 7733/7733 7734/7734 7750/7750
f 7733/7733 7750/7750 7749/7749
f 7734/7734 7735/7735 7751/7751
f 7734/7734 7751/7751 7750/7750
f 7735/7735 7736/7736 7752/7752
f 7735/7735 7752/7752 7751/7751
f 7736/7736 7737/7737 7753/7753
f 7736/7736 7753/7753 7752/7752
f 7737/7737 7738/7738 7754/7754
f 7737/7737 7754/7754 7753/7753
f 7738/7738 7723/7723 7739/7739
f 7738/7738 7739/7739 7754/7754
f 7739/7739 7740/7740 7756/7756
f 7739/7739 7756/7756 7755/7755
f 7740/7740 7741/7741 7757/7757
f 7740/7740 7757/7757 7756/7756
f 7741/7741 7742/7742 7758/7758
f 7741/7741 7758/7758 7757/7757
f 7742/7742 7743/7743 7759/7759
f 7742/7742 7759/7759 7758/7758
f 7743/7743 7744/7744 7760/7760
f 7743/7743 7760/7760 7759/7759
f 7744/7744 7745/7745 7761/7761
f 7744/7744 7761/7761 7760/7760
f 7745/7745 7746/7746 7762/7762
f 7745/7745 7762/7762 7761/7761
f 7746/7746 7747/7747 7763/7763
f 7746/7746 7763/7763 7762/7762
f 7747/7747 7748/7748 7764/7764
f 7747/7747 7764/7764 7763/7763
f 7748/7748 7749/7749 7765/7765
f 7748/7748 7765/7765 7764/7764
f 7749/7749 7750/7750 7766/7766
f 7749/7749 7766/7766 7765/7765
f 7750/7750 7751/7751 7767/7767
f 7750/7750 7767/7767 7766/7766
f 7751/7751 7752/7752 7768/7768
f 7751/7751 7768/7768 7767/7767
f 7752/7752 7753/7753 7769/7769
f 7752/7752 7769/7769 7768/7768
f 7753/7753 7754/7754 7770/7770
f 7753/7753 7770/7770 7769/7769
f 7754/7754 7739/7739 7755/7755
f 7754/7754 7755/7755 7770/7770
f 7755/7755 7756/7756 7772/7772
f 7755/7755 7772/7772 7771/7771
f 7756/7756 7757/7757 7773/7773
f 7756/7756 7773/7773 7772/7772
f 7757/7757 7758/7758 7774/7774
f 7757/7757 7774/7774 7773/7773
f 7758/7758 7759/7759 7775/7775
f 7758/7758 7775/7775 7774/7774
f 7759/7759 7760/7760 7776/7776
f 7759/7759 7776/7776 7775/7775
f 7760/7760 7761/7761 7777/7777
f 7760/7760 7777/7777 7776/7776
f 7761/7761 7762/7762 7778/7778
f 7761/7761 7778/7778 7777/7777
f 7762/7762 7763/7763 7779/7779
f 7762/7762 7779/7779 7778/7778
f 7763/7763 7764/7764 7780/7780
f 7763/7763 7780/7780 7779/7779
f 7764/7764 7765/7765 7781/7781
f 7764/7764 7781/7781 7780/7780
f 7765/7765 7766/7766 7782/7782
f 7765/7765 7782/7782 7781/7781
f 7766/7766 7767/7767 7783/7783
f 7766/7766 7783/7783 7782/7782
f 7767/7767 7768/7768 7784/7784
f 7767/7767 7784/7784 7783/7783
f 7768/7768 7769/7769 7785/7785
f 7768/7768 7785/7785 7784/7784
f 7769/7769 7770/7770 7786/7786
f 7769/7769 7786/7786 7785/7785
f 7770/7770 7755/7755 7771/7771
f 7770/7770 7771/7771 7786/7786
f 7771/7771 7772/7772 7788/7788
f 7771/7771 7788/7788 7787/7787
f 7772/7772 7773/7773 7789/7789
f 7772/7772 7789/7789 7788/7788
f 7773/7773 7774/7774 7790/7790
f 7773/7773 7790/7790 7789/7789
f 7774/7774 7775/7775 7791/7791
f 7774/7774 7791/7791 7790/7790
f 7775/7775 7776/7776 7792/7792
f 7775/7775 7792/7792 7791/7791
f 7776/7776 7777/7777 7793/7793
f 7776/7776 7793/7793 7792/7792
f 7777/7777 7778/7778 7794/7794
f 7777/7777 7794/7794 7793/7793
f 7778/7778 7779/7779 7795/7795
f 7778/7778 7795/7795 7794/7794
f 7779/7779 7780/7780 7796/7796
f 7779/7779 7796/7796 7795/7795
f 7780/7780 7781/7781 7797/7797
f 7780/7780 7797/7797 7796/7796
f 7781/7781 7782/7782 7798/7798
f 7781/7781 7798/7798 7797/7797
f 7782/7782 7783/7783 7799/7799
f 7782/7782 7799/7799 7798/7798
f 7783/7783 7784/7784 7800/7800
f 7783/7783 7800/7800 7799/7799
f 7784/7784 7785/7785 7801/7801
f 7784/7784 7801/7801 7800/7800
f 7785/7785 7786/7786 7802/7802
f 7785/7785 7802/7802 7801/7801
f 7786/7786 7771/7771 7787/7787
f 7786/7786 7787/7787 7802/7802
f 7787/7787 7788/7788 7804/7804
f 7787/7787 7804/7804 7803/7803
f 7788/7788 7789/7789 7805/7805
f 7788/7788 7805/7805 7804/7804
f 7789/7789 7790/7790 7806/7806
f 7789/7789 7806/7806 7805/7805
f 7790/7790 7791/7791 7807/7807
f 7790/7790 7807/7807 7806/7806
f 7791/7791 7792/7792 7808/7808
f 7791/7791 7808/7808 7807/7807
f 7792/7792 7793/7793 7809/7809
f 7792/7792 7809/7809 7808/7808
f 7793/7793 7794/7794 7810/7810
f 7793/7793 7810/7810 7809/7809
f 7794/7794 7795/7795 7811/7811
f 7794/7794 7811/7811 7810/7810
f 7795/7795 7796/7796 7812/7812
f 7795/7795 7812/7812 7811/7811
f 7796/7796 7797/7797 7813/7813
f 7796/7796 7813/7813 7812/7812
f 7797/7797 7798/7798 7814/7814
f 7797/7797 7814/7814 7813/7813
f 7798/7798 7799/7799 7815/7815
f 7798/7798 7815/7815 7814/7814
f 7799/7799 7800/7800 7816/7816
f 7799/7799 7816/7816 7815/7815
f 7800/7800 7801/7801 7817/7817
f 7800/7800 7817/7817 7816/7816
f 7801/7801 7802/7802 7818/7818
f 7801/7801 7818/7818 7817/7817
f 7802/7802 7787/7787 7803/7803
f 7802/7802 7803/7803 7818/7818
f 7803/7803 7804/7804 7820/7820
f 7803/7803 7820/7820 7819/7819
f 7804/7804 7805/7805 7821/7821
f 7804/7804 7821/7821 7820/7820
f 7805/7805 7806/7806 7822/7822
f 7805/7805 7822/7822 7821/7821
f 7806/7806 7807/7807 7823/7823
f 7806/7806 7823/7823 7822/7822
f 7807/7807 7808/7808 7824/7824
f 7807/7807 7824/7824 7823/7823
f 7808/7808 7809/7809 7825/7825
f 7808/7808 7825/7825 7824/7824
f 7809/7809 7810/7810 7826/7826
f 7809/7809 7826/7826 7825/7825
f 7810/7810 7811/7811 7827/7827
f 7810/7810 7827/7827 7826/7826
f 7811/7811 7812/7812 7828/7828
f 7811/7811 7828/7828 7827/7827
f 7812/7812 7813/7813 7829/7829
f 7812/7812 7829/7829 7828/7828
f 7813/7813 7814/7814 7830/7830
f 7813/7813 7830/7830 7829/7829
f 7814/7814 7815/7815 7831/7831
f 7814/7814 7831/7831 7830/7830
f 7815/7815 7816/7816 7832/7832
f 7815/7815 7832/7832 7831/7831
f 7816/7816 7817/7817 7833/7833
f 7816/7816 7833/7833 7832/7832
f 7817/7817 7818/7818 7834/7834
f 7817/7817 7834/7834 7833/7833
f 7818/7818 7803/7803 7819/7819
f 7818/7818 7819/7819 7834/7834
f 7819/7819 7820/7820 7836/7836
f 7819/7819 7836/7836 7835/7835
f 7820/7820 7821/7821 7837/7837
f 7820/7820 7837/7837 7836/7836
f 7821/7821 7822/7822 7838/7838
f 7821/7821 7838/7838 7837/7837
f 7822/7822 7823/7823 7839/7839
f 7822/7822 7839/7839 7838/7838
f 7823/7823 7824/7824 7840/7840
f 7823/7823 7840/7840 7839/7839
f 7824/7824 7825/7825 7841/7841
f 7824/7824 7841/7841 7840/7840
f 7825/7825 7826/7826 7842/7842
f 7825/7825 7842/7842 7841/7841
f 7826/7826 7827/7827 7843/7843
f 7826/7826 7843/7843 7842/7842
f 7827/7827 7828/7828 7844/7844
f 7827/7827 7844/7844 7843/7843
f 7828/7828 7829/7829 7845/7845
f 7828/7828 7845/7845 7844/7844
f 7829/7829 7830/7830 7846/7846
f 7829/7829 7846/7846 7845/7845
f 7830/7830 7831/7831 7847/7847
f 7830/7830 7847/7847 7846/7846
f 7831/7831 7832/7832 7848/7848
f 7831/7831 7848/7848 7847/7847
f 7832/7832 7833/7833 7849/7849
f 7832/7832 7849/7849 7848/7848
f 7833/7833 7834/7834 7850/7850
f 7833/7833 7850/7850 7849/7849
f 7834/7834 7819/7819 7835/7835
f 7834/7834 7835/7835 7850/7850
f 7835/7835 7836/7836 7852/7852
f 7835/7835 7852/7852 7851/7851
f 7836/7836 7837/7837 7853/7853
f 7836/7836 7853/7853 7852/7852
f 7837/7837 7838/7838 7854/7854
f 7837/7837 7854/7854 7853/7853
f 7838/7838 7839/7839 7855/7855
f 7838/7838 7855/7855 7854/7854
f 7839/7839 7840/7840 7856/7856
f 7839/7839 7856/7856 7855/7855
f 7840/7840 7841/7841 7857/7857
f 7840/7840 7857/7857 7856/7856
f 7841/7841 7842/7842 7858/7858
f 7841/7841 7858/7858 7857/7857
f 7842/7842 7843/7843 7859/7859
f 7842/7842 7859/7859 7858/7858
f 7843/7843 7844/7844 7860/7860
f 7843/7843 7860/7860 7859/7859
f 7844/7844 7845/7845 7861/7861
f 7844/7844 7861/7861 7860/7860
f 7845/7845 7846/7846 7862/7862
f 7845/7845 7862/7862 7861/7861
f 7846/7846 7847/7847 7863/7863
f 7846/7846 7863/7863 7862/7862
f 7847/7847 7848/7848 7864/7864
f 7847/7847 7864/7864 7863/7863
f 7848/7848 7849/7849 7865/7865
f 7848/7848 7865/7865 7864/7864
f 7849/7849 7850/7850 7866/7866
f 7849/7849 7866/7866 7865/7865
f 7850/7850 7835/7835 7851/7851
f 7850/7850 7851/7851 7866/7866
f 7851/7851 7852/7852 7868/7868
f 7851/7851 7868/7868 7867/7867
f 7852/7852 7853/7853 7869/7869
f 7852/7852 7869/7869 7868/7868
f 7853/7853 7854/7854 7870/7870
f 7853/7853 7870/7870 7869/7869
f 7854/7854 7855/7855 7871/7871
f 7854/7854 7871/7871 7870/7870
f 7855/7855 7856/7856 7872/7872
f 7855/7855 7872/7872 7871/7871
f 7856/7856 7857/7857 7873/7873
f 7856/7856 7873/7873 7872/7872
f 7857/7857 7858/7858 7874/7874
f 7857/7857 7874/7874 7873/7873
f 7858/7858 7859/7859 7875/7875
f 7858/7858 7875/7875 7874/7874
f 7859/7859 7860/7860 7876/7876
f 7859/7859 7876/7876 7875/7875
f 7860/7860 7861/7861 7877/7877
f 7860/7860 7877/7877 7876/7876
f 7861/7861 7862/7862 7878/7878
f 7861/7861 7878/7878 7877/7877
f 7862/7862 7863/7863 7879/7879
f 7862/7862 7879/7879 7878/7878
f 7863/7863 7864/7864 7880/7880
f 7863/7863 7880/7880 7879/7879
f 7864/7864 7865/7865 7881/7881
f 7864/7864 7881/7881 7880/7880
f 7865/7865 7866/7866 7882/7882
f 7865/7865 7882/7882 7881/7881
f 7866/7866 7851/7851 7867/7867
f 7866/7866 7867/7867 7882/7882
f 7867/7867 7868/7868 7884/7884
f 7867/7867 7884/7884 7883/7883
f 7868/7868 7869/7869 7885/7885
f 7868/7868 7885/7885 7884/7884
f 7869/7869 7870/7870 7886/7886
f 7869/7869 7886/7886 7885/7885
f 7870/7870 7871/7871 7887/7887
f 7870/7870 7887/7887 7886/7886
f 7871/7871 7872/7872 7888/7888
f 7871/7871 7888/7888 7887/7887
f 7872/7872 7873/7873 7889/7889
f 7872/7872 7889/7889 7888/7888
f 7873/7873 7874/7874 7890/7890
f 7873/7873 7890/7890 7889/7889
f 7874/7874 7875/7875 7891/7891
f 7874/7874 7891/7891 7890/7890
f 7875/7875 7876/7876 7892/7892
f 7875/7875 7892/7892 7891/7891
f 7876/7876 7877/7877 7893/7893
f 7876/7876 7893/7893 7892/7892
f 7877/7877 7878/7878 7894/7894
f 7877/7877 7894/7894 7893/7893
f 7878/7878 7879/7879 7895/7895
f 7878/7878 7895/7895 7894/7894
f 7879/7879 7880/7880 7896/7896
f 7879/7879 7896/7896 7895/7895
f 7880/7880 7881/7881 7897/7897
f 7880/7880 7897/7897 7896/7896
f 7881/7881 7882/7882 7898/7898
f 7881/7881 7898/7898 7897/7897
f 7882/7882 7867/7867 7883/7883
f 7882/7882 7883/7883 7898/7898
f 7660/7660 7659/7659 7899/7899
f 7661/7661 7660/7660 7899/7899
f 7662/7662 7661/7661 7899/7899
f 7663/7663 7662/7662 7899/7899
f 7664/7664 7663/7663 7899/7899
f 7665/7665 7664/7664 7899/7899
f 7666/7666 7665/7665 7899/7899
f 7667/7667 7666/7666 7899/7899
f 7668/7668 7667/7667 7899/7899
f 7669/7669 7668/7668 7899/7899
f 7670/7670 7669/7669 7899/7899
f 7671/7671 7670/7670 7899/7899
f 7672/7672 7671/7671 7899/7899
f 7673/7673 7672/7672 7899/7899
f 7674/7674 7673/7673 7899/7899
f 7659/7659 7674/7674 7899/7899
f 7883/7883 7884/7884 7900/7900
f 7884/7884 7885/7885 7900/7900
f 7885/7885 7886/7886 7900/7900
f 7886/7886 7887/7887 7900/7900
f 7887/7887 7888/7888 7900/7900
f 7888/7888 7889/7889 7900/7900
f 7889/7889 7890/7890 7900/7900
f 7890/7890 7891/7891 7900/7900
f 7891/7891 7892/7892 7900/7900
f 7892/7892 7893/7893 7900/7900
f 7893/7893 7894/7894 7900/7900
f 7894/7894 7895/7895 7900/7900
f 7895/7895 7896/7896 7900/7900
f 7896/7896 7897/7897 7900/7900
f 7897/7897 7898/7898 7900/7900
f 7898/7898 7883/7883 7900/7900
f 7901/7901 7902/7902 7918/7918
f 7901/7901 7918/7918 7917/7917
f 7902/7902 7903/7903 7919/7919
f 7902/7902 7919/7919 7918/7918
f 7903/7903 7904/7904 7920/7920
f 7903/7903 7920/7920 7919/7919
f 7904/7904 7905/7905 7921/7921
f 7904/7904 7921/7921 7920/7920
f 7905/7905 7906/7906 7922/7922
f 7905/7905 7922/7922 7921/7921
f 7906/7906 7907/7907 7923/7923
f 7906/7906 7923/7923 7922/7922
f 7907/7907 7908/7908 7924/7924
f 7907/7907 7924/7924 7923/7923
f 7908/7908 7909/7909 7925/7925
f 7908/7908 7925/7925 7924/7924
f 7909/7909 7910/7910 7926/7926
f 7909/7909 7926/7926 7925/7925
f 7910/7910 7911/7911 7927/7927
f 7910/7910 7927/7927 7926/7926
f 7911/7911 7912/7912 7928/7928
f 7911/7911 7928/7928 7927/7927
f 7912/7912 7913/7913 7929/7929
f 7912/7912 7929/7929 7928/7928
f 7913/7913 7914/7914 7930/7930
f 7913/7913 7930/7930 7929/7929
f 7914/7914 7915/7915 7931/7931
f 7914/7914 7931/7931 7930/7930
f 7915/7915 7916/7916 7932/7932
f 7915/7915 7932/7932 7931/7931
f 7916/7916 7901/7901 7917/7917
f 7916/7916 7917/7917 7932/7932
f 7917/7917 7918/7918 7934/7934
f 7917/7917 7934/7934 7933/7933
f 7918/7918 7919/7919 7935/7935
f 7918/7918 7935/7935 7934/7934
f 7919/7919 7920/7920 7936/7936
f 7919/7919 7936/7936 7935/7935
f 7920/7920 7921/7921 7937/7937
f 7920/7920 7937/7937 7936/7936
f 7921/7921 7922/7922 7938/7938
f 7921/7921 7938/7938 7937/7937
f 7922/7922 7923/7923 7939/7939
f 7922/7922 7939/7939 7938/7938
f 7923/7923 7924/7924 7940/7940
f 7923/7923 7940/7940 7939/7939
f 7924/7924 7925/7925 7941/7941
f 7924/7924 7941/7941 7940/7940
f 7925/7925 7926/7926 7942/7942
f 7925/7925 7942/7942 7941/7941
f 7926/7926 7927/7927 7943/7943
f 7926/7926 7943/7943 7942/7942
f 7927/7927 7928/7928 7944/7944
f 7927/7927 7944/7944 7943/7943
f 7928/7928 7929/7929 7945/7945
f 7928/7928 7945/7945 7944/7944
f 7929/7929 7930/7930 7946/7946
f 7929/7929 7946/7946 7945/7945
f 7930/7930 7931/7931 7947/7947
f 7930/7930 7947/7947 7946/7946
f 7931/7931 7932/7932 7948/7948
f 7931/7931 7948/7948 7947/7947
f 7932/7932 7917/7917 7933/7933
f 7932/7932 7933/7933 7948/7948
f 7933/7933 7934/7934 7950/7950
f 7933/7933 7950/7950 7949/7949
f 7934/7934 7935/7935 7951/7951
f 7934/7934 7951/7951 7950/7950
f 7935/7935 7936/7936 7952/7952
f 7935/7935 7952/7952 7951/7951
f 7936/7936 7937/7937 7953/7953
f 7936/7936 7953/7953 7952/7952
f 7937/7937 7938/7938 7954/7954
f 7937/7937 7954/7954 7953/7953
f 7938/7938 7939/7939 7955/7955
f 7938/7938 7955/7955 7954/7954
f 7939/7939 7940/7940 7956/7956
f 7939/7939 7956/7956 7955/7955
f 7940/7940 7941/7941 7957/7957
f 7940/7940 7957/7957 7956/7956
f 7941/7941 7942/7942 7958/7958
f 7941/7941 7958/7958 7957/7957
f 7942/7942 7943/7943 7959/7959
f 7942/7942 7959/7959 7958/7958
f 7943/7943 7944/7944 7960/7960
f 7943/7943 7960/7960 7959/7959
f 7944/7944 7945/7945 7961/7961
f 7944/7944 7961/7961 7960/7960
f 7945/7945 7946/7946 7962/7962
f 7945/7945 7962/7962 7961/7961
f 7946/7946 7947/7947 7963/7963
f 7946/7946 7963/7963 7962/7962
f 7947/7947 7948/7948 7964/7964
f 7947/7947 7964/7964 7963/7963
f 7948/7948 7933/7933 7949/7949
f 7948/7948 7949/7949 7964/7964
f 7949/7949 7950/7950 7966/7966
f 7949/7949 7966/7966 7965/7965
f 7950/7950 7951/7951 7967/7967
f 7950/7950 7967/7967 7966/7966
f 7951/7951 7952/7952 7968/7968
f 7951/7951 7968/7968 7967/7967
f 7952/7952 7953/7953 7969/7969
f 7952/7952 7969/7969 7968/7968
f 7953/7953 7954/7954 7970/7970
f 7953/7953 7970/7970 7969/7969
f 7954/7954 7955/7955 7971/7971
f 7954/7954 7971/7971 7970/7970
f 7955/7955 7956/7956 7972/7972
f 7955/7955 7972/7972 7971/7971
f 7956/7956 7957/7957 7973/7973
f 7956/7956 7973/7973 7972/7972
f 7957/7957 7958/7958 7974/7974
f 7957/7957 7974/7974 7973/7973
f 7958/7958 7959/7959 7975/7975
f 7958/7958 7975/7975 7974/7974
f 7959/7959 7960/7960 7976/7976
f 7959/7959 7976/7976 7975/7975
f 7960/7960 7961/7961 7977/7977
f 7960/7960 7977/7977 7976/7976
f 7961/7961 7962/7962 7978/7978
f 7961/7961 7978/7978 7977/7977
f 7962/7962 7963/7963 7979/7979
f 7962/7962 7979/7979 7978/7978
f 7963/7963 7964/7964 7980/7980
f 7963/7963 7980/7980 7979/7979
f 7964/7964 7949/7949 7965/7965
f 7964/7964 7965/7965 7980/7980
f 7965/7965 7966/7966 7982/7982
f 7965/7965 7982/7982 7981/7981
f 7966/7966 7967/7967 7983/7983
f 7966/7966 7983/7983 7982/7982
f 7967/7967 7968/7968 7984/7984
f 7967/7967 7984/7984 7983/7983
f 7968/7968 7969/7969 7985/7985
f 7968/7968 7985/7985 7984/7984
f 7969/7969 7970/7970 7986/7986
f 7969/7969 7986/7986 7985/7985
f 7970/7970 7971/7971 7987/7987
f 7970/7970 7987/7987 7986/7986
f 7971/7971 7972/7972 7988/7988
f 7971/7971 7988/7988 7987/7987
f 7972/7972 7973/7973 7989/7989
f 7972/7972 7989/7989 7988/7988
f 7973/7973 7974/7974 7990/7990
f 7973/7973 7990/7990 7989/7989
f 7974/7974 7975/7975 7991/7991
f 7974/7974 7991/7991 7990/7990
f 7975/7975 7976/7976 7992/7992
f 7975/7975 7992/7992 7991/7991
f 7976/7976 7977/7977 7993/7993
f 7976/7976 7993/7993 7992/7992
f 7977/7977 7978/7978 7994/7994
f 7977/7977 7994/7994 7993/7993
f 7978/7978 7979/7979 7995/7995
f 7978/7978 7995/7995 7994/7994
f 7979/7979 7980/7980 7996/7996
f 7979/7979 7996/7996 7995/7995
f 7980/7980 7965/7965 7981/7981
f 7980/7980 7981/7981 7996/7996
f 7981/7981 7982/7982 7998/7998
f 7981/7981 7998/7998 7997/7997
f 7982/7982 7983/7983 7999/7999
f 7982/7982 7999/7999 7998/7998
f 7983/7983 7984/7984 8000/8000
f 7983/7983 8000/8000 7999/7999
f 7984/7984 7985/7985 8001/8001
f 7984/7984 8001/8001 8000/8000
f 7985/7985 7986/7986 8002/8002
f 7985/7985 8002/8002 8001/8001
f 7986/7986 7987/7987 8003/8003
f 7986/7986 8003/8003 8002/8002
f 7987/7987 7988/7988 8004/8004
f 7987/7987 8004/8004 8003/8003
f 7988/7988 7989/7989 8005/8005
f 7988/7988 8005/8005 8004/8004
f 7989/7989 7990/7990 8006/8006
f 7989/7989 8006/8006 8005/8005
f 7990/7990 7991/7991 8007/8007
f 7990/7990 8007/8007 8006/8006
f 7991/7991 7992/7992 8008/8008
f 7991/7991 8008/8008 8007/8007
f 7992/7992 7993/7993 8009/8009
f 7992/7992 8009/8009 8008/8008
f 7993/7993 7994/7994 8010/8010
f 7993/7993 8010/8010 8009/8009
f 7994/7994 7995/7995 8011/8011
f 7994/7994 8011/8011 8010/8010
f 7995/7995 7996/7996 8012/8012
f 7995/7995 8012/8012 8011/8011
f 7996/7996 7981/7981 7997/7997
f 7996/7996 7997/7997 8012/8012
f 7997/7997 7998/7998 8014/8014
f 7997/7997 8014/8014 8013/8013
f 7998/7998 7999/7999 8015/8015
f 7998/7998 8015/8015 8014/8014
f 7999/7999 8000/8000 8016/8016
f 7999/7999 8016/8016 8015/8015
f 8000/8000 8001/8001 8017/8017
f 8000/8000 8017/8017 8016/8016
f 8001/8001 8002/8002 8018/8018
f 8001/8001 8018/8018 8017/8017
f 8002/8002 8003/8003 8019/8019
f 8002/8002 8019/8019 8018/8018
f 8003/8003 8004/8004 8020/8020
f 8003/8003 8020/8020 8019/8019
f 8004/8004 8005/8005 8021/8021
f 8004/8004 8021/8021 8020/8020
f 8005/8005 8006/8006 8022/8022
f 8005/8005 8022/8022 8021/8021
f 8006/8006 8007/8007 8023/8023
f 8006/8006 8023/8023 8022/8022
f 8007/8007 8008/8008 8024/8024
f 8007/8007 8024/8024 8023/8023
f 8008/8008 8009/8009 8025/8025
f 8008/8008 8025/8025 8024/8024
f 8009/8009 8010/8010 8026/8026
f 8009/8009 8026/8026 8025/8025
f 8010/8010 8011/8011 8027/8027
f 8010/8010 8027/8027 8026/8026
f 8011/8011 8012/8012 8028/8028
f 8011/8011 8028/8028 8027/8027
f 8012/8012 7997/7997 8013/8013
f 8012/8012 8013/8013 8028/8028
f 8013/8013 8014/8014 8030/8030
f 8013/8013 8030/8030 8029/8029
f 8014/8014 8015/8015 8031/8031
f 8014/8014 8031/8031 8030/8030
f 8015/8015 8016/8016 8032/8032
f 8015/8015 8032/8032 8031/8031
f 8016/8016 8017/8017 8033/8033
f 8016/8016 8033/8033 8032/8032
f 8017/8017 8018/8018 8034/8034
f 8017/8017 8034/8034 8033/8033
f 8018/8018 8019/8019 8035/8035
f 8018/8018 8035/8035 8034/8034
f 8019/8019 8020/8020 8036/8036
f 8019/8019 8036/8036 8035/8035
f 8020/8020 8021/8021 8037/8037
f 8020/8020 8037/8037 8036/8036
f 8021/8021 8022/8022 8038/8038
f 8021/8021 8038/8038 8037/8037
f 8022/8022 8023/8023 8039/8039
f 8022/8022 8039/8039 8038/8038
f 8023/8023 8024/8024 8040/8040
f 8023/8023 8040/8040 8039/8039
f 8024/8024 8025/8025 8041/8041
f 8024/8024 8041/8041 8040/8040
f 8025/8025 8026/8026 8042/8042
f 8025/8025 8042/8042 8041/8041
f 8026/8026 8027/8027 8043/8043
f 8026/8026 8043/8043 8042/8042
f 8027/8027 8028/8028 8044/8044
f 8027/8027 8044/8044 8043/8043
f 8028/8028 8013/8013 8029/8029
f 8028/8028 8029/8029 8044/8044
f 8029/8029 8030/8030 8046/8046
f 8029/8029 8046/8046 8045/8045
f 8030/8030 8031/8031 8047/8047
f 8030/8030 8047/8047 8046/8046
f 8031/8031 8032/8032 8048/8048
f 8031/8031 8048/8048 8047/8047
f 8032/8032 8033/8033 8049/8049
f 8032/8032 8049/8049 8048/8048
f 8033/8033 8034/8034 8050/8050
f 8033/8033 8050/8050 8049/8049
f 8034/8034 8035/8035 8051/8051
f 8034/8034 8051/8051 8050/8050
f 8035/8035 8036/8036 8052/8052
f 8035/8035 8052/8052 8051/8051
f 8036/8036 8037/8037 8053/8053
f 8036/8036 8053/8053 8052/8052
f 8037/8037 8038/8038 8054/8054
f 8037/8037 8054/8054 8053/8053
f 8038/8038 8039/8039 8055/8055
f 8038/8038 8055/8055 8054/8054
f 8039/8039 8040/8040 8056/8056
f 8039/8039 8056/8056 8055/8055
f 8040/8040 8041/8041 8057/8057
f 8040/8040 8057/8057 8056/8056
f 8041/8041 8042/8042 8058/8058
f 8041/8041 8058/8058 8057/8057
f 8042/8042 8043/8043 8059/8059
f 8042/8042 8059/8059 8058/8058
f 8043/8043 8044/8044 8060/8060
f 8043/8043 8060/8060 8059/8059
f 8044/8044 8029/8029 8045/8045
f 8044/8044 8045/8045 8060/8060
f 8045/8045 8046/8046 8062/8062
f 8045/8045 8062/8062 8061/8061
f 8046/8046 8047/8047 8063/8063
f 8046/8046 8063/8063 8062/8062
f 8047/8047 8048/8048 8064/8064
f 8047/8047 8064/8064 8063/8063
f 8048/8048 8049/8049 8065/8065
f 8048/8048 8065/8065 8064/8064
f 8049/8049 8050/8050 8066/8066
f 8049/8049 8066/8066 8065/8065
f 8050/8050 8051/8051 8067/8067
f 8050/8050 8067/8067 8066/8066
f 8051/8051 8052/8052 8068/8068
f 8051/8051 8068/8068 8067/8067
f 8052/8052 8053/8053 8069/8069
f 8052/8052 8069/8069 8068/8068
f 8053/8053 8054/8054 8070/8070
f 8053/8053 8070/8070 8069/8069
f 8054/8054 8055/8055 8071/8071
f 8054/8054 8071/8071 8070/8070
f 8055/8055 8056/8056 8072/8072
f 8055/8055 8072/8072 8071/8071
f 8056/8056 8057/8057 8073/8073
f 8056/8056 8073/8073 8072/8072
f 8057/8057 8058/8058 8074/8074
f 8057/8057 8074/8074 8073/8073
f 8058/8058 8059/8059 8075/8075
f 8058/8058 8075/8075 8074/8074
f 8059/8059 8060/8060 8076/8076
f 8059/8059 8076/8076 8075/8075
f 8060/8060 8045/8045 8061/8061
f 8060/8060 8061/8061 8076/8076
f 8061/8061 8062/8062 8078/8078
f 8061/8061 8078/8078 8077/8077
f 8062/8062 8063/8063 8079/8079
f 8062/8062 8079/8079 8078/8078
f 8063/8063 8064/8064 8080/8080
f 8063/8063 8080/8080 8079/8079
f 8064/8064 8065/8065 8081/8081
f 8064/8064 8081/8081 8080/8080
f 8065/8065 8066/8066 8082/8082
f 8065/8065 8082/8082 8081/8081
f 8066/8066 8067/8067 8083/8083
f 8066/8066 8083/8083 8082/8082
f 8067/8067 8068/8068 8084/8084
f 8067/8067 8084/8084 8083/8083
f 8068/8068 8069/8069 8085/8085
f 8068/8068 8085/8085 8084/8084
f 8069/8069 8070/8070 8086/8086
f 8069/8069 8086/8086 8085/8085
f 8070/8070 8071/8071 8087/8087
f 8070/8070 8087/8087 8086/8086
f 8071/8071 8072/8072 8088/8088
f 8071/8071 8088/8088 8087/8087
f 8072/8072 8073/8073 8089/8089
f 8072/8072 8089/8089 8088/8088
f 8073/8073 8074/8074 8090/8090
f 8073/8073 8090/8090 8089/8089
f 8074/8074 8075/8075 8091/8091
f 8074/8074 8091/8091 8090/8090
f 8075/8075 8076/8076 8092/8092
f 8075/8075 8092/8092 8091/8091
f 8076/8076 8061/8061 8077/8077
f 8076/8076 8077/8077 8092/8092
f 8077/8077 8078/8078 8094/8094
f 8077/8077 8094/8094 8093/8093
f 8078/8078 8079/8079 8095/8095
f 8078/8078 8095/8095 8094/8094
f 8079/8079 8080/8080 8096/8096
f 8079/8079 8096/8096 8095/8095
f 8080/8080 8081/8081 8097/8097
f 8080/8080 8097/8097 8096/8096
f 8081/8081 8082/8082 8098/8098
f 8081/8081 8098/8098 8097/8097
f 8082/8082 8083/8083 8099/8099
f 8082/8082 8099/8099 8098/8098
f 8083/8083 8084/8084 8100/8100
f 8083/8083 8100/8100 8099/8099
f 8084/8084 8085/8085 8101/8101
f 8084/8084 8101/8101 8100/8100
f 8085/8085 8086/8086 8102/8102
f 8085/8085 8102/8102 8101/8101
f 8086/8086 8087/8087 8103/8103
f 8086/8086 8103/8103 8102/8102
f 8087/8087 8088/8088 8104/8104
f 8087/8087 8104/8104 8103/8103
f 8088/8088 8089/8089 8105/8105
f 8088/8088 8105/8105 8104/8104
f 8089/8089 8090/8090 8106/8106
f 8089/8089 8106/8106 8105/8105
f 8090/8090 8091/8091 8107/8107
f 8090/8090 8107/8107 8106/8106
f 8091/8091 8092/8092 8108/8108
f 8091/8091 8108/8108 8107/8107
f 8092/8092 8077/8077 8093/8093
f 8092/8092 8093/8093 8108/8108
f 8093/8093 8094/8094 8110/8110
f 8093/8093 8110/8110 8109/8109
f 8094/8094 8095/8095 8111/8111
f 8094/8094 8111/8111 8110/8110
f 8095/8095 8096/8096 8112/8112
f 8095/8095 8112/8112 8111/8111
f 8096/8096 8097/8097 8113/8113
f 8096/8096 8113/8113 8112/8112
f 8097/8097 8098/8098 8114/8114
f 8097/8097 8114/8114 8113/8113
f 8098/8098 8099/8099 8115/8115
f 8098/8098 8115/8115 8114/8114
f 8099/8099 8100/8100 8116/8116
f 8099/8099 8116/8116 8115/8115
f 8100/8100 8101/8101 8117/8117
f 8100/8100 8117/8117 8116/8116
f 8101/8101 8102/8102 8118/8118
f 8101/8101 8118/8118 8117/8117
f 8102/8102 8103/8103 8119/8119
f 8102/8102 8119/8119 8118/8118
f 8103/8103 8104/8104 8120/8120
f 8103/8103 8120/8120 8119/8119
f 8104/8104 8105/8105 8121/8121
f 8104/8104 8121/8121 8120/8120
f 8105/8105 8106/8106 8122/8122
f 8105/8105 8122/8122 8121/8121
f 8106/8106 8107/8107 8123/8123
f 8106/8106 8123/8123 8122/8122
f 8107/8107 8108/8108 8124/8124
f 8107/8107 8124/8124 8123/8123
f 8108/8108 8093/8093 8109/8109
f 8108/8108 8109/8109 8124/8124
f 8109/8109 8110/8110 8126/8126
f 8109/8109 8126/8126 8125/8125
f 8110/8110 8111/8111 8127/8127
f 8110/8110 8127/8127 8126/8126
f 8111/8111 8112/8112 8128/8128
f 8111/8111 8128/8128 8127/8127
f 8112/8112 8113/8113 8129/8129
f 8112/8112 8129/8129 8128/8128
f 8113/8113 8114/8114 8130/8130
f 8113/8113 8130/8130 8129/8129
f 8114/8114 8115/8115 8131/8131
f 8114/8114 8131/8131 8130/8130
f 8115/8115 8116/8116 8132/8132
f 8115/8115 8132/8132 8131/8131
f 8116/8116 8117/8117 8133/8133
f 8116/8116 8133/8133 8132/8132
f 8117/8117 8118/8118 8134/8134
f 8117/8117 8134/8134 8133/8133
f 8118/8118 8119/8119 8135/8135
f 8118/8118 8135/8135 8134/8134
f 8119/8119 8120/8120 8136/8136
f 8119/8119 8136/8136 8135/8135
f 8120/8120 8121/8121 8137/8137
f 8120/8120 8137/8137 8136/8136
f 8121/8121 8122/8122 8138/8138
f 8121/8121 8138/8138 8137/8137
f 8122/8122 8123/8123 8139/8139
f 8122/8122 8139/8139 8138/8138
f 8123/8123 8124/8124 8140/8140
f 8123/8123 8140/8140 8139/8139
f 8124/8124 8109/8109 8125/8125
f 8124/8124 8125/8125 8140/8140
f 7902/7902 7901/7901 8141/8141
f 7903/7903 7902/7902 8141/8141
f 7904/7904 7903/7903 8141/8141
f 7905/7905 7904/7904 8141/8141
f 7906/7906 7905/7905 8141/8141
f 7907/7907 7906/7906 8141/8141
f 7908/7908 7907/7907 8141/8141
f 7909/7909 7908/7908 8141/8141
f 7910/7910 7909/7909 8141/8141
f 7911/7911 7910/7910 8141/8141
f 7912/7912 7911/7911 8141/8141
f 7913/7913 7912/7912 8141/8141
f 7914/7914 7913/7913 8141/8141
f 7915/7915 7914/7914 8141/8141
f 7916/7916 7915/7915 8141/8141
f 7901/7901 7916/7916 8141/8141
f 8125/8125 8126/8126 8142/8142
f 8126/8126 8127/8127 8142/8142
f 8127/8127 8128/8128 8142/8142
f 8128/8128 8129/8129 8142/8142
f 8129/8129 8130/8130 8142/8142
f 8130/8130 8131/8131 8142/8142
f 8131/8131 8132/8132 8142/8142
f 8132/8132 8133/8133 8142/8142
f 8133/8133 8134/8134 8142/8142
f 8134/8134 8135/8135 8142/8142
f 8135/8135 8136/8136 8142/8142
f 8136/8136 8137/8137 8142/8142
f 8137/8137 8138/8138 8142/8142
f 8138/8138 8139/8139 8142/8142
f 8139/8139 8140/8140 8142/8142
f 8140/8140 8125/8125 8142/8142
f 8143/8143 8163/8163 8164/8164
f 8143/8143 8164/8164 8144/8144
f 8144/8144 8164/8164 8165/8165
f 8144/8144 8165/8165 8145/8145
f 8145/8145 8165/8165 8166/8166
f 8145/8145 8166/8166 8146/8146
f 8146/8146 8166/8166 8167/8167
f 8146/8146 8167/8167 8147/8147
f 8147/8147 8167/8167 8168/8168
f 8147/8147 8168/8168 8148/8148
f 8148/8148 8168/8168 8169/8169
f 8148/8148 8169/8169 8149/8149
f 8149/8149 8169/8169 8170/8170
f 8149/8149 8170/8170 8150/8150
f 8150/8150 8170/8170 8171/8171
f 8150/8150 8171/8171 8151/8151
f 8151/8151 8171/8171 8172/8172
f 8151/8151 8172/8172 8152/8152
f 8152/8152 8172/8172 8173/8173
f 8152/8152 8173/8173 8153/8153
f 8153/8153 8173/8173 8174/8174
f 8153/8153 8174/8174 8154/8154
f 8154/8154 8174/8174 8175/8175
f 8154/8154 8175/8175 8155/8155
f 8155/8155 8175/8175 8176/8176
f 8155/8155 8176/8176 8156/8156
f 8156/8156 8176/8176 8177/8177
f 8156/8156 8177/8177 8157/8157
f 8157/8157 8177/8177 8178/8178
f 8157/8157 8178/8178 8158/8158
f 8158/8158 8178/8178 8179/8179
f 8158/8158 8179/8179 8159/8159
f 8159/8159 8179/8179 8180/8180
f 8159/8159 8180/8180 8160/8160
f 8160/8160 8180/8180 8181/8181
f 8160/8160 8181/8181 8161/8161
f 8161/8161 8181/8181 8182/8182
f 8161/8161 8182/8182 8162/8162
f 8162/8162 8182/8182 8163/8163
f 8162/8162 8163/8163 8143/8143
f 8163/8163 8183/8183 8184/8184
f 8163/8163 8184/8184 8164/8164
f 8164/8164 8184/8184 8185/8185
f 8164/8164 8185/8185 8165/8165
f 8165/8165 8185/8185 8186/8186
f 8165/8165 8186/8186 8166/8166
f 8166/8166 8186/8186 8187/8187
f 8166/8166 8187/8187 8167/8167
f 8167/8167 8187/8187 8188/8188
f 8167/8167 8188/8188 8168/8168
f 8168/8168 8188/8188 8189/8189
f 8168/8168 8189/8189 8169/8169
f 8169/8169 8189/8189 8190/8190
f 8169/8169 8190/8190 8170/8170
f 8170/8170 8190/8190 8191/8191
f 8170/8170 8191/8191 8171/8171
f 8171/8171 8191/8191 8192/8192
f 8171/8171 8192/8192 8172/8172
f 8172/8172 8192/8192 8193/8193
f 8172/8172 8193/8193 8173/8173
f 8173/8173 8193/8193 8194/8194
f 8173/8173 8194/8194 8174/8174
f 8174/8174 8194/8194 8195/8195
f 8174/8174 8195/8195 8175/8175
f 8175/8175 8195/8195 8196/8196
f 8175/8175 8196/8196 8176/8176
f 8176/8176 8196/8196 8197/8197
f 8176/8176 8197/8197 8177/8177
f 8177/8177 8197/8197 8198/8198
f 8177/8177 8198/8198 8178/8178
f 8178/8178 8198/8198 8199/8199
f 8178/8178 8199/8199 8179/8179
f 8179/8179 8199/8199 8200/8200
f 8179/8179 8200/8200 8180/8180
f 8180/8180 8200/8200 8201/8201
f 8180/8180 8201/8201 8181/8181
f 8181/8181 8201/8201 8202/8202
f 8181/8181 8202/8202 8182/8182
f 8182/8182 8202/8202 8183/8183
f 8182/8182 8183/8183 8163/8163
f 8183/8183 8203/8203 8204/8204
f 8183/8183 8204/8204 8184/8184
f 8184/8184 8204/8204 8205/8205
f 8184/8184 8205/8205 8185/8185
f 8185/8185 8205/8205 8206/8206
f 8185/8185 8206/8206 8186/8186
f 8186/8186 8206/8206 8207/8207
f 8186/8186 8207/8207 8187/8187
f 8187/8187 8207/8207 8208/8208
f 8187/8187 8208/8208 8188/8188
f 8188/8188 8208/8208 8209/8209
f 8188/8188 8209/8209 8189/8189
f 8189/8189 8209/8209 8210/8210
f 8189/8189 8210/8210 8190/8190
f 8190/8190 8210/8210 8211/8211
f 8190/8190 8211/8211 8191/8191
f 8191/8191 8211/8211 8212/8212
f 8191/8191 8212/8212 8192/8192
f 8192/8192 8212/8212 8213/8213
f 8192/8192 8213/8213 8193/8193
f 8193/8193 8213/8213 8214/8214
f 8193/8193 8214/8214 8194/8194
f 8194/8194 8214/8214 8215/8215
f 8194/8194 8215/8215 8195/8195
f 8195/8195 8215/8215 8216/8216
f 8195/8195 8216/8216 8196/8196
f 8196/8196 8216/8216 8217/8217
f 8196/8196 8217/8217 8197/8197
f 8197/8197 8217/8217 8218/8218
f 8197/8197 8218/8218 8198/8198
f 8198/8198 8218/8218 8219/8219
f 8198/8198 8219/8219 8199/8199
f 8199/8199 8219/8219 8220/8220
f 8199/8199 8220/8220 8200/8200
f 8200/8200 8220/8220 8221/8221
f 8200/8200 8221/8221 8201/8201
f 8201/8201 8221/8221 8222/8222
f 8201/8201 8222/8222 8202/8202
f 8202/8202 8222/8222 8203/8203
f 8202/8202 8203/8203 8183/8183
f 8203/8203 8223/8223 8224/8224
f 8203/8203 8224/8224 8204/8204
f 8204/8204 8224/8224 8225/8225
f 8204/8204 8225/8225 8205/8205
f 8205/8205 8225/8225 8226/8226
f 8205/8205 8226/8226 8206/8206
f 8206/8206 8226/8226 8227/8227
f 8206/8206 8227/8227 8207/8207
f 8207/8207 8227/8227 8228/8228
f 8207/8207 8228/8228 8208/8208
f 8208/8208 8228/8228 8229/8229
f 8208/8208 8229/8229 8209/8209
f 8209/8209 8229/8229 8230/8230
f 8209/8209 8230/8230 8210/8210
f 8210/8210 8230/8230 8231/8231
f 8210/8210 8231/8231 8211/8211
f 8211/8211 8231/8231 8232/8232
f 8211/8211 8232/8232 8212/8212
f 8212/8212 8232/8232 8233/8233
f 8212/8212 8233/8233 8213/8213
f 8213/8213 8233/8233 8234/8234
f 8213/8213 8234/8234 8214/8214
f 8214/8214 8234/8234 8235/8235
f 8214/8214 8235/8235 8215/8215
f 8215/8215 8235/8235 8236/8236
f 8215/8215 8236/8236 8216/8216
f 8216/8216 8236/8236 8237/8237
f 8216/8216 8237/8237 8217/8217
f 8217/8217 8237/8237 8238/8238
f 8217/8217 8238/8238 8218/8218
f 8218/8218 8238/8238 8239/8239
f 8218/8218 8239/8239 8219/8219
f 8219/8219 8239/8239 8240/8240
f 8219/8219 8240/8240 8220/8220
f 8220/8220 8240/8240 8241/8241
f 8220/8220 8241/8241 8221/8221
f 8221/8221 8241/8241 8242/8242
f 8221/8221 8242/8242 8222/8222
f 8222/8222 8242/8242 8223/8223
f 8222/8222 8223/8223 8203/8203
f 8223/8223 8243/8243 8244/8244
f 8223/8223 8244/8244 8224/8224
f 8224/8224 8244/8244 8245/8245
f 8224/8224 8245/8245 8225/8225
f 8225/8225 8245/8245 8246/8246
f 8225/8225 8246/8246 8226/8226
f 8226/8226 8246/8246 8247/8247
f 8226/8226 8247/8247 8227/8227
f 8227/8227 8247/8247 8248/8248
f 8227/8227 8248/8248 8228/8228
f 8228/8228 8248/8248 8249/8249
f 8228/8228 8249/8249 8229/8229
f 8229/8229 8249/8249 8250/8250
f 8229/8229 8250/8250 8230/8230
f 8230/8230 8250/8250 8251/8251
f 8230/8230 8251/8251 8231/8231
f 8231/8231 8251/8251 8252/8252
f 8231/8231 8252/8252 8232/8232
f 8232/8232 8252/8252 8253/8253
f 8232/8232 8253/8253 8233/8233
f 8233/8233 8253/8253 8254/8254
f 8233/8233 8254/8254 8234/8234
f 8234/8234 8254/8254 8255/8255
f 8234/8234 8255/8255 8235/8235
f 8235/8235 8255/8255 8256/8256
f 8235/8235 8256/8256 8236/8236
f 8236/8236 8256/8256 8257/8257
f 8236/8236 8257/8257 8237/8237
f 8237/8237 8257/8257 8258/8258
f 8237/8237 8258/8258 8238/8238
f 8238/8238 8258/8258 8259/8259
f 8238/8238 8259/8259 8239/8239
f 8239/8239 8259/8259 8260/8260
f 8239/8239 8260/8260 8240/8240
f 8240/8240 8260/8260 8261/8261
f 8240/8240 8261/8261 8241/8241
f 8241/8241 8261/8261 8262/8262
f 8241/8241 8262/8262 8242/8242
f 8242/8242 8262/8262 8243/8243
f 8242/8242 8243/8243 8223/8223
f 8243/8243 8263/8263 8264/8264
f 8243/8243 8264/8264 8244/8244
f 8244/8244 8264/8264 8265/8265
f 8244/8244 8265/8265 8245/8245
f 8245/8245 8265/8265 8266/8266
f 8245/8245 8266/8266 8246/8246
f 8246/8246 8266/8266 8267/8267
f 8246/8246 8267/8267 8247/8247
f 8247/8247 8267/8267 8268/8268
f 8247/8247 8268/8268 8248/8248
f 8248/8248 8268/8268 8269/8269
f 8248/8248 8269/8269 8249/8249
f 8249/8249 8269/8269 8270/8270
f 8249/8249 8270/8270 8250/8250
f 8250/8250 8270/8270 8271/8271
f 8250/8250 8271/8271 8251/8251
f 8251/8251 8271/8271 8272/8272
f 8251/8251 8272/8272 8252/8252
f 8252/8252 8272/8272 8273/8273
f 8252/8252 8273/8273 8253/8253
f 8253/8253 8273/8273 8274/8274
f 8253/8253 8274/8274 8254/8254
f 8254/8254 8274/8274 8275/8275
f 8254/8254 8275/8275 8255/8255
f 8255/8255 8275/8275 8276/8276
f 8255/8255 8276/8276 8256/8256
f 8256/8256 8276/8276 8277/8277
f 8256/8256 8277/8277 8257/8257
f 8257/8257 8277/8277 8278/8278
f 8257/8257 8278/8278 8258/8258
f 8258/8258 8278/8278 8279/8279
f 8258/8258 8279/8279 8259/8259
f 8259/8259 8279/8279 8280/8280
f 8259/8259 8280/8280 8260/8260
f 8260/8260 8280/8280 8281/8281
f 8260/8260 8281/8281 8261/8261
f 8261/8261 8281/8281 8282/8282
f 8261/8261 8282/8282 8262/8262
f 8262/8262 8282/8282 8263/8263
f 8262/8262 8263/8263 8243/8243
f 8263/8263 8283/8283 8284/8284
f 8263/8263 8284/8284 8264/8264
f 8264/8264 8284/8284 8285/8285
f 8264/8264 8285/8285 8265/8265
f 8265/8265 8285/8285 8286/8286
f 8265/8265 8286/8286 8266/8266
f 8266/8266 8286/8286 8287/8287
f 8266/8266 8287/8287 8267/8267
f 8267/8267 8287/8287 8288/8288
f 8267/8267 8288/8288 8268/8268
f 8268/8268 8288/8288 8289/8289
f 8268/8268 8289/8289 8269/8269
f 8269/8269 8289/8289 8290/8290
f 8269/8269 8290/8290 8270/8270
f 8270/8270 8290/8290 8291/8291
f 8270/8270 8291/8291 8271/8271
f 8271/8271 8291/8291 8292/8292
f 8271/8271 8292/8292 8272/8272
f 8272/8272 8292/8292 8293/8293
f 8272/8272 8293/8293 8273/8273
f 8273/8273 8293/8293 8294/8294
f 8273/8273 8294/8294 8274/8274
f 8274/8274 8294/8294 8295/8295
f 8274/8274 8295/8295 8275/8275
f 8275/8275 8295/8295 8296/8296
f 8275/8275 8296/8296 8276/8276
f 8276/8276 8296/8296 8297/8297
f 8276/8276 8297/8297 8277/8277
f 8277/8277 8297/8297 8298/8298
f 8277/8277 8298/8298 8278/8278
f 8278/8278 8298/8298 8299/8299
f 8278/8278 8299/8299 8279/8279
f 8279/8279 8299/8299 8300/8300
f 8279/8279 8300/8300 8280/8280
f 8280/8280 8300/8300 8301/8301
f 8280/8280 8301/8301 8281/8281
f 8281/8281 8301/8301 8302/8302
f 8281/8281 8302/8302 8282/8282
f 8282/8282 8302/8302 8283/8283
f 8282/8282 8283/8283 8263/8263
f 8283/8283 8303/8303 8304/8304
f 8283/8283 8304/8304 8284/8284
f 8284/8284 8304/8304 8305/8305
f 8284/8284 8305/8305 8285/8285
f 8285/8285 8305/8305 8306/8306
f 8285/8285 8306/8306 8286/8286
f 8286/8286 8306/8306 8307/8307
f 8286/8286 8307/8307 8287/8287
f 8287/8287 8307/8307 8308/8308
f 8287/8287 8308/8308 8288/8288
f 8288/8288 8308/8308 8309/8309
f 8288/8288 8309/8309 8289/8289
f 8289/8289 8309/8309 8310/8310
f 8289/8289 8310/8310 8290/8290
f 8290/8290 8310/8310 8311/8311
f 8290/8290 8311/8311 8291/8291
f 8291/8291 8311/8311 8312/8312
f 8291/8291 8312/8312 8292/8292
f 8292/8292 8312/8312 8313/8313
f 8292/8292 8313/8313 8293/8293
f 8293/8293 8313/8313 8314/8314
f 8293/8293 8314/8314 8294/8294
f 8294/8294 8314/8314 8315/8315
f 8294/8294 8315/8315 8295/8295
f 8295/8295 8315/8315 8316/8316
f 8295/8295 8316/8316 8296/8296
f 8296/8296 8316/8316 8317/8317
f 8296/8296 8317/8317 8297/8297
f 8297/8297 8317/8317 8318/8318
f 8297/8297 8318/8318 8298/8298
f 8298/8298 8318/8318 8319/8319
f 8298/8298 8319/8319 8299/8299
f 8299/8299 8319/8319 8320/8320
f 8299/8299 8320/8320 8300/8300
f 8300/8300 8320/8320 8321/8321
f 8300/8300 8321/8321 8301/8301
f 8301/8301 8321/8321 8322/8322
f 8301/8301 8322/8322 8302/8302
f 8302/8302 8322/8322 8303/8303
f 8302/8302 8303/8303 8283/8283
f 8303/8303 8323/8323 8324/8324
f 8303/8303 8324/8324 8304/8304
f 8304/8304 8324/8324 8325/8325
f 8304/8304 8325/8325 8305/8305
f 8305/8305 8325/8325 8326/8326
f 8305/8305 8326/8326 8306/8306
f 8306/8306 8326/8326 8327/8327
f 8306/8306 8327/8327 8307/8307
f 8307/8307 8327/8327 8328/8328
f 8307/8307 8328/8328 8308/8308
f 8308/8308 8328/8328 8329/8329
f 8308/8308 8329/8329 8309/8309
f 8309/8309 8329/8329 8330/8330
f 8309/8309 8330/8330 8310/8310
f 8310/8310 8330/8330 8331/8331
f 8310/8310 8331/8331 8311/8311
f 8311/8311 8331/8331 8332/8332
f 8311/8311 8332/8332 8312/8312
f 8312/8312 8332/8332 8333/8333
f 8312/8312 8333/8333 8313/8313
f 8313/8313 8333/8333 8334/8334
f 8313/8313 8334/8334 8314/8314
f 8314/8314 8334/8334 8335/8335
f 8314/8314 8335/8335 8315/8315
f 8315/8315 8335/8335 8336/8336
f 8315/8315 8336/8336 8316/8316
f 8316/8316 8336/8336 8337/8337
f 8316/8316 8337/8337 8317/8317
f 8317/8317 8337/8337 8338/8338
f 8317/8317 8338/8338 8318/8318
f 8318/8318 8338/8338 8339/8339
f 8318/8318 8339/8339 8319/8319
f 8319/8319 8339/8339 8340/8340
f 8319/8319 8340/8340 8320/8320
f 8320/8320 8340/8340 8341/8341
f 8320/8320 8341/8341 8321/8321
f 8321/8321 8341/8341 8342/8342
f 8321/8321 8342/8342 8322/8322
f 8322/8322 8342/8342 8323/8323
f 8322/8322 8323/8323 8303/8303
f 8323/8323 8343/8343 8344/8344
f 8323/8323 8344/8344 8324/8324
f 8324/8324 8344/8344 8345/8345
f 8324/8324 8345/8345 8325/8325
f 8325/8325 8345/8345 8346/8346
f 8325/8325 8346/8346 8326/8326
f 8326/8326 8346/8346 8347/8347
f 8326/8326 8347/8347 8327/8327
f 8327/8327 8347/8347 8348/8348
f 8327/8327 8348/8348 8328/8328
f 8328/8328 8348/8348 8349/8349
f 8328/8328 8349/8349 8329/8329
f 8329/8329 8349/8349 8350/8350
f 8329/8329 8350/8350 8330/8330
f 8330/8330 8350/8350 8351/8351
f 8330/8330 8351/8351 8331/8331
f 8331/8331 8351/8351 8352/8352
f 8331/8331 8352/8352 8332/8332
f 8332/8332 8352/8352 8353/8353
f 8332/8332 8353/8353 8333/8333
f 8333/8333 8353/8353 8354/8354
f 8333/8333 8354/8354 8334/8334
f 8334/8334 8354/8354 8355/8355
f 8334/8334 8355/8355 8335/8335
f 8335/8335 8355/8355 8356/8356
f 8335/8335 8356/8356 8336/8336
f 8336/8336 8356/8356 8357/8357
f 8336/8336 8357/8357 8337/8337
f 8337/8337 8357/8357 8358/8358
f 8337/8337 8358/8358 8338/8338
f 8338/8338 8358/8358 8359/8359
f 8338/8338 8359/8359 8339/8339
f 8339/8339 8359/8359 8360/8360
f 8339/8339 8360/8360 8340/8340
f 8340/8340 8360/8360 8361/8361
f 8340/8340 8361/8361 8341/8341
f 8341/8341 8361/8361 8362/8362
f 8341/8341 8362/8362 8342/8342
f 8342/8342 8362/8362 8343/8343
f 8342/8342 8343/8343 8323/8323
f 8343/8343 8363/8363 8364/8364
f 8343/8343 8364/8364 8344/8344
f 8344/8344 8364/8364 8365/8365
f 8344/8344 8365/8365 8345/8345
f 8345/8345 8365/8365 8366/8366
f 8345/8345 8366/8366 8346/8346
f 8346/8346 8366/8366 8367/8367
f 8346/8346 8367/8367 8347/8347
f 8347/8347 8367/8367 8368/8368
f 8347/8347 8368/8368 8348/8348
f 8348/8348 8368/8368 8369/8369
f 8348/8348 8369/8369 8349/8349
f 8349/8349 8369/8369 8370/8370
f 8349/8349 8370/8370 8350/8350
f 8350/8350 8370/8370 8371/8371
f 8350/8350 8371/8371 8351/8351
f 8351/8351 8371/8371 8372/8372
f 8351/8351 8372/8372 8352/8352
f 8352/8352 8372/8372 8373/8373
f 8352/8352 8373/8373 8353/8353
f 8353/8353 8373/8373 8374/8374
f 8353/8353 8374/8374 8354/8354
f 8354/8354 8374/8374 8375/8375
f 8354/8354 8375/8375 8355/8355
f 8355/8355 8375/8375 8376/8376
f 8355/8355 8376/8376 8356/8356
f 8356/8356 8376/8376 8377/8377
f 8356/8356 8377/8377 8357/8357
f 8357/8357 8377/8377 8378/8378
f 8357/8357 8378/8378 8358/8358
f 8358/8358 8378/8378 8379/8379
f 8358/8358 8379/8379 8359/8359
f 8359/8359 8379/8379 8380/8380
f 8359/8359 8380/8380 8360/8360
f 8360/8360 8380/8380 8381/8381
f 8360/8360 8381/8381 8361/8361
f 8361/8361 8381/8381 8382/8382
f 8361/8361 8382/8382 8362/8362
f 8362/8362 8382/8382 8363/8363
f 8362/8362 8363/8363 8343/8343
f 8363/8363 8383/8383 8384/8384
f 8363/8363 8384/8384 8364/8364
f 8364/8364 8384/8384 8385/8385
f 8364/8364 8385/8385 8365/8365
f 8365/8365 8385/8385 8386/8386
f 8365/8365 8386/8386 8366/8366
f 8366/8366 8386/8386 8387/8387
f 8366/8366 8387/8387 8367/8367
f 8367/8367 8387/8387 8388/8388
f 8367/8367 8388/8388 8368/8368
f 8368/8368 8388/8388 8389/8389
f 8368/8368 8389/8389 8369/8369
f 8369/8369 8389/8389 8390/8390
f 8369/8369 8390/8390 8370/8370
f 8370/8370 8390/8390 8391/8391
f 8370/8370 8391/8391 8371/8371
f 8371/8371 8391/8391 8392/8392
f 8371/8371 8392/8392 8372/8372
f 8372/8372 8392/8392 8393/8393
f 8372/8372 8393/8393 8373/8373
f 8373/8373 8393/8393 8394/8394
f 8373/8373 8394/8394 8374/8374
f 8374/8374 8394/8394 8395/8395
f 8374/8374 8395/8395 8375/8375
f 8375/8375 8395/8395 8396/8396
f 8375/8375 8396/8396 8376/8376
f 8376/8376 8396/8396 8397/8397
f 8376/8376 8397/8397 8377/8377
f 8377/8377 8397/8397 8398/8398
f 8377/8377 8398/8398 8378/8378
f 8378/8378 8398/8398 8399/8399
f 8378/8378 8399/8399 8379/8379
f 8379/8379 8399/8399 8400/8400
f 8379/8379 8400/8400 8380/8380
f 8380/8380 8400/8400 8401/8401
f 8380/8380 8401/8401 8381/8381
f 8381/8381 8401/8401 8402/8402
f 8381/8381 8402/8402 8382/8382
f 8382/8382 8402/8402 8383/8383
f 8382/8382 8383/8383 8363/8363
f 8383/8383 8403/8403 8404/8404
f 8383/8383 8404/8404 8384/8384
f 8384/8384 8404/8404 8405/8405
f 8384/8384 8405/8405 8385/8385
f 8385/8385 8405/8405 8406/8406
f 8385/8385 8406/8406 8386/8386
f 8386/8386 8406/8406 8407/8407
f 8386/8386 8407/8407 8387/8387
f 8387/8387 8407/8407 8408/8408
f 8387/8387 8408/8408 8388/8388
f 8388/8388 8408/8408 8409/8409
f 8388/8388 8409/8409 8389/8389
f 8389/8389 8409/8409 8410/8410
f 8389/8389 8410/8410 8390/8390
f 8390/8390 8410/8410 8411/8411
f 8390/8390 8411/8411 8391/8391
f 8391/8391 8411/8411 8412/8412
f 8391/8391 8412/8412 8392/8392
f 8392/8392 8412/8412 8413/8413
f 8392/8392 8413/8413 8393/8393
f 8393/8393 8413/8413 8414/8414
f 8393/8393 8414/8414 8394/8394
f 8394/8394 8414/8414 8415/8415
f 8394/8394 8415/8415 8395/8395
f 8395/8395 8415/8415 8416/8416
f 8395/8395 8416/8416 8396/8396
f 8396/8396 8416/8416 8417/8417
f 8396/8396 8417/8417 8397/8397
f 8397/8397 8417/8417 8418/8418
f 8397/8397 8418/8418 8398/8398
f 8398/8398 8418/8418 8419/8419
f 8398/8398 8419/8419 8399/8399
f 8399/8399 8419/8419 8420/8420
f 8399/8399 8420/8420 8400/8400
f 8400/8400 8420/8420 8421/8421
f 8400/8400 8421/8421 8401/8401
f 8401/8401 8421/8421 8422/8422
f 8401/8401 8422/8422 8402/8402
f 8402/8402 8422/8422 8403/8403
f 8402/8402 8403/8403 8383/8383
f 8403/8403 8423/8423 8424/8424
f 8403/8403 8424/8424 8404/8404
f 8404/8404 8424/8424 8425/8425
f 8404/8404 8425/8425 8405/8405
f 8405/8405 8425/8425 8426/8426
f 8405/8405 8426/8426 8406/8406
f 8406/8406 8426/8426 8427/8427
f 8406/8406 8427/8427 8407/8407
f 8407/8407 8427/8427 8428/8428
f 8407/8407 8428/8428 8408/8408
f 8408/8408 8428/8428 8429/8429
f 8408/8408 8429/8429 8409/8409
f 8409/8409 8429/8429 8430/8430
f 8409/8409 8430/8430 8410/8410
f 8410/8410 8430/8430 8431/8431
f 8410/8410 8431/8431 8411/8411
f 8411/8411 8431/8431 8432/8432
f 8411/8411 8432/8432 8412/8412
f 8412/8412 8432/8432 8433/8433
f 8412/8412 8433/8433 8413/8413
f 8413/8413 8433/8433 8434/8434
f 8413/8413 8434/8434 8414/8414
f 8414/8414 8434/8434 8435/8435
f 8414/8414 8435/8435 8415/8415
f 8415/8415 8435/8435 8436/8436
f 8415/8415 8436/8436 8416/8416
f 8416/8416 8436/8436 8437/8437
f 8416/8416 8437/8437 8417/8417
f 8417/8417 8437/8437 8438/8438
f 8417/8417 8438/8438 8418/8418
f 8418/8418 8438/8438 8439/8439
f 8418/8418 8439/8439 8419/8419
f 8419/8419 8439/8439 8440/8440
f 8419/8419 8440/8440 8420/8420
f 8420/8420 8440/8440 8441/8441
f 8420/8420 8441/8441 8421/8421
f 8421/8421 8441/8441 8442/8442
f 8421/8421 8442/8442 8422/8422
f 8422/8422 8442/8442 8423/8423
f 8422/8422 8423/8423 8403/8403
f 8423/8423 8443/8443 8444/8444
f 8423/8423 8444/8444 8424/8424
f 8424/8424 8444/8444 8445/8445
f 8424/8424 8445/8445 8425/8425
f 8425/8425 8445/8445 8446/8446
f 8425/8425 8446/8446 8426/8426
f 8426/8426 8446/8446 8447/8447
f 8426/8426 8447/8447 8427/8427
f 8427/8427 8447/8447 8448/8448
f 8427/8427 8448/8448 8428/8428
f 8428/8428 8448/8448 8449/8449
f 8428/8428 8449/8449 8429/8429
f 8429/8429 8449/8449 8450/8450
f 8429/8429 8450/8450 8430/8430
f 8430/8430 8450/8450 8451/8451
f 8430/8430 8451/8451 8431/8431
f 8431/8431 8451/8451 8452/8452
f 8431/8431 8452/8452 8432/8432
f 8432/8432 8452/8452 8453/8453
f 8432/8432 8453/8453 8433/8433
f 8433/8433 8453/8453 8454/8454
f 8433/8433 8454/8454 8434/8434
f 8434/8434 8454/8454 8455/8455
f 8434/8434 8455/8455 8435/8435
f 8435/8435 8455/8455 8456/8456
f 8435/8435 8456/8456 8436/8436
f 8436/8436 8456/8456 8457/8457
f 8436/8436 8457/8457 8437/8437
f 8437/8437 8457/8457 8458/8458
f 8437/8437 8458/8458 8438/8438
f 8438/8438 8458/8458 8459/8459
f 8438/8438 8459/8459 8439/8439
f 8439/8439 8459/8459 8460/8460
f 8439/8439 8460/8460 8440/8440
f 8440/8440 8460/8460 8461/8461
f 8440/8440 8461/8461 8441/8441
f 8441/8441 8461/8461 8462/8462
f 8441/8441 8462/8462 8442/8442
f 8442/8442 8462/8462 8443/8443
f 8442/8442 8443/8443 8423/8423
f 8443/8443 8463/8463 8464/8464
f 8443/8443 8464/8464 8444/8444
f 8444/8444 8464/8464 8465/8465
f 8444/8444 8465/8465 8445/8445
f 8445/8445 8465/8465 8466/8466
f 8445/8445 8466/8466 8446/8446
f 8446/8446 8466/8466 8467/8467
f 8446/8446 8467/8467 8447/8447
f 8447/8447 8467/8467 8468/8468
f 8447/8447 8468/8468 8448/8448
f 8448/8448 8468/8468 8469/8469
f 8448/8448 8469/8469 8449/8449
f 8449/8449 8469/8469 8470/8470
f 8449/8449 8470/8470 8450/8450
f 8450/8450 8470/8470 8471/8471
f 8450/8450 8471/8471 8451/8451
f 8451/8451 8471/8471 8472/8472
f 8451/8451 8472/8472 8452/8452
f 8452/8452 8472/8472 8473/8473
f 8452/8452 8473/8473 8453/8453
f 8453/8453 8473/8473 8474/8474
f 8453/8453 8474/8474 8454/8454
f 8454/8454 8474/8474 8475/8475
f 8454/8454 8475/8475 8455/8455
f 8455/8455 8475/8475 8476/8476
f 8455/8455 8476/8476 8456/8456
f 8456/8456 8476/8476 8477/8477
f 8456/8456 8477/8477 8457/8457
f 8457/8457 8477/8477 8478/8478
f 8457/8457 8478/8478 8458/8458
f 8458/8458 8478/8478 8479/8479
f 8458/8458 8479/8479 8459/8459
f 8459/8459 8479/8479 8480/8480
f 8459/8459 8480/8480 8460/8460
f 8460/8460 8480/8480 8481/8481
f 8460/8460 8481/8481 8461/8461
f 8461/8461 8481/8481 8482/8482
f 8461/8461 8482/8482 8462/8462
f 8462/8462 8482/8482 8463/8463
f 8462/8462 8463/8463 8443/8443
f 8463/8463 8483/8483 8484/8484
f 8463/8463 8484/8484 8464/8464
f 8464/8464 8484/8484 8485/8485
f 8464/8464 8485/8485 8465/8465
f 8465/8465 8485/8485 8486/8486
f 8465/8465 8486/8486 8466/8466
f 8466/8466 8486/8486 8487/8487
f 8466/8466 8487/8487 8467/8467
f 8467/8467 8487/8487 8488/8488
f 8467/8467 8488/8488 8468/8468
f 8468/8468 8488/8488 8489/8489
f 8468/8468 8489/8489 8469/8469
f 8469/8469 8489/8489 8490/8490
f 8469/8469 8490/8490 8470/8470
f 8470/8470 8490/8490 8491/8491
f 8470/8470 8491/8491 8471/8471
f 8471/8471 8491/8491 8492/8492
f 8471/8471 8492/8492 8472/8472
f 8472/8472 8492/8492 8493/8493
f 8472/8472 8493/8493 8473/8473
f 8473/8473 8493/8493 8494/8494
f 8473/8473 8494/8494 8474/8474
f 8474/8474 8494/8494 8495/8495
f 8474/8474 8495/8495 8475/8475
f 8475/8475 8495/8495 8496/8496
f 8475/8475 8496/8496 8476/8476
f 8476/8476 8496/8496 8497/8497
f 8476/8476 8497/8497 8477/8477
f 8477/8477 8497/8497 8498/8498
f 8477/8477 8498/8498 8478/8478
f 8478/8478 8498/8498 8499/8499
f 8478/8478 8499/8499 8479/8479
f 8479/8479 8499/8499 8500/8500
f 8479/8479 8500/8500 8480/8480
f 8480/8480 8500/8500 8501/8501
f 8480/8480 8501/8501 8481/8481
f 8481/8481 8501/8501 8502/8502
f 8481/8481 8502/8502 8482/8482
f 8482/8482 8502/8502 8483/8483
f 8482/8482 8483/8483 8463/8463
f 8483/8483 8503/8503 8504/8504
f 8483/8483 8504/8504 8484/8484
f 8484/8484 8504/8504 8505/8505
f 8484/8484 8505/8505 8485/8485
f 8485/8485 8505/8505 8506/8506
f 8485/8485 8506/8506 8486/8486
f 8486/8486 8506/8506 8507/8507
f 8486/8486 8507/8507 8487/8487
f 8487/8487 8507/8507 8508/8508
f 8487/8487 8508/8508 8488/8488
f 8488/8488 8508/8508 8509/8509
f 8488/8488 8509/8509 8489/8489
f 8489/8489 8509/8509 8510/8510
f 8489/8489 8510/8510 8490/8490
f 8490/8490 8510/8510 8511/8511
f 8490/8490 8511/8511 8491/8491
f 8491/8491 8511/8511 8512/8512
f 8491/8491 8512/8512 8492/8492
f 8492/8492 8512/8512 8513/8513
f 8492/8492 8513/8513 8493/8493
f 8493/8493 8513/8513 8514/8514
f 8493/8493 8514/8514 8494/8494
f 8494/8494 8514/8514 8515/8515
f 8494/8494 8515/8515 8495/8495
f 8495/8495 8515/8515 8516/8516
f 8495/8495 8516/8516 8496/8496
f 8496/8496 8516/8516 8517/8517
f 8496/8496 8517/8517 8497/8497
f 8497/8497 8517/8517 8518/8518
f 8497/8497 8518/8518 8498/8498
f 8498/8498 8518/8518 8519/8519
f 8498/8498 8519/8519 8499/8499
f 8499/8499 8519/8519 8520/8520
f 8499/8499 8520/8520 8500/8500
f 8500/8500 8520/8520 8521/8521
f 8500/8500 8521/8521 8501/8501
f 8501/8501 8521/8521 8522/8522
f 8501/8501 8522/8522 8502/8502
f 8502/8502 8522/8522 8503/8503
f 8502/8502 8503/8503 8483/8483
f 8144/8144 8523/8523 8143/8143
f 8145/8145 8523/8523 8144/8144
f 8146/8146 8523/8523 8145/8145
f 8147/8147 8523/8523 8146/8146
f 8148/8148 8523/8523 8147/8147
f 8149/8149 8523/8523 8148/8148
f 8150/8150 8523/8523 8149/8149
f 8151/8151 8523/8523 8150/8150
f 8152/8152 8523/8523 8151/8151
f 8153/8153 8523/8523 8152/8152
f 8154/8154 8523/8523 8153/8153
f 8155/8155 8523/8523 8154/8154
f 8156/8156 8523/8523 8155/8155
f 8157/8157 8523/8523 8156/8156
f 8158/8158 8523/8523 8157/8157
f 8159/8159 8523/8523 8158/8158
f 8160/8160 8523/8523 8159/8159
f 8161/8161 8523/8523 8160/8160
f 8162/8162 8523/8523 8161/8161
f 8143/8143 8523/8523 8162/8162
f 8503/8503 8524/8524 8504/8504
f 8504/8504 8524/8524 8505/8505
f 8505/8505 8524/8524 8506/8506
f 8506/8506 8524/8524 8507/8507
f 8507/8507 8524/8524 8508/8508
f 8508/8508 8524/8524 8509/8509
f 8509/8509 8524/8524 8510/8510
f 8510/8510 8524/8524 8511/8511
f 8511/8511 8524/8524 8512/8512
f 8512/8512 8524/8524 8513/8513
f 8513/8513 8524/8524 8514/8514
f 8514/8514 8524/8524 8515/8515
f 8515/8515 8524/8524 8516/8516
f 8516/8516 8524/8524 8517/8517
f 8517/8517 8524/8524 8518/8518
f 8518/8518 8524/8524 8519/8519
f 8519/8519 8524/8524 8520/8520
f 8520/8520 8524/8524 8521/8521
f 8521/8521 8524/8524 8522/8522
f 8522/8522 8524/8524 8503/8503
f 8525/8525 8541/8541 8542/8542
f 8525/8525 8542/8542 8526/8526
f 8526/8526 8542/8542 8543/8543
f 8526/8526 8543/8543 8527/8527
f 8527/8527 8543/8543 8544/8544
f 8527/8527 8544/8544 8528/8528
f 8528/8528 8544/8544 8545/8545
f 8528/8528 8545/8545 8529/8529
f 8529/8529 8545/8545 8546/8546
f 8529/8529 8546/8546 8530/8530
f 8530/8530 8546/8546 8547/8547
f 8530/8530 8547/8547 8531/8531
f 8531/8531 8547/8547 8548/8548
f 8531/8531 8548/8548 8532/8532
f 8532/8532 8548/8548 8549/8549
f 8532/8532 8549/8549 8533/8533
f 8533/8533 8549/8549 8550/8550
f 8533/8533 8550/8550 8534/8534
f 8534/8534 8550/8550 8551/8551
f 8534/8534 8551/8551 8535/8535
f 8535/8535 8551/8551 8552/8552
f 8535/8535 8552/8552 8536/8536
f 8536/8536 8552/8552 8553/8553
f 8536/8536 8553/8553 8537/8537
f 8537/8537 8553/8553 8554/8554
f 8537/8537 8554/8554 8538/8538
f 8538/8538 8554/8554 8555/8555
f 8538/8538 8555/8555 8539/8539
f 8539/8539 8555/8555 8556/8556
f 8539/8539 8556/8556 8540/8540
f 8540/8540 8556/8556 8541/8541
f 8540/8540 8541/8541 8525/8525
f 8541/8541 8557/8557 8558/8558
f 8541/8541 8558/8558 8542/8542
f 8542/8542 8558/8558 8559/8559
f 8542/8542 8559/8559 8543/8543
f 8543/8543 8559/8559 8560/8560
f 8543/8543 8560/8560 8544/8544
f 8544/8544 8560/8560 8561/8561
f 8544/8544 8561/8561 8545/8545
f 8545/8545 8561/8561 8562/8562
f 8545/8545 8562/8562 8546/8546
f 8546/8546 8562/8562 8563/8563
f 8546/8546 8563/8563 8547/8547
f 8547/8547 8563/8563 8564/8564
f 8547/8547 8564/8564 8548/8548
f 8548/8548 8564/8564 8565/8565
f 8548/8548 8565/8565 8549/8549
f 8549/8549 8565/8565 8566/8566
f 8549/8549 8566/8566 8550/8550
f 8550/8550 8566/8566 8567/8567
f 8550/8550 8567/8567 8551/8551
f 8551/8551 8567/8567 8568/8568
f 8551/8551 8568/8568 8552/8552
f 8552/8552 8568/8568 8569/8569
f 8552/8552 8569/8569 8553/8553
f 8553/8553 8569/8569 8570/8570
f 8553/8553 8570/8570 8554/8554
f 8554/8554 8570/8570 8571/8571
f 8554/8554 8571/8571 8555/8555
f 8555/8555 8571/8571 8572/8572
f 8555/8555 8572/8572 8556/8556
f 8556/8556 8572/8572 8557/8557
f 8556/8556 8557/8557 8541/8541
f 8557/8557 8573/8573 8574/8574
f 8557/8557 8574/8574 8558/8558
f 8558/8558 8574/8574 8575/8575
f 8558/8558 8575/8575 8559/8559
f 8559/8559 8575/8575 8576/8576
f 8559/8559 8576/8576 8560/8560
f 8560/8560 8576/8576 8577/8577
f 8560/8560 8577/8577 8561/8561
f 8561/8561 8577/8577 8578/8578
f 8561/8561 8578/8578 8562/8562
f 8562/8562 8578/8578 8579/8579
f 8562/8562 8579/8579 8563/8563
f 8563/8563 8579/8579 8580/8580
f 8563/8563 8580/8580 8564/8564
f 8564/8564 8580/8580 8581/8581
f 8564/8564 8581/8581 8565/8565
f 8565/8565 8581/8581 8582/8582
f 8565/8565 8582/8582 8566/8566
f 8566/8566 8582/8582 8583/8583
f 8566/8566 8583/8583 8567/8567
f 8567/8567 8583/8583 8584/8584
f 8567/8567 8584/8584 8568/8568
f 8568/8568 8584/8584 8585/8585
f 8568/8568 8585/8585 8569/8569
f 8569/8569 8585/8585 8586/8586
f 8569/8569 8586/8586 8570/8570
f 8570/8570 8586/8586 8587/8587
f 8570/8570 8587/8587 8571/8571
f 8571/8571 8587/8587 8588/8588
f 8571/8571 8588/8588 8572/8572
f 8572/8572 8588/8588 8573/8573
f 8572/8572 8573/8573 8557/8557
f 8573/8573 8589/8589 8590/8590
f 8573/8573 8590/8590 8574/8574
f 8574/8574 8590/8590 8591/8591
f 8574/8574 8591/8591 8575/8575
f 8575/8575 8591/8591 8592/8592
f 8575/8575 8592/8592 8576/8576
f 8576/8576 8592/8592 8593/8593
f 8576/8576 8593/8593 8577/8577
f 8577/8577 8593/8593 8594/8594
f 8577/8577 8594/8594 8578/8578
f 8578/8578 8594/8594 8595/8595
f 8578/8578 8595/8595 8579/8579
f 8579/8579 8595/8595 8596/8596
f 8579/8579 8596/8596 8580/8580
f 8580/8580 8596/8596 8597/8597
f 8580/8580 8597/8597 8581/8581
f 8581/8581 8597/8597 8598/8598
f 8581/8581 8598/8598 8582/8582
f 8582/8582 8598/8598 8599/8599
f 8582/8582 8599/8599 8583/8583
f 8583/8583 8599/8599 8600/8600
f 8583/8583 8600/8600 8584/8584
f 8584/8584 8600/8600 8601/8601
f 8584/8584 8601/8601 8585/8585
f 8585/8585 8601/8601 8602/8602
f 8585/8585 8602/8602 8586/8586
f 8586/8586 8602/8602 8603/8603
f 8586/8586 8603/8603 8587/8587
f 8587/8587 8603/8603 8604/8604
f 8587/8587 8604/8604 8588/8588
f 8588/8588 8604/8604 8589/8589
f 8588/8588 8589/8589 8573/8573
f 8589/8589 8605/8605 8606/8606
f 8589/8589 8606/8606 8590/8590
f 8590/8590 8606/8606 8607/8607
f 8590/8590 8607/8607 8591/8591
f 8591/8591 8607/8607 8608/8608
f 8591/8591 8608/8608 8592/8592
f 8592/8592 8608/8608 8609/8609
f 8592/8592 8609/8609 8593/8593
f 8593/8593 8609/8609 8610/8610
f 8593/8593 8610/8610 8594/8594
f 8594/8594 8610/8610 8611/8611
f 8594/8594 8611/8611 8595/8595
f 8595/8595 8611/8611 8612/8612
f 8595/8595 8612/8612 8596/8596
f 8596/8596 8612/8612 8613/8613
f 8596/8596 8613/8613 8597/8597
f 8597/8597 8613/8613 8614/8614
f 8597/8597 8614/8614 8598/8598
f 8598/8598 8614/8614 8615/8615
f 8598/8598 8615/8615 8599/8599
f 8599/8599 8615/8615 8616/8616
f 8599/8599 8616/8616 8600/8600
f 8600/8600 8616/8616 8617/8617
f 8600/8600 8617/8617 8601/8601
f 8601/8601 8617/8617 8618/8618
f 8601/8601 8618/8618 8602/8602
f 8602/8602 8618/8618 8619/8619
f 8602/8602 8619/8619 8603/8603
f 8603/8603 8619/8619 8620/8620
f 8603/8603 8620/8620 8604/8604
f 8604/8604 8620/8620 8605/8605
f 8604/8604 8605/8605 8589/8589
f 8605/8605 8621/8621 8622/8622
f 8605/8605 8622/8622 8606/8606
f 8606/8606 8622/8622 8623/8623
f 8606/8606 8623/8623 8607/8607
f 8607/8607 8623/8623 8624/8624
f 8607/8607 8624/8624 8608/8608
f 8608/8608 8624/8624 8625/8625
f 8608/8608 8625/8625 8609/8609
f 8609/8609 8625/8625 8626/8626
f 8609/8609 8626/8626 8610/8610
f 8610/8610 8626/8626 8627/8627
f 8610/8610 8627/8627 8611/8611
f 8611/8611 8627/8627 8628/8628
f 8611/8611 8628/8628 8612/8612
f 8612/8612 8628/8628 8629/8629
f 8612/8612 8629/8629 8613/8613
f 8613/8613 8629/8629 8630/8630
f 8613/8613 8630/8630 8614/8614
f 8614/8614 8630/8630 8631/8631
f 8614/8614 8631/8631 8615/8615
f 8615/8615 8631/8631 8632/8632
f 8615/8615 8632/8632 8616/8616
f 8616/8616 8632/8632 8633/8633
f 8616/8616 8633/8633 8617/8617
f 8617/8617 8633/8633 8634/8634
f 8617/8617 8634/8634 8618/8618
f 8618/8618 8634/8634 8635/8635
f 8618/8618 8635/8635 8619/8619
f 8619/8619 8635/8635 8636/8636
f 8619/8619 8636/8636 8620/8620
f 8620/8620 8636/8636 8621/8621
f 8620/8620 8621/8621 8605/8605
f 8621/8621 8637/8637 8638/8638
f 8621/8621 8638/8638 8622/8622
f 8622/8622 8638/8638 8639/8639
f 8622/8622 8639/8639 8623/8623
f 8623/8623 8639/8639 8640/8640
f 8623/8623 8640/8640 8624/8624
f 8624/8624 8640/8640 8641/8641
f 8624/8624 8641/8641 8625/8625
f 8625/8625 8641/8641 8642/8642
f 8625/8625 8642/8642 8626/8626
f 8626/8626 8642/8642 8643/8643
f 8626/8626 8643/8643 8627/8627
f 8627/8627 8643/8643 8644/8644
f 8627/8627 8644/8644 8628/8628
f 8628/8628 8644/8644 8645/8645
f 8628/8628 8645/8645 8629/8629
f 8629/8629 8645/8645 8646/8646
f 8629/8629 8646/8646 8630/8630
f 8630/8630 8646/8646 8647/8647
f 8630/8630 8647/8647 8631/8631
f 8631/8631 8647/8647 8648/8648
f 8631/8631 8648/8648 8632/8632
f 8632/8632 8648/8648 8649/8649
f 8632/8632 8649/8649 8633/8633
f 8633/8633 8649/8649 8650/8650
f 8633/8633 8650/8650 8634/8634
f 8634/8634 8650/8650 8651/8651
f 8634/8634 8651/8651 8635/8635
f 8635/8635 8651/8651 8652/8652
f 8635/8635 8652/8652 8636/8636
f 8636/8636 8652/8652 8637/8637
f 8636/8636 8637/8637 8621/8621
f 8637/8637 8653/8653 8654/8654
f 8637/8637 8654/8654 8638/8638
f 8638/8638 8654/8654 8655/8655
f 8638/8638 8655/8655 8639/8639
f 8639/8639 8655/8655 8656/8656
f 8639/8639 8656/8656 8640/8640
f 8640/8640 8656/8656 8657/8657
f 8640/8640 8657/8657 8641/8641
f 8641/8641 8657/8657 8658/8658
f 8641/8641 8658/8658 8642/8642
f 8642/8642 8658/8658 8659/8659
f 8642/8642 8659/8659 8643/8643
f 8643/8643 8659/8659 8660/8660
f 8643/8643 8660/8660 8644/8644
f 8644/8644 8660/8660 8661/8661
f 8644/8644 8661/8661 8645/8645
f 8645/8645 8661/8661 8662/8662
f 8645/8645 8662/8662 8646/8646
f 8646/8646 8662/8662 8663/8663
f 8646/8646 8663/8663 8647/8647
f 8647/8647 8663/8663 8664/8664
f 8647/8647 8664/8664 8648/8648
f 8648/8648 8664/8664 8665/8665
f 8648/8648 8665/8665 8649/8649
f 8649/8649 8665/8665 8666/8666
f 8649/8649 8666/8666 8650/8650
f 8650/8650 8666/8666 8667/8667
f 8650/8650 8667/8667 8651/8651
f 8651/8651 8667/8667 8668/8668
f 8651/8651 8668/8668 8652/8652
f 8652/8652 8668/8668 8653/8653
f 8652/8652 8653/8653 8637/8637
f 8653/8653 8669/8669 8670/8670
f 8653/8653 8670/8670 8654/8654
f 8654/8654 8670/8670 8671/8671
f 8654/8654 8671/8671 8655/8655
f 8655/8655 8671/8671 8672/8672
f 8655/8655 8672/8672 8656/8656
f 8656/8656 8672/8672 8673/8673
f 8656/8656 8673/8673 8657/8657
f 8657/8657 8673/8673 8674/8674
f 8657/8657 8674/8674 8658/8658
f 8658/8658 8674/8674 8675/8675
f 8658/8658 8675/8675 8659/8659
f 8659/8659 8675/8675 8676/8676
f 8659/8659 8676/8676 8660/8660
f 8660/8660 8676/8676 8677/8677
f 8660/8660 8677/8677 8661/8661
f 8661/8661 8677/8677 8678/8678
f 8661/8661 8678/8678 8662/8662
f 8662/8662 8678/8678 8679/8679
f 8662/8662 8679/8679 8663/8663
f 8663/8663 8679/8679 8680/8680
f 8663/8663 8680/8680 8664/8664
f 8664/8664 8680/8680 8681/8681
f 8664/8664 8681/8681 8665/8665
f 8665/8665 8681/8681 8682/8682
f 8665/8665 8682/8682 8666/8666
f 8666/8666 8682/8682 8683/8683
f 8666/8666 8683/8683 8667/8667
f 8667/8667 8683/8683 8684/8684
f 8667/8667 8684/8684 8668/8668
f 8668/8668 8684/8684 8669/8669
f 8668/8668 8669/8669 8653/8653
f 8669/8669 8685/8685 8686/8686
f 8669/8669 8686/8686 8670/8670
f 8670/8670 8686/8686 8687/8687
f 8670/8670 8687/8687 8671/8671
f 8671/8671 8687/8687 8688/8688
f 8671/8671 8688/8688 8672/8672
f 8672/8672 8688/8688 8689/8689
f 8672/8672 8689/8689 8673/8673
f 8673/8673 8689/8689 8690/8690
f 8673/8673 8690/8690 8674/8674
f 8674/8674 8690/8690 8691/8691
f 8674/8674 8691/8691 8675/8675
f 8675/8675 8691/8691 8692/8692
f 8675/8675 8692/8692 8676/8676
f 8676/8676 8692/8692 8693/8693
f 8676/8676 8693/8693 8677/8677
f 8677/8677 8693/8693 8694/8694
f 8677/8677 8694/8694 8678/8678
f 8678/8678 8694/8694 8695/8695
f 8678/8678 8695/8695 8679/8679
f 8679/8679 8695/8695 8696/8696
f 8679/8679 8696/8696 8680/8680
f 8680/8680 8696/8696 8697/8697
f 8680/8680 8697/8697 8681/8681
f 8681/8681 8697/8697 8698/8698
f 8681/8681 8698/8698 8682/8682
f 8682/8682 8698/8698 8699/8699
f 8682/8682 8699/8699 8683/8683
f 8683/8683 8699/8699 8700/8700
f 8683/8683 8700/8700 8684/8684
f 8684/8684 8700/8700 8685/8685
f 8684/8684 8685/8685 8669/8669
f 8685/8685 8701/8701 8702/8702
f 8685/8685 8702/8702 8686/8686
f 8686/8686 8702/8702 8703/8703
f 8686/8686 8703/8703 8687/8687
f 8687/8687 8703/8703 8704/8704
f 8687/8687 8704/8704 8688/8688
f 8688/8688 8704/8704 8705/8705
f 8688/8688 8705/8705 8689/8689
f 8689/8689 8705/8705 8706/8706
f 8689/8689 8706/8706 8690/8690
f 8690/8690 8706/8706 8707/8707
f 8690/8690 8707/8707 8691/8691
f 8691/8691 8707/8707 8708/8708
f 8691/8691 8708/8708 8692/8692
f 8692/8692 8708/8708 8709/8709
f 8692/8692 8709/8709 8693/8693
f 8693/8693 8709/8709 8710/8710
f 8693/8693 8710/8710 8694/8694
f 8694/8694 8710/8710 8711/8711
f 8694/8694 8711/8711 8695/8695
f 8695/8695 8711/8711 8712/8712
f 8695/8695 8712/8712 8696/8696
f 8696/8696 8712/8712 8713/8713
f 8696/8696 8713/8713 8697/8697
f 8697/8697 8713/8713 8714/8714
f 8697/8697 8714/8714 8698/8698
f 8698/8698 8714/8714 8715/8715
f 8698/8698 8715/8715 8699/8699
f 8699/8699 8715/8715 8716/8716
f 8699/8699 8716/8716 8700/8700
f 8700/8700 8716/8716 8701/8701
f 8700/8700 8701/8701 8685/8685
f 8701/8701 8717/8717 8718/8718
f 8701/8701 8718/8718 8702/8702
f 8702/8702 8718/8718 8719/8719
f 8702/8702 8719/8719 8703/8703
f 8703/8703 8719/8719 8720/8720
f 8703/8703 8720/8720 8704/8704
f 8704/8704 8720/8720 8721/8721
f 8704/8704 8721/8721 8705/8705
f 8705/8705 8721/8721 8722/8722
f 8705/8705 8722/8722 8706/8706
f 8706/8706 8722/8722 8723/8723
f 8706/8706 8723/8723 8707/8707
f 8707/8707 8723/8723 8724/8724
f 8707/8707 8724/8724 8708/8708
f 8708/8708 8724/8724 8725/8725
f 8708/8708 8725/8725 8709/8709
f 8709/8709 8725/8725 8726/8726
f 8709/8709 8726/8726 8710/8710
f 8710/8710 8726/8726 8727/8727
f 8710/8710 8727/8727 8711/8711
f 8711/8711 8727/8727 8728/8728
f 8711/8711 8728/8728 8712/8712
f 8712/8712 8728/8728 8729/8729
f 8712/8712 8729/8729 8713/8713
f 8713/8713 8729/8729 8730/8730
f 8713/8713 8730/8730 8714/8714
f 8714/8714 8730/8730 8731/8731
f 8714/8714 8731/8731 8715/8715
f 8715/8715 8731/8731 8732/8732
f 8715/8715 8732/8732 8716/8716
f 8716/8716 8732/8732 8717/8717
f 8716/8716 8717/8717 8701/8701
f 8717/8717 8733/8733 8734/8734
f 8717/8717 8734/8734 8718/8718
f 8718/8718 8734/8734 8735/8735
f 8718/8718 8735/8735 8719/8719
f 8719/8719 8735/8735 8736/8736
f 8719/8719 8736/8736 8720/8720
f 8720/8720 8736/8736 8737/8737
f 8720/8720 8737/8737 8721/8721
f 8721/8721 8737/8737 8738/8738
f 8721/8721 8738/8738 8722/8722
f 8722/8722 8738/8738 8739/8739
f 8722/8722 8739/8739 8723/8723
f 8723/8723 8739/8739 8740/8740
f 8723/8723 8740/8740 8724/8724
f 8724/8724 8740/8740 8741/8741
f 8724/8724 8741/8741 8725/8725
f 8725/8725 8741/8741 8742/8742
f 8725/8725 8742/8742 8726/8726
f 8726/8726 8742/8742 8743/8743
f 8726/8726 8743/8743 8727/8727
f 8727/8727 8743/8743 8744/8744
f 8727/8727 8744/8744 8728/8728
f 8728/8728 8744/8744 8745/8745
f 8728/8728 8745/8745 8729/8729
f 8729/8729 8745/8745 8746/8746
f 8729/8729 8746/8746 8730/8730
f 8730/8730 8746/8746 8747/8747
f 8730/8730 8747/8747 8731/8731
f 8731/8731 8747/8747 8748/8748
f 8731/8731 8748/8748 8732/8732
f 8732/8732 8748/8748 8733/8733
f 8732/8732 8733/8733 8717/8717
f 8733/8733 8749/8749 8750/8750
f 8733/8733 8750/8750 8734/8734
f 8734/8734 8750/8750 8751/8751
f 8734/8734 8751/8751 8735/8735
f 8735/8735 8751/8751 8752/8752
f 8735/8735 8752/8752 8736/8736
f 8736/8736 8752/8752 8753/8753
f 8736/8736 8753/8753 8737/8737
f 8737/8737 8753/8753 8754/8754
f 8737/8737 8754/8754 8738/8738
f 8738/8738 8754/8754 8755/8755
f 8738/8738 8755/8755 8739/8739
f 8739/8739 8755/8755 8756/8756
f 8739/8739 8756/8756 8740/8740
f 8740/8740 8756/8756 8757/8757
f 8740/8740 8757/8757 8741/8741
f 8741/8741 8757/8757 8758/8758
f 8741/8741 8758/8758 8742/8742
f 8742/8742 8758/8758 8759/8759
f 8742/8742 8759/8759 8743/8743
f 8743/8743 8759/8759 8760/8760
f 8743/8743 8760/8760 8744/8744
f 8744/8744 8760/8760 8761/8761
f 8744/8744 8761/8761 8745/8745
f 8745/8745 8761/8761 8762/8762
f 8745/8745 8762/8762 8746/8746
f 8746/8746 8762/8762 8763/8763
f 8746/8746 8763/8763 8747/8747
f 8747/8747 8763/8763 8764/8764
f 8747/8747 8764/8764 8748/8748
f 8748/8748 8764/8764 8749/8749
f 8748/8748 8749/8749 8733/8733
f 8526/8526 8765/8765 8525/8525
f 8527/8527 8765/8765 8526/8526
f 8528/8528 8765/8765 8527/8527
f 8529/8529 8765/8765 8528/8528
f 8530/8530 8765/8765 8529/8529
f 8531/8531 8765/8765 8530/8530
f 8532/8532 8765/8765 8531/8531
f 8533/8533 8765/8765 8532/8532
f 8534/8534 8765/8765 8533/8533
f 8535/8535 8765/8765 8534/8534
f 8536/8536 8765/8765 8535/8535
f 8537/8537 8765/8765 8536/8536
f 8538/8538 8765/8765 8537/8537
f 8539/8539 8765/8765 8538/8538
f 8540/8540 8765/8765 8539/8539
f 8525/8525 8765/8765 8540/8540
f 8749/8749 8766/8766 8750/8750
f 8750/8750 8766/8766 8751/8751
f 8751/8751 8766/8766 8752/8752
f 8752/8752 8766/8766 8753/8753
f 8753/8753 8766/8766 8754/8754
f 8754/8754 8766/8766 8755/8755
f 8755/8755 8766/8766 8756/8756
f 8756/8756 8766/8766 8757/8757
f 8757/8757 8766/8766 8758/8758
f 8758/8758 8766/8766 8759/8759
f 8759/8759 8766/8766 8760/8760
f 8760/8760 8766/8766 8761/8761
f 8761/8761 8766/8766 8762/8762
f 8762/8762 8766/8766 8763/8763
f 8763/8763 8766/8766 8764/8764
f 8764/8764 8766/8766 8749/8749
f 8767/8767 8783/8783 8784/8784
f 8767/8767 8784/8784 8768/8768
f 8768/8768 8784/8784 8785/8785
f 8768/8768 8785/8785 8769/8769
f 8769/8769 8785/8785 8786/8786
f 8769/8769 8786/8786 8770/8770
f 8770/8770 8786/8786 8787/8787
f 8770/8770 8787/8787 8771/8771
f 8771/8771 8787/8787 8788/8788
f 8771/8771 8788/8788 8772/8772
f 8772/8772 8788/8788 8789/8789
f 8772/8772 8789/8789 8773/8773
f 8773/8773 8789/8789 8790/8790
f 8773/8773 8790/8790 8774/8774
f 8774/8774 8790/8790 8791/8791
f 8774/8774 8791/8791 8775/8775
f 8775/8775 8791/8791 8792/8792
f 8775/8775 8792/8792 8776/8776
f 8776/8776 8792/8792 8793/8793
f 8776/8776 8793/8793 8777/8777
f 8777/8777 8793/8793 8794/8794
f 8777/8777 8794/8794 8778/8778
f 8778/8778 8794/8794 8795/8795
f 8778/8778 8795/8795 8779/8779
f 8779/8779 8795/8795 8796/8796
f 8779/8779 8796/8796 8780/8780
f 8780/8780 8796/8796 8797/8797
f 8780/8780 8797/8797 8781/8781
f 8781/8781 8797/8797 8798/8798
f 8781/8781 8798/8798 8782/8782
f 8782/8782 8798/8798 8783/8783
f 8782/8782 8783/8783 8767/8767
f 8783/8783 8799/8799 8800/8800
f 8783/8783 8800/8800 8784/8784
f 8784/8784 8800/8800 8801/8801
f 8784/8784 8801/8801 8785/8785
f 8785/8785 8801/8801 8802/8802
f 8785/8785 8802/8802 8786/8786
f 8786/8786 8802/8802 8803/8803
f 8786/8786 8803/8803 8787/8787
f 8787/8787 8803/8803 8804/8804
f 8787/8787 8804/8804 8788/8788
f 8788/8788 8804/8804 8805/8805
f 8788/8788 8805/8805 8789/8789
f 8789/8789 8805/8805 8806/8806
f 8789/8789 8806/8806 8790/8790
f 8790/8790 8806/8806 8807/8807
f 8790/8790 8807/8807 8791/8791
f 8791/8791 8807/8807 8808/8808
f 8791/8791 8808/8808 8792/8792
f 8792/8792 8808/8808 8809/8809
f 8792/8792 8809/8809 8793/8793
f 8793/8793 8809/8809 8810/8810
f 8793/8793 8810/8810 8794/8794
f 8794/8794 8810/8810 8811/8811
f 8794/8794 8811/8811 8795/8795
f 8795/8795 8811/8811 8812/8812
f 8795/8795 8812/8812 8796/8796
f 8796/8796 8812/8812 8813/8813
f 8796/8796 8813/8813 8797/8797
f 8797/8797 8813/8813 8814/8814
f 8797/8797 8814/8814 8798/8798
f 8798/8798 8814/8814 8799/8799
f 8798/8798 8799/8799 8783/8783
f 8799/8799 8815/8815 8816/8816
f 8799/8799 8816/8816 8800/8800
f 8800/8800 8816/8816 8817/8817
f 8800/8800 8817/8817 8801/8801
f 8801/8801 8817/8817 8818/8818
f 8801/8801 8818/8818 8802/8802
f 8802/8802 8818/8818 8819/8819
f 8802/8802 8819/8819 8803/8803
f 8803/8803 8819/8819 8820/8820
f 8803/8803 8820/8820 8804/8804
f 8804/8804 8820/8820 8821/8821
f 8804/8804 8821/8821 8805/8805
f 8805/8805 8821/8821 8822/8822
f 8805/8805 8822/8822 8806/8806
f 8806/8806 8822/8822 8823/8823
f 8806/8806 8823/8823 8807/8807
f 8807/8807 8823/8823 8824/8824
f 8807/8807 8824/8824 8808/8808
f 8808/8808 8824/8824 8825/8825
f 8808/8808 8825/8825 8809/8809
f 8809/8809 8825/8825 8826/8826
f 8809/8809 8826/8826 8810/8810
f 8810/8810 8826/8826 8827/8827
f 8810/8810 8827/8827 8811/8811
f 8811/8811 8827/8827 8828/8828
f 8811/8811 8828/8828 8812/8812
f 8812/8812 8828/8828 8829/8829
f 8812/8812 8829/8829 8813/8813
f 8813/8813 8829/8829 8830/8830
f 8813/8813 8830/8830 8814/8814
f 8814/8814 8830/8830 8815/8815
f 8814/8814 8815/8815 8799/8799
f 8815/8815 8831/8831 8832/8832
f 8815/8815 8832/8832 8816/8816
f 8816/8816 8832/8832 8833/8833
f 8816/8816 8833/8833 8817/8817
f 8817/8817 8833/8833 8834/8834
f 8817/8817 8834/8834 8818/8818
f 8818/8818 8834/8834 8835/8835
f 8818/8818 8835/8835 8819/8819
f 8819/8819 8835/8835 8836/8836
f 8819/8819 8836/8836 8820/8820
f 8820/8820 8836/8836 8837/8837
f 8820/8820 8837/8837 8821/8821
f 8821/8821 8837/8837 8838/8838
f 8821/8821 8838/8838 8822/8822
f 8822/8822 8838/8838 8839/8839
f 8822/8822 8839/8839 8823/8823
f 8823/8823 8839/8839 8840/8840
f 8823/8823 8840/8840 8824/8824
f 8824/8824 8840/8840 8841/8841
f 8824/8824 8841/8841 8825/8825
f 8825/8825 8841/8841 8842/8842
f 8825/8825 8842/8842 8826/8826
f 8826/8826 8842/8842 8843/8843
f 8826/8826 8843/8843 8827/8827
f 8827/8827 8843/8843 8844/8844
f 8827/8827 8844/8844 8828/8828
f 8828/8828 8844/8844 8845/8845
f 8828/8828 8845/8845 8829/8829
f 8829/8829 8845/8845 8846/8846
f 8829/8829 8846/8846 8830/8830
f 8830/8830 8846/8846 8831/8831
f 8830/8830 8831/8831 8815/8815
f 8831/8831 8847/8847 8848/8848
f 8831/8831 8848/8848 8832/8832
f 8832/8832 8848/8848 8849/8849
f 8832/8832 8849/8849 8833/8833
f 8833/8833 8849/8849 8850/8850
f 8833/8833 8850/8850 8834/8834
f 8834/8834 8850/8850 8851/8851
f 8834/8834 8851/8851 8835/8835
f 8835/8835 8851/8851 8852/8852
f 8835/8835 8852/8852 8836/8836
f 8836/8836 8852/8852 8853/8853
f 8836/8836 8853/8853 8837/8837
f 8837/8837 8853/8853 8854/8854
f 8837/8837 8854/8854 8838/8838
f 8838/8838 8854/8854 8855/8855
f 8838/8838 8855/8855 8839/8839
f 8839/8839 8855/8855 8856/8856
f 8839/8839 8856/8856 8840/8840
f 8840/8840 8856/8856 8857/8857
f 8840/8840 8857/8857 8841/8841
f 8841/8841 8857/8857 8858/8858
f 8841/8841 8858/8858 8842/8842
f 8842/8842 8858/8858 8859/8859
f 8842/8842 8859/8859 8843/8843
f 8843/8843 8859/8859 8860/8860
f 8843/8843 8860/8860 8844/8844
f 8844/8844 8860/8860 8861/8861
f 8844/8844 8861/8861 8845/8845
f 8845/8845 8861/8861 8862/8862
f 8845/8845 8862/8862 8846/8846
f 8846/8846 8862/8862 8847/8847
f 8846/8846 8847/8847 8831/8831
f 8847/8847 8863/8863 8864/8864
f 8847/8847 8864/8864 8848/8848
f 8848/8848 8864/8864 8865/8865
f 8848/8848 8865/8865 8849/8849
f 8849/8849 8865/8865 8866/8866
f 8849/8849 8866/8866 8850/8850
f 8850/8850 8866/8866 8867/8867
f 8850/8850 8867/8867 8851/8851
f 8851/8851 8867/8867 8868/8868
f 8851/8851 8868/8868 8852/8852
f 8852/8852 8868/8868 8869/8869
f 8852/8852 8869/8869 8853/8853
f 8853/8853 8869/8869 8870/8870
f 8853/8853 8870/8870 8854/8854
f 8854/8854 8870/8870 8871/8871
f 8854/8854 8871/8871 8855/8855
f 8855/8855 8871/8871 8872/8872
f 8855/8855 8872/8872 8856/8856
f 8856/8856 8872/8872 8873/8873
f 8856/8856 8873/8873 8857/8857
f 8857/8857 8873/8873 8874/8874
f 8857/8857 8874/8874 8858/8858
f 8858/8858 8874/8874 8875/8875
f 8858/8858 8875/8875 8859/8859
f 8859/8859 8875/8875 8876/8876
f 8859/8859 8876/8876 8860/8860
f 8860/8860 8876/8876 8877/8877
f 8860/8860 8877/8877 8861/8861
f 8861/8861 8877/8877 8878/8878
f 8861/8861 8878/8878 8862/8862
f 8862/8862 8878/8878 8863/8863
f 8862/8862 8863/8863 8847/8847
f 8863/8863 8879/8879 8880/8880
f 8863/8863 8880/8880 8864/8864
f 8864/8864 8880/8880 8881/8881
f 8864/8864 8881/8881 8865/8865
f 8865/8865 8881/8881 8882/8882
f 8865/8865 8882/8882 8866/8866
f 8866/8866 8882/8882 8883/8883
f 8866/8866 8883/8883 8867/8867
f 8867/8867 8883/8883 8884/8884
f 8867/8867 8884/8884 8868/8868
f 8868/8868 8884/8884 8885/8885
f 8868/8868 8885/8885 8869/8869
f 8869/8869 8885/8885 8886/8886
f 8869/8869 8886/8886 8870/8870
f 8870/8870 8886/8886 8887/8887
f 8870/8870 8887/8887 8871/8871
f 8871/8871 8887/8887 8888/8888
f 8871/8871 8888/8888 8872/8872
f 8872/8872 8888/8888 8889/8889
f 8872/8872 8889/8889 8873/8873
f 8873/8873 8889/8889 8890/8890
f 8873/8873 8890/8890 8874/8874
f 8874/8874 8890/8890 8891/8891
f 8874/8874 8891/8891 8875/8875
f 8875/8875 8891/8891 8892/8892
f 8875/8875 8892/8892 8876/8876
f 8876/8876 8892/8892 8893/8893
f 8876/8876 8893/8893 8877/8877
f 8877/8877 8893/8893 8894/8894
f 8877/8877 8894/8894 8878/8878
f 8878/8878 8894/8894 8879/8879
f 8878/8878 8879/8879 8863/8863
f 8879/8879 8895/8895 8896/8896
f 8879/8879 8896/8896 8880/8880
f 8880/8880 8896/8896 8897/8897
f 8880/8880 8897/8897 8881/8881
f 8881/8881 8897/8897 8898/8898
f 8881/8881 8898/8898 8882/8882
f 8882/8882 8898/8898 8899/8899
f 8882/8882 8899/8899 8883/8883
f 8883/8883 8899/8899 8900/8900
f 8883/8883 8900/8900 8884/8884
f 8884/8884 8900/8900 8901/8901
f 8884/8884 8901/8901 8885/8885
f 8885/8885 8901/8901 8902/8902
f 8885/8885 8902/8902 8886/8886
f 8886/8886 8902/8902 8903/8903
f 8886/8886 8903/8903 8887/8887
f 8887/8887 8903/8903 8904/8904
f 8887/8887 8904/8904 8888/8888
f 8888/8888 8904/8904 8905/8905
f 8888/8888 8905/8905 8889/8889
f 8889/8889 8905/8905 8906/8906
f 8889/8889 8906/8906 8890/8890
f 8890/8890 8906/8906 8907/8907
f 8890/8890 8907/8907 8891/8891
f 8891/8891 8907/8907 8908/8908
f 8891/8891 8908/8908 8892/8892
f 8892/8892 8908/8908 8909/8909
f 8892/8892 8909/8909 8893/8893
f 8893/8893 8909/8909 8910/8910
f 8893/8893 8910/8910 8894/8894
f 8894/8894 8910/8910 8895/8895
f 8894/8894 8895/8895 8879/8879
f 8895/8895 8911/8911 8912/8912
f 8895/8895 8912/8912 8896/8896
f 8896/8896 8912/8912 8913/8913
f 8896/8896 8913/8913 8897/8897
f 8897/8897 8913/8913 8914/8914
f 8897/8897 8914/8914 8898/8898
f 8898/8898 8914/8914 8915/8915
f 8898/8898 8915/8915 8899/8899
f 8899/8899 8915/8915 8916/8916
f 8899/8899 8916/8916 8900/8900
f 8900/8900 8916/8916 8917/8917
f 8900/8900 8917/8917 8901/8901
f 8901/8901 8917/8917 8918/8918
f 8901/8901 8918/8918 8902/8902
f 8902/8902 8918/8918 8919/8919
f 8902/8902 8919/8919 8903/8903
f 8903/8903 8919/8919 8920/8920
f 8903/8903 8920/8920 8904/8904
f 8904/8904 8920/8920 8921/8921
f 8904/8904 8921/8921 8905/8905
f 8905/8905 8921/8921 8922/8922
f 8905/8905 8922/8922 8906/8906
f 8906/8906 8922/8922 8923/8923
f 8906/8906 8923/8923 8907/8907
f 8907/8907 8923/8923 8924/8924
f 8907/8907 8924/8924 8908/8908
f 8908/8908 8924/8924 8925/8925
f 8908/8908 8925/8925 8909/8909
f 8909/8909 8925/8925 8926/8926
f 8909/8909 8926/8926 8910/8910
f 8910/8910 8926/8926 8911/8911
f 8910/8910 8911/8911 8895/8895
f 8911/8911 8927/8927 8928/8928
f 8911/8911 8928/8928 8912/8912
f 8912/8912 8928/8928 8929/8929
f 8912/8912 8929/8929 8913/8913
f 8913/8913 8929/8929 8930/8930
f 8913/8913 8930/8930 8914/8914
f 8914/8914 8930/8930 8931/8931
f 8914/8914 8931/8931 8915/8915
f 8915/8915 8931/8931 8932/8932
f 8915/8915 8932/8932 8916/8916
f 8916/8916 8932/8932 8933/8933
f 8916/8916 8933/8933 8917/8917
f 8917/8917 8933/8933 8934/8934
f 8917/8917 8934/8934 8918/8918
f 8918/8918 8934/8934 8935/8935
f 8918/8918 8935/8935 8919/8919
f 8919/8919 8935/8935 8936/8936
f 8919/8919 8936/8936 8920/8920
f 8920/8920 8936/8936 8937/8937
f 8920/8920 8937/8937 8921/8921
f 8921/8921 8937/8937 8938/8938
f 8921/8921 8938/8938 8922/8922
f 8922/8922 8938/8938 8939/8939
f 8922/8922 8939/8939 8923/8923
f 8923/8923 8939/8939 8940/8940
f 8923/8923 8940/8940 8924/8924
f 8924/8924 8940/8940 8941/8941
f 8924/8924 8941/8941 8925/8925
f 8925/8925 8941/8941 8942/8942
f 8925/8925 8942/8942 8926/8926
f 8926/8926 8942/8942 8927/8927
f 8926/8926 8927/8927 8911/8911
f 8927/8927 8943/8943 8944/8944
f 8927/8927 8944/8944 8928/8928
f 8928/8928 8944/8944 8945/8945
f 8928/8928 8945/8945 8929/8929
f 8929/8929 8945/8945 8946/8946
f 8929/8929 8946/8946 8930/8930
f 8930/8930 8946/8946 8947/8947
f 8930/8930 8947/8947 8931/8931
f 8931/8931 8947/8947 8948/8948
f 8931/8931 8948/8948 8932/8932
f 8932/8932 8948/8948 8949/8949
f 8932/8932 8949/8949 8933/8933
f 8933/8933 8949/8949 8950/8950
f 8933/8933 8950/8950 8934/8934
f 8934/8934 8950/8950 8951/8951
f 8934/8934 8951/8951 8935/8935
f 8935/8935 8951/8951 8952/8952
f 8935/8935 8952/8952 8936/8936
f 8936/8936 8952/8952 8953/8953
f 8936/8936 8953/8953 8937/8937
f 8937/8937 8953/8953 8954/8954
f 8937/8937 8954/8954 8938/8938
f 8938/8938 8954/8954 8955/8955
f 8938/8938 8955/8955 8939/8939
f 8939/8939 8955/8955 8956/8956
f 8939/8939 8956/8956 8940/8940
f 8940/8940 8956/8956 8957/8957
f 8940/8940 8957/8957 8941/8941
f 8941/8941 8957/8957 8958/8958
f 8941/8941 8958/8958 8942/8942
f 8942/8942 8958/8958 8943/8943
f 8942/8942 8943/8943 8927/8927
f 8943/8943 8959/8959 8960/8960
f 8943/8943 8960/8960 8944/8944
f 8944/8944 8960/8960 8961/8961
f 8944/8944 8961/8961 8945/8945
f 8945/8945 8961/8961 8962/8962
f 8945/8945 8962/8962 8946/8946
f 8946/8946 8962/8962 8963/8963
f 8946/8946 8963/8963 8947/8947
f 8947/8947 8963/8963 8964/8964
f 8947/8947 8964/8964 8948/8948
f 8948/8948 8964/8964 8965/8965
f 8948/8948 8965/8965 8949/8949
f 8949/8949 8965/8965 8966/8966
f 8949/8949 8966/8966 8950/8950
f 8950/8950 8966/8966 8967/8967
f 8950/8950 8967/8967 8951/8951
f 8951/8951 8967/8967 8968/8968
f 8951/8951 8968/8968 8952/8952
f 8952/8952 8968/8968 8969/8969
f 8952/8952 8969/8969 8953/8953
f 8953/8953 8969/8969 8970/8970
f 8953/8953 8970/8970 8954/8954
f 8954/8954 8970/8970 8971/8971
f 8954/8954 8971/8971 8955/8955
f 8955/8955 8971/8971 8972/8972
f 8955/8955 8972/8972 8956/8956
f 8956/8956 8972/8972 8973/8973
f 8956/8956 8973/8973 8957/8957
f 8957/8957 8973/8973 8974/8974
f 8957/8957 8974/8974 8958/8958
f 8958/8958 8974/8974 8959/8959
f 8958/8958 8959/8959 8943/8943
f 8959/8959 8975/8975 8976/8976
f 8959/8959 8976/8976 8960/8960
f 8960/8960 8976/8976 8977/8977
f 8960/8960 8977/8977 8961/8961
f 8961/8961 8977/8977 8978/8978
f 8961/8961 8978/8978 8962/8962
f 8962/8962 8978/8978 8979/8979
f 8962/8962 8979/8979 8963/8963
f 8963/8963 8979/8979 8980/8980
f 8963/8963 8980/8980 8964/8964
f 8964/8964 8980/8980 8981/8981
f 8964/8964 8981/8981 8965/8965
f 8965/8965 8981/8981 8982/8982
f 8965/8965 8982/8982 8966/8966
f 8966/8966 8982/8982 8983/8983
f 8966/8966 8983/8983 8967/8967
f 8967/8967 8983/8983 8984/8984
f 8967/8967 8984/8984 8968/8968
f 8968/8968 8984/8984 8985/8985
f 8968/8968 8985/8985 8969/8969
f 8969/8969 8985/8985 8986/8986
f 8969/8969 8986/8986 8970/8970
f 8970/8970 8986/8986 8987/8987
f 8970/8970 8987/8987 8971/8971
f 8971/8971 8987/8987 8988/8988
f 8971/8971 8988/8988 8972/8972
f 8972/8972 8988/8988 8989/8989
f 8972/8972 8989/8989 8973/8973
f 8973/8973 8989/8989 8990/8990
f 8973/8973 8990/8990 8974/8974
f 8974/8974 8990/8990 8975/8975
f 8974/8974 8975/8975 8959/8959
f 8975/8975 8991/8991 8992/8992
f 8975/8975 8992/8992 8976/8976
f 8976/8976 8992/8992 8993/8993
f 8976/8976 8993/8993 8977/8977
f 8977/8977 8993/8993 8994/8994
f 8977/8977 8994/8994 8978/8978
f 8978/8978 8994/8994 8995/8995
f 8978/8978 8995/8995 8979/8979
f 8979/8979 8995/8995 8996/8996
f 8979/8979 8996/8996 8980/8980
f 8980/8980 8996/8996 8997/8997
f 8980/8980 8997/8997 8981/8981
f 8981/8981 8997/8997 8998/8998
f 8981/8981 8998/8998 8982/8982
f 8982/8982 8998/8998 8999/8999
f 8982/8982 8999/8999 8983/8983
f 8983/8983 8999/8999 9000/9000
f 8983/8983 9000/9000 8984/8984
f 8984/8984 9000/9000 9001/9001
f 8984/8984 9001/9001 8985/8985
f 8985/8985 9001/9001 9002/9002
f 8985/8985 9002/9002 8986/8986
f 8986/8986 9002/9002 9003/9003
f 8986/8986 9003/9003 8987/8987
f 8987/8987 9003/9003 9004/9004
f 8987/8987 9004/9004 8988/8988
f 8988/8988 9004/9004 9005/9005
f 8988/8988 9005/9005 8989/8989
f 8989/8989 9005/9005 9006/9006
f 8989/8989 9006/9006 8990/8990
f 8990/8990 9006/9006 8991/8991
f 8990/8990 8991/8991 8975/8975
f 8768/8768 9007/9007 8767/8767
f 8769/8769 9007/9007 8768/8768
f 8770/8770 9007/9007 8769/8769
f 8771/8771 9007/9007 8770/8770
f 8772/8772 9007/9007 8771/8771
f 8773/8773 9007/9007 8772/8772
f 8774/8774 9007/9007 8773/8773
f 8775/8775 9007/9007 8774/8774
f 8776/8776 9007/9007 8775/8775
f 8777/8777 9007/9007 8776/8776
f 8778/8778 9007/9007 8777/8777
f 8779/8779 9007/9007 8778/8778
f 8780/8780 9007/9007 8779/8779
f 8781/8781 9007/9007 8780/8780
f 8782/8782 9007/9007 8781/8781
f 8767/8767 9007/9007 8782/8782
f 8991/8991 9008/9008 8992/8992
f 8992/8992 9008/9008 8993/8993
f 8993/8993 9008/9008 8994/8994
f 8994/8994 9008/9008 8995/8995
f 8995/8995 9008/9008 8996/8996
f 8996/8996 9008/9008 8997/8997
f 8997/8997 9008/9008 8998/8998
f 8998/8998 9008/9008 8999/8999
f 8999/8999 9008/9008 9000/9000
f 9000/9000 9008/9008 9001/9001
f 9001/9001 9008/9008 9002/9002
f 9002/9002 9008/9008 9003/9003
f 9003/9003 9008/9008 9004/9004
f 9004/9004 9008/9008 9005/9005
f 9005/9005 9008/9008 9006/9006
f 9006/9006 9008/9008 8991/8991
