v -0.06994 0.07718 -0.06747
v -0.07003 0.09144 -0.05848
v -0.06742 0.07536 -0.06582
v -0.06590 0.07893 -0.06565
v -0.06985 0.08030 -0.06773
v -0.07413 0.08026 -0.06843
v -0.07282 0.07640 -0.06756
v -0.07037 0.07329 -0.06539
v -0.06995 0.08960 -0.06170
v -0.06621 0.08954 -0.05672
v -0.06828 0.09097 -0.05369
v -0.07128 0.09129 -0.05147
v -0.07437 0.09225 -0.05853
v -0.07495 0.09036 -0.06218
v -0.07492 0.08765 -0.06520
v -0.06999 0.08718 -0.06454
v -0.07465 0.08428 -0.06744
v -0.06989 0.08404 -0.06669
v -0.06532 0.08245 -0.06445
v -0.06528 0.08546 -0.06231
v -0.06098 0.07956 -0.06093
v -0.06089 0.08284 -0.05843
v -0.06296 0.08728 -0.05299
v -0.05402 0.07687 -0.04955
v -0.05728 0.08143 -0.04372
v -0.06046 0.08253 -0.04076
v -0.06567 0.08883 -0.04988
v -0.06407 0.08244 -0.03865
v -0.06907 0.08911 -0.04755
v -0.05708 0.07647 -0.03469
v -0.06021 0.07623 -0.03257
v -0.05469 0.07275 -0.03125
v -0.05792 0.07210 -0.02893
v -0.04941 0.06642 -0.02449
v -0.05271 0.06494 -0.02178
v -0.04636 0.06662 -0.02769
v -0.04312 0.06284 -0.03429
v -0.04325 0.05946 -0.03750
v -0.04459 0.05621 -0.03959
v -0.04858 0.06494 -0.04287
v -0.05064 0.06098 -0.04488
v -0.05341 0.06431 -0.04819
v -0.05651 0.06095 -0.04925
v -0.05341 0.05719 -0.04538
v -0.04771 0.05156 -0.04078
v -0.05146 0.06825 -0.04597
v -0.05410 0.07308 -0.05253
v -0.05568 0.06906 -0.05456
v -0.04835 0.06859 -0.03989
v -0.05120 0.07187 -0.04301
v -0.05170 0.07230 -0.03415
v -0.05424 0.07569 -0.03738
v -0.06210 0.07591 -0.06249
v -0.06429 0.07238 -0.06292
v -0.05863 0.06553 -0.05540
v -0.06736 0.07004 -0.06244
v -0.06229 0.06314 -0.05496
v -0.06003 0.05879 -0.04915
v -0.05758 0.05557 -0.04576
v -0.05200 0.04852 -0.03980
v -0.05466 0.04720 -0.03781
v -0.06188 0.05817 -0.02597
v -0.07979 0.09059 -0.05727
v -0.08011 0.07924 -0.06600
v -0.05915 0.05367 -0.02185
v -0.06255 0.05478 -0.02986
v -0.06594 0.05976 -0.03455
v -0.06533 0.06326 -0.03086
v -0.06378 0.06668 -0.02864
v -0.06039 0.06179 -0.02385
v -0.05981 0.05012 -0.02592
v -0.07649 0.08706 -0.05113
v -0.07752 0.08344 -0.05300
v -0.08113 0.08862 -0.05948
v -0.07858 0.07658 -0.06449
v -0.07612 0.07597 -0.06643
v -0.07793 0.07962 -0.06757
v -0.08141 0.08193 -0.06457
v -0.07998 0.07894 -0.06205
v -0.07882 0.08351 -0.06650
v -0.07914 0.08700 -0.06422
v -0.08175 0.08543 -0.06213
v -0.08039 0.08254 -0.05918
v -0.07885 0.08991 -0.06131
v -0.07783 0.09184 -0.05779
v -0.07435 0.08985 -0.05060
v -0.07235 0.08746 -0.04687
v -0.07006 0.08407 -0.04233
v -0.06647 0.08578 -0.04262
v -0.06768 0.08062 -0.03818
v -0.06369 0.07429 -0.03172
v -0.06125 0.06984 -0.02791
v -0.05558 0.06168 -0.01979
v -0.06641 0.07123 -0.03274
v -0.06800 0.06766 -0.03503
v -0.07127 0.07372 -0.04166
v -0.07012 0.07757 -0.03946
v -0.07328 0.07722 -0.04576
v -0.07230 0.08105 -0.04358
v -0.07540 0.08059 -0.04964
v -0.07448 0.08438 -0.04766
v -0.07362 0.07271 -0.04874
v -0.07564 0.07623 -0.05263
v -0.07776 0.07939 -0.05593
v -0.07500 0.07247 -0.05590
v -0.07729 0.07574 -0.05916
v -0.07333 0.07030 -0.05861
v -0.07592 0.07351 -0.06182
v -0.07066 0.06938 -0.06090
v -0.07354 0.07268 -0.06397
v -0.06804 0.06581 -0.05709
v -0.06441 0.06637 -0.05869
v -0.06598 0.06249 -0.05316
v -0.06327 0.05820 -0.04774
v -0.06090 0.05500 -0.04446
v -0.05761 0.05110 -0.04079
v -0.05470 0.05194 -0.04239
v -0.06004 0.05118 -0.03814
v -0.05718 0.04677 -0.03474
v -0.06189 0.05227 -0.03433
v -0.05912 0.04762 -0.03056
v -0.06345 0.05552 -0.04213
v -0.06528 0.05696 -0.03877
v -0.06582 0.05893 -0.04542
v -0.06770 0.06067 -0.04235
v -0.06854 0.06380 -0.03851
v -0.07076 0.06553 -0.04786
v -0.07164 0.06928 -0.04462
v -0.07286 0.06890 -0.05199
v -0.06884 0.06342 -0.05065
v -0.07098 0.06677 -0.05471
v -0.04956 0.05344 -0.04209
v -0.04740 0.05833 -0.04188
v -0.04568 0.06186 -0.03998
v -0.04541 0.06538 -0.03695
v -0.04869 0.06907 -0.03080
v -0.05176 0.06912 -0.02763
v -0.05507 0.06807 -0.02510
v -0.06094 0.06865 -0.05908
v -0.05824 0.07212 -0.05842
v -0.05678 0.07604 -0.05657
v -0.05671 0.07967 -0.05364
v -0.05961 0.08431 -0.04788
v -0.06272 0.08567 -0.04478
v -0.07000 0.06651 -0.04122
v -0.06904 0.06297 -0.04463
v -0.06715 0.06097 -0.04752
v -0.06455 0.06014 -0.04999
v -0.06120 0.06081 -0.05174
v -0.05772 0.06316 -0.05212
v -0.05470 0.06667 -0.05115
v -0.05297 0.07069 -0.04900
v -0.05280 0.07447 -0.04609
v -0.05595 0.07879 -0.04043
v -0.05885 0.07979 -0.03770
v -0.06204 0.07974 -0.03565
v -0.06556 0.07785 -0.03486
v -0.06820 0.07466 -0.03592
v -0.06960 0.07079 -0.03812
v -0.05770 0.05764 -0.01969
v -0.05815 0.06540 -0.02364
v -0.07858 0.08942 -0.05460
v -0.07045 0.09217 -0.05580
v -0.07319 0.09250 -0.05488
v -0.07625 0.09151 -0.05417
v -0.07993 0.08626 -0.05649
v -0.04428 0.06537 -0.03095
v -0.04655 0.06781 -0.03385
v -0.04956 0.07097 -0.03698
v -0.05224 0.07426 -0.04017
v -0.05387 0.07710 -0.04325
v -0.05510 0.07958 -0.04665
v -0.05765 0.08234 -0.05079
v -0.06147 0.08532 -0.05582
v -0.06541 0.08773 -0.05970
v -0.04967 0.05005 -0.04071
v -0.05182 0.05308 -0.04274
v -0.04898 0.05558 -0.04243
v -0.04608 0.05367 -0.04047
v -0.04782 0.06516 -0.02180
v -0.05075 0.06311 -0.01869
v -0.05322 0.05893 -0.01612
v -0.05535 0.05419 -0.01590
v -0.05683 0.04980 -0.01808
v -0.05755 0.04593 -0.02215
v -0.05698 0.04319 -0.02712
v -0.05489 0.04229 -0.03195
v -0.05202 0.04310 -0.03569
v -0.04922 0.04492 -0.03806
v -0.04683 0.04694 -0.03922
v -0.04464 0.04911 -0.03946
v -0.04270 0.05165 -0.03904
v -0.04118 0.05450 -0.03791
v -0.04026 0.05790 -0.03554
v -0.04070 0.06152 -0.03201
v -0.04240 0.06429 -0.02845
v -0.04474 0.06558 -0.02511
v -0.01753 0.13326 -0.06774
v -0.03019 0.13707 -0.06839
v -0.01828 0.13110 -0.06767
v -0.01737 0.12939 -0.06154
v -0.01608 0.13231 -0.06113
v -0.03226 0.13592 -0.06164
v -0.03055 0.13220 -0.06930
v -0.03357 0.12949 -0.06230
v -0.03295 0.13546 -0.05668
v -0.03412 0.12826 -0.05741
v -0.03436 0.12773 -0.05180
v -0.03475 0.12741 -0.04414
v -0.03524 0.12293 -0.03479
v -0.03528 0.12019 -0.02814
v -0.01472 0.12322 -0.02677
v -0.01638 0.12036 -0.02840
v -0.01502 0.12627 -0.03350
v -0.01650 0.12322 -0.03483
v -0.01555 0.13065 -0.04339
v -0.01690 0.12772 -0.04417
v -0.01562 0.13137 -0.05072
v -0.01692 0.12843 -0.05120
v -0.01579 0.13178 -0.05647
v -0.01704 0.12889 -0.05688
v -0.01803 0.13601 -0.05014
v -0.01826 0.13616 -0.05589
v -0.01844 0.13676 -0.06085
v -0.01881 0.13786 -0.06761
v -0.02365 0.13289 -0.07088
v -0.02123 0.13857 -0.06873
v -0.02471 0.13868 -0.06928
v -0.02730 0.13262 -0.07077
v -0.02800 0.13820 -0.06913
v -0.02930 0.13826 -0.06148
v -0.02517 0.13891 -0.06127
v -0.02533 0.13868 -0.05603
v -0.02987 0.13802 -0.05634
v -0.02137 0.13825 -0.06104
v -0.02119 0.13782 -0.05587
v -0.02102 0.13781 -0.05004
v -0.02546 0.13878 -0.05013
v -0.02090 0.13767 -0.04175
v -0.01781 0.13572 -0.04224
v -0.01707 0.13149 -0.03128
v -0.01652 0.12851 -0.02395
v -0.02437 0.13128 -0.02218
v -0.01960 0.13053 -0.02277
v -0.02489 0.13424 -0.02982
v -0.02013 0.13346 -0.03033
v -0.02556 0.13861 -0.04142
v -0.03034 0.13318 -0.03010
v -0.03070 0.13774 -0.04151
v -0.03034 0.13803 -0.05046
v -0.03400 0.13491 -0.04219
v -0.03350 0.13530 -0.05089
v -0.03396 0.13029 -0.03140
v -0.03373 0.12740 -0.02411
v -0.02994 0.13023 -0.02256
v -0.02724 0.12976 -0.06983
v -0.02040 0.13046 -0.06897
v -0.02866 0.12541 -0.06259
v -0.02459 0.12547 -0.06248
v -0.02371 0.12985 -0.06977
v -0.02053 0.12698 -0.06217
v -0.02034 0.12634 -0.05730
v -0.02031 0.12541 -0.04484
v -0.02007 0.12081 -0.03596
v -0.02000 0.11820 -0.02974
v -0.02984 0.11682 -0.03023
v -0.02974 0.11934 -0.03647
v -0.02939 0.12373 -0.04515
v -0.02910 0.12424 -0.05755
v -0.02487 0.12393 -0.04519
v -0.02477 0.12453 -0.05745
v -0.02491 0.11944 -0.03653
v -0.02492 0.11696 -0.03038
v -0.02028 0.12590 -0.05167
v -0.02479 0.12414 -0.05193
v -0.02921 0.12381 -0.05208
v -0.02987 0.13012 -0.06909
v -0.03340 0.11784 -0.02947
v -0.03329 0.12046 -0.03589
v -0.03276 0.12489 -0.04480
v -0.03250 0.12502 -0.05206
v -0.03237 0.12555 -0.05758
v -0.03191 0.12686 -0.06250
v -0.02008 0.13326 -0.06980
v -0.03493 0.12621 -0.04133
v -0.03400 0.13359 -0.03878
v -0.03061 0.13644 -0.03787
v -0.02538 0.13741 -0.03773
v -0.02068 0.13655 -0.03817
v -0.01762 0.13461 -0.03885
v -0.01542 0.12950 -0.04045
v -0.01681 0.12653 -0.04146
v -0.02028 0.12419 -0.04229
v -0.02492 0.12275 -0.04272
v -0.02953 0.12260 -0.04265
v -0.03296 0.12373 -0.04219
v -0.03465 0.12760 -0.04668
v -0.03393 0.13528 -0.04532
v -0.03068 0.13810 -0.04481
v -0.02558 0.13888 -0.04463
v -0.02096 0.13788 -0.04478
v -0.01789 0.13596 -0.04505
v -0.01557 0.13103 -0.04578
v -0.01691 0.12808 -0.04639
v -0.02031 0.12566 -0.04694
v -0.02485 0.12407 -0.04727
v -0.02932 0.12380 -0.04732
v -0.03267 0.12498 -0.04714
v -0.01491 0.12599 -0.02530
v -0.01539 0.12906 -0.03234
v -0.01588 0.13224 -0.03960
v -0.01604 0.13336 -0.04276
v -0.01609 0.13369 -0.04536
v -0.01621 0.13389 -0.05037
v -0.01642 0.13418 -0.05612
v -0.01662 0.13478 -0.06089
v -0.01778 0.13602 -0.06773
v -0.02052 0.13630 -0.06971
v -0.03064 0.13510 -0.06898
v -0.02765 0.13586 -0.07046
v -0.02417 0.13617 -0.07067
v -0.03545 0.12362 -0.02626
v -0.03551 0.12644 -0.03320
v -0.03535 0.12974 -0.04012
v -0.03526 0.13102 -0.04320
v -0.03515 0.13133 -0.04602
v -0.03475 0.13147 -0.05137
v -0.03432 0.13183 -0.05708
v -0.03365 0.13269 -0.06197
v -0.02143 0.13884 -0.06564
v -0.02493 0.13921 -0.06593
v -0.02855 0.13861 -0.06601
v -0.03119 0.13668 -0.06592
v -0.03244 0.13396 -0.06617
v -0.03242 0.13105 -0.06649
v -0.03093 0.12867 -0.06674
v -0.02785 0.12736 -0.06701
v -0.02416 0.12726 -0.06690
v -0.02064 0.12828 -0.06636
v -0.01787 0.13013 -0.06544
v -0.01658 0.13287 -0.06502
v -0.01692 0.13552 -0.06493
v -0.01855 0.13762 -0.06515
v -0.03371 0.12545 -0.02027
v -0.03550 0.12196 -0.02277
v -0.02979 0.12809 -0.01851
v -0.02410 0.12906 -0.01812
v -0.01927 0.12833 -0.01886
v -0.01619 0.12645 -0.02034
v -0.01466 0.12414 -0.02204
v -0.01461 0.12159 -0.02387
v -0.01637 0.11901 -0.02581
v -0.02003 0.11713 -0.02731
v -0.02503 0.11603 -0.02805
v -0.03001 0.11589 -0.02783
v -0.03354 0.11677 -0.02678
v -0.03538 0.11885 -0.02506
v -0.02962 0.10310 -0.00210
v -0.02346 0.10392 -0.00131
v -0.01785 0.10360 -0.00283
v -0.01417 0.10295 -0.00573
v -0.01150 0.10122 -0.01318
v -0.01292 0.09881 -0.01681
v -0.01912 0.09733 -0.01984
v -0.02552 0.09650 -0.02067
v -0.03368 0.12233 -0.01747
v -0.03543 0.11672 -0.02356
v -0.03570 0.11127 -0.02166
v -0.02954 0.11224 -0.00758
v -0.02354 0.11330 -0.00706
v -0.01831 0.11305 -0.00865
v -0.01519 0.11193 -0.01126
v -0.01348 0.10892 -0.01738
v -0.01511 0.10698 -0.02044
v -0.01416 0.11411 -0.02008
v -0.01591 0.11220 -0.02298
v -0.01458 0.11935 -0.02233
v -0.01637 0.11713 -0.02470
v -0.01602 0.12339 -0.01781
v -0.01564 0.11749 -0.01447
v -0.01866 0.11881 -0.01211
v -0.01901 0.12498 -0.01594
v -0.02373 0.11927 -0.01070
v -0.02392 0.12565 -0.01492
v -0.02973 0.12473 -0.01532
v -0.03379 0.11602 -0.01393
v -0.02970 0.11827 -0.01117
v -0.02007 0.11550 -0.02642
v -0.01976 0.11072 -0.02510
v -0.01920 0.10532 -0.02282
v -0.02491 0.10439 -0.02398
v -0.03044 0.10968 -0.02585
v -0.03022 0.11445 -0.02702
v -0.02517 0.11457 -0.02727
v -0.02514 0.10988 -0.02614
v -0.01212 0.10235 -0.00965
v -0.03648 0.09786 -0.01459
v -0.03609 0.10573 -0.01906
v -0.03493 0.09682 -0.01773
v -0.03437 0.10457 -0.02201
v -0.03400 0.11005 -0.02438
v -0.03368 0.11509 -0.02577
v -0.03118 0.09634 -0.01979
v -0.03054 0.10418 -0.02363
v -0.03381 0.11012 -0.01065
v -0.03388 0.10136 -0.00555
v -0.01369 0.11055 -0.01430
v -0.01421 0.11589 -0.01719
v -0.01458 0.12148 -0.01998
v -0.03611 0.09943 -0.01036
v -0.03590 0.10767 -0.01503
v -0.03568 0.11338 -0.01793
v -0.03550 0.11930 -0.02061
v -0.01885 0.10066 -0.02063
v -0.01416 0.10244 -0.01793
v -0.01261 0.10437 -0.01470
v -0.01311 0.10579 -0.01145
v -0.01485 0.10694 -0.00817
v -0.01811 0.10792 -0.00551
v -0.02346 0.10816 -0.00393
v -0.02948 0.10710 -0.00450
v -0.03380 0.10512 -0.00771
v -0.03601 0.10289 -0.01227
v -0.03632 0.10109 -0.01638
v -0.03464 0.09993 -0.01940
v -0.03069 0.09947 -0.02122
v -0.02491 0.09966 -0.02181
v 0.00119 0.12960 -0.07203
v 0.01169 0.12746 -0.07121
v 0.00050 0.13159 -0.07268
v -0.00112 0.13137 -0.07026
v 0.00028 0.12900 -0.07000
v 0.00276 0.12733 -0.06964
v 0.00322 0.12885 -0.07242
v 0.00317 0.13161 -0.07417
v 0.01274 0.12912 -0.07215
v 0.01000 0.13022 -0.07391
v 0.00930 0.12760 -0.07200
v 0.00927 0.12616 -0.06921
v 0.01222 0.12668 -0.06911
v 0.01407 0.12829 -0.06957
v 0.01180 0.12554 -0.05327
v 0.01455 0.12759 -0.05319
v -0.00192 0.12781 -0.05392
v -0.00380 0.13041 -0.05393
v 0.00115 0.12605 -0.05385
v 0.00810 0.12491 -0.05348
v 0.01502 0.13373 -0.07053
v -0.00104 0.13417 -0.07049
v 0.01386 0.13556 -0.07214
v 0.01342 0.13228 -0.07299
v 0.01487 0.13107 -0.07038
v 0.00044 0.13451 -0.07279
v 0.00035 0.13653 -0.07160
v 0.00339 0.13508 -0.07466
v 0.00359 0.13800 -0.07313
v 0.00138 0.13989 -0.05367
v 0.00626 0.14088 -0.05350
v 0.01055 0.14017 -0.05339
v 0.01343 0.13819 -0.05333
v -0.00231 0.13727 -0.05380
v -0.00383 0.13389 -0.05386
v -0.00284 0.13099 -0.06294
v 0.01548 0.13123 -0.05326
v 0.01069 0.13380 -0.07469
v 0.00715 0.13493 -0.07536
v 0.00651 0.13128 -0.07462
v 0.00765 0.13827 -0.07381
v 0.01122 0.13732 -0.07332
v 0.01507 0.13509 -0.05330
v 0.00603 0.12818 -0.07246
v 0.00583 0.12636 -0.06943
v 0.00454 0.12509 -0.05370
v 0.01487 0.12767 -0.06202
v 0.01246 0.12582 -0.06192
v 0.00900 0.12514 -0.06195
v 0.00530 0.12533 -0.06207
v 0.00177 0.12638 -0.06235
v -0.00120 0.12829 -0.06271
v 0.01464 0.12787 -0.06627
v 0.01249 0.12619 -0.06610
v 0.00928 0.12552 -0.06611
v 0.00563 0.12564 -0.06622
v 0.00221 0.12671 -0.06651
v -0.00057 0.12863 -0.06695
v -0.00208 0.13125 -0.06718
v 0.01544 0.13061 -0.06666
v 0.01520 0.13376 -0.06712
v 0.01381 0.13639 -0.06761
v 0.01103 0.13838 -0.06816
v 0.00723 0.13934 -0.06847
v 0.00303 0.13875 -0.06814
v -0.00031 0.13688 -0.06751
v -0.00188 0.13422 -0.06716
v -0.00262 0.13413 -0.06288
v -0.00101 0.13688 -0.06286
v 0.00240 0.13896 -0.06307
v 0.00672 0.13969 -0.06323
v 0.01073 0.13877 -0.06304
v 0.01361 0.13673 -0.06272
v 0.01519 0.13392 -0.06250
v 0.01566 0.13064 -0.06225
v 0.00851 0.12495 -0.05748
v 0.00489 0.12516 -0.05766
v 0.00143 0.12617 -0.05787
v -0.00161 0.12801 -0.05810
v -0.00337 0.13066 -0.05824
v -0.00326 0.13399 -0.05824
v -0.00168 0.13707 -0.05826
v 0.00186 0.13942 -0.05832
v 0.00644 0.14028 -0.05833
v 0.01065 0.13946 -0.05820
v 0.01355 0.13746 -0.05799
v 0.01517 0.13449 -0.05782
v 0.01561 0.13090 -0.05763
v 0.01474 0.12755 -0.05742
v 0.01212 0.12558 -0.05737
v 0.01178 0.12567 -0.05060
v 0.01455 0.12778 -0.05031
v 0.00802 0.12494 -0.05091
v 0.00440 0.12500 -0.05115
v 0.00096 0.12589 -0.05123
v -0.00214 0.12758 -0.05114
v -0.00409 0.13013 -0.05091
v -0.00425 0.13365 -0.05054
v -0.00275 0.13713 -0.05020
v 0.00108 0.13996 -0.04985
v 0.00613 0.14114 -0.04957
v 0.01032 0.14054 -0.04946
v 0.01320 0.13851 -0.04954
v 0.01495 0.13535 -0.04975
v 0.01545 0.13147 -0.05005
v 0.01188 0.11309 -0.02266
v 0.01438 0.11484 -0.02029
v 0.01131 0.10624 -0.01944
v 0.01394 0.10795 -0.01682
v 0.01046 0.10022 -0.01721
v 0.01314 0.10225 -0.01467
v 0.00722 0.10533 -0.02106
v 0.00646 0.09943 -0.01857
v -0.00133 0.10590 -0.02116
v -0.00286 0.10066 -0.01826
v -0.00492 0.10725 -0.01953
v -0.00615 0.10237 -0.01649
v -0.00705 0.10908 -0.01704
v -0.00795 0.10412 -0.01390
v -0.00357 0.11359 -0.02355
v -0.00585 0.11548 -0.02150
v 0.00010 0.11247 -0.02472
v 0.00805 0.11220 -0.02422
v 0.01265 0.10008 0.00079
v -0.00617 0.10278 0.00006
v 0.01437 0.10082 -0.00456
v 0.00653 0.10162 0.00339
v 0.00055 0.10812 -0.00073
v 0.01137 0.10614 -0.00321
v 0.01364 0.10517 -0.00665
v -0.00474 0.10799 -0.00317
v -0.00036 0.10256 0.00326
v -0.00927 0.10279 -0.00481
v -0.00776 0.10716 -0.00693
v -0.00863 0.10132 -0.01271
v 0.01290 0.09802 -0.01273
v 0.00605 0.09523 -0.01778
v 0.00080 0.09574 -0.01823
v 0.00172 0.09950 -0.01906
v 0.00566 0.14052 -0.04527
v 0.00975 0.14007 -0.04522
v 0.00933 0.13877 -0.03870
v 0.01272 0.13807 -0.04547
v 0.01236 0.13676 -0.03905
v 0.01238 0.13520 -0.03164
v 0.00927 0.13723 -0.03122
v 0.01466 0.13496 -0.04594
v 0.01436 0.13365 -0.03963
v 0.01432 0.13206 -0.03226
v 0.01516 0.12989 -0.04039
v 0.01503 0.12825 -0.03307
v 0.01448 0.12445 -0.03401
v 0.01479 0.11726 -0.01736
v 0.01444 0.11000 -0.01352
v 0.01350 0.11181 -0.01018
v 0.01382 0.11950 -0.01444
v 0.01414 0.10430 -0.01062
v 0.01117 0.11339 -0.00733
v 0.00680 0.10741 -0.00089
v 0.00714 0.11455 -0.00543
v 0.00786 0.12263 -0.01041
v 0.01157 0.12137 -0.01198
v 0.00528 0.13918 -0.03866
v 0.00027 0.13605 -0.03158
v 0.00053 0.13768 -0.03899
v 0.00073 0.13913 -0.04559
v -0.00308 0.13463 -0.03969
v -0.00303 0.13617 -0.04614
v -0.00444 0.13270 -0.04682
v -0.00417 0.12925 -0.04757
v -0.00444 0.13111 -0.04059
v -0.00419 0.12769 -0.04155
v -0.00452 0.12911 -0.03340
v -0.00434 0.12549 -0.03436
v -0.00625 0.11789 -0.01854
v -0.00732 0.11116 -0.01395
v -0.00841 0.10579 -0.01062
v -0.00636 0.11300 -0.01059
v -0.00349 0.11427 -0.00742
v -0.00228 0.12185 -0.01230
v -0.00320 0.13283 -0.03242
v -0.00526 0.12005 -0.01526
v 0.01461 0.12623 -0.04122
v 0.01535 0.13119 -0.04659
v 0.01461 0.12754 -0.04724
v -0.00727 0.09960 -0.01539
v -0.00933 0.10247 -0.00911
v -0.00422 0.09740 -0.01715
v 0.00409 0.11201 -0.02501
v 0.00290 0.10520 -0.02174
v 0.01410 0.10001 -0.00893
v -0.00228 0.12283 -0.03513
v 0.00100 0.12109 -0.03560
v 0.00459 0.12034 -0.03565
v 0.00826 0.12068 -0.03534
v 0.01194 0.12196 -0.03479
v -0.00214 0.12511 -0.04224
v 0.00108 0.12336 -0.04262
v 0.00462 0.12255 -0.04267
v 0.00829 0.12279 -0.04240
v 0.01202 0.12389 -0.04190
v -0.00214 0.12676 -0.04809
v 0.00101 0.12515 -0.04836
v 0.00449 0.12436 -0.04838
v 0.00813 0.12446 -0.04814
v 0.01190 0.12536 -0.04775
v 0.00500 0.13764 -0.03116
v 0.00257 0.12288 -0.01044
v 0.00144 0.11490 -0.00535
v 0.01050 0.09577 -0.01553
v 0.01242 0.13213 -0.02052
v 0.00895 0.13400 -0.01969
v 0.00408 0.13435 -0.01965
v -0.00089 0.13280 -0.02059
v -0.00431 0.12976 -0.02230
v -0.00546 0.12628 -0.02423
v -0.00495 0.12289 -0.02609
v -0.00261 0.12064 -0.02744
v 0.00089 0.11938 -0.02819
v 0.00463 0.11883 -0.02835
v 0.00837 0.11916 -0.02794
v 0.01208 0.12026 -0.02705
v 0.01465 0.12246 -0.02562
v 0.01527 0.12586 -0.02368
v 0.01452 0.12928 -0.02189
v 0.00457 0.11918 -0.03048
v 0.00827 0.11953 -0.03014
v 0.01195 0.12075 -0.02942
v 0.01452 0.12314 -0.02830
v 0.01517 0.12686 -0.02684
v 0.01451 0.13060 -0.02555
v 0.01252 0.13370 -0.02457
v 0.00919 0.13572 -0.02396
v 0.00453 0.13610 -0.02391
v -0.00036 0.13446 -0.02458
v -0.00380 0.13119 -0.02583
v -0.00501 0.12739 -0.02722
v -0.00468 0.12372 -0.02858
v -0.00247 0.12125 -0.02967
v 0.00092 0.11980 -0.03035
v 0.00471 0.11749 -0.02716
v 0.00848 0.11777 -0.02656
v 0.01217 0.11874 -0.02537
v 0.01466 0.12065 -0.02355
v 0.01515 0.12354 -0.02113
v 0.01426 0.12639 -0.01881
v 0.01208 0.12877 -0.01695
v 0.00855 0.13039 -0.01583
v 0.00357 0.13067 -0.01583
v -0.00133 0.12931 -0.01717
v -0.00460 0.12678 -0.01949
v -0.00564 0.12392 -0.02210
v -0.00508 0.12106 -0.02455
v -0.00267 0.11908 -0.02618
v 0.00091 0.11796 -0.02701
v 0.03959 0.11529 -0.07421
v 0.02904 0.12233 -0.07554
v 0.03881 0.11279 -0.07384
v 0.04019 0.11307 -0.06542
v 0.04051 0.11630 -0.06620
v 0.03739 0.11408 -0.07569
v 0.02659 0.12069 -0.07475
v 0.02780 0.12421 -0.06689
v 0.02455 0.12161 -0.06637
v 0.02771 0.12534 -0.06174
v 0.02452 0.12252 -0.06120
v 0.02292 0.11907 -0.06051
v 0.02302 0.11826 -0.06571
v 0.02515 0.11784 -0.07383
v 0.02671 0.11736 -0.07563
v 0.02807 0.12013 -0.07636
v 0.03098 0.11457 -0.07640
v 0.03297 0.11795 -0.07724
v 0.03444 0.12102 -0.07648
v 0.03863 0.11698 -0.07534
v 0.03931 0.11934 -0.06682
v 0.03465 0.12382 -0.06753
v 0.03992 0.12046 -0.06141
v 0.03505 0.12538 -0.06221
v 0.03595 0.12777 -0.05532
v 0.03558 0.12763 -0.04601
v 0.02662 0.12537 -0.03975
v 0.02700 0.12652 -0.04630
v 0.02360 0.12244 -0.04039
v 0.02407 0.12366 -0.04650
v 0.02191 0.11882 -0.04112
v 0.02260 0.12030 -0.04663
v 0.02332 0.12165 -0.03436
v 0.02147 0.11801 -0.03545
v 0.02277 0.12055 -0.02566
v 0.02130 0.11838 -0.02882
v 0.02125 0.11444 -0.02061
v 0.01980 0.11262 -0.02353
v 0.01962 0.10863 -0.01558
v 0.01797 0.10650 -0.01850
v 0.02257 0.10988 -0.01266
v 0.02676 0.11020 -0.01058
v 0.03154 0.10928 -0.00961
v 0.03763 0.10490 -0.01336
v 0.03887 0.10214 -0.01705
v 0.03840 0.09994 -0.02093
v 0.03622 0.09830 -0.02391
v 0.03951 0.10524 -0.02560
v 0.03753 0.10386 -0.02838
v 0.04109 0.11152 -0.03056
v 0.03902 0.11035 -0.03327
v 0.04100 0.11209 -0.03515
v 0.03876 0.10933 -0.03610
v 0.04125 0.11339 -0.04074
v 0.04151 0.11494 -0.04635
v 0.03960 0.11225 -0.04654
v 0.03943 0.11311 -0.05225
v 0.04056 0.11410 -0.06001
v 0.03873 0.11162 -0.05932
v 0.03838 0.11064 -0.06460
v 0.03686 0.11066 -0.07280
v 0.03548 0.11163 -0.07482
v 0.04195 0.11883 -0.05342
v 0.04102 0.11722 -0.06075
v 0.04220 0.11833 -0.04620
v 0.04126 0.12215 -0.04607
v 0.03556 0.12660 -0.03907
v 0.04127 0.11981 -0.03325
v 0.03563 0.12582 -0.03262
v 0.03534 0.12427 -0.02321
v 0.02593 0.12292 -0.02389
v 0.02646 0.12457 -0.03346
v 0.02409 0.11560 -0.01782
v 0.03298 0.11513 -0.01462
v 0.04108 0.11779 -0.02415
v 0.03892 0.11073 -0.01812
v 0.04193 0.11374 -0.02686
v 0.04011 0.10766 -0.02182
v 0.04203 0.11567 -0.03414
v 0.04210 0.11687 -0.04011
v 0.02307 0.12077 -0.05370
v 0.02475 0.12423 -0.05433
v 0.02806 0.12713 -0.05489
v 0.04099 0.12241 -0.05422
v 0.04131 0.11561 -0.05274
v 0.02628 0.11548 -0.07466
v 0.03401 0.11056 -0.07393
v 0.02537 0.11520 -0.07300
v 0.02959 0.11234 -0.07459
v 0.02900 0.11119 -0.07224
v 0.03444 0.10982 -0.07217
v 0.03527 0.10963 -0.06413
v 0.03600 0.10941 -0.04186
v 0.03919 0.11060 -0.04137
v 0.03580 0.11011 -0.03421
v 0.03427 0.10379 -0.02979
v 0.03263 0.09813 -0.02528
v 0.02473 0.10059 -0.02415
v 0.01854 0.10383 -0.02115
v 0.02054 0.11021 -0.02617
v 0.02225 0.11631 -0.03151
v 0.02390 0.11785 -0.05323
v 0.02384 0.11523 -0.06500
v 0.02866 0.11099 -0.06410
v 0.02847 0.11081 -0.04212
v 0.02734 0.10887 -0.02989
v 0.02669 0.10648 -0.02893
v 0.02218 0.11473 -0.03625
v 0.02793 0.10979 -0.03713
v 0.03549 0.10821 -0.03677
v 0.02270 0.11561 -0.04163
v 0.02348 0.11731 -0.04668
v 0.02915 0.11268 -0.04684
v 0.03650 0.11120 -0.04675
v 0.02933 0.11363 -0.05251
v 0.03633 0.11213 -0.05213
v 0.02376 0.11613 -0.05989
v 0.02886 0.11199 -0.05905
v 0.03561 0.11055 -0.05897
v 0.04011 0.11574 -0.07138
v 0.03967 0.11252 -0.07040
v 0.03781 0.11024 -0.06936
v 0.03491 0.10936 -0.06879
v 0.02871 0.11068 -0.06880
v 0.02441 0.11495 -0.06970
v 0.02378 0.11796 -0.07045
v 0.02535 0.12115 -0.07122
v 0.02862 0.12338 -0.07200
v 0.03177 0.12368 -0.07265
v 0.03475 0.12258 -0.07289
v 0.03902 0.11845 -0.07206
v 0.03080 0.12685 -0.03930
v 0.04125 0.12083 -0.03953
v 0.04001 0.11428 -0.02125
v 0.03479 0.12238 -0.01989
v 0.02486 0.11904 -0.02064
v 0.02201 0.11778 -0.02359
v 0.02062 0.11591 -0.02677
v 0.02150 0.11371 -0.02938
v 0.02709 0.10801 -0.02767
v 0.03517 0.10754 -0.03267
v 0.03835 0.10749 -0.03137
v 0.04040 0.10874 -0.02871
v 0.04117 0.11120 -0.02503
v 0.03929 0.11166 -0.03402
v 0.04139 0.11327 -0.03168
v 0.04230 0.11583 -0.02879
v 0.04128 0.11895 -0.02770
v 0.03556 0.12501 -0.02670
v 0.02636 0.12401 -0.02778
v 0.02335 0.12209 -0.02811
v 0.02189 0.12011 -0.03100
v 0.02301 0.11858 -0.03373
v 0.02765 0.10952 -0.03293
v 0.03615 0.11140 -0.03535
v 0.02458 0.12459 -0.05177
v 0.02768 0.12741 -0.05255
v 0.03165 0.12873 -0.05305
v 0.03584 0.12831 -0.05315
v 0.04122 0.12302 -0.05207
v 0.04222 0.11941 -0.05116
v 0.04160 0.11619 -0.05031
v 0.03976 0.11369 -0.04963
v 0.03669 0.11274 -0.04939
v 0.02953 0.11418 -0.04962
v 0.02398 0.11841 -0.05035
v 0.02308 0.12129 -0.05093
v 0.03911 0.11256 -0.05470
v 0.04099 0.11507 -0.05521
v 0.04160 0.11825 -0.05586
v 0.04062 0.12173 -0.05661
v 0.03575 0.12702 -0.05769
v 0.02806 0.12662 -0.05720
v 0.02473 0.12369 -0.05670
v 0.02301 0.12017 -0.05613
v 0.02384 0.11724 -0.05566
v 0.02914 0.11306 -0.05491
v 0.03601 0.11154 -0.05456
v 0.02861 0.09912 -0.02517
v 0.03040 0.10468 -0.03008
v 0.03134 0.10832 -0.03312
v 0.03114 0.10759 -0.03029
v 0.03135 0.10806 -0.03297
v 0.03167 0.10845 -0.03712
v 0.03220 0.10957 -0.04211
v 0.03279 0.11143 -0.04685
v 0.03306 0.11300 -0.04942
v 0.03275 0.11242 -0.05224
v 0.03249 0.11183 -0.05466
v 0.03212 0.11079 -0.05890
v 0.03183 0.10985 -0.06399
v 0.03168 0.10958 -0.06866
v 0.03169 0.11007 -0.07208
v 0.03208 0.11107 -0.07431
v 0.03346 0.11293 -0.07591
v 0.03544 0.11598 -0.07675
v 0.03682 0.11906 -0.07611
v 0.03714 0.12073 -0.07260
v 0.03729 0.12191 -0.06731
v 0.03787 0.12334 -0.06195
v 0.03861 0.12488 -0.05733
v 0.03891 0.12563 -0.05495
v 0.03901 0.12625 -0.05278
v 0.03897 0.12554 -0.04599
v 0.03903 0.12440 -0.03915
v 0.03911 0.12351 -0.03274
v 0.03905 0.12265 -0.02692
v 0.03875 0.12142 -0.02297
v 0.03748 0.11692 -0.01862
v 0.03652 0.11333 -0.01555
v 0.03514 0.10737 -0.01072
v 0.02820 0.11592 -0.01561
v 0.02989 0.12280 -0.02035
v 0.03036 0.12436 -0.02308
v 0.03072 0.12543 -0.02699
v 0.03076 0.12608 -0.03289
v 0.03105 0.12796 -0.04615
v 0.03198 0.12834 -0.05524
v 0.03189 0.12772 -0.05756
v 0.03134 0.12622 -0.06210
v 0.03127 0.12481 -0.06735
v 0.03164 0.12226 -0.07619
v 0.03030 0.11939 -0.07707
v 0.02860 0.11621 -0.07631
v 0.02749 0.11410 -0.07473
v 0.02681 0.11302 -0.07254
v 0.02624 0.11250 -0.06915
v 0.02594 0.11278 -0.06443
v 0.02599 0.11376 -0.05938
v 0.02615 0.11485 -0.05524
v 0.02626 0.11544 -0.05284
v 0.02638 0.11598 -0.04993
v 0.02591 0.11467 -0.04676
v 0.02515 0.11287 -0.04196
v 0.02461 0.11192 -0.03682
v 0.02436 0.11173 -0.03246
v 0.02401 0.11108 -0.02932
v 0.02408 0.11153 -0.03148
v 0.02312 0.10803 -0.02804
v 0.02109 0.10189 -0.02307
v 0.01709 0.10095 -0.00941
v 0.01559 0.09865 -0.01329
v 0.01976 0.10135 -0.00446
v 0.02495 0.10253 -0.00318
v 0.02997 0.10190 -0.00260
v 0.03403 0.10033 -0.00406
v 0.03704 0.09854 -0.00721
v 0.03828 0.09629 -0.01109
v 0.03769 0.09450 -0.01539
v 0.03500 0.09264 -0.01892
v 0.03070 0.09181 -0.02062
v 0.02609 0.09212 -0.02088
v 0.02183 0.09300 -0.02018
v 0.01821 0.09424 -0.01874
v 0.01586 0.09576 -0.01650
v 0.05709 0.08892 -0.06519
v 0.05790 0.08955 -0.06029
v 0.05507 0.08689 -0.06421
v 0.05557 0.08745 -0.05918
v 0.05463 0.08731 -0.06826
v 0.05768 0.09124 -0.06637
v 0.05406 0.08861 -0.07043
v 0.05481 0.09561 -0.06821
v 0.05093 0.09201 -0.07193
v 0.05012 0.09856 -0.06793
v 0.04740 0.09506 -0.07135
v 0.04761 0.09893 -0.06717
v 0.04600 0.09631 -0.06969
v 0.04539 0.09769 -0.06607
v 0.04577 0.09939 -0.06143
v 0.04670 0.10130 -0.05606
v 0.04532 0.09831 -0.05486
v 0.04778 0.10330 -0.05056
v 0.04660 0.10029 -0.04974
v 0.04730 0.10311 -0.04385
v 0.04611 0.09986 -0.04372
v 0.04682 0.10320 -0.03769
v 0.04432 0.09893 -0.02439
v 0.04647 0.10023 -0.02199
v 0.04945 0.09986 -0.02012
v 0.05543 0.09547 -0.01945
v 0.05810 0.08833 -0.02329
v 0.05700 0.08581 -0.02596
v 0.05463 0.08464 -0.02825
v 0.05729 0.08927 -0.03772
v 0.05734 0.08979 -0.04356
v 0.06016 0.09222 -0.05004
v 0.05765 0.09015 -0.04911
v 0.05640 0.08871 -0.05397
v 0.05889 0.09082 -0.05521
v 0.05990 0.09377 -0.05650
v 0.05870 0.09221 -0.06154
v 0.05748 0.09979 -0.05800
v 0.05592 0.09741 -0.06336
v 0.05223 0.10259 -0.05766
v 0.05097 0.10037 -0.06325
v 0.04918 0.10270 -0.05699
v 0.04818 0.10067 -0.06256
v 0.05026 0.10480 -0.05123
v 0.04993 0.10493 -0.04388
v 0.05357 0.10488 -0.05176
v 0.05347 0.10525 -0.04386
v 0.05323 0.10554 -0.03708
v 0.05928 0.10211 -0.05215
v 0.05948 0.10247 -0.04382
v 0.05965 0.10242 -0.03671
v 0.06153 0.09533 -0.04375
v 0.06172 0.09488 -0.03709
v 0.06017 0.09147 -0.03742
v 0.06008 0.09199 -0.04365
v 0.06141 0.09540 -0.05104
v 0.04953 0.10521 -0.03740
v 0.05232 0.08726 -0.06946
v 0.04862 0.08999 -0.07021
v 0.04639 0.08893 -0.06333
v 0.05213 0.08603 -0.06350
v 0.05229 0.08667 -0.05843
v 0.04426 0.09646 -0.05996
v 0.04391 0.09497 -0.06469
v 0.04614 0.09366 -0.07043
v 0.04662 0.09001 -0.05832
v 0.05382 0.08882 -0.03792
v 0.04819 0.09288 -0.03791
v 0.04564 0.09974 -0.03786
v 0.04865 0.09320 -0.04342
v 0.05402 0.08933 -0.04350
v 0.04924 0.09361 -0.04858
v 0.05448 0.08982 -0.04852
v 0.04767 0.09187 -0.05328
v 0.05308 0.08820 -0.05315
v 0.05155 0.08485 -0.02982
v 0.04537 0.08948 -0.02970
v 0.04319 0.09620 -0.02705
v 0.04486 0.09407 -0.06865
v 0.04717 0.08903 -0.06760
v 0.05222 0.08631 -0.06744
v 0.04750 0.09762 -0.07000
v 0.04919 0.09691 -0.07119
v 0.05346 0.09411 -0.07200
v 0.05627 0.09049 -0.07032
v 0.05630 0.08891 -0.06866
v 0.06040 0.09089 -0.03133
v 0.06182 0.09407 -0.03026
v 0.05951 0.10157 -0.02882
v 0.05293 0.10522 -0.02935
v 0.04931 0.10517 -0.03016
v 0.04668 0.10342 -0.03109
v 0.04554 0.10003 -0.03203
v 0.04810 0.09296 -0.03305
v 0.05412 0.08874 -0.03304
v 0.05764 0.08897 -0.03236
v 0.05755 0.08913 -0.03385
v 0.06038 0.09116 -0.03316
v 0.06190 0.09448 -0.03246
v 0.05975 0.10216 -0.03165
v 0.05314 0.10561 -0.03220
v 0.04942 0.10539 -0.03275
v 0.04673 0.10346 -0.03330
v 0.04561 0.10003 -0.03375
v 0.04821 0.09304 -0.03438
v 0.05404 0.08881 -0.03432
v 0.05693 0.08809 -0.03094
v 0.05957 0.08978 -0.02941
v 0.06085 0.09272 -0.02772
v 0.05831 0.10002 -0.02536
v 0.05196 0.10399 -0.02602
v 0.04855 0.10405 -0.02713
v 0.04603 0.10243 -0.02862
v 0.04491 0.09927 -0.03029
v 0.04731 0.09226 -0.03186
v 0.05349 0.08801 -0.03196
v 0.05764 0.09020 -0.04758
v 0.06021 0.09229 -0.04814
v 0.06152 0.09552 -0.04875
v 0.05942 0.10237 -0.04940
v 0.05364 0.10514 -0.04916
v 0.05025 0.10495 -0.04885
v 0.04773 0.10335 -0.04846
v 0.04656 0.10028 -0.04795
v 0.04920 0.09361 -0.04719
v 0.05444 0.08983 -0.04723
v 0.05717 0.08969 -0.05067
v 0.05967 0.09176 -0.05184
v 0.06087 0.09490 -0.05305
v 0.05869 0.10139 -0.05437
v 0.05315 0.10413 -0.05392
v 0.04992 0.10411 -0.05330
v 0.04744 0.10266 -0.05250
v 0.04619 0.09967 -0.05148
v 0.04868 0.09313 -0.05008
v 0.05396 0.08934 -0.04993
v 0.04348 0.09285 -0.02881
v 0.04537 0.09560 -0.03136
v 0.04611 0.09630 -0.03272
v 0.04623 0.09636 -0.03416
v 0.04622 0.09612 -0.03790
v 0.04669 0.09638 -0.04354
v 0.04718 0.09683 -0.04748
v 0.04721 0.09684 -0.04904
v 0.04672 0.09628 -0.05064
v 0.04576 0.09494 -0.05388
v 0.04466 0.09307 -0.05887
v 0.04437 0.09178 -0.06375
v 0.04538 0.09154 -0.06797
v 0.04692 0.09208 -0.07037
v 0.04901 0.09366 -0.07185
v 0.05136 0.09566 -0.07186
v 0.05255 0.09733 -0.06831
v 0.05356 0.09918 -0.06353
v 0.05505 0.10157 -0.05801
v 0.05616 0.10321 -0.05431
v 0.05668 0.10398 -0.05209
v 0.05680 0.10427 -0.04935
v 0.05677 0.10442 -0.04383
v 0.05675 0.10458 -0.03683
v 0.05674 0.10447 -0.03178
v 0.05648 0.10395 -0.02886
v 0.05534 0.10257 -0.02540
v 0.05257 0.09818 -0.01928
v 0.04854 0.08654 -0.03010
v 0.05034 0.08957 -0.03212
v 0.05100 0.09026 -0.03318
v 0.05101 0.09031 -0.03443
v 0.05090 0.09024 -0.03795
v 0.05124 0.09068 -0.04345
v 0.05172 0.09117 -0.04713
v 0.05176 0.09118 -0.04842
v 0.05121 0.09070 -0.04982
v 0.05024 0.08947 -0.05301
v 0.04935 0.08769 -0.05819
v 0.04922 0.08680 -0.06324
v 0.04974 0.08696 -0.06731
v 0.05077 0.08806 -0.06984
v 0.05283 0.09019 -0.07144
v 0.05526 0.09229 -0.07143
v 0.05675 0.09351 -0.06749
v 0.05791 0.09500 -0.06266
v 0.05935 0.09705 -0.05751
v 0.06051 0.09845 -0.05396
v 0.06110 0.09905 -0.05181
v 0.06123 0.09923 -0.04922
v 0.06131 0.09919 -0.04380
v 0.06156 0.09893 -0.03680
v 0.06172 0.09856 -0.03190
v 0.06156 0.09803 -0.02935
v 0.06041 0.09641 -0.02616
v 0.05759 0.09190 -0.02085
v 0.04622 0.08234 -0.02788
v 0.04304 0.08557 -0.02722
v 0.04113 0.08887 -0.02595
v 0.04092 0.09190 -0.02367
v 0.04217 0.09458 -0.02054
v 0.04413 0.09591 -0.01768
v 0.04704 0.09557 -0.01533
v 0.05020 0.09389 -0.01438
v 0.05309 0.09118 -0.01461
v 0.05532 0.08762 -0.01638
v 0.05574 0.08405 -0.01941
v 0.05453 0.08149 -0.02281
v 0.05216 0.08030 -0.02564
v 0.04917 0.08053 -0.02754
v 0.03937 0.09070 -0.01739
v 0.03803 0.08810 -0.02067
v 0.04128 0.09219 -0.01399
v 0.04409 0.09187 -0.01066
v 0.04762 0.09005 -0.00957
v 0.05108 0.08729 -0.01024
v 0.05357 0.08382 -0.01252
v 0.05398 0.08027 -0.01613
v 0.05275 0.07771 -0.02018
v 0.05029 0.07651 -0.02337
v 0.04690 0.07663 -0.02551
v 0.04356 0.07842 -0.02594
v 0.04027 0.08177 -0.02496
v 0.03815 0.08516 -0.02321
v -0.03522 0.03563 0.00475
v 0.01963 0.09734 0.00085
v -0.04564 0.06495 -0.01919
v -0.04161 0.05935 -0.00237
v -0.04418 0.05339 -0.00400
v -0.04240 0.06635 -0.01654
v 0.05071 0.07656 -0.00673
v 0.03851 0.08220 0.00257
v 0.04308 0.07518 0.00126
v 0.03844 0.07609 0.00416
v 0.04960 0.07090 -0.00469
v -0.03998 0.02972 -0.00196
v -0.04415 0.03633 -0.00498
v -0.04130 0.04206 -0.00046
v -0.03250 0.02711 0.00585
v -0.03673 0.02318 -0.00005
v -0.03910 0.04953 0.00220
v -0.03337 0.04651 0.00709
v -0.02735 0.04583 0.01095
v -0.02800 0.03716 0.01072
v -0.02709 0.02990 0.01106
v -0.02563 0.02372 0.01192
v -0.03040 0.02087 0.00700
v -0.02111 0.03823 0.01416
v -0.02062 0.03176 0.01479
v -0.01966 0.02620 0.01581
v -0.01863 0.01529 0.01971
v -0.02362 0.01240 0.01607
v -0.01281 0.03317 0.01728
v -0.01242 0.02782 0.01844
v -0.01243 0.01783 0.02268
v -0.00487 0.02870 0.01972
v -0.00526 0.01937 0.02423
v 0.00182 0.01970 0.02439
v 0.00815 0.01899 0.02363
v 0.01352 0.01747 0.02216
v 0.01778 0.01555 0.02035
v 0.02416 0.01131 0.01581
v 0.02669 0.00897 0.01274
v 0.03051 0.00369 0.00463
v 0.03137 0.00105 -0.00085
v 0.03107 -0.00069 -0.00640
v 0.02949 -0.00165 -0.01226
v 0.03726 0.01022 -0.01104
v 0.03552 0.00897 -0.01714
v 0.04052 0.01652 -0.01227
v 0.03894 0.01552 -0.01849
v 0.04348 0.02462 -0.01313
v 0.04206 0.02411 -0.01921
v 0.04577 0.03413 -0.01325
v 0.04440 0.03378 -0.01904
v 0.04730 0.04337 -0.01318
v 0.04571 0.04289 -0.01890
v 0.04849 0.05165 -0.01313
v 0.04670 0.05057 -0.01886
v 0.04950 0.05892 -0.01348
v 0.04743 0.05724 -0.01902
v 0.05041 0.06464 -0.01447
v 0.04850 0.06798 -0.02064
v 0.05168 0.07406 -0.01801
v 0.04911 0.07268 -0.02187
v 0.05185 0.07293 -0.01121
v 0.05090 0.06771 -0.00926
v 0.04974 0.06117 -0.00785
v 0.04835 0.06320 -0.00323
v 0.04696 0.05387 -0.00236
v 0.04088 0.05537 0.00447
v 0.04222 0.06558 0.00332
v 0.04849 0.05286 -0.00716
v 0.04715 0.04385 -0.00696
v 0.04551 0.04439 -0.00180
v 0.04363 0.03544 -0.00146
v 0.03752 0.03779 0.00620
v 0.03928 0.04617 0.00538
v 0.04540 0.03468 -0.00693
v 0.04308 0.02574 -0.00673
v 0.04127 0.02710 -0.00107
v 0.03861 0.02005 -0.00037
v 0.03296 0.02366 0.00797
v 0.03540 0.03013 0.00708
v 0.04031 0.01819 -0.00597
v 0.03728 0.01215 -0.00491
v 0.03573 0.01433 0.00057
v 0.03043 0.01828 0.00885
v 0.02744 0.02016 0.01179
v 0.02972 0.02546 0.01086
v 0.01912 0.02437 0.01658
v 0.02071 0.02955 0.01558
v 0.02230 0.03568 0.01441
v 0.03192 0.03175 0.00988
v 0.02351 0.04278 0.01315
v 0.03379 0.03909 0.00885
v 0.02437 0.05073 0.01206
v 0.03529 0.04720 0.00792
v 0.03664 0.05625 0.00694
v 0.03777 0.06642 0.00584
v 0.02414 0.09714 0.00151
v 0.03735 0.09385 -0.00293
v 0.03890 0.09269 -0.00745
v 0.01298 0.07815 0.01108
v 0.01437 0.08670 0.00892
v 0.00442 0.07843 0.01199
v 0.00492 0.08663 0.01074
v -0.00379 0.07846 0.01124
v -0.00319 0.08687 0.00992
v -0.01131 0.07817 0.00967
v -0.01046 0.08672 0.00770
v -0.01826 0.07801 0.00866
v -0.01743 0.08638 0.00669
v -0.02482 0.07846 0.00803
v -0.02394 0.08655 0.00668
v -0.03078 0.07913 0.00655
v -0.03039 0.08676 0.00552
v -0.03536 0.07854 -0.01413
v -0.03708 0.07338 -0.01372
v -0.03931 0.06933 -0.01460
v -0.03877 0.07251 -0.00078
v -0.03973 0.06555 -0.00116
v -0.03558 0.07198 0.00399
v -0.03622 0.06450 0.00395
v -0.03746 0.05724 0.00337
v -0.03118 0.06353 0.00770
v -0.03200 0.05557 0.00767
v -0.02532 0.06286 0.01032
v -0.02618 0.05472 0.01081
v -0.01856 0.06267 0.01208
v -0.01942 0.05446 0.01306
v -0.02059 0.04591 0.01367
v -0.01159 0.05517 0.01446
v -0.01249 0.04687 0.01558
v -0.01297 0.03946 0.01645
v -0.00428 0.04734 0.01653
v -0.00476 0.04010 0.01756
v -0.00492 0.03386 0.01850
v 0.00259 0.03999 0.01763
v 0.00220 0.03380 0.01872
v 0.00203 0.02873 0.01997
v 0.00873 0.03293 0.01817
v 0.00826 0.02788 0.01942
v 0.01495 0.03146 0.01718
v 0.01397 0.02635 0.01828
v 0.00941 0.03908 0.01700
v 0.01606 0.03760 0.01602
v 0.01015 0.04608 0.01588
v 0.01701 0.04463 0.01483
v 0.01084 0.05369 0.01466
v 0.01783 0.05239 0.01362
v 0.01153 0.06152 0.01336
v 0.01226 0.06959 0.01231
v 0.00410 0.06246 0.01405
v 0.00429 0.07015 0.01304
v -0.00356 0.06309 0.01388
v -0.00377 0.07047 0.01260
v -0.01121 0.06320 0.01316
v -0.01139 0.07043 0.01153
v -0.01840 0.07004 0.01059
v -0.02505 0.07037 0.00938
v -0.03088 0.07121 0.00729
v -0.03546 0.07969 0.00339
v -0.03840 0.07990 -0.00142
v -0.00369 0.05528 0.01521
v 0.00375 0.05473 0.01530
v 0.00317 0.04705 0.01654
v -0.02764 0.00957 0.01153
v -0.03007 0.00662 0.00588
v -0.03408 0.01782 0.00168
v -0.03094 0.00390 -0.00094
v -0.03638 0.01505 -0.00431
v -0.03937 0.01997 -0.00620
v -0.03683 0.01250 -0.01130
v -0.04005 0.01738 -0.01297
v -0.04347 0.02304 -0.01501
v -0.04263 0.02599 -0.00822
v -0.04700 0.02887 -0.01730
v -0.04635 0.03222 -0.01064
v -0.05063 0.03403 -0.02013
v -0.05047 0.03763 -0.01396
v -0.04890 0.04203 -0.00909
v -0.05351 0.04630 -0.01382
v -0.05179 0.05123 -0.01145
v -0.04673 0.04732 -0.00585
v -0.04178 0.02103 -0.02191
v -0.04514 0.02671 -0.02398
v -0.03840 0.01543 -0.02005
v -0.03510 0.01053 -0.01852
v -0.03028 0.00161 -0.00869
v -0.02794 0.00021 -0.01586
v -0.04066 0.06533 -0.02245
v 0.02786 0.08207 -0.02209
v 0.00962 0.04422 -0.02074
v 0.00650 0.09091 -0.01905
v -0.01048 0.04802 -0.02308
v -0.00250 0.00637 -0.03020
v 0.03453 0.08581 -0.01929
v 0.03052 0.08718 -0.01936
v -0.03033 0.06302 -0.02198
v -0.02644 0.06848 -0.01794
v -0.03209 0.07317 -0.01610
v -0.03064 0.06103 -0.02500
v 0.01954 0.08825 -0.02012
v 0.01722 0.08488 -0.02202
v 0.03122 0.05335 -0.02369
v 0.03501 0.07275 -0.02433
v 0.03724 0.07787 -0.02410
v 0.00988 0.03426 -0.02389
v 0.02624 0.02900 -0.02715
v 0.02811 0.03765 -0.02528
v -0.00216 0.05123 -0.01811
v 0.00183 0.04201 -0.02005
v 0.00268 0.03505 -0.02264
v 0.01228 0.09299 -0.01536
v -0.02318 0.08257 -0.01967
v -0.01658 0.08159 -0.02007
v -0.01336 0.05021 -0.02362
v -0.01380 0.04622 -0.02643
v -0.00978 0.04425 -0.02486
v -0.00581 0.04386 -0.02239
v -0.00874 0.04902 -0.02116
v -0.00030 0.01190 -0.02922
v -0.01134 0.01398 -0.03209
v -0.01636 0.00950 -0.03139
v 0.00536 0.00612 -0.02936
v 0.00699 0.01101 -0.02830
v 0.00854 0.01640 -0.02760
v 0.00170 0.01796 -0.02781
v 0.01908 0.00310 -0.02602
v 0.02027 0.00745 -0.02612
v 0.02142 0.01226 -0.02695
v 0.02364 0.01992 -0.02792
v 0.00974 0.02487 -0.02642
v 0.02549 0.00588 -0.02386
v 0.02684 0.01020 -0.02524
v 0.02956 0.01749 -0.02684
v 0.03279 0.02652 -0.02662
v 0.03196 0.00886 -0.02201
v 0.03530 0.01582 -0.02362
v 0.03860 0.02483 -0.02391
v 0.04095 0.03421 -0.02306
v 0.03524 0.03543 -0.02516
v 0.04303 0.05058 -0.02228
v 0.04436 0.06835 -0.02385
v 0.03976 0.07024 -0.02491
v 0.03784 0.05160 -0.02377
v 0.04515 0.07292 -0.02454
v 0.04109 0.07482 -0.02522
v 0.02996 0.00498 -0.02050
v 0.03317 0.00519 -0.01579
v 0.02836 0.00154 -0.01916
v -0.03111 0.01001 -0.02469
v -0.03442 0.01497 -0.02604
v -0.03792 0.02069 -0.02755
v -0.04155 0.02633 -0.02919
v -0.04503 0.03187 -0.03091
v -0.04847 0.03195 -0.02625
v -0.05188 0.03722 -0.02899
v -0.05410 0.03875 -0.02354
v -0.03799 0.04877 -0.03791
v -0.03649 0.05234 -0.03666
v -0.03582 0.05638 -0.03420
v -0.03660 0.06057 -0.03038
v -0.02986 0.05311 -0.03288
v -0.03010 0.05775 -0.02899
v -0.02426 0.04894 -0.03149
v -0.02390 0.05379 -0.02800
v -0.02349 0.05732 -0.02438
v -0.01840 0.04970 -0.02732
v -0.01771 0.05345 -0.02409
v -0.01658 0.05582 -0.02131
v -0.02253 0.05954 -0.02156
v -0.01939 0.06558 -0.01815
v -0.01765 0.07571 -0.01899
v -0.02440 0.07690 -0.01816
v -0.03049 0.07769 -0.01660
v -0.01901 0.04472 -0.03028
v -0.01419 0.04089 -0.02911
v -0.02020 0.03948 -0.03250
v -0.01528 0.03504 -0.03141
v -0.01053 0.03153 -0.03007
v -0.00959 0.03833 -0.02744
v -0.00583 0.02901 -0.02836
v -0.00521 0.03672 -0.02542
v 0.00278 0.02657 -0.02543
v -0.00778 0.02078 -0.03106
v -0.01256 0.02421 -0.03233
v -0.01582 0.01775 -0.03326
v -0.01730 0.02883 -0.03319
v -0.02038 0.02307 -0.03392
v -0.02441 0.01875 -0.03311
v -0.02026 0.01340 -0.03239
v -0.02921 0.01602 -0.03052
v -0.02563 0.01092 -0.02946
v -0.02918 0.02483 -0.03395
v -0.03331 0.02201 -0.03168
v -0.03401 0.03064 -0.03492
v -0.03763 0.02781 -0.03285
v -0.03837 0.03656 -0.03619
v -0.04157 0.03369 -0.03422
v -0.04267 0.04247 -0.03781
v -0.04547 0.03979 -0.03616
v -0.04865 0.03771 -0.03324
v -0.04011 0.04547 -0.03831
v -0.03527 0.04011 -0.03697
v -0.03261 0.04416 -0.03670
v -0.03052 0.03455 -0.03569
v -0.02748 0.03918 -0.03532
v -0.02535 0.04402 -0.03390
v -0.03074 0.04848 -0.03541
v -0.02547 0.02896 -0.03466
v -0.02236 0.03409 -0.03406
v 0.02425 0.00203 -0.02312
v -0.05444 0.04202 -0.01808
v -0.03699 0.06707 -0.01909
v -0.03407 0.06990 -0.01704
v -0.04801 0.06262 -0.01564
v -0.04896 0.05751 -0.01117
v -0.04400 0.06165 -0.00821
v -0.04426 0.06433 -0.01286
v -0.03866 0.08549 -0.00818
v -0.03830 0.07927 -0.01086
v -0.03931 0.07970 -0.00650
v -0.03948 0.07314 -0.01047
v -0.03998 0.07276 -0.00599
v -0.04130 0.06797 -0.01113
v -0.04126 0.06657 -0.00653
v 0.02922 0.09618 0.00198
v 0.03302 0.07684 0.00684
v 0.03229 0.06751 0.00817
v 0.03127 0.05772 0.00912
v 0.03030 0.04877 0.01009
v 0.02921 0.04076 0.01111
v 0.02767 0.03361 0.01232
v 0.02570 0.02746 0.01342
v 0.02367 0.02223 0.01438
v 0.02122 0.01353 0.01829
v -0.01218 0.10003 -0.00313
v -0.01065 0.10098 -0.00868
v -0.00984 0.10019 -0.01257
v -0.00916 0.09825 -0.01553
v -0.00678 0.09449 -0.01794
v 0.03810 0.09163 -0.01238
v 0.05195 0.08040 -0.00932
v 0.05274 0.07685 -0.01343
v 0.03529 0.08952 -0.01647
v 0.03488 0.00635 -0.00984
v 0.04220 0.04305 -0.02246
v 0.04355 0.05729 -0.02231
v 0.01621 0.09776 0.00085
v 0.01617 0.09914 -0.00337
v 0.01500 0.09856 -0.00762
v 0.01364 0.09627 -0.01174
v 0.03910 0.09054 -0.01202
v 0.03692 0.08921 -0.01644
v 0.02531 0.07650 -0.02349
v 0.01529 0.08034 -0.02290
v 0.01199 0.06879 -0.02175
v 0.02094 0.06531 -0.02271
v 0.03260 0.06062 -0.02349
v 0.03859 0.05866 -0.02357
v 0.01060 0.05973 -0.02047
v -0.02419 -0.00027 -0.02171
v -0.01158 0.00588 -0.03044
v -0.00655 0.01234 -0.03060
v -0.00328 0.01915 -0.02918
v -0.00170 0.02775 -0.02636
v -0.00148 0.03567 -0.02354
v -0.00208 0.04175 -0.02109
v -0.00438 0.04772 -0.01957
v -0.01529 0.05836 -0.01905
v -0.02108 0.06201 -0.01925
v -0.02843 0.06528 -0.01954
v -0.03845 0.06358 -0.02640
v 0.00530 0.05136 -0.01887
v -0.01834 0.07016 -0.01808
v -0.02531 0.07215 -0.01750
v 0.03495 0.00822 -0.00385
v 0.04397 0.08642 -0.00389
v 0.04358 0.08131 -0.00081
v 0.02028 0.07823 -0.02350
v 0.02249 0.08321 -0.02259
v 0.02439 0.08711 -0.02052
v 0.03373 0.09488 0.00062
v 0.01538 0.09033 -0.01826
v 0.01213 0.08739 -0.02040
v -0.03526 0.08666 0.00204
v -0.02923 0.08318 -0.01831
v -0.03416 0.08395 -0.01577
v -0.03751 0.08483 -0.01229
v 0.03352 0.08134 -0.02206
v -0.03796 0.08615 -0.00320
v 0.03327 0.08324 0.00539
v 0.02527 0.05937 0.01103
v 0.02640 0.06847 0.01004
v 0.02733 0.07744 0.00868
v 0.02792 0.08424 0.00710
v 0.01878 0.06056 0.01238
v 0.01998 0.06906 0.01128
v 0.02098 0.07785 0.00980
v 0.02198 0.08510 0.00791
v -0.00139 0.09770 0.00650
v -0.00222 0.09323 0.00850
v -0.00890 0.09780 0.00298
v -0.00938 0.09314 0.00582
v 0.01922 0.09436 0.00374
v 0.01811 0.09094 0.00621
v 0.02363 0.09365 0.00392
v 0.02297 0.08996 0.00598
v 0.00533 0.09252 0.00926
v 0.00586 0.09685 0.00703
v -0.01667 0.09229 0.00491
v -0.01731 0.09945 0.00004
v -0.02336 0.09210 0.00527
v -0.02345 0.09958 0.00138
v -0.03007 0.09184 0.00428
v -0.02989 0.09901 0.00044
v -0.03424 0.09765 -0.00324
v -0.03495 0.09105 0.00066
v -0.01302 0.09450 -0.01921
v -0.01519 0.08641 -0.02072
v -0.02185 0.08709 -0.02087
v -0.01987 0.09410 -0.02077
v 0.02880 0.09243 0.00417
v 0.02835 0.08879 0.00573
v 0.03353 0.09123 0.00270
v 0.03332 0.08759 0.00413
v 0.01577 0.09235 0.00613
v 0.01604 0.09500 0.00414
v 0.01244 0.09188 0.00764
v 0.01222 0.09587 0.00523
v 0.03828 0.08671 0.00098
v 0.03773 0.09055 -0.00079
v -0.03748 0.08999 -0.00483
v -0.03653 0.09614 -0.00841
v -0.02664 0.09369 -0.02066
v -0.02828 0.08733 -0.01973
v -0.03351 0.08771 -0.01711
v -0.03213 0.09364 -0.01907
v -0.03690 0.08844 -0.01364
v -0.03558 0.09414 -0.01644
v -0.03805 0.08908 -0.00974
v -0.03697 0.09494 -0.01297
v 0.04072 0.09032 -0.00608
v 0.01267 0.00461 -0.02818
v 0.01409 0.00926 -0.02767
v 0.01550 0.01438 -0.02779
v 0.01735 0.02250 -0.02783
v 0.01866 0.03189 -0.02627
v 0.01950 0.04068 -0.02394
v 0.02408 0.05593 -0.02284
v 0.02622 0.06291 -0.02304
v 0.03032 0.07497 -0.02345
v 0.05108 0.06970 -0.01609
v 0.04798 0.06271 -0.01959
v 0.04388 0.06292 -0.02283
v 0.03908 0.06458 -0.02395
v 0.03365 0.06680 -0.02377
v 0.02813 0.06903 -0.02341
v 0.02303 0.07087 -0.02333
v 0.01369 0.07498 -0.02252
v 0.01832 0.07279 -0.02305
v -0.00724 0.05136 -0.01910
v 0.03677 0.04400 -0.02417
v 0.02970 0.04576 -0.02420
v 0.02165 0.04845 -0.02307
v 0.01497 0.05276 -0.02121
v 0.02877 0.00655 0.00918
v 0.03324 0.01643 0.00518
v 0.03602 0.02190 0.00431
v 0.03862 0.02858 0.00350
v 0.04090 0.03654 0.00281
v 0.04276 0.04522 0.00213
v 0.04431 0.05468 0.00136
v 0.04570 0.06468 0.00035
v 0.04684 0.07348 -0.00135
v 0.04781 0.07949 -0.00353
v 0.04905 0.08365 -0.00641
v -0.01372 0.09055 -0.02051
v -0.02070 0.09078 -0.02130
v -0.02756 0.09068 -0.02051
v -0.03298 0.09079 -0.01823
v -0.03630 0.09138 -0.01506
v -0.03751 0.09203 -0.01132
v -0.03701 0.09305 -0.00649
v -0.03462 0.09434 -0.00103
v -0.02997 0.09544 0.00271
v -0.02334 0.09590 0.00363
v -0.01657 0.09611 0.00296
v -0.00783 0.08959 -0.01998
v -0.00923 0.08493 -0.02048
v -0.01043 0.07976 -0.02006
v -0.01145 0.07354 -0.01924
v -0.01236 0.06733 -0.01835
v -0.01383 0.06214 -0.01807
v -0.00036 0.09229 -0.01908
v -0.00202 0.08780 -0.02030
v -0.00343 0.08304 -0.02071
v -0.00480 0.07760 -0.02023
v -0.00635 0.07088 -0.01941
v -0.00793 0.06419 -0.01836
v -0.00954 0.05869 -0.01803
v -0.01079 0.05494 -0.01892
v -0.01209 0.05248 -0.02105
v 0.00403 0.08577 -0.02105
v 0.00253 0.08046 -0.02110
v 0.00096 0.07475 -0.02059
v -0.00097 0.06764 -0.01952
v -0.00336 0.06040 -0.01827
v -0.00564 0.05502 -0.01797
v 0.00996 0.08300 -0.02184
v 0.00847 0.07764 -0.02187
v 0.00681 0.07154 -0.02140
v 0.00466 0.06373 -0.01990
v 0.00132 0.05623 -0.01830
v -0.00228 0.04536 -0.01958
v 0.00033 0.04714 -0.01861
v 0.01663 0.06737 -0.02240
v 0.01865 0.05940 -0.02194
v 0.01546 0.06234 -0.02159
v -0.01875 -0.00032 -0.02625
v -0.01140 0.00027 -0.02931
v -0.00361 0.00106 -0.03061
v 0.00401 0.00102 -0.03039
v 0.01109 -0.00005 -0.02885
v 0.01735 -0.00105 -0.02628
v 0.02254 -0.00162 -0.02278
v 0.02664 -0.00192 -0.01792
v -0.01584 0.01057 0.01718
v -0.01975 0.00835 0.01405
v -0.00480 0.01405 0.02136
v -0.01083 0.01259 0.01980
v 0.00132 0.01453 0.02160
v 0.00676 0.01410 0.02094
v 0.01132 0.01289 0.01961
v 0.01488 0.01126 0.01802
v 0.01758 0.00960 0.01617
v 0.01974 0.00788 0.01404
v 0.02176 0.00604 0.01153
v 0.02506 0.00171 0.00431
v 0.02582 -0.00027 -0.00041
v 0.02549 -0.00157 -0.00473
v 0.02406 -0.00247 -0.00937
v -0.02285 0.00601 0.01011
v -0.02470 0.00367 0.00526
v -0.02456 -0.00013 -0.00703
v -0.02234 -0.00107 -0.01312
v -0.02532 0.00151 -0.00054
v 0.02358 0.00407 0.00850
v -0.01926 -0.00146 -0.01787
v -0.01544 -0.00159 -0.02126
v -0.00993 -0.00142 -0.02402
v -0.00367 -0.00097 -0.02569
v 0.00303 -0.00092 -0.02580
v 0.00935 -0.00141 -0.02423
v 0.01459 -0.00200 -0.02158
v 0.01861 -0.00243 -0.01829
v 0.02178 -0.00275 -0.01409
v -0.03255 0.00682 -0.01756
v -0.03023 0.00329 -0.01677
v -0.03234 0.00501 -0.00952
v -0.03443 0.00873 -0.01030
v -0.03262 0.00747 -0.00194
v -0.03429 0.01126 -0.00303
v -0.03127 0.01011 0.00447
v -0.03243 0.01387 0.00302
v -0.02845 0.01291 0.00986
v -0.02918 0.01665 0.00820
v -0.02414 0.01574 0.01455
v -0.02468 0.01948 0.01298
v -0.01888 0.01846 0.01827
v -0.01911 0.02208 0.01683
v -0.01238 0.02078 0.02116
v -0.01228 0.02403 0.01960
v -0.00514 0.02214 0.02267
v -0.00495 0.02515 0.02099
v 0.00185 0.02238 0.02291
v 0.00192 0.02529 0.02125
v 0.00811 0.02162 0.02223
v 0.00808 0.02448 0.02066
v 0.01352 0.02008 0.02081
v 0.01354 0.02294 0.01936
v 0.01797 0.01812 0.01895
v 0.01827 0.02096 0.01755
v 0.02175 0.01601 0.01679
v 0.02243 0.01881 0.01534
v 0.02591 0.01667 0.01275
v 0.02493 0.01379 0.01423
v 0.02753 0.01163 0.01119
v 0.02867 0.01470 0.00976
v 0.02975 0.00949 0.00758
v 0.03117 0.01276 0.00613
v 0.03348 0.01049 0.00158
v 0.03181 0.00697 0.00303
v 0.03306 0.00457 -0.00244
v 0.03292 0.00281 -0.00825
v 0.03130 0.00180 -0.01414
v -0.02036 0.00344 -0.02761
v -0.02630 0.00287 -0.02285
v -0.02278 0.00715 -0.02857
v -0.02856 0.00634 -0.02374
v -0.01308 0.01329 0.01065
v -0.01633 0.01185 0.00825
v -0.00439 0.01555 0.01392
v -0.00913 0.01458 0.01268
v 0.00065 0.01598 0.01434
v 0.00510 0.01578 0.01411
v 0.00883 0.01506 0.01328
v 0.01187 0.01412 0.01220
v 0.01414 0.01321 0.01098
v 0.01592 0.01230 0.00959
v 0.01746 0.01118 0.00768
v 0.02033 0.00833 0.00156
v 0.02117 0.00687 -0.00242
v 0.02119 0.00563 -0.00606
v 0.02051 0.00456 -0.00966
v -0.01897 0.01027 0.00529
v -0.02067 0.00869 0.00165
v -0.02090 0.00634 -0.00766
v -0.01948 0.00570 -0.01220
v -0.02135 0.00734 -0.00278
v 0.01896 0.00988 0.00515
v -0.01745 0.00519 -0.01564
v -0.01427 0.00461 -0.01808
v -0.00958 0.00399 -0.02035
v -0.00383 0.00386 -0.02211
v 0.00272 0.00397 -0.02263
v 0.00932 0.00397 -0.02121
v 0.01471 0.00391 -0.01846
v 0.01797 0.00378 -0.01575
v 0.01947 0.00393 -0.01290
v -0.00913 0.01626 0.00692
v -0.01120 0.01527 0.00463
v -0.00420 0.01743 0.00881
v -0.00746 0.01664 0.00903
v -0.00029 0.01772 0.00876
v 0.00333 0.01762 0.00850
v 0.00650 0.01716 0.00798
v 0.00924 0.01652 0.00739
v 0.01154 0.01588 0.00687
v 0.01349 0.01500 0.00678
v 0.01361 0.01479 0.00481
v 0.01484 0.01289 -0.00039
v 0.01530 0.01178 -0.00352
v 0.01538 0.01066 -0.00657
v 0.01518 0.00957 -0.00959
v -0.01305 0.01415 0.00204
v -0.01437 0.01297 -0.00094
v -0.01513 0.01081 -0.00807
v -0.01483 0.00989 -0.01161
v -0.01506 0.01184 -0.00437
v 0.01418 0.01394 0.00249
v -0.01474 0.00875 -0.01421
v -0.01169 0.00904 -0.01509
v -0.00755 0.00880 -0.01633
v -0.00278 0.00873 -0.01740
v 0.00242 0.00872 -0.01775
v 0.00763 0.00861 -0.01700
v 0.01216 0.00839 -0.01559
v 0.01527 0.00764 -0.01457
v 0.01503 0.00867 -0.01239
v 0.00617 0.01481 -0.00372
v 0.00280 0.01541 -0.00361
v -0.00051 0.01561 -0.00336
v -0.00413 0.01538 -0.00293
v -0.00852 0.01472 -0.00226
v -0.00755 0.01569 0.00038
v -0.00338 0.01624 -0.00045
v 0.00007 0.01641 -0.00095
v 0.00321 0.01620 -0.00122
v 0.00637 0.01562 -0.00130
v -0.00634 0.01656 0.00289
v -0.00247 0.01697 0.00206
v 0.00082 0.01706 0.00155
v 0.00381 0.01682 0.00125
v 0.00676 0.01628 0.00114
v -0.00506 0.01733 0.00546
v -0.00142 0.01763 0.00487
v 0.00185 0.01762 0.00446
v 0.00480 0.01731 0.00409
v 0.00756 0.01677 0.00383
v 0.00605 0.01381 -0.00628
v 0.00251 0.01440 -0.00615
v -0.00097 0.01459 -0.00594
v -0.00473 0.01434 -0.00560
v -0.00919 0.01365 -0.00515
v -0.00966 0.01248 -0.00829
v -0.00529 0.01307 -0.00860
v -0.00140 0.01329 -0.00893
v 0.00232 0.01312 -0.00911
v 0.00607 0.01258 -0.00916
v 0.00643 0.01108 -0.01264
v 0.00227 0.01145 -0.01284
v -0.00191 0.01157 -0.01264
v -0.00605 0.01147 -0.01212
v -0.01022 0.01117 -0.01163
v 0.01056 0.01043 -0.01232
v 0.01015 0.01167 -0.00927
v 0.01011 0.01281 -0.00643
v 0.01009 0.01383 -0.00375
v 0.01002 0.01474 -0.00115
v 0.01002 0.01551 0.00137
v 0.01033 0.01611 0.00385
v 0.01031 0.01286 0.01737
v 0.00611 0.01386 0.01851
v 0.00108 0.01417 0.01899
v -0.00462 0.01368 0.01870
v -0.01016 0.01237 0.01721
v -0.01480 0.01064 0.01483
v -0.01842 0.00875 0.01200
v -0.02127 0.00670 0.00844
v -0.02300 0.00468 0.00405
v -0.02361 0.00291 -0.00122
v -0.02291 0.00163 -0.00707
v -0.02093 0.00096 -0.01254
v -0.01825 0.00062 -0.01669
v -0.01485 0.00027 -0.01968
v -0.00982 0.00003 -0.02230
v -0.00381 0.00017 -0.02408
v 0.00284 0.00023 -0.02439
v 0.00930 -0.00001 -0.02281
v 0.01453 -0.00035 -0.02000
v 0.01812 -0.00066 -0.01684
v 0.02065 -0.00085 -0.01320
v 0.02249 -0.00047 -0.00912
v 0.02368 0.00045 -0.00497
v 0.02388 0.00167 -0.00101
v 0.02306 0.00339 0.00340
v 0.02160 0.00543 0.00736
v 0.01985 0.00714 0.01014
v 0.01801 0.00870 0.01238
v 0.01608 0.01009 0.01427
v 0.01362 0.01148 0.01593
v -0.00512 0.01665 0.02381
v 0.00164 0.01706 0.02398
v 0.00766 0.01646 0.02324
v 0.01273 0.01505 0.02180
v 0.01671 0.01323 0.02006
v 0.01983 0.01133 0.01808
v 0.02244 0.00928 0.01572
v 0.02478 0.00708 0.01283
v 0.02675 0.00477 0.00945
v 0.02833 0.00201 0.00498
v 0.02906 -0.00045 -0.00028
v 0.02870 -0.00203 -0.00536
v 0.02717 -0.00297 -0.01080
v 0.02452 -0.00324 -0.01626
v 0.02072 -0.00295 -0.02105
v 0.01596 -0.00249 -0.02455
v 0.01015 -0.00173 -0.02720
v 0.00346 -0.00098 -0.02883
v -0.00372 -0.00097 -0.02883
v -0.01075 -0.00160 -0.02719
v -0.01728 -0.00188 -0.02415
v -0.02204 -0.00172 -0.02006
v -0.02555 -0.00126 -0.01462
v -0.02791 -0.00005 -0.00781
v -0.02866 0.00201 -0.00044
v -0.02792 0.00457 0.00613
v -0.02579 0.00732 0.01152
v -0.02214 0.01002 0.01587
v -0.01760 0.01270 0.01933
v -0.01188 0.01509 0.02222
v 0.02361 0.00344 -0.00235
v 0.02373 0.00311 -0.00122
v 0.02382 0.00244 -0.00024
v 0.02388 0.00150 0.00048
v 0.02391 0.00038 0.00087
v 0.02388 -0.00081 0.00091
v 0.02382 -0.00195 0.00058
v 0.02373 -0.00293 -0.00009
v 0.02361 -0.00365 -0.00102
v 0.02348 -0.00405 -0.00213
v 0.02334 -0.00408 -0.00331
v 0.02322 -0.00374 -0.00444
v 0.02313 -0.00307 -0.00541
v 0.02307 -0.00213 -0.00614
v 0.02305 -0.00101 -0.00653
v 0.02307 0.00017 -0.00657
v 0.02313 0.00131 -0.00624
v 0.02322 0.00229 -0.00557
v 0.02334 0.00301 -0.00464
v 0.02348 0.00341 -0.00353
v 0.02286 0.00713 -0.00179
v 0.02309 0.00647 0.00045
v 0.02328 0.00514 0.00238
v 0.02340 0.00328 0.00380
v 0.02344 0.00108 0.00459
v 0.02340 -0.00127 0.00466
v 0.02328 -0.00352 0.00400
v 0.02309 -0.00545 0.00269
v 0.02286 -0.00688 0.00085
v 0.02259 -0.00766 -0.00135
v 0.02233 -0.00773 -0.00368
v 0.02209 -0.00707 -0.00591
v 0.02191 -0.00574 -0.00784
v 0.02179 -0.00388 -0.00926
v 0.02175 -0.00167 -0.01005
v 0.02179 0.00067 -0.01012
v 0.02191 0.00292 -0.00946
v 0.02210 0.00485 -0.00815
v 0.02233 0.00628 -0.00631
v 0.02259 0.00706 -0.00411
v 0.02153 0.01064 -0.00118
v 0.02188 0.00967 0.00211
v 0.02216 0.00772 0.00493
v 0.02233 0.00500 0.00703
v 0.02239 0.00175 0.00818
v 0.02233 -0.00169 0.00828
v 0.02216 -0.00499 0.00732
v 0.02188 -0.00783 0.00540
v 0.02153 -0.00993 0.00269
v 0.02115 -0.01109 -0.00054
v 0.02076 -0.01118 -0.00396
v 0.02041 -0.01021 -0.00724
v 0.02014 -0.00826 -0.01007
v 0.01996 -0.00553 -0.01216
v 0.01990 -0.00229 -0.01332
v 0.01996 0.00115 -0.01342
v 0.02014 0.00446 -0.01246
v 0.02041 0.00730 -0.01053
v 0.02076 0.00940 -0.00782
v 0.02115 0.01055 -0.00460
v 0.01967 0.01390 -0.00055
v 0.02012 0.01264 0.00370
v 0.02048 0.01012 0.00737
v 0.02071 0.00659 0.01008
v 0.02079 0.00239 0.01157
v 0.02071 -0.00207 0.01170
v 0.02048 -0.00634 0.01046
v 0.02012 -0.01002 0.00796
v 0.01967 -0.01274 0.00446
v 0.01917 -0.01424 0.00029
v 0.01867 -0.01436 -0.00414
v 0.01822 -0.01310 -0.00840
v 0.01787 -0.01058 -0.01206
v 0.01764 -0.00704 -0.01477
v 0.01756 -0.00284 -0.01626
v 0.01764 0.00161 -0.01640
v 0.01787 0.00589 -0.01515
v 0.01822 0.00957 -0.01266
v 0.01867 0.01229 -0.00915
v 0.01917 0.01378 -0.00498
v 0.01732 0.01682 0.00009
v 0.01786 0.01531 0.00521
v 0.01829 0.01227 0.00961
v 0.01856 0.00802 0.01287
v 0.01866 0.00297 0.01467
v 0.01856 -0.00239 0.01483
v 0.01829 -0.00754 0.01333
v 0.01786 -0.01196 0.01033
v 0.01732 -0.01523 0.00611
v 0.01672 -0.01703 0.00109
v 0.01612 -0.01717 -0.00423
v 0.01557 -0.01566 -0.00935
v 0.01515 -0.01263 -0.01376
v 0.01487 -0.00838 -0.01702
v 0.01477 -0.00332 -0.01882
v 0.01487 0.00204 -0.01897
v 0.01515 0.00718 -0.01748
v 0.01558 0.01161 -0.01448
v 0.01612 0.01488 -0.01026
v 0.01672 0.01668 -0.00524
v 0.01453 0.01933 0.00072
v 0.01515 0.01760 0.00658
v 0.01564 0.01413 0.01162
v 0.01595 0.00927 0.01535
v 0.01606 0.00349 0.01741
v 0.01595 -0.00265 0.01759
v 0.01564 -0.00854 0.01588
v 0.01515 -0.01360 0.01244
v 0.01453 -0.01734 0.00762
v 0.01384 -0.01940 0.00187
v 0.01315 -0.01956 -0.00422
v 0.01254 -0.01783 -0.01008
v 0.01204 -0.01436 -0.01512
v 0.01173 -0.00950 -0.01885
v 0.01162 -0.00372 -0.02091
v 0.01173 0.00242 -0.02109
v 0.01204 0.00830 -0.01938
v 0.01254 0.01337 -0.01594
v 0.01316 0.01711 -0.01112
v 0.01384 0.01916 -0.00537
v 0.01137 0.02137 0.00133
v 0.01206 0.01946 0.00778
v 0.01260 0.01564 0.01333
v 0.01295 0.01029 0.01744
v 0.01306 0.00392 0.01971
v 0.01294 -0.00284 0.01991
v 0.01260 -0.00932 0.01802
v 0.01206 -0.01490 0.01424
v 0.01137 -0.01902 0.00893
v 0.01062 -0.02128 0.00260
v 0.00986 -0.02147 -0.00411
v 0.00918 -0.01956 -0.01056
v 0.00864 -0.01574 -0.01611
v 0.00829 -0.01038 -0.02022
v 0.00817 -0.00401 -0.02249
v 0.00829 0.00274 -0.02269
v 0.00864 0.00923 -0.02080
v 0.00918 0.01480 -0.01702
v 0.00986 0.01892 -0.01170
v 0.01062 0.02119 -0.00538
v 0.00793 0.02289 0.00191
v 0.00866 0.02085 0.00879
v 0.00924 0.01677 0.01472
v 0.00961 0.01106 0.01910
v 0.00974 0.00426 0.02152
v 0.00961 -0.00295 0.02174
v 0.00924 -0.00987 0.01972
v 0.00866 -0.01582 0.01568
v 0.00793 -0.02022 0.01001
v 0.00712 -0.02264 0.00326
v 0.00632 -0.02284 -0.00391
v 0.00559 -0.02080 -0.01079
v 0.00501 -0.01672 -0.01671
v 0.00464 -0.01100 -0.02110
v 0.00451 -0.00421 -0.02352
v 0.00464 0.00301 -0.02373
v 0.00501 0.00992 -0.02172
v 0.00559 0.01588 -0.01768
v 0.00632 0.02027 -0.01201
v 0.00713 0.02269 -0.00526
v 0.00429 0.02385 0.00243
v 0.00504 0.02173 0.00958
v 0.00564 0.01750 0.01573
v 0.00603 0.01156 0.02029
v 0.00616 0.00450 0.02280
v 0.00603 -0.00299 0.02302
v 0.00564 -0.01018 0.02093
v 0.00504 -0.01636 0.01674
v 0.00429 -0.02092 0.01085
v 0.00345 -0.02343 0.00384
v 0.00261 -0.02364 -0.00361
v 0.00185 -0.02152 -0.01075
v 0.00125 -0.01729 -0.01691
v 0.00087 -0.01135 -0.02146
v 0.00074 -0.00429 -0.02397
v 0.00087 0.00320 -0.02420
v 0.00126 0.01038 -0.02211
v 0.00186 0.01656 -0.01791
v 0.00261 0.02113 -0.01202
v 0.00345 0.02364 -0.00501
v 0.00053 0.02422 0.00289
v 0.00129 0.02208 0.01013
v 0.00190 0.01779 0.01636
v 0.00229 0.01178 0.02097
v 0.00243 0.00463 0.02351
v 0.00229 -0.00295 0.02374
v 0.00190 -0.01022 0.02162
v 0.00129 -0.01648 0.01738
v 0.00053 -0.02111 0.01141
v -0.00032 -0.02365 0.00431
v -0.00117 -0.02386 -0.00322
v -0.00193 -0.02171 -0.01046
v -0.00254 -0.01742 -0.01669
v -0.00293 -0.01141 -0.02130
v -0.00307 -0.00427 -0.02384
v -0.00293 0.00332 -0.02407
v -0.00254 0.01059 -0.02195
v -0.00193 0.01685 -0.01771
v -0.00117 0.02147 -0.01174
v -0.00032 0.02401 -0.00464
v -0.00325 0.02401 0.00328
v -0.00249 0.02189 0.01043
v -0.00189 0.01765 0.01658
v -0.00151 0.01172 0.02113
v -0.00138 0.00466 0.02364
v -0.00151 -0.00283 0.02387
v -0.00190 -0.01002 0.02178
v -0.00250 -0.01620 0.01758
v -0.00325 -0.02076 0.01169
v -0.00409 -0.02328 0.00468
v -0.00493 -0.02348 -0.00276
v -0.00568 -0.02136 -0.00991
v -0.00628 -0.01713 -0.01606
v -0.00667 -0.01119 -0.02062
v -0.00680 -0.00413 -0.02313
v -0.00667 0.00336 -0.02335
v -0.00628 0.01054 -0.02126
v -0.00568 0.01672 -0.01707
v -0.00493 0.02129 -0.01118
v -0.00409 0.02380 -0.00417
v -0.00696 0.02320 0.00358
v -0.00623 0.02116 0.01046
v -0.00565 0.01709 0.01638
v -0.00528 0.01137 0.02077
v -0.00515 0.00457 0.02319
v -0.00528 -0.00264 0.02340
v -0.00565 -0.00956 0.02139
v -0.00623 -0.01551 0.01735
v -0.00696 -0.01991 0.01168
v -0.00777 -0.02232 0.00493
v -0.00857 -0.02252 -0.00224
v -0.00930 -0.02048 -0.00912
v -0.00988 -0.01641 -0.01504
v -0.01025 -0.01069 -0.01943
v -0.01038 -0.00389 -0.02185
v -0.01025 0.00332 -0.02206
v -0.00988 0.01024 -0.02005
v -0.00930 0.01619 -0.01601
v -0.00857 0.02059 -0.01034
v -0.00776 0.02301 -0.00359
v -0.01050 0.02183 0.00378
v -0.00982 0.01992 0.01023
v -0.00928 0.01610 0.01578
v -0.00893 0.01075 0.01989
v -0.00881 0.00438 0.02216
v -0.00893 -0.00238 0.02236
v -0.00928 -0.00886 0.02047
v -0.00982 -0.01443 0.01669
v -0.01050 -0.01856 0.01138
v -0.01126 -0.02082 0.00505
v -0.01201 -0.02101 -0.00166
v -0.01270 -0.01910 -0.00811
v -0.01324 -0.01527 -0.01366
v -0.01358 -0.00992 -0.01777
v -0.01370 -0.00355 -0.02004
v -0.01358 0.00320 -0.02024
v -0.01324 0.00969 -0.01835
v -0.01269 0.01526 -0.01457
v -0.01201 0.01938 -0.00925
v -0.01126 0.02165 -0.00293
v -0.01379 0.01993 0.00390
v -0.01317 0.01820 0.00975
v -0.01268 0.01473 0.01479
v -0.01237 0.00986 0.01852
v -0.01226 0.00408 0.02058
v -0.01237 -0.00205 0.02076
v -0.01268 -0.00794 0.01905
v -0.01318 -0.01300 0.01561
v -0.01380 -0.01674 0.01079
v -0.01448 -0.01880 0.00505
v -0.01517 -0.01897 -0.00105
v -0.01579 -0.01723 -0.00691
v -0.01628 -0.01376 -0.01195
v -0.01659 -0.00890 -0.01568
v -0.01670 -0.00312 -0.01773
v -0.01659 0.00302 -0.01792
v -0.01628 0.00890 -0.01621
v -0.01579 0.01396 -0.01277
v -0.01517 0.01771 -0.00794
v -0.01448 0.01976 -0.00220
v -0.01676 0.01754 0.00391
v -0.01621 0.01603 0.00902
v -0.01578 0.01299 0.01343
v -0.01551 0.00874 0.01669
v -0.01541 0.00369 0.01849
v -0.01551 -0.00167 0.01865
v -0.01579 -0.00682 0.01715
v -0.01622 -0.01124 0.01415
v -0.01676 -0.01451 0.00993
v -0.01736 -0.01631 0.00491
v -0.01796 -0.01646 -0.00042
v -0.01850 -0.01494 -0.00554
v -0.01893 -0.01191 -0.00994
v -0.01920 -0.00766 -0.01320
v -0.01930 -0.00260 -0.01500
v -0.01920 0.00276 -0.01516
v -0.01893 0.00790 -0.01366
v -0.01850 0.01233 -0.01066
v -0.01796 0.01560 -0.00644
v -0.01736 0.01739 -0.00142
v -0.01931 0.01472 0.00382
v -0.01886 0.01346 0.00807
v -0.01851 0.01094 0.01173
v -0.01828 0.00741 0.01444
v -0.01820 0.00321 0.01594
v -0.01828 -0.00125 0.01607
v -0.01851 -0.00552 0.01483
v -0.01886 -0.00920 0.01233
v -0.01931 -0.01192 0.00882
v -0.01981 -0.01341 0.00465
v -0.02031 -0.01354 0.00022
v -0.02076 -0.01228 -0.00403
v -0.02112 -0.00976 -0.00769
v -0.02135 -0.00622 -0.01040
v -0.02142 -0.00202 -0.01190
v -0.02135 0.00244 -0.01203
v -0.02112 0.00671 -0.01079
v -0.02076 0.01039 -0.00829
v -0.02031 0.01311 -0.00479
v -0.01981 0.01460 -0.00061
v -0.02140 0.01155 0.00363
v -0.02105 0.01058 0.00691
v -0.02078 0.00863 0.00974
v -0.02060 0.00590 0.01184
v -0.02054 0.00266 0.01299
v -0.02060 -0.00079 0.01309
v -0.02078 -0.00409 0.01213
v -0.02105 -0.00693 0.01020
v -0.02140 -0.00903 0.00750
v -0.02179 -0.01018 0.00427
v -0.02217 -0.01028 0.00085
v -0.02252 -0.00930 -0.00243
v -0.02280 -0.00736 -0.00526
v -0.02297 -0.00463 -0.00736
v -0.02303 -0.00138 -0.00851
v -0.02297 0.00206 -0.00861
v -0.02279 0.00536 -0.00765
v -0.02252 0.00820 -0.00572
v -0.02217 0.01030 -0.00302
v -0.02179 0.01146 0.00021
v -0.02297 0.00810 0.00335
v -0.02273 0.00743 0.00558
v -0.02255 0.00611 0.00751
v -0.02243 0.00425 0.00893
v -0.02238 0.00204 0.00972
v -0.02243 -0.00030 0.00979
v -0.02255 -0.00255 0.00914
v -0.02273 -0.00448 0.00782
v -0.02297 -0.00591 0.00598
v -0.02323 -0.00670 0.00379
v -0.02350 -0.00676 0.00146
v -0.02373 -0.00610 -0.00078
v -0.02392 -0.00477 -0.00270
v -0.02404 -0.00292 -0.00413
v -0.02408 -0.00071 -0.00491
v -0.02404 0.00163 -0.00498
v -0.02392 0.00388 -0.00433
v -0.02373 0.00582 -0.00302
v -0.02350 0.00725 -0.00118
v -0.02323 0.00803 0.00102
v -0.02398 0.00445 0.00298
v -0.02386 0.00411 0.00411
v -0.02377 0.00344 0.00509
v -0.02371 0.00250 0.00581
v -0.02369 0.00138 0.00620
v -0.02371 0.00020 0.00624
v -0.02377 -0.00094 0.00591
v -0.02386 -0.00192 0.00525
v -0.02398 -0.00265 0.00431
v -0.02412 -0.00304 0.00320
v -0.02425 -0.00308 0.00202
v -0.02437 -0.00274 0.00089
v -0.02446 -0.00207 -0.00008
v -0.02452 -0.00113 -0.00081
v -0.02455 -0.00001 -0.00120
v -0.02452 0.00118 -0.00124
v -0.02446 0.00231 -0.00091
v -0.02437 0.00329 -0.00024
v -0.02425 0.00402 0.00069
v -0.02412 0.00441 0.00180
v 0.02377 -0.00032 -0.00286
v -0.02441 0.00069 0.00253
vt 0.00000 0.00000
vt 0.00000 0.00000
vt 0.00000 0.00000
vt 0.00000 0.00000
vt 0.00000 0.00000
vt 0.00000 0.00000
vt 0.00000 0.00000
vt 0.00000 0.00000
vt 0.00000 0.00000
vt 0.00000 0.00000
vt 0.00000 0.00000
vt 0.00000 0.00000
vt 0.00000 0.00000
vt 0.00000 0.00000
vt 0.00000 0.00000
vt 0.00000 0.00000
vt 0.00000 0.00000
vt 0.00000 0.00000
vt 0.00000 0.00000
vt 0.00000 0.00000
vt 0.00000 0.00000
vt 0.00000 0.00000
vt 0.00000 0.00000
vt 0.00000 0.00000
vt 0.00000 0.00000
vt 0.00000 0.00000
vt 0.00000 0.00000
vt 0.00000 0.00000
vt 0.00000 0.00000
vt 0.00000 0.00000
vt 0.00000 0.00000
vt 0.00000 0.00000
vt 0.00000 0.00000
vt 0.00000 0.00000
vt 0.00000 0.00000
vt 0.00000 0.00000
vt 0.00000 0.00000
vt 0.00000 0.00000
vt 0.00000 0.00000
vt 0.00000 0.00000
vt 0.00000 0.00000
vt 0.00000 0.00000
vt 0.00000 0.00000
vt 0.00000 0.00000
vt 0.00000 0.00000
vt 0.00000 0.00000
vt 0.00000 0.00000
vt 0.00000 0.00000
vt 0.00000 0.00000
vt 0.00000 0.00000
vt 0.00000 0.00000
vt 0.00000 0.00000
vt 0.00000 0.00000
vt 0.00000 0.00000
vt 0.00000 0.00000
vt 0.00000 0.00000
vt 0.00000 0.00000
vt 0.00000 0.00000
vt 0.00000 0.00000
vt 0.00000 0.00000
vt 0.00000 0.00000
vt 0.00000 0.00000
vt 0.00000 0.00000
vt 0.00000 0.00000
vt 0.00000 0.00000
vt 0.00000 0.00000
vt 0.00000 0.00000
vt 0.00000 0.00000
vt 0.00000 0.00000
vt 0.00000 0.00000
vt 0.00000 0.00000
vt 0.00000 0.00000
vt 0.00000 0.00000
vt 0.00000 0.00000
vt 0.00000 0.00000
vt 0.00000 0.00000
vt 0.00000 0.00000
vt 0.00000 0.00000
vt 0.00000 0.00000
vt 0.00000 0.00000
vt 0.00000 0.00000
vt 0.00000 0.00000
vt 0.00000 0.00000
vt 0.00000 0.00000
vt 0.00000 0.00000
vt 0.00000 0.00000
vt 0.00000 0.00000
vt 0.00000 0.00000
vt 0.00000 0.00000
vt 0.00000 0.00000
vt 0.00000 0.00000
vt 0.00000 0.00000
vt 0.00000 0.00000
vt 0.00000 0.00000
vt 0.00000 0.00000
vt 0.00000 0.00000
vt 0.00000 0.00000
vt 0.00000 0.00000
vt 0.00000 0.00000
vt 0.00000 0.00000
vt 0.00000 0.00000
vt 0.00000 0.00000
vt 0.00000 0.00000
vt 0.00000 0.00000
vt 0.00000 0.00000
vt 0.00000 0.00000
vt 0.00000 0.00000
vt 0.00000 0.00000
vt 0.00000 0.00000
vt 0.00000 0.00000
vt 0.00000 0.00000
vt 0.00000 0.00000
vt 0.00000 0.00000
vt 0.00000 0.00000
vt 0.00000 0.00000
vt 0.00000 0.00000
vt 0.00000 0.00000
vt 0.00000 0.00000
vt 0.00000 0.00000
vt 0.00000 0.00000
vt 0.00000 0.00000
vt 0.00000 0.00000
vt 0.00000 0.00000
vt 0.00000 0.00000
vt 0.00000 0.00000
vt 0.00000 0.00000
vt 0.00000 0.00000
vt 0.00000 0.00000
vt 0.00000 0.00000
vt 0.00000 0.00000
vt 0.00000 0.00000
vt 0.00000 0.00000
vt 0.00000 0.00000
vt 0.00000 0.00000
vt 0.00000 0.00000
vt 0.00000 0.00000
vt 0.00000 0.00000
vt 0.00000 0.00000
vt 0.00000 0.00000
vt 0.00000 0.00000
vt 0.00000 0.00000
vt 0.00000 0.00000
vt 0.00000 0.00000
vt 0.00000 0.00000
vt 0.00000 0.00000
vt 0.00000 0.00000
vt 0.00000 0.00000
vt 0.00000 0.00000
vt 0.00000 0.00000
vt 0.00000 0.00000
vt 0.00000 0.00000
vt 0.00000 0.00000
vt 0.00000 0.00000
vt 0.00000 0.00000
vt 0.00000 0.00000
vt 0.00000 0.00000
vt 0.00000 0.00000
vt 0.00000 0.00000
vt 0.00000 0.00000
vt 0.00000 0.00000
vt 0.00000 0.00000
vt 0.00000 0.00000
vt 0.00000 0.00000
vt 0.00000 0.00000
vt 0.00000 0.00000
vt 0.00000 0.00000
vt 0.00000 0.00000
vt 0.00000 0.00000
vt 0.00000 0.00000
vt 0.00000 0.00000
vt 0.00000 0.00000
vt 0.00000 0.00000
vt 0.00000 0.00000
vt 0.00000 0.00000
vt 0.00000 0.00000
vt 0.00000 0.00000
vt 0.00000 0.00000
vt 0.00000 0.00000
vt 0.00000 0.00000
vt 0.00000 0.00000
vt 0.00000 0.00000
vt 0.00000 0.00000
vt 0.00000 0.00000
vt 0.00000 0.00000
vt 0.00000 0.00000
vt 0.00000 0.00000
vt 0.00000 0.00000
vt 0.00000 0.00000
vt 0.00000 0.00000
vt 0.00000 0.00000
vt 0.00000 0.00000
vt 0.00000 0.00000
vt 0.00000 0.00000
vt 0.00000 0.00000
vt 0.00000 0.00000
vt 0.00000 0.00000
vt 0.00000 0.00000
vt 0.00000 0.00000
vt 0.00000 0.00000
vt 0.00000 0.00000
vt 0.00000 0.00000
vt 0.00000 0.00000
vt 0.00000 0.00000
vt 0.00000 0.00000
vt 0.00000 0.00000
vt 0.00000 0.00000
vt 0.00000 0.00000
vt 0.00000 0.00000
vt 0.00000 0.00000
vt 0.00000 0.00000
vt 0.00000 0.00000
vt 0.00000 0.00000
vt 0.00000 0.00000
vt 0.00000 0.00000
vt 0.00000 0.00000
vt 0.00000 0.00000
vt 0.00000 0.00000
vt 0.00000 0.00000
vt 0.00000 0.00000
vt 0.00000 0.00000
vt 0.00000 0.00000
vt 0.00000 0.00000
vt 0.00000 0.00000
vt 0.00000 0.00000
vt 0.00000 0.00000
vt 0.00000 0.00000
vt 0.00000 0.00000
vt 0.00000 0.00000
vt 0.00000 0.00000
vt 0.00000 0.00000
vt 0.00000 0.00000
vt 0.00000 0.00000
vt 0.00000 0.00000
vt 0.00000 0.00000
vt 0.00000 0.00000
vt 0.00000 0.00000
vt 0.00000 0.00000
vt 0.00000 0.00000
vt 0.00000 0.00000
vt 0.00000 0.00000
vt 0.00000 0.00000
vt 0.00000 0.00000
vt 0.00000 0.00000
vt 0.00000 0.00000
vt 0.00000 0.00000
vt 0.00000 0.00000
vt 0.00000 0.00000
vt 0.00000 0.00000
vt 0.00000 0.00000
vt 0.00000 0.00000
vt 0.00000 0.00000
vt 0.00000 0.00000
vt 0.00000 0.00000
vt 0.00000 0.00000
vt 0.00000 0.00000
vt 0.00000 0.00000
vt 0.00000 0.00000
vt 0.00000 0.00000
vt 0.00000 0.00000
vt 0.00000 0.00000
vt 0.00000 0.00000
vt 0.00000 0.00000
vt 0.00000 0.00000
vt 0.00000 0.00000
vt 0.00000 0.00000
vt 0.00000 0.00000
vt 0.00000 0.00000
vt 0.00000 0.00000
vt 0.00000 0.00000
vt 0.00000 0.00000
vt 0.00000 0.00000
vt 0.00000 0.00000
vt 0.00000 0.00000
vt 0.00000 0.00000
vt 0.00000 0.00000
vt 0.00000 0.00000
vt 0.00000 0.00000
vt 0.00000 0.00000
vt 0.00000 0.00000
vt 0.00000 0.00000
vt 0.00000 0.00000
vt 0.00000 0.00000
vt 0.00000 0.00000
vt 0.00000 0.00000
vt 0.00000 0.00000
vt 0.00000 0.00000
vt 0.00000 0.00000
vt 0.00000 0.00000
vt 0.00000 0.00000
vt 0.00000 0.00000
vt 0.00000 0.00000
vt 0.00000 0.00000
vt 0.00000 0.00000
vt 0.00000 0.00000
vt 0.00000 0.00000
vt 0.00000 0.00000
vt 0.00000 0.00000
vt 0.00000 0.00000
vt 0.00000 0.00000
vt 0.00000 0.00000
vt 0.00000 0.00000
vt 0.00000 0.00000
vt 0.00000 0.00000
vt 0.00000 0.00000
vt 0.00000 0.00000
vt 0.00000 0.00000
vt 0.00000 0.00000
vt 0.00000 0.00000
vt 0.00000 0.00000
vt 0.00000 0.00000
vt 0.00000 0.00000
vt 0.00000 0.00000
vt 0.00000 0.00000
vt 0.00000 0.00000
vt 0.00000 0.00000
vt 0.00000 0.00000
vt 0.00000 0.00000
vt 0.00000 0.00000
vt 0.00000 0.00000
vt 0.00000 0.00000
vt 0.00000 0.00000
vt 0.00000 0.00000
vt 0.00000 0.00000
vt 0.00000 0.00000
vt 0.00000 0.00000
vt 0.00000 0.00000
vt 0.00000 0.00000
vt 0.00000 0.00000
vt 0.00000 0.00000
vt 0.00000 0.00000
vt 0.00000 0.00000
vt 0.00000 0.00000
vt 0.00000 0.00000
vt 0.00000 0.00000
vt 0.00000 0.00000
vt 0.00000 0.00000
vt 0.00000 0.00000
vt 0.00000 0.00000
vt 0.00000 0.00000
vt 0.00000 0.00000
vt 0.00000 0.00000
vt 0.00000 0.00000
vt 0.00000 0.00000
vt 0.00000 0.00000
vt 0.00000 0.00000
vt 0.00000 0.00000
vt 0.00000 0.00000
vt 0.00000 0.00000
vt 0.00000 0.00000
vt 0.00000 0.00000
vt 0.00000 0.00000
vt 0.00000 0.00000
vt 0.00000 0.00000
vt 0.00000 0.00000
vt 0.00000 0.00000
vt 0.00000 0.00000
vt 0.00000 0.00000
vt 0.00000 0.00000
vt 0.00000 0.00000
vt 0.00000 0.00000
vt 0.00000 0.00000
vt 0.00000 0.00000
vt 0.00000 0.00000
vt 0.00000 0.00000
vt 0.00000 0.00000
vt 0.00000 0.00000
vt 0.00000 0.00000
vt 0.00000 0.00000
vt 0.00000 0.00000
vt 0.00000 0.00000
vt 0.00000 0.00000
vt 0.00000 0.00000
vt 0.00000 0.00000
vt 0.00000 0.00000
vt 0.00000 0.00000
vt 0.00000 0.00000
vt 0.00000 0.00000
vt 0.00000 0.00000
vt 0.00000 0.00000
vt 0.00000 0.00000
vt 0.00000 0.00000
vt 0.00000 0.00000
vt 0.00000 0.00000
vt 0.00000 0.00000
vt 0.00000 0.00000
vt 0.00000 0.00000
vt 0.00000 0.00000
vt 0.00000 0.00000
vt 0.00000 0.00000
vt 0.00000 0.00000
vt 0.00000 0.00000
vt 0.00000 0.00000
vt 0.00000 0.00000
vt 0.00000 0.00000
vt 0.00000 0.00000
vt 0.00000 0.00000
vt 0.00000 0.00000
vt 0.00000 0.00000
vt 0.00000 0.00000
vt 0.00000 0.00000
vt 0.00000 0.00000
vt 0.00000 0.00000
vt 0.00000 0.00000
vt 0.00000 0.00000
vt 0.00000 0.00000
vt 0.00000 0.00000
vt 0.00000 0.00000
vt 0.00000 0.00000
vt 0.00000 0.00000
vt 0.00000 0.00000
vt 0.00000 0.00000
vt 0.00000 0.00000
vt 0.00000 0.00000
vt 0.00000 0.00000
vt 0.00000 0.00000
vt 0.00000 0.00000
vt 0.00000 0.00000
vt 0.00000 0.00000
vt 0.00000 0.00000
vt 0.00000 0.00000
vt 0.00000 0.00000
vt 0.00000 0.00000
vt 0.00000 0.00000
vt 0.00000 0.00000
vt 0.00000 0.00000
vt 0.00000 0.00000
vt 0.00000 0.00000
vt 0.00000 0.00000
vt 0.00000 0.00000
vt 0.00000 0.00000
vt 0.00000 0.00000
vt 0.00000 0.00000
vt 0.00000 0.00000
vt 0.00000 0.00000
vt 0.00000 0.00000
vt 0.00000 0.00000
vt 0.00000 0.00000
vt 0.00000 0.00000
vt 0.00000 0.00000
vt 0.00000 0.00000
vt 0.00000 0.00000
vt 0.00000 0.00000
vt 0.00000 0.00000
vt 0.00000 0.00000
vt 0.00000 0.00000
vt 0.00000 0.00000
vt 0.00000 0.00000
vt 0.00000 0.00000
vt 0.00000 0.00000
vt 0.00000 0.00000
vt 0.00000 0.00000
vt 0.00000 0.00000
vt 0.00000 0.00000
vt 0.00000 0.00000
vt 0.00000 0.00000
vt 0.00000 0.00000
vt 0.00000 0.00000
vt 0.00000 0.00000
vt 0.00000 0.00000
vt 0.00000 0.00000
vt 0.00000 0.00000
vt 0.00000 0.00000
vt 0.00000 0.00000
vt 0.00000 0.00000
vt 0.00000 0.00000
vt 0.00000 0.00000
vt 0.00000 0.00000
vt 0.00000 0.00000
vt 0.00000 0.00000
vt 0.00000 0.00000
vt 0.00000 0.00000
vt 0.00000 0.00000
vt 0.00000 0.00000
vt 0.00000 0.00000
vt 0.00000 0.00000
vt 0.00000 0.00000
vt 0.00000 0.00000
vt 0.00000 0.00000
vt 0.00000 0.00000
vt 0.00000 0.00000
vt 0.00000 0.00000
vt 0.00000 0.00000
vt 0.00000 0.00000
vt 0.00000 0.00000
vt 0.00000 0.00000
vt 0.00000 0.00000
vt 0.00000 0.00000
vt 0.00000 0.00000
vt 0.00000 0.00000
vt 0.00000 0.00000
vt 0.00000 0.00000
vt 0.00000 0.00000
vt 0.00000 0.00000
vt 0.00000 0.00000
vt 0.00000 0.00000
vt 0.00000 0.00000
vt 0.00000 0.00000
vt 0.00000 0.00000
vt 0.00000 0.00000
vt 0.00000 0.00000
vt 0.00000 0.00000
vt 0.00000 0.00000
vt 0.00000 0.00000
vt 0.00000 0.00000
vt 0.00000 0.00000
vt 0.00000 0.00000
vt 0.00000 0.00000
vt 0.00000 0.00000
vt 0.00000 0.00000
vt 0.00000 0.00000
vt 0.00000 0.00000
vt 0.00000 0.00000
vt 0.00000 0.00000
vt 0.00000 0.00000
vt 0.00000 0.00000
vt 0.00000 0.00000
vt 0.00000 0.00000
vt 0.00000 0.00000
vt 0.00000 0.00000
vt 0.00000 0.00000
vt 0.00000 0.00000
vt 0.00000 0.00000
vt 0.00000 0.00000
vt 0.00000 0.00000
vt 0.00000 0.00000
vt 0.00000 0.00000
vt 0.00000 0.00000
vt 0.00000 0.00000
vt 0.00000 0.00000
vt 0.00000 0.00000
vt 0.00000 0.00000
vt 0.00000 0.00000
vt 0.00000 0.00000
vt 0.00000 0.00000
vt 0.00000 0.00000
vt 0.00000 0.00000
vt 0.00000 0.00000
vt 0.00000 0.00000
vt 0.00000 0.00000
vt 0.00000 0.00000
vt 0.00000 0.00000
vt 0.00000 0.00000
vt 0.00000 0.00000
vt 0.00000 0.00000
vt 0.00000 0.00000
vt 0.00000 0.00000
vt 0.00000 0.00000
vt 0.00000 0.00000
vt 0.00000 0.00000
vt 0.00000 0.00000
vt 0.00000 0.00000
vt 0.00000 0.00000
vt 0.00000 0.00000
vt 0.00000 0.00000
vt 0.00000 0.00000
vt 0.00000 0.00000
vt 0.00000 0.00000
vt 0.00000 0.00000
vt 0.00000 0.00000
vt 0.00000 0.00000
vt 0.00000 0.00000
vt 0.00000 0.00000
vt 0.00000 0.00000
vt 0.00000 0.00000
vt 0.00000 0.00000
vt 0.00000 0.00000
vt 0.00000 0.00000
vt 0.00000 0.00000
vt 0.00000 0.00000
vt 0.00000 0.00000
vt 0.00000 0.00000
vt 0.00000 0.00000
vt 0.00000 0.00000
vt 0.00000 0.00000
vt 0.00000 0.00000
vt 0.00000 0.00000
vt 0.00000 0.00000
vt 0.00000 0.00000
vt 0.00000 0.00000
vt 0.00000 0.00000
vt 0.00000 0.00000
vt 0.00000 0.00000
vt 0.00000 0.00000
vt 0.00000 0.00000
vt 0.00000 0.00000
vt 0.00000 0.00000
vt 0.00000 0.00000
vt 0.00000 0.00000
vt 0.00000 0.00000
vt 0.00000 0.00000
vt 0.00000 0.00000
vt 0.00000 0.00000
vt 0.00000 0.00000
vt 0.00000 0.00000
vt 0.00000 0.00000
vt 0.00000 0.00000
vt 0.00000 0.00000
vt 0.00000 0.00000
vt 0.00000 0.00000
vt 0.00000 0.00000
vt 0.00000 0.00000
vt 0.00000 0.00000
vt 0.00000 0.00000
vt 0.00000 0.00000
vt 0.00000 0.00000
vt 0.00000 0.00000
vt 0.00000 0.00000
vt 0.00000 0.00000
vt 0.00000 0.00000
vt 0.00000 0.00000
vt 0.00000 0.00000
vt 0.00000 0.00000
vt 0.00000 0.00000
vt 0.00000 0.00000
vt 0.00000 0.00000
vt 0.00000 0.00000
vt 0.00000 0.00000
vt 0.00000 0.00000
vt 0.00000 0.00000
vt 0.00000 0.00000
vt 0.00000 0.00000
vt 0.00000 0.00000
vt 0.00000 0.00000
vt 0.00000 0.00000
vt 0.00000 0.00000
vt 0.00000 0.00000
vt 0.00000 0.00000
vt 0.00000 0.00000
vt 0.00000 0.00000
vt 0.00000 0.00000
vt 0.00000 0.00000
vt 0.00000 0.00000
vt 0.00000 0.00000
vt 0.00000 0.00000
vt 0.00000 0.00000
vt 0.00000 0.00000
vt 0.00000 0.00000
vt 0.00000 0.00000
vt 0.00000 0.00000
vt 0.00000 0.00000
vt 0.00000 0.00000
vt 0.00000 0.00000
vt 0.00000 0.00000
vt 0.00000 0.00000
vt 0.00000 0.00000
vt 0.00000 0.00000
vt 0.00000 0.00000
vt 0.00000 0.00000
vt 0.00000 0.00000
vt 0.00000 0.00000
vt 0.00000 0.00000
vt 0.00000 0.00000
vt 0.00000 0.00000
vt 0.00000 0.00000
vt 0.00000 0.00000
vt 0.00000 0.00000
vt 0.00000 0.00000
vt 0.00000 0.00000
vt 0.00000 0.00000
vt 0.00000 0.00000
vt 0.00000 0.00000
vt 0.00000 0.00000
vt 0.00000 0.00000
vt 0.00000 0.00000
vt 0.00000 0.00000
vt 0.00000 0.00000
vt 0.00000 0.00000
vt 0.00000 0.00000
vt 0.00000 0.00000
vt 0.00000 0.00000
vt 0.00000 0.00000
vt 0.00000 0.00000
vt 0.00000 0.00000
vt 0.00000 0.00000
vt 0.00000 0.00000
vt 0.00000 0.00000
vt 0.00000 0.00000
vt 0.00000 0.00000
vt 0.00000 0.00000
vt 0.00000 0.00000
vt 0.00000 0.00000
vt 0.00000 0.00000
vt 0.00000 0.00000
vt 0.00000 0.00000
vt 0.00000 0.00000
vt 0.00000 0.00000
vt 0.00000 0.00000
vt 0.00000 0.00000
vt 0.00000 0.00000
vt 0.00000 0.00000
vt 0.00000 0.00000
vt 0.00000 0.00000
vt 0.00000 0.00000
vt 0.00000 0.00000
vt 0.00000 0.00000
vt 0.00000 0.00000
vt 0.00000 0.00000
vt 0.00000 0.00000
vt 0.00000 0.00000
vt 0.00000 0.00000
vt 0.00000 0.00000
vt 0.00000 0.00000
vt 0.00000 0.00000
vt 0.00000 0.00000
vt 0.00000 0.00000
vt 0.00000 0.00000
vt 0.00000 0.00000
vt 0.00000 0.00000
vt 0.00000 0.00000
vt 0.00000 0.00000
vt 0.00000 0.00000
vt 0.00000 0.00000
vt 0.00000 0.00000
vt 0.00000 0.00000
vt 0.00000 0.00000
vt 0.00000 0.00000
vt 0.00000 0.00000
vt 0.00000 0.00000
vt 0.00000 0.00000
vt 0.00000 0.00000
vt 0.00000 0.00000
vt 0.00000 0.00000
vt 0.00000 0.00000
vt 0.00000 0.00000
vt 0.00000 0.00000
vt 0.00000 0.00000
vt 0.00000 0.00000
vt 0.00000 0.00000
vt 0.00000 0.00000
vt 0.00000 0.00000
vt 0.00000 0.00000
vt 0.00000 0.00000
vt 0.00000 0.00000
vt 0.00000 0.00000
vt 0.00000 0.00000
vt 0.00000 0.00000
vt 0.00000 0.00000
vt 0.00000 0.00000
vt 0.00000 0.00000
vt 0.00000 0.00000
vt 0.00000 0.00000
vt 0.00000 0.00000
vt 0.00000 0.00000
vt 0.00000 0.00000
vt 0.00000 0.00000
vt 0.00000 0.00000
vt 0.00000 0.00000
vt 0.00000 0.00000
vt 0.00000 0.00000
vt 0.00000 0.00000
vt 0.00000 0.00000
vt 0.00000 0.00000
vt 0.00000 0.00000
vt 0.00000 0.00000
vt 0.00000 0.00000
vt 0.00000 0.00000
vt 0.00000 0.00000
vt 0.00000 0.00000
vt 0.00000 0.00000
vt 0.00000 0.00000
vt 0.00000 0.00000
vt 0.00000 0.00000
vt 0.00000 0.00000
vt 0.00000 0.00000
vt 0.00000 0.00000
vt 0.00000 0.00000
vt 0.00000 0.00000
vt 0.00000 0.00000
vt 0.00000 0.00000
vt 0.00000 0.00000
vt 0.00000 0.00000
vt 0.00000 0.00000
vt 0.00000 0.00000
vt 0.00000 0.00000
vt 0.00000 0.00000
vt 0.00000 0.00000
vt 0.00000 0.00000
vt 0.00000 0.00000
vt 0.00000 0.00000
vt 0.00000 0.00000
vt 0.00000 0.00000
vt 0.00000 0.00000
vt 0.00000 0.00000
vt 0.00000 0.00000
vt 0.00000 0.00000
vt 0.00000 0.00000
vt 0.00000 0.00000
vt 0.00000 0.00000
vt 0.00000 0.00000
vt 0.00000 0.00000
vt 0.00000 0.00000
vt 0.00000 0.00000
vt 0.00000 0.00000
vt 0.00000 0.00000
vt 0.00000 0.00000
vt 0.00000 0.00000
vt 0.00000 0.00000
vt 0.00000 0.00000
vt 0.00000 0.00000
vt 0.00000 0.00000
vt 0.00000 0.00000
vt 0.00000 0.00000
vt 0.00000 0.00000
vt 0.00000 0.00000
vt 0.00000 0.00000
vt 0.00000 0.00000
vt 0.00000 0.00000
vt 0.00000 0.00000
vt 0.00000 0.00000
vt 0.00000 0.00000
vt 0.00000 0.00000
vt 0.00000 0.00000
vt 0.00000 0.00000
vt 0.00000 0.00000
vt 0.00000 0.00000
vt 0.00000 0.00000
vt 0.00000 0.00000
vt 0.00000 0.00000
vt 0.00000 0.00000
vt 0.00000 0.00000
vt 0.00000 0.00000
vt 0.00000 0.00000
vt 0.00000 0.00000
vt 0.00000 0.00000
vt 0.00000 0.00000
vt 0.00000 0.00000
vt 0.00000 0.00000
vt 0.00000 0.00000
vt 0.00000 0.00000
vt 0.00000 0.00000
vt 0.00000 0.00000
vt 0.00000 0.00000
vt 0.00000 0.00000
vt 0.00000 0.00000
vt 0.00000 0.00000
vt 0.00000 0.00000
vt 0.00000 0.00000
vt 0.00000 0.00000
vt 0.00000 0.00000
vt 0.00000 0.00000
vt 0.00000 0.00000
vt 0.00000 0.00000
vt 0.00000 0.00000
vt 0.00000 0.00000
vt 0.00000 0.00000
vt 0.00000 0.00000
vt 0.00000 0.00000
vt 0.00000 0.00000
vt 0.00000 0.00000
vt 0.00000 0.00000
vt 0.00000 0.00000
vt 0.00000 0.00000
vt 0.00000 0.00000
vt 0.00000 0.00000
vt 0.00000 0.00000
vt 0.00000 0.00000
vt 0.00000 0.00000
vt 0.00000 0.00000
vt 0.00000 0.00000
vt 0.00000 0.00000
vt 0.00000 0.00000
vt 0.00000 0.00000
vt 0.00000 0.00000
vt 0.00000 0.00000
vt 0.00000 0.00000
vt 0.00000 0.00000
vt 0.00000 0.00000
vt 0.00000 0.00000
vt 0.00000 0.00000
vt 0.00000 0.00000
vt 0.00000 0.00000
vt 0.00000 0.00000
vt 0.00000 0.00000
vt 0.00000 0.00000
vt 0.00000 0.00000
vt 0.00000 0.00000
vt 0.00000 0.00000
vt 0.00000 0.00000
vt 0.00000 0.00000
vt 0.00000 0.00000
vt 0.00000 0.00000
vt 0.00000 0.00000
vt 0.00000 0.00000
vt 0.00000 0.00000
vt 0.00000 0.00000
vt 0.00000 0.00000
vt 0.00000 0.00000
vt 0.00000 0.00000
vt 0.00000 0.00000
vt 0.00000 0.00000
vt 0.00000 0.00000
vt 0.00000 0.00000
vt 0.00000 0.00000
vt 0.00000 0.00000
vt 0.00000 0.00000
vt 0.00000 0.00000
vt 0.00000 0.00000
vt 0.00000 0.00000
vt 0.00000 0.00000
vt 0.00000 0.00000
vt 0.00000 0.00000
vt 0.00000 0.00000
vt 0.00000 0.00000
vt 0.00000 0.00000
vt 0.00000 0.00000
vt 0.00000 0.00000
vt 0.00000 0.00000
vt 0.00000 0.00000
vt 0.00000 0.00000
vt 0.00000 0.00000
vt 0.00000 0.00000
vt 0.00000 0.00000
vt 0.00000 0.00000
vt 0.00000 0.00000
vt 0.00000 0.00000
vt 0.00000 0.00000
vt 0.00000 0.00000
vt 0.00000 0.00000
vt 0.00000 0.00000
vt 0.00000 0.00000
vt 0.00000 0.00000
vt 0.00000 0.00000
vt 0.00000 0.00000
vt 0.00000 0.00000
vt 0.00000 0.00000
vt 0.00000 0.00000
vt 0.00000 0.00000
vt 0.00000 0.00000
vt 0.00000 0.00000
vt 0.00000 0.00000
vt 0.00000 0.00000
vt 0.00000 0.00000
vt 0.00000 0.00000
vt 0.00000 0.00000
vt 0.00000 0.00000
vt 0.00000 0.00000
vt 0.00000 0.00000
vt 0.00000 0.00000
vt 0.00000 0.00000
vt 0.00000 0.00000
vt 0.00000 0.00000
vt 0.00000 0.00000
vt 0.00000 0.00000
vt 0.00000 0.00000
vt 0.00000 0.00000
vt 0.00000 0.00000
vt 0.00000 0.00000
vt 0.00000 0.00000
vt 0.00000 0.00000
vt 0.00000 0.00000
vt 0.00000 0.00000
vt 0.00000 0.00000
vt 0.00000 0.00000
vt 0.00000 0.00000
vt 0.00000 0.00000
vt 0.00000 0.00000
vt 0.00000 0.00000
vt 0.00000 0.00000
vt 0.00000 0.00000
vt 0.00000 0.00000
vt 0.00000 0.00000
vt 0.00000 0.00000
vt 0.00000 0.00000
vt 0.00000 0.00000
vt 0.00000 0.00000
vt 0.00000 0.00000
vt 0.00000 0.00000
vt 0.00000 0.00000
vt 0.00000 0.00000
vt 0.00000 0.00000
vt 0.00000 0.00000
vt 0.00000 0.00000
vt 0.00000 0.00000
vt 0.00000 0.00000
vt 0.00000 0.00000
vt 0.00000 0.00000
vt 0.00000 0.00000
vt 0.00000 0.00000
vt 0.00000 0.00000
vt 0.00000 0.00000
vt 0.00000 0.00000
vt 0.00000 0.00000
vt 0.00000 0.00000
vt 0.00000 0.00000
vt 0.00000 0.00000
vt 0.00000 0.00000
vt 0.00000 0.00000
vt 0.00000 0.00000
vt 0.00000 0.00000
vt 0.00000 0.00000
vt 0.00000 0.00000
vt 0.00000 0.00000
vt 0.00000 0.00000
vt 0.00000 0.00000
vt 0.00000 0.00000
vt 0.00000 0.00000
vt 0.00000 0.00000
vt 0.00000 0.00000
vt 0.00000 0.00000
vt 0.00000 0.00000
vt 0.00000 0.00000
vt 0.00000 0.00000
vt 0.00000 0.00000
vt 0.00000 0.00000
vt 0.00000 0.00000
vt 0.00000 0.00000
vt 0.00000 0.00000
vt 0.00000 0.00000
vt 0.00000 0.00000
vt 0.00000 0.00000
vt 0.00000 0.00000
vt 0.00000 0.00000
vt 0.00000 0.00000
vt 0.00000 0.00000
vt 0.00000 0.00000
vt 0.00000 0.00000
vt 0.00000 0.00000
vt 0.00000 0.00000
vt 0.00000 0.00000
vt 0.00000 0.00000
vt 0.00000 0.00000
vt 0.00000 0.00000
vt 0.00000 0.00000
vt 0.00000 0.00000
vt 0.00000 0.00000
vt 0.00000 0.00000
vt 0.00000 0.00000
vt 0.00000 0.00000
vt 0.00000 0.00000
vt 0.00000 0.00000
vt 0.00000 0.00000
vt 0.00000 0.00000
vt 0.00000 0.00000
vt 0.00000 0.00000
vt 0.00000 0.00000
vt 0.00000 0.00000
vt 0.00000 0.00000
vt 0.00000 0.00000
vt 0.00000 0.00000
vt 0.00000 0.00000
vt 0.00000 0.00000
vt 0.00000 0.00000
vt 0.00000 0.00000
vt 0.00000 0.00000
vt 0.00000 0.00000
vt 0.00000 0.00000
vt 0.00000 0.00000
vt 0.00000 0.00000
vt 0.00000 0.00000
vt 0.00000 0.00000
vt 0.00000 0.00000
vt 0.00000 0.00000
vt 0.00000 0.00000
vt 0.00000 0.00000
vt 0.00000 0.00000
vt 0.00000 0.00000
vt 0.00000 0.00000
vt 0.00000 0.00000
vt 0.00000 0.00000
vt 0.00000 0.00000
vt 0.00000 0.00000
vt 0.00000 0.00000
vt 0.00000 0.00000
vt 0.00000 0.00000
vt 0.00000 0.00000
vt 0.00000 0.00000
vt 0.00000 0.00000
vt 0.00000 0.00000
vt 0.00000 0.00000
vt 0.00000 0.00000
vt 0.00000 0.00000
vt 0.00000 0.00000
vt 0.00000 0.00000
vt 0.00000 0.00000
vt 0.00000 0.00000
vt 0.00000 0.00000
vt 0.00000 0.00000
vt 0.00000 0.00000
vt 0.00000 0.00000
vt 0.00000 0.00000
vt 0.00000 0.00000
vt 0.00000 0.00000
vt 0.00000 0.00000
vt 0.00000 0.00000
vt 0.00000 0.00000
vt 0.00000 0.00000
vt 0.00000 0.00000
vt 0.00000 0.00000
vt 0.00000 0.00000
vt 0.00000 0.00000
vt 0.00000 0.00000
vt 0.00000 0.00000
vt 0.00000 0.00000
vt 0.00000 0.00000
vt 0.00000 0.00000
vt 0.00000 0.00000
vt 0.00000 0.00000
vt 0.00000 0.00000
vt 0.00000 0.00000
vt 0.00000 0.00000
vt 0.00000 0.00000
vt 0.00000 0.00000
vt 0.00000 0.00000
vt 0.00000 0.00000
vt 0.00000 0.00000
vt 0.00000 0.00000
vt 0.00000 0.00000
vt 0.00000 0.00000
vt 0.00000 0.00000
vt 0.00000 0.00000
vt 0.00000 0.00000
vt 0.00000 0.00000
vt 0.00000 0.00000
vt 0.00000 0.00000
vt 0.00000 0.00000
vt 0.00000 0.00000
vt 0.00000 0.00000
vt 0.00000 0.00000
vt 0.00000 0.00000
vt 0.00000 0.00000
vt 0.00000 0.00000
vt 0.00000 0.00000
vt 0.00000 0.00000
vt 0.00000 0.00000
vt 0.00000 0.00000
vt 0.00000 0.00000
vt 0.00000 0.00000
vt 0.00000 0.00000
vt 0.00000 0.00000
vt 0.00000 0.00000
vt 0.00000 0.00000
vt 0.00000 0.00000
vt 0.00000 0.00000
vt 0.00000 0.00000
vt 0.00000 0.00000
vt 0.00000 0.00000
vt 0.00000 0.00000
vt 0.00000 0.00000
vt 0.00000 0.00000
vt 0.00000 0.00000
vt 0.00000 0.00000
vt 0.00000 0.00000
vt 0.00000 0.00000
vt 0.00000 0.00000
vt 0.00000 0.00000
vt 0.00000 0.00000
vt 0.00000 0.00000
vt 0.00000 0.00000
vt 0.00000 0.00000
vt 0.00000 0.00000
vt 0.00000 0.00000
vt 0.00000 0.00000
vt 0.00000 0.00000
vt 0.00000 0.00000
vt 0.00000 0.00000
vt 0.00000 0.00000
vt 0.00000 0.00000
vt 0.00000 0.00000
vt 0.00000 0.00000
vt 0.00000 0.00000
vt 0.00000 0.00000
vt 0.00000 0.00000
vt 0.00000 0.00000
vt 0.00000 0.00000
vt 0.00000 0.00000
vt 0.00000 0.00000
vt 0.00000 0.00000
vt 0.00000 0.00000
vt 0.00000 0.00000
vt 0.00000 0.00000
vt 0.00000 0.00000
vt 0.00000 0.00000
vt 0.00000 0.00000
vt 0.00000 0.00000
vt 0.00000 0.00000
vt 0.00000 0.00000
vt 0.00000 0.00000
vt 0.00000 0.00000
vt 0.00000 0.00000
vt 0.00000 0.00000
vt 0.00000 0.00000
vt 0.00000 0.00000
vt 0.00000 0.00000
vt 0.00000 0.00000
vt 0.00000 0.00000
vt 0.00000 0.00000
vt 0.00000 0.00000
vt 0.00000 0.00000
vt 0.00000 0.00000
vt 0.00000 0.00000
vt 0.00000 0.00000
vt 0.00000 0.00000
vt 0.00000 0.00000
vt 0.00000 0.00000
vt 0.00000 0.00000
vt 0.00000 0.00000
vt 0.00000 0.00000
vt 0.00000 0.00000
vt 0.00000 0.00000
vt 0.00000 0.00000
vt 0.00000 0.00000
vt 0.00000 0.00000
vt 0.00000 0.00000
vt 0.00000 0.00000
vt 0.00000 0.00000
vt 0.00000 0.00000
vt 0.00000 0.00000
vt 0.00000 0.00000
vt 0.00000 0.00000
vt 0.00000 0.00000
vt 0.00000 0.00000
vt 0.00000 0.00000
vt 0.00000 0.00000
vt 0.00000 0.00000
vt 0.00000 0.00000
vt 0.00000 0.00000
vt 0.00000 0.00000
vt 0.00000 0.00000
vt 0.00000 0.00000
vt 0.00000 0.00000
vt 0.00000 0.00000
vt 0.00000 0.00000
vt 0.00000 0.00000
vt 0.00000 0.00000
vt 0.00000 0.00000
vt 0.00000 0.00000
vt 0.00000 0.00000
vt 0.00000 0.00000
vt 0.00000 0.00000
vt 0.00000 0.00000
vt 0.00000 0.00000
vt 0.00000 0.00000
vt 0.00000 0.00000
vt 0.00000 0.00000
vt 0.00000 0.00000
vt 0.00000 0.00000
vt 0.00000 0.00000
vt 0.00000 0.00000
vt 0.00000 0.00000
vt 0.00000 0.00000
vt 0.00000 0.00000
vt 0.00000 0.00000
vt 0.00000 0.00000
vt 0.00000 0.00000
vt 0.00000 0.00000
vt 0.00000 0.00000
vt 0.00000 0.00000
vt 0.00000 0.00000
vt 0.00000 0.00000
vt 0.00000 0.00000
vt 0.00000 0.00000
vt 0.00000 0.00000
vt 0.00000 0.00000
vt 0.00000 0.00000
vt 0.00000 0.00000
vt 0.00000 0.00000
vt 0.00000 0.00000
vt 0.00000 0.00000
vt 0.00000 0.00000
vt 0.00000 0.00000
vt 0.00000 0.00000
vt 0.00000 0.00000
vt 0.00000 0.00000
vt 0.00000 0.00000
vt 0.00000 0.00000
vt 0.00000 0.00000
vt 0.00000 0.00000
vt 0.00000 0.00000
vt 0.00000 0.00000
vt 0.00000 0.00000
vt 0.00000 0.00000
vt 0.00000 0.00000
vt 0.00000 0.00000
vt 0.00000 0.00000
vt 0.00000 0.00000
vt 0.00000 0.00000
vt 0.00000 0.00000
vt 0.00000 0.00000
vt 0.00000 0.00000
vt 0.00000 0.00000
vt 0.00000 0.00000
vt 0.00000 0.00000
vt 0.00000 0.00000
vt 0.00000 0.00000
vt 0.00000 0.00000
vt 0.00000 0.00000
vt 0.00000 0.00000
vt 0.00000 0.00000
vt 0.00000 0.00000
vt 0.00000 0.00000
vt 0.00000 0.00000
vt 0.00000 0.00000
vt 0.00000 0.00000
vt 0.00000 0.00000
vt 0.00000 0.00000
vt 0.00000 0.00000
vt 0.00000 0.00000
vt 0.00000 0.00000
vt 0.00000 0.00000
vt 0.00000 0.00000
vt 0.00000 0.00000
vt 0.00000 0.00000
vt 0.00000 0.00000
vt 0.00000 0.00000
vt 0.00000 0.00000
vt 0.00000 0.00000
vt 0.00000 0.00000
vt 0.00000 0.00000
vt 0.00000 0.00000
vt 0.00000 0.00000
vt 0.00000 0.00000
vt 0.00000 0.00000
vt 0.00000 0.00000
vt 0.00000 0.00000
vt 0.00000 0.00000
vt 0.00000 0.00000
vt 0.00000 0.00000
vt 0.00000 0.00000
vt 0.00000 0.00000
vt 0.00000 0.00000
vt 0.00000 0.00000
vt 0.00000 0.00000
vt 0.00000 0.00000
vt 0.00000 0.00000
vt 0.00000 0.00000
vt 0.00000 0.00000
vt 0.00000 0.00000
vt 0.00000 0.00000
vt 0.00000 0.00000
vt 0.00000 0.00000
vt 0.00000 0.00000
vt 0.00000 0.00000
vt 0.00000 0.00000
vt 0.00000 0.00000
vt 0.00000 0.00000
vt 0.00000 0.00000
vt 0.00000 0.00000
vt 0.00000 0.00000
vt 0.00000 0.00000
vt 0.00000 0.00000
vt 0.00000 0.00000
vt 0.00000 0.00000
vt 0.00000 0.00000
vt 0.00000 0.00000
vt 0.00000 0.00000
vt 0.00000 0.00000
vt 0.00000 0.00000
vt 0.00000 0.00000
vt 0.00000 0.00000
vt 0.00000 0.00000
vt 0.00000 0.00000
vt 0.00000 0.00000
vt 0.00000 0.00000
vt 0.00000 0.00000
vt 0.00000 0.00000
vt 0.00000 0.00000
vt 0.00000 0.00000
vt 0.00000 0.00000
vt 0.00000 0.00000
vt 0.00000 0.00000
vt 0.00000 0.00000
vt 0.00000 0.00000
vt 0.00000 0.00000
vt 0.00000 0.00000
vt 0.00000 0.00000
vt 0.00000 0.00000
vt 0.00000 0.00000
vt 0.00000 0.00000
vt 0.00000 0.00000
vt 0.00000 0.00000
vt 0.00000 0.00000
vt 0.00000 0.00000
vt 0.00000 0.00000
vt 0.00000 0.00000
vt 0.00000 0.00000
vt 0.00000 0.00000
vt 0.00000 0.00000
vt 0.00000 0.00000
vt 0.00000 0.00000
vt 0.00000 0.00000
vt 0.00000 0.00000
vt 0.00000 0.00000
vt 0.00000 0.00000
vt 0.00000 0.00000
vt 0.00000 0.00000
vt 0.00000 0.00000
vt 0.00000 0.00000
vt 0.00000 0.00000
vt 0.00000 0.00000
vt 0.00000 0.00000
vt 0.00000 0.00000
vt 0.00000 0.00000
vt 0.00000 0.00000
vt 0.00000 0.00000
vt 0.00000 0.00000
vt 0.00000 0.00000
vt 0.00000 0.00000
vt 0.00000 0.00000
vt 0.00000 0.00000
vt 0.00000 0.00000
vt 0.00000 0.00000
vt 0.00000 0.00000
vt 0.00000 0.00000
vt 0.00000 0.00000
vt 0.00000 0.00000
vt 0.00000 0.00000
vt 0.00000 0.00000
vt 0.00000 0.00000
vt 0.00000 0.00000
vt 0.00000 0.00000
vt 0.00000 0.00000
vt 0.00000 0.00000
vt 0.00000 0.00000
vt 0.00000 0.00000
vt 0.00000 0.00000
vt 0.00000 0.00000
vt 0.00000 0.00000
vt 0.00000 0.00000
vt 0.00000 0.00000
vt 0.00000 0.00000
vt 0.00000 0.00000
vt 0.00000 0.00000
vt 0.00000 0.00000
vt 0.00000 0.00000
vt 0.00000 0.00000
vt 0.00000 0.00000
vt 0.00000 0.00000
vt 0.00000 0.00000
vt 0.00000 0.00000
vt 0.00000 0.00000
vt 0.00000 0.00000
vt 0.00000 0.00000
vt 0.00000 0.00000
vt 0.00000 0.00000
vt 0.00000 0.00000
vt 0.00000 0.00000
vt 0.00000 0.00000
vt 0.00000 0.00000
vt 0.00000 0.00000
vt 0.00000 0.00000
vt 0.00000 0.00000
vt 0.00000 0.00000
vt 0.00000 0.00000
vt 0.00000 0.00000
vt 0.00000 0.00000
vt 0.00000 0.00000
vt 0.00000 0.00000
vt 0.00000 0.00000
vt 0.00000 0.00000
vt 0.00000 0.00000
vt 0.00000 0.00000
vt 0.00000 0.00000
vt 0.00000 0.00000
vt 0.00000 0.00000
vt 0.00000 0.00000
vt 0.00000 0.00000
vt 0.00000 0.00000
vt 0.00000 0.00000
vt 0.00000 0.00000
vt 0.00000 0.00000
vt 0.00000 0.00000
vt 0.00000 0.00000
vt 0.00000 0.00000
vt 0.00000 0.00000
vt 0.00000 0.00000
vt 0.00000 0.00000
vt 0.00000 0.00000
vt 0.00000 0.00000
vt 0.00000 0.00000
vt 0.00000 0.00000
vt 0.00000 0.00000
vt 0.00000 0.00000
vt 0.00000 0.00000
vt 0.00000 0.00000
vt 0.00000 0.00000
vt 0.00000 0.00000
vt 0.00000 0.00000
vt 0.00000 0.00000
vt 0.00000 0.00000
vt 0.00000 0.00000
vt 0.00000 0.00000
vt 0.00000 0.00000
vt 0.00000 0.00000
vt 0.00000 0.00000
vt 0.00000 0.00000
vt 0.00000 0.00000
vt 0.00000 0.00000
vt 0.00000 0.00000
vt 0.00000 0.00000
vt 0.00000 0.00000
vt 0.00000 0.00000
vt 0.00000 0.00000
vt 0.00000 0.00000
vt 0.00000 0.00000
vt 0.00000 0.00000
vt 0.00000 0.00000
vt 0.00000 0.00000
vt 0.00000 0.00000
vt 0.00000 0.00000
vt 0.00000 0.00000
vt 0.00000 0.00000
vt 0.00000 0.00000
vt 0.00000 0.00000
vt 0.00000 0.00000
vt 0.00000 0.00000
vt 0.00000 0.00000
vt 0.00000 0.00000
vt 0.00000 0.00000
vt 0.00000 0.00000
vt 0.00000 0.00000
vt 0.00000 0.00000
vt 0.00000 0.00000
vt 0.00000 0.00000
vt 0.00000 0.00000
vt 0.00000 0.00000
vt 0.00000 0.00000
vt 0.00000 0.00000
vt 0.00000 0.00000
vt 0.00000 0.00000
vt 0.00000 0.00000
vt 0.00000 0.00000
vt 0.00000 0.00000
vt 0.00000 0.00000
vt 0.00000 0.00000
vt 0.00000 0.00000
vt 0.00000 0.00000
vt 0.00000 0.00000
vt 0.00000 0.00000
vt 0.00000 0.00000
vt 0.00000 0.00000
vt 0.00000 0.00000
vt 0.00000 0.00000
vt 0.00000 0.00000
vt 0.00000 0.00000
vt 0.00000 0.00000
vt 0.00000 0.00000
vt 0.00000 0.00000
vt 0.00000 0.00000
vt 0.00000 0.00000
vt 0.00000 0.00000
vt 0.00000 0.00000
vt 0.00000 0.00000
vt 0.00000 0.00000
vt 0.00000 0.00000
vt 0.00000 0.00000
vt 0.00000 0.00000
vt 0.00000 0.00000
vt 0.00000 0.00000
vt 0.00000 0.00000
vt 0.00000 0.00000
vt 0.00000 0.00000
vt 0.00000 0.00000
vt 0.00000 0.00000
vt 0.00000 0.00000
vt 0.00000 0.00000
vt 0.00000 0.00000
vt 0.00000 0.00000
vt 0.00000 0.00000
vt 0.00000 0.00000
vt 0.00000 0.00000
vt 0.00000 0.00000
vt 0.00000 0.00000
vt 0.00000 0.00000
vt 0.00000 0.00000
vt 0.00000 0.00000
vt 0.00000 0.00000
vt 0.00000 0.00000
vt 0.00000 0.00000
vt 0.00000 0.00000
vt 0.00000 0.00000
vt 0.00000 0.00000
vt 0.00000 0.00000
vt 0.00000 0.00000
vt 0.00000 0.00000
vt 0.00000 0.00000
vt 0.00000 0.00000
vt 0.00000 0.00000
vt 0.00000 0.00000
vt 0.00000 0.00000
vt 0.00000 0.00000
vt 0.00000 0.00000
vt 0.00000 0.00000
vt 0.00000 0.00000
vt 0.00000 0.00000
vt 0.00000 0.00000
vt 0.00000 0.00000
vt 0.00000 0.00000
vt 0.00000 0.00000
vt 0.00000 0.00000
vt 0.00000 0.00000
vt 0.00000 0.00000
vt 0.00000 0.00000
vt 0.00000 0.00000
vt 0.00000 0.00000
vt 0.00000 0.00000
vt 0.00000 0.00000
vt 0.00000 0.00000
vt 0.00000 0.00000
vt 0.00000 0.00000
vt 0.00000 0.00000
vt 0.00000 0.00000
vt 0.00000 0.00000
vt 0.00000 0.00000
vt 0.00000 0.00000
vt 0.00000 0.00000
vt 0.00000 0.00000
vt 0.00000 0.00000
vt 0.00000 0.00000
vt 0.00000 0.00000
vt 0.00000 0.00000
vt 0.00000 0.00000
vt 0.00000 0.00000
vt 0.00000 0.00000
vt 0.00000 0.00000
vt 0.00000 0.00000
vt 0.00000 0.00000
vt 0.00000 0.00000
vt 0.00000 0.00000
vt 0.00000 0.00000
vt 0.00000 0.00000
vt 0.00000 0.00000
vt 0.00000 0.00000
vt 0.00000 0.00000
vt 0.00000 0.00000
vt 0.00000 0.00000
vt 0.00000 0.00000
vt 0.00000 0.00000
vt 0.00000 0.00000
vt 0.00000 0.00000
vt 0.00000 0.00000
vt 0.00000 0.00000
vt 0.00000 0.00000
vt 0.00000 0.00000
vt 0.00000 0.00000
vt 0.00000 0.00000
vt 0.00000 0.00000
vt 0.00000 0.00000
vt 0.00000 0.00000
vt 0.00000 0.00000
vt 0.00000 0.00000
vt 0.00000 0.00000
vt 0.00000 0.00000
vt 0.00000 0.00000
vt 0.00000 0.00000
vt 0.00000 0.00000
vt 0.00000 0.00000
vt 0.00000 0.00000
vt 0.00000 0.00000
vt 0.00000 0.00000
vt 0.00000 0.00000
vt 0.00000 0.00000
vt 0.00000 0.00000
vt 0.00000 0.00000
vt 0.00000 0.00000
vt 0.00000 0.00000
vt 0.00000 0.00000
vt 0.00000 0.00000
vt 0.00000 0.00000
vt 0.00000 0.00000
vt 0.00000 0.00000
vt 0.00000 0.00000
vt 0.00000 0.00000
vt 0.00000 0.00000
vt 0.00000 0.00000
vt 0.00000 0.00000
vt 0.00000 0.00000
vt 0.00000 0.00000
vt 0.00000 0.00000
vt 0.00000 0.00000
vt 0.00000 0.00000
vt 0.00000 0.00000
vt 0.00000 0.00000
vt 0.00000 0.00000
vt 0.00000 0.00000
vt 0.00000 0.00000
vt 0.00000 0.00000
vt 0.00000 0.00000
vt 0.00000 0.00000
vt 0.00000 0.00000
vt 0.00000 0.00000
vt 0.00000 0.00000
vt 0.00000 0.00000
vt 0.00000 0.00000
vt 0.00000 0.00000
vt 0.00000 0.00000
vt 0.00000 0.00000
vt 0.00000 0.00000
vt 0.00000 0.00000
vt 0.00000 0.00000
vt 0.00000 0.00000
vt 0.00000 0.00000
vt 0.00000 0.00000
vt 0.00000 0.00000
vt 0.00000 0.00000
vt 0.00000 0.00000
vt 0.00000 0.00000
vt 0.00000 0.00000
vt 0.00000 0.00000
vt 0.00000 0.00000
vt 0.00000 0.00000
vt 0.00000 0.00000
vt 0.00000 0.00000
vt 0.00000 0.00000
vt 0.00000 0.00000
vt 0.00000 0.00000
vt 0.00000 0.00000
vt 0.00000 0.00000
vt 0.00000 0.00000
vt 0.00000 0.00000
vt 0.00000 0.00000
vt 0.00000 0.00000
vt 0.00000 0.00000
vt 0.00000 0.00000
vt 0.00000 0.00000
vt 0.00000 0.00000
vt 0.00000 0.00000
vt 0.00000 0.00000
vt 0.00000 0.00000
vt 0.00000 0.00000
vt 0.00000 0.00000
vt 0.00000 0.00000
vt 0.00000 0.00000
vt 0.00000 0.00000
vt 0.00000 0.00000
vt 0.00000 0.00000
vt 0.00000 0.00000
vt 0.00000 0.00000
vt 0.00000 0.00000
vt 0.00000 0.00000
vt 0.00000 0.00000
vt 0.00000 0.00000
vt 0.00000 0.00000
vt 0.00000 0.00000
vt 0.00000 0.00000
vt 0.00000 0.00000
vt 0.00000 0.00000
vt 0.00000 0.00000
vt 0.00000 0.00000
vt 0.00000 0.00000
vt 0.00000 0.00000
vt 0.00000 0.00000
vt 0.00000 0.00000
vt 0.00000 0.00000
vt 0.00000 0.00000
vt 0.00000 0.00000
vt 0.00000 0.00000
vt 0.00000 0.00000
vt 0.00000 0.00000
vt 0.00000 0.00000
vt 0.00000 0.00000
vt 0.00000 0.00000
vt 0.00000 0.00000
vt 0.00000 0.00000
vt 0.00000 0.00000
vt 0.00000 0.00000
vt 0.00000 0.00000
vt 0.00000 0.00000
vt 0.00000 0.00000
vt 0.00000 0.00000
vt 0.00000 0.00000
vt 0.00000 0.00000
vt 0.00000 0.00000
vt 0.00000 0.00000
vt 0.00000 0.00000
vt 0.00000 0.00000
vt 0.00000 0.00000
vt 0.00000 0.00000
vt 0.00000 0.00000
vt 0.00000 0.00000
vt 0.00000 0.00000
vt 0.00000 0.00000
vt 0.00000 0.00000
vt 0.00000 0.00000
vt 0.00000 0.00000
vt 0.00000 0.00000
vt 0.00000 0.00000
vt 0.00000 0.00000
vt 0.00000 0.00000
vt 0.00000 0.00000
vt 0.00000 0.00000
vt 0.00000 0.00000
vt 0.00000 0.00000
vt 0.00000 0.00000
vt 0.00000 0.00000
vt 0.00000 0.00000
vt 0.00000 0.00000
vt 0.00000 0.00000
vt 0.00000 0.00000
vt 0.00000 0.00000
vt 0.00000 0.00000
vt 0.00000 0.00000
vt 0.00000 0.00000
vt 0.00000 0.00000
vt 0.00000 0.00000
vt 0.00000 0.00000
vt 0.00000 0.00000
vt 0.00000 0.00000
vt 0.00000 0.00000
vt 0.00000 0.00000
vt 0.00000 0.00000
vt 0.00000 0.00000
vt 0.00000 0.00000
vt 0.00000 0.00000
vt 0.00000 0.00000
vt 0.00000 0.00000
vt 0.00000 0.00000
vt 0.00000 0.00000
vt 0.00000 0.00000
vt 0.00000 0.00000
vt 0.00000 0.00000
vt 0.00000 0.00000
vt 0.00000 0.00000
vt 0.00000 0.00000
vt 0.00000 0.00000
vt 0.00000 0.00000
vt 0.00000 0.00000
vt 0.00000 0.00000
vt 0.00000 0.00000
vt 0.00000 0.00000
vt 0.00000 0.00000
vt 0.00000 0.00000
vt 0.00000 0.00000
vt 0.00000 0.00000
vt 0.00000 0.00000
vt 0.00000 0.00000
vt 0.00000 0.00000
vt 0.00000 0.00000
vt 0.00000 0.00000
vt 0.00000 0.00000
vt 0.00000 0.00000
vt 0.00000 0.00000
vt 0.00000 0.00000
vt 0.00000 0.00000
vt 0.00000 0.00000
vt 0.00000 0.00000
vt 0.00000 0.00000
vt 0.00000 0.00000
vt 0.00000 0.00000
vt 0.00000 0.00000
vt 0.00000 0.00000
vt 0.00000 0.00000
vt 0.00000 0.00000
vt 0.00000 0.00000
vt 0.00000 0.00000
vt 0.00000 0.00000
vt 0.00000 0.00000
vt 0.00000 0.00000
vt 0.00000 0.00000
vt 0.00000 0.00000
vt 0.00000 0.00000
vt 0.00000 0.00000
vt 0.00000 0.00000
vt 0.00000 0.00000
vt 0.00000 0.00000
vt 0.00000 0.00000
vt 0.00000 0.00000
vt 0.00000 0.00000
vt 0.00000 0.00000
vt 0.00000 0.00000
vt 0.00000 0.00000
vt 0.00000 0.00000
vt 0.00000 0.00000
vt 0.00000 0.00000
vt 0.00000 0.00000
vt 0.00000 0.00000
vt 0.00000 0.00000
vt 0.00000 0.00000
vt 0.00000 0.00000
vt 0.00000 0.00000
vt 0.00000 0.00000
vt 0.00000 0.00000
vt 0.00000 0.00000
vt 0.00000 0.00000
vt 0.00000 0.00000
vt 0.00000 0.00000
vt 0.00000 0.00000
vt 0.00000 0.00000
vt 0.00000 0.00000
vt 0.00000 0.00000
vt 0.00000 0.00000
vt 0.00000 0.00000
vt 0.00000 0.00000
vt 0.00000 0.00000
vt 0.00000 0.00000
vt 0.00000 0.00000
vt 0.00000 0.00000
vt 0.00000 0.00000
vt 0.00000 0.00000
vt 0.00000 0.00000
vt 0.00000 0.00000
vt 0.00000 0.00000
vt 0.00000 0.00000
vt 0.00000 0.00000
vt 0.00000 0.00000
vt 0.00000 0.00000
vt 0.00000 0.00000
vt 0.00000 0.00000
vt 0.00000 0.00000
vt 0.00000 0.00000
vt 0.00000 0.00000
vt 0.00000 0.00000
vt 0.00000 0.00000
vt 0.00000 0.00000
vt 0.00000 0.00000
vt 0.00000 0.00000
vt 0.00000 0.00000
vt 0.00000 0.00000
vt 0.00000 0.00000
vt 0.00000 0.00000
vt 0.00000 0.00000
vt 0.00000 0.00000
vt 0.00000 0.00000
vt 0.00000 0.00000
vt 0.00000 0.00000
vt 0.00000 0.00000
vt 0.00000 0.00000
vt 0.00000 0.00000
vt 0.00000 0.00000
vt 0.00000 0.00000
vt 0.00000 0.00000
vt 0.00000 0.00000
vt 0.00000 0.00000
vt 0.00000 0.00000
vt 0.00000 0.00000
vt 0.00000 0.00000
vt 0.00000 0.00000
vt 0.00000 0.00000
vt 0.00000 0.00000
vt 0.00000 0.00000
vt 0.00000 0.00000
vt 0.00000 0.00000
vt 0.00000 0.00000
vt 0.00000 0.00000
vt 0.00000 0.00000
vt 0.00000 0.00000
vt 0.00000 0.00000
vt 0.00000 0.00000
vt 0.00000 0.00000
vt 0.00000 0.00000
vt 0.00000 0.00000
vt 0.00000 0.00000
vt 0.00000 0.00000
vt 0.00000 0.00000
vt 0.00000 0.00000
vt 0.00000 0.00000
vt 0.00000 0.00000
vt 0.00000 0.00000
vt 0.00000 0.00000
vt 0.00000 0.00000
vt 0.00000 0.00000
vt 0.00000 0.00000
vt 0.00000 0.00000
vt 0.00000 0.00000
vt 0.00000 0.00000
vt 0.00000 0.00000
vt 0.00000 0.00000
vt 0.00000 0.00000
vt 0.00000 0.00000
vt 0.00000 0.00000
vt 0.00000 0.00000
vt 0.00000 0.00000
vt 0.00000 0.00000
vt 0.00000 0.00000
vt 0.00000 0.00000
vt 0.00000 0.00000
vt 0.00000 0.00000
vt 0.00000 0.00000
vt 0.00000 0.00000
vt 0.00000 0.00000
vt 0.00000 0.00000
vt 0.00000 0.00000
vt 0.00000 0.00000
vt 0.00000 0.00000
vt 0.00000 0.00000
vt 0.00000 0.00000
vt 0.00000 0.00000
vt 0.00000 0.00000
vt 0.00000 0.00000
vt 0.00000 0.00000
vt 0.00000 0.00000
vt 0.00000 0.00000
vt 0.00000 0.00000
vt 0.00000 0.00000
vt 0.00000 0.00000
vt 0.00000 0.00000
vt 0.00000 0.00000
vt 0.00000 0.00000
vt 0.00000 0.00000
vt 0.00000 0.00000
vt 0.00000 0.00000
vt 0.00000 0.00000
vt 0.00000 0.00000
vt 0.00000 0.00000
vt 0.00000 0.00000
vt 0.00000 0.00000
vt 0.00000 0.00000
vt 0.00000 0.00000
vt 0.00000 0.00000
vt 0.00000 0.00000
vt 0.00000 0.00000
vt 0.00000 0.00000
vt 0.00000 0.00000
vt 0.00000 0.00000
vt 0.00000 0.00000
vt 0.00000 0.00000
vt 0.00000 0.00000
vt 0.00000 0.00000
vt 0.00000 0.00000
vt 0.00000 0.00000
vt 0.00000 0.00000
vt 0.00000 0.00000
vt 0.00000 0.00000
vt 0.00000 0.00000
vt 0.00000 0.00000
vt 0.00000 0.00000
vt 0.00000 0.00000
vt 0.00000 0.00000
vt 0.00000 0.00000
vt 0.00000 0.00000
vt 0.00000 0.00000
vt 0.00000 0.00000
vt 0.00000 0.00000
vt 0.00000 0.00000
vt 0.00000 0.00000
vt 0.00000 0.00000
vt 0.00000 0.00000
vt 0.00000 0.00000
vt 0.00000 0.00000
vt 0.00000 0.00000
vt 0.00000 0.00000
vt 0.00000 0.00000
vt 0.00000 0.00000
vt 0.00000 0.00000
vt 0.00000 0.00000
vt 0.00000 0.00000
vt 0.00000 0.00000
vt 0.00000 0.00000
vt 0.00000 0.00000
vt 0.00000 0.00000
vt 0.00000 0.00000
vt 0.00000 0.00000
vt 0.00000 0.00000
vt 0.00000 0.00000
vt 0.00000 0.00000
vt 0.00000 0.00000
vt 0.00000 0.00000
vt 0.00000 0.00000
vt 0.00000 0.00000
vt 0.00000 0.00000
vt 0.00000 0.00000
vt 0.00000 0.00000
vt 0.00000 0.00000
vt 0.00000 0.00000
vt 0.00000 0.00000
vt 0.00000 0.00000
vt 0.00000 0.00000
vt 0.00000 0.00000
vt 0.00000 0.00000
vt 0.00000 0.00000
vt 0.00000 0.00000
vt 0.00000 0.00000
vt 0.00000 0.00000
vt 0.00000 0.00000
vt 0.00000 0.00000
vt 0.00000 0.00000
vt 0.00000 0.00000
vt 0.00000 0.00000
vt 0.00000 0.00000
vt 0.00000 0.00000
vt 0.00000 0.00000
vt 0.00000 0.00000
vt 0.00000 0.00000
vt 0.00000 0.00000
vt 0.00000 0.00000
vt 0.00000 0.00000
vt 0.00000 0.00000
vt 0.00000 0.00000
vt 0.00000 0.00000
vt 0.00000 0.00000
vt 0.00000 0.00000
vt 0.00000 0.00000
vt 0.00000 0.00000
vt 0.00000 0.00000
vt 0.00000 0.00000
vt 0.00000 0.00000
vt 0.00000 0.00000
vt 0.00000 0.00000
vt 0.00000 0.00000
vt 0.00000 0.00000
vt 0.00000 0.00000
vt 0.00000 0.00000
vt 0.00000 0.00000
vt 0.00000 0.00000
vt 0.00000 0.00000
vt 0.00000 0.00000
vt 0.00000 0.00000
vt 0.00000 0.00000
vt 0.00000 0.00000
vt 0.00000 0.00000
vt 0.00000 0.00000
vt 0.00000 0.00000
vt 0.00000 0.00000
vt 0.00000 0.00000
vt 0.00000 0.00000
vt 0.00000 0.00000
vt 0.00000 0.00000
vt 0.00000 0.00000
vt 0.00000 0.00000
vt 0.00000 0.00000
vt 0.00000 0.00000
vt 0.00000 0.00000
vt 0.00000 0.00000
vt 0.00000 0.00000
vt 0.00000 0.00000
vt 0.00000 0.00000
vt 0.00000 0.00000
vt 0.00000 0.00000
vt 0.00000 0.00000
vt 0.00000 0.00000
vt 0.00000 0.00000
vt 0.00000 0.00000
vt 0.00000 0.00000
vt 0.00000 0.00000
vt 0.00000 0.00000
vt 0.00000 0.00000
vt 0.00000 0.00000
vt 0.00000 0.00000
vt 0.00000 0.00000
vt 0.00000 0.00000
vt 0.00000 0.00000
vt 0.00000 0.00000
vt 0.00000 0.00000
vt 0.00000 0.00000
vt 0.00000 0.00000
vt 0.00000 0.00000
vt 0.00000 0.00000
vt 0.00000 0.00000
vt 0.00000 0.00000
vt 0.00000 0.00000
vt 0.00000 0.00000
vt 0.00000 0.00000
vt 0.00000 0.00000
vt 0.00000 0.00000
vt 0.00000 0.00000
vt 0.00000 0.00000
vt 0.00000 0.00000
vt 0.00000 0.00000
vt 0.00000 0.00000
vt 0.00000 0.00000
vt 0.00000 0.00000
vt 0.00000 0.00000
vt 0.00000 0.00000
vt 0.00000 0.00000
vt 0.00000 0.00000
vt 0.00000 0.00000
vt 0.00000 0.00000
vt 0.00000 0.00000
vt 0.00000 0.00000
vt 0.00000 0.00000
vt 0.00000 0.00000
vt 0.00000 0.00000
vt 0.00000 0.00000
vt 0.00000 0.00000
vt 0.00000 0.00000
vt 0.00000 0.00000
vt 0.00000 0.00000
vt 0.00000 0.00000
vt 0.00000 0.00000
vt 0.00000 0.00000
vt 0.00000 0.00000
vt 0.00000 0.00000
vt 0.00000 0.00000
vt 0.00000 0.00000
vt 0.00000 0.00000
vt 0.00000 0.00000
vt 0.00000 0.00000
vt 0.00000 0.00000
vt 0.00000 0.00000
vt 0.00000 0.00000
vt 0.00000 0.00000
vt 0.00000 0.00000
vt 0.00000 0.00000
vt 0.00000 0.00000
vt 0.00000 0.00000
vt 0.00000 0.00000
vt 0.00000 0.00000
vt 0.00000 0.00000
vt 0.00000 0.00000
vt 0.00000 0.00000
vt 0.00000 0.00000
vt 0.00000 0.00000
vt 0.00000 0.00000
vt 0.00000 0.00000
vt 0.00000 0.00000
vt 0.00000 0.00000
vt 0.00000 0.00000
vt 0.00000 0.00000
vt 0.00000 0.00000
vt 0.00000 0.00000
vt 0.00000 0.00000
vt 0.00000 0.00000
vt 0.00000 0.00000
vt 0.00000 0.00000
vt 0.00000 0.00000
vt 0.00000 0.00000
vt 0.00000 0.00000
vt 0.00000 0.00000
vt 0.00000 0.00000
vt 0.00000 0.00000
vt 0.00000 0.00000
vt 0.00000 0.00000
vt 0.00000 0.00000
vt 0.00000 0.00000
vt 0.00000 0.00000
vt 0.00000 0.00000
vt 0.00000 0.00000
vt 0.00000 0.00000
vt 0.00000 0.00000
vt 0.00000 0.00000
vt 0.00000 0.00000
vt 0.00000 0.00000
vt 0.00000 0.00000
vt 0.00000 0.00000
vt 0.00000 0.00000
vt 0.00000 0.00000
vt 0.00000 0.00000
vt 0.00000 0.00000
vt 0.00000 0.00000
vt 0.00000 0.00000
vt 0.00000 0.00000
vt 0.00000 0.00000
vt 0.00000 0.00000
vt 0.00000 0.00000
vt 0.00000 0.00000
vt 0.00000 0.00000
vt 0.00000 0.00000
vt 0.00000 0.00000
vt 0.00000 0.00000
vt 0.00000 0.00000
vt 0.00000 0.00000
vt 0.00000 0.00000
vt 0.00000 0.00000
vt 0.00000 0.00000
vt 0.00000 0.00000
vt 0.00000 0.00000
vt 0.00000 0.00000
vt 0.00000 0.00000
vt 0.00000 0.00000
vt 0.00000 0.00000
vt 0.00000 0.00000
vt 0.00000 0.00000
vt 0.00000 0.00000
vt 0.00000 0.00000
vt 0.00000 0.00000
vt 0.00000 0.00000
vt 0.00000 0.00000
vt 0.00000 0.00000
vt 0.00000 0.00000
vt 0.00000 0.00000
vt 0.00000 0.00000
vt 0.00000 0.00000
vt 0.00000 0.00000
vt 0.00000 0.00000
vt 0.00000 0.00000
vt 0.00000 0.00000
vt 0.00000 0.00000
vt 0.00000 0.00000
vt 0.00000 0.00000
vt 0.00000 0.00000
vt 0.00000 0.00000
vt 0.00000 0.00000
vt 0.00000 0.00000
vt 0.00000 0.00000
vt 0.00000 0.00000
vt 0.00000 0.00000
vt 0.00000 0.00000
vt 0.00000 0.00000
vt 0.00000 0.00000
vt 0.00000 0.00000
vt 0.00000 0.00000
vt 0.00000 0.00000
vt 0.00000 0.00000
vt 0.00000 0.00000
vt 0.00000 0.00000
vt 0.00000 0.00000
vt 0.00000 0.00000
vt 0.00000 0.00000
vt 0.00000 0.00000
vt 0.00000 0.00000
vt 0.00000 0.00000
vt 0.00000 0.00000
vt 0.00000 0.00000
vt 0.00000 0.00000
vt 0.00000 0.00000
vt 0.00000 0.00000
vt 0.00000 0.00000
vt 0.00000 0.00000
vt 0.00000 0.00000
vt 0.00000 0.00000
f 5/5 4/4 3/3
f 5/5 3/3 1/1
f 6/6 5/5 1/1
f 6/6 1/1 7/7
f 7/7 1/1 3/3
f 7/7 3/3 8/8
f 10/10 175/175 9/9
f 10/10 9/9 2/2
f 164/164 163/163 2/2
f 164/164 2/2 13/13
f 13/13 2/2 9/9
f 13/13 9/9 14/14
f 14/14 9/9 16/16
f 14/14 16/16 15/15
f 15/15 16/16 18/18
f 15/15 18/18 17/17
f 16/16 20/20 19/19
f 16/16 19/19 18/18
f 175/175 20/20 16/16
f 175/175 16/16 9/9
f 20/20 22/22 21/21
f 20/20 21/21 19/19
f 174/174 22/22 20/20
f 174/174 20/20 175/175
f 173/173 142/142 22/22
f 173/173 22/22 174/174
f 23/23 27/27 144/144
f 23/23 144/144 143/143
f 23/23 10/10 11/11
f 23/23 11/11 27/27
f 89/89 144/144 27/27
f 89/89 27/27 29/29
f 29/29 27/27 11/11
f 29/29 11/11 12/12
f 156/156 155/155 26/26
f 156/156 26/26 28/28
f 33/33 32/32 30/30
f 33/33 30/30 31/31
f 138/138 137/137 32/32
f 138/138 32/32 33/33
f 181/181 180/180 34/34
f 181/181 34/34 35/35
f 180/180 197/197 36/36
f 180/180 36/36 34/34
f 196/196 195/195 37/37
f 196/196 37/37 167/167
f 195/195 194/194 38/38
f 195/195 38/38 37/37
f 133/133 41/41 40/40
f 133/133 40/40 134/134
f 41/41 44/44 43/43
f 41/41 43/43 42/42
f 41/41 133/133 178/178
f 41/41 178/178 44/44
f 41/41 42/42 46/46
f 41/41 46/46 40/40
f 152/152 151/151 48/48
f 152/152 48/48 47/47
f 46/46 50/50 49/49
f 46/46 49/49 40/40
f 152/152 47/47 24/24
f 152/152 24/24 153/153
f 169/169 49/49 50/50
f 169/169 50/50 170/170
f 171/171 153/153 24/24
f 171/171 24/24 172/172
f 52/52 30/30 32/32
f 52/52 32/32 51/51
f 154/154 25/25 26/26
f 154/154 26/26 155/155
f 168/168 135/135 49/49
f 168/168 49/49 169/169
f 51/51 32/32 137/137
f 51/51 137/137 136/136
f 49/49 135/135 134/134
f 49/49 134/134 40/40
f 140/140 139/139 54/54
f 140/140 54/54 53/53
f 48/48 151/151 150/150
f 48/48 150/150 55/55
f 140/140 53/53 21/21
f 140/140 21/21 141/141
f 56/56 54/54 139/139
f 56/56 139/139 112/112
f 57/57 55/55 150/150
f 57/57 150/150 149/149
f 58/58 43/43 44/44
f 58/58 44/44 59/59
f 59/59 44/44 177/177
f 59/59 177/177 117/117
f 8/8 3/3 54/54
f 8/8 54/54 56/56
f 54/54 3/3 4/4
f 54/54 4/4 53/53
f 53/53 4/4 19/19
f 53/53 19/19 21/21
f 141/141 21/21 22/22
f 141/141 22/22 142/142
f 18/18 19/19 4/4
f 18/18 4/4 5/5
f 17/17 18/18 5/5
f 17/17 5/5 6/6
f 68/68 67/67 66/66
f 68/68 66/66 62/62
f 68/68 62/62 70/70
f 68/68 70/70 69/69
f 62/62 66/66 71/71
f 62/62 71/71 65/65
f 74/74 166/166 162/162
f 74/74 162/162 63/63
f 64/64 77/77 76/76
f 64/64 76/76 75/75
f 64/64 75/75 79/79
f 64/64 79/79 78/78
f 64/64 78/78 80/80
f 64/64 80/80 77/77
f 80/80 17/17 6/6
f 80/80 6/6 77/77
f 80/80 81/81 15/15
f 80/80 15/15 17/17
f 80/80 78/78 82/82
f 80/80 82/82 81/81
f 82/82 78/78 79/79
f 82/82 79/79 83/83
f 84/84 81/81 82/82
f 84/84 82/82 74/74
f 74/74 82/82 83/83
f 74/74 83/83 166/166
f 14/14 15/15 81/81
f 14/14 81/81 84/84
f 84/84 85/85 13/13
f 84/84 13/13 14/14
f 84/84 74/74 63/63
f 84/84 63/63 85/85
f 85/85 63/63 162/162
f 85/85 162/162 165/165
f 85/85 165/165 164/164
f 85/85 164/164 13/13
f 12/12 86/86 87/87
f 12/12 87/87 29/29
f 87/87 101/101 99/99
f 87/87 99/99 88/88
f 87/87 86/86 72/72
f 87/87 72/72 101/101
f 87/87 88/88 89/89
f 87/87 89/89 29/29
f 89/89 88/88 90/90
f 89/89 90/90 28/28
f 90/90 97/97 158/158
f 90/90 158/158 157/157
f 90/90 88/88 99/99
f 90/90 99/99 97/97
f 90/90 157/157 156/156
f 90/90 156/156 28/28
f 31/31 91/91 92/92
f 31/31 92/92 33/33
f 69/69 70/70 161/161
f 69/69 161/161 92/92
f 92/92 91/91 94/94
f 92/92 94/94 69/69
f 92/92 161/161 138/138
f 92/92 138/138 33/33
f 65/65 160/160 70/70
f 65/65 70/70 62/62
f 94/94 95/95 68/68
f 94/94 68/68 69/69
f 158/158 97/97 96/96
f 158/158 96/96 159/159
f 97/97 99/99 98/98
f 97/97 98/98 96/96
f 99/99 101/101 100/100
f 99/99 100/100 98/98
f 101/101 72/72 73/73
f 101/101 73/73 100/100
f 100/100 103/103 102/102
f 100/100 102/102 98/98
f 73/73 104/104 103/103
f 73/73 103/103 100/100
f 104/104 106/106 105/105
f 104/104 105/105 103/103
f 79/79 106/106 104/104
f 79/79 104/104 83/83
f 106/106 108/108 107/107
f 106/106 107/107 105/105
f 75/75 108/108 106/106
f 75/75 106/106 79/79
f 108/108 110/110 109/109
f 108/108 109/109 107/107
f 76/76 110/110 108/108
f 76/76 108/108 75/75
f 110/110 8/8 56/56
f 110/110 56/56 109/109
f 7/7 8/8 110/110
f 7/7 110/110 76/76
f 7/7 76/76 77/77
f 7/7 77/77 6/6
f 56/56 112/112 111/111
f 56/56 111/111 109/109
f 112/112 57/57 113/113
f 112/112 113/113 111/111
f 57/57 149/149 148/148
f 57/57 148/148 113/113
f 58/58 59/59 115/115
f 58/58 115/115 114/114
f 117/117 116/116 115/115
f 117/117 115/115 59/59
f 117/117 60/60 61/61
f 117/117 61/61 116/116
f 61/61 119/119 118/118
f 61/61 118/118 116/116
f 119/119 121/121 120/120
f 119/119 120/120 118/118
f 121/121 71/71 66/66
f 121/121 66/66 120/120
f 121/121 186/186 185/185
f 121/121 185/185 71/71
f 122/122 118/118 120/120
f 122/122 120/120 123/123
f 123/123 120/120 66/66
f 123/123 66/66 67/67
f 123/123 125/125 124/124
f 123/123 124/124 122/122
f 123/123 67/67 126/126
f 123/123 126/126 125/125
f 145/145 128/128 127/127
f 145/145 127/127 146/146
f 96/96 128/128 145/145
f 96/96 145/145 159/159
f 95/95 126/126 67/67
f 95/95 67/67 68/68
f 128/128 102/102 129/129
f 128/128 129/129 127/127
f 98/98 102/102 128/128
f 98/98 128/128 96/96
f 129/129 131/131 130/130
f 129/129 130/130 127/127
f 129/129 105/105 107/107
f 129/129 107/107 131/131
f 129/129 102/102 103/103
f 129/129 103/103 105/105
f 131/131 111/111 113/113
f 131/131 113/113 130/130
f 131/131 107/107 109/109
f 131/131 109/109 111/111
f 130/130 113/113 148/148
f 130/130 148/148 147/147
f 130/130 147/147 146/146
f 130/130 146/146 127/127
f 124/124 114/114 115/115
f 124/124 115/115 122/122
f 115/115 116/116 118/118
f 115/115 118/118 122/122
f 65/65 71/71 185/185
f 65/65 185/185 184/184
f 93/93 182/182 181/181
f 93/93 181/181 35/35
f 117/117 177/177 176/176
f 117/117 176/176 60/60
f 133/133 39/39 179/179
f 133/133 179/179 178/178
f 39/39 133/133 134/134
f 39/39 134/134 38/38
f 135/135 37/37 38/38
f 135/135 38/38 134/134
f 167/167 37/37 135/135
f 167/167 135/135 168/168
f 137/137 34/34 36/36
f 137/137 36/36 136/136
f 35/35 34/34 137/137
f 35/35 137/137 138/138
f 112/112 139/139 55/55
f 112/112 55/55 57/57
f 48/48 55/55 139/139
f 48/48 139/139 140/140
f 48/48 140/140 141/141
f 48/48 141/141 47/47
f 47/47 141/141 142/142
f 47/47 142/142 24/24
f 172/172 24/24 142/142
f 172/172 142/142 173/173
f 144/144 26/26 25/25
f 144/144 25/25 143/143
f 28/28 26/26 144/144
f 28/28 144/144 89/89
f 126/126 145/145 146/146
f 126/126 146/146 125/125
f 147/147 124/124 125/125
f 147/147 125/125 146/146
f 148/148 114/114 124/124
f 148/148 124/124 147/147
f 149/149 58/58 114/114
f 149/149 114/114 148/148
f 149/149 150/150 43/43
f 149/149 43/43 58/58
f 151/151 42/42 43/43
f 151/151 43/43 150/150
f 46/46 42/42 151/151
f 46/46 151/151 152/152
f 46/46 152/152 153/153
f 46/46 153/153 50/50
f 170/170 50/50 153/153
f 170/170 153/153 171/171
f 52/52 154/154 155/155
f 52/52 155/155 30/30
f 31/31 30/30 155/155
f 31/31 155/155 156/156
f 157/157 91/91 31/31
f 157/157 31/31 156/156
f 158/158 94/94 91/91
f 158/158 91/91 157/157
f 94/94 158/158 159/159
f 94/94 159/159 95/95
f 159/159 145/145 126/126
f 159/159 126/126 95/95
f 160/160 183/183 182/182
f 160/160 182/182 93/93
f 65/65 184/184 183/183
f 65/65 183/183 160/160
f 161/161 93/93 35/35
f 161/161 35/35 138/138
f 70/70 160/160 93/93
f 70/70 93/93 161/161
f 194/194 193/193 39/39
f 194/194 39/39 38/38
f 39/39 193/193 192/192
f 39/39 192/192 179/179
f 60/60 176/176 190/190
f 60/60 190/190 189/189
f 61/61 60/60 189/189
f 61/61 189/189 188/188
f 187/187 186/186 121/121
f 187/187 121/121 119/119
f 187/187 119/119 61/61
f 187/187 61/61 188/188
f 12/12 11/11 163/163
f 12/12 163/163 164/164
f 165/165 86/86 12/12
f 165/165 12/12 164/164
f 162/162 72/72 86/86
f 162/162 86/86 165/165
f 166/166 73/73 72/72
f 166/166 72/72 162/162
f 166/166 83/83 104/104
f 166/166 104/104 73/73
f 197/197 196/196 167/167
f 197/197 167/167 36/36
f 136/136 36/36 167/167
f 136/136 167/167 168/168
f 51/51 136/136 168/168
f 51/51 168/168 169/169
f 170/170 52/52 51/51
f 170/170 51/51 169/169
f 171/171 154/154 52/52
f 171/171 52/52 170/170
f 172/172 25/25 154/154
f 172/172 154/154 171/171
f 143/143 25/25 172/172
f 143/143 172/172 173/173
f 23/23 143/143 173/173
f 23/23 173/173 174/174
f 175/175 10/10 23/23
f 175/175 23/23 174/174
f 163/163 11/11 10/10
f 163/163 10/10 2/2
f 176/176 45/45 191/191
f 176/176 191/191 190/190
f 177/177 132/132 45/45
f 177/177 45/45 176/176
f 132/132 177/177 44/44
f 132/132 44/44 178/178
f 179/179 45/45 132/132
f 179/179 132/132 178/178
f 192/192 191/191 45/45
f 192/192 45/45 179/179
f 200/200 257/257 284/284
f 200/200 284/284 198/198
f 198/198 341/341 340/340
f 198/198 340/340 200/200
f 198/198 317/317 342/342
f 198/198 342/342 341/341
f 199/199 319/319 334/334
f 199/199 334/334 333/333
f 329/329 328/328 206/206
f 329/329 206/206 203/203
f 328/328 327/327 252/252
f 328/328 252/252 206/206
f 326/326 325/325 251/251
f 326/326 251/251 298/298
f 324/324 323/323 253/253
f 324/324 253/253 286/286
f 323/323 322/322 254/254
f 323/323 254/254 253/253
f 322/322 345/345 344/344
f 322/322 344/344 254/254
f 352/352 213/213 212/212
f 352/352 212/212 351/351
f 213/213 215/215 214/214
f 213/213 214/214 212/212
f 215/215 292/292 291/291
f 215/215 291/291 214/214
f 217/217 304/304 303/303
f 217/217 303/303 216/216
f 219/219 221/221 220/220
f 219/219 220/220 218/218
f 221/221 201/201 202/202
f 221/221 202/202 220/220
f 220/220 315/315 314/314
f 220/220 314/314 218/218
f 202/202 316/316 315/315
f 202/202 315/315 220/220
f 224/224 235/235 236/236
f 224/224 236/236 223/223
f 225/225 227/227 330/330
f 225/225 330/330 343/343
f 257/257 260/260 226/226
f 257/257 226/226 284/284
f 230/230 199/199 333/333
f 230/230 333/333 332/332
f 230/230 332/332 331/331
f 230/230 331/331 228/228
f 232/232 231/231 234/234
f 232/232 234/234 233/233
f 331/331 330/330 227/227
f 331/331 227/227 228/228
f 232/232 233/233 236/236
f 232/232 236/236 235/235
f 236/236 233/233 238/238
f 236/236 238/238 237/237
f 237/237 222/222 223/223
f 237/237 223/223 236/236
f 239/239 240/240 302/302
f 239/239 302/302 301/301
f 289/289 246/246 241/241
f 289/289 241/241 290/290
f 303/303 313/313 312/312
f 303/303 312/312 216/216
f 291/291 311/311 310/310
f 291/291 310/310 214/214
f 214/214 310/310 309/309
f 214/214 309/309 212/212
f 242/242 244/244 348/348
f 242/242 348/348 349/349
f 241/241 246/246 244/244
f 241/241 244/244 242/242
f 212/212 309/309 350/350
f 212/212 350/350 351/351
f 348/348 244/244 243/243
f 348/348 243/243 347/347
f 244/244 246/246 245/245
f 244/244 245/245 243/243
f 246/246 289/289 288/288
f 246/246 288/288 245/245
f 288/288 287/287 248/248
f 288/288 248/248 245/245
f 247/247 300/300 299/299
f 247/247 299/299 249/249
f 247/247 239/239 301/301
f 247/247 301/301 300/300
f 299/299 298/298 251/251
f 299/299 251/251 249/249
f 250/250 234/234 206/206
f 250/250 206/206 252/252
f 250/250 238/238 233/233
f 250/250 233/233 234/234
f 206/206 234/234 231/231
f 206/206 231/231 203/203
f 286/286 253/253 248/248
f 286/286 248/248 287/287
f 253/253 254/254 255/255
f 253/253 255/255 248/248
f 255/255 254/254 344/344
f 255/255 344/344 346/346
f 255/255 243/243 245/245
f 255/255 245/245 248/248
f 255/255 346/346 347/347
f 255/255 347/347 243/243
f 256/256 260/260 338/338
f 256/256 338/338 337/337
f 336/336 335/335 204/204
f 336/336 204/204 277/277
f 256/256 229/229 226/226
f 256/256 226/226 260/260
f 257/257 200/200 340/340
f 257/257 340/340 339/339
f 339/339 338/338 260/260
f 339/339 260/260 257/257
f 201/201 221/221 262/262
f 201/201 262/262 261/261
f 304/304 217/217 263/263
f 304/304 263/263 305/305
f 292/292 215/215 264/264
f 292/292 264/264 293/293
f 215/215 213/213 265/265
f 215/215 265/265 264/264
f 213/213 352/352 353/353
f 213/213 353/353 265/265
f 357/357 211/211 278/278
f 357/357 278/278 356/356
f 211/211 210/210 279/279
f 211/211 279/279 278/278
f 210/210 285/285 296/296
f 210/210 296/296 279/279
f 209/209 297/297 308/308
f 209/209 308/308 280/280
f 207/207 205/205 283/283
f 207/207 283/283 282/282
f 307/307 306/306 270/270
f 307/307 270/270 268/268
f 269/269 258/258 259/259
f 269/269 259/259 271/271
f 263/263 270/270 306/306
f 263/263 306/306 305/305
f 262/262 271/271 259/259
f 262/262 259/259 261/261
f 294/294 272/272 267/267
f 294/294 267/267 295/295
f 264/264 272/272 294/294
f 264/264 294/294 293/293
f 272/272 273/273 266/266
f 272/272 266/266 267/267
f 265/265 273/273 272/272
f 265/265 272/272 264/264
f 273/273 354/354 355/355
f 273/273 355/355 266/266
f 353/353 354/354 273/273
f 353/353 273/273 265/265
f 221/221 219/219 274/274
f 221/221 274/274 262/262
f 274/274 275/275 271/271
f 274/274 271/271 262/262
f 269/269 271/271 275/275
f 269/269 275/275 276/276
f 208/208 207/207 282/282
f 208/208 282/282 281/281
f 204/204 229/229 256/256
f 204/204 256/256 277/277
f 278/278 266/266 355/355
f 278/278 355/355 356/356
f 279/279 267/267 266/266
f 279/279 266/266 278/278
f 296/296 295/295 267/267
f 296/296 267/267 279/279
f 308/308 307/307 268/268
f 308/308 268/268 280/280
f 282/282 269/269 276/276
f 282/282 276/276 281/281
f 283/283 258/258 269/269
f 283/283 269/269 282/282
f 256/256 337/337 336/336
f 256/256 336/336 277/277
f 284/284 226/226 321/321
f 284/284 321/321 318/318
f 317/317 198/198 284/284
f 317/317 284/284 318/318
f 320/320 230/230 228/228
f 320/320 228/228 321/321
f 320/320 319/319 199/199
f 320/320 199/199 230/230
f 325/325 324/324 286/286
f 325/325 286/286 251/251
f 251/251 286/286 287/287
f 251/251 287/287 249/249
f 247/247 249/249 287/287
f 247/247 287/287 288/288
f 289/289 239/239 247/247
f 289/289 247/247 288/288
f 239/239 289/289 290/290
f 239/239 290/290 240/240
f 216/216 312/312 311/311
f 216/216 311/311 291/291
f 292/292 217/217 216/216
f 292/292 216/216 291/291
f 217/217 292/292 293/293
f 217/217 293/293 263/263
f 293/293 294/294 270/270
f 293/293 270/270 263/263
f 270/270 294/294 295/295
f 270/270 295/295 268/268
f 280/280 268/268 295/295
f 280/280 295/295 296/296
f 285/285 209/209 280/280
f 285/285 280/280 296/296
f 327/327 326/326 298/298
f 327/327 298/298 252/252
f 250/250 252/252 298/298
f 250/250 298/298 299/299
f 300/300 238/238 250/250
f 300/300 250/250 299/299
f 301/301 237/237 238/238
f 301/301 238/238 300/300
f 302/302 222/222 237/237
f 302/302 237/237 301/301
f 218/218 314/314 313/313
f 218/218 313/313 303/303
f 304/304 219/219 218/218
f 304/304 218/218 303/303
f 219/219 304/304 305/305
f 219/219 305/305 274/274
f 305/305 306/306 275/275
f 305/305 275/275 274/274
f 276/276 275/275 306/306
f 276/276 306/306 307/307
f 281/281 276/276 307/307
f 281/281 307/307 308/308
f 297/297 208/208 281/281
f 297/297 281/281 308/308
f 309/309 242/242 349/349
f 309/309 349/349 350/350
f 310/310 241/241 242/242
f 310/310 242/242 309/309
f 311/311 290/290 241/241
f 311/311 241/241 310/310
f 312/312 240/240 290/290
f 312/312 290/290 311/311
f 313/313 302/302 240/240
f 313/313 240/240 312/312
f 314/314 222/222 302/302
f 314/314 302/302 313/313
f 315/315 223/223 222/222
f 315/315 222/222 314/314
f 316/316 224/224 223/223
f 316/316 223/223 315/315
f 317/317 225/225 343/343
f 317/317 343/343 342/342
f 225/225 317/317 318/318
f 225/225 318/318 227/227
f 229/229 204/204 319/319
f 229/229 319/319 320/320
f 229/229 320/320 321/321
f 229/229 321/321 226/226
f 211/211 357/357 345/345
f 211/211 345/345 322/322
f 210/210 211/211 322/322
f 210/210 322/322 323/323
f 285/285 210/210 323/323
f 285/285 323/323 324/324
f 209/209 285/285 324/324
f 209/209 324/324 325/325
f 297/297 209/209 325/325
f 297/297 325/325 326/326
f 208/208 297/297 326/326
f 208/208 326/326 327/327
f 207/207 208/208 327/327
f 207/207 327/327 328/328
f 205/205 207/207 328/328
f 205/205 328/328 329/329
f 319/319 204/204 335/335
f 319/319 335/335 334/334
f 321/321 228/228 227/227
f 321/321 227/227 318/318
f 232/232 235/235 330/330
f 232/232 330/330 331/331
f 332/332 231/231 232/232
f 332/332 232/232 331/331
f 333/333 203/203 231/231
f 333/333 231/231 332/332
f 334/334 329/329 203/203
f 334/334 203/203 333/333
f 335/335 205/205 329/329
f 335/335 329/329 334/334
f 283/283 205/205 335/335
f 283/283 335/335 336/336
f 337/337 258/258 283/283
f 337/337 283/283 336/336
f 338/338 259/259 258/258
f 338/338 258/258 337/337
f 261/261 259/259 338/338
f 261/261 338/338 339/339
f 340/340 201/201 261/261
f 340/340 261/261 339/339
f 341/341 202/202 201/201
f 341/341 201/201 340/340
f 342/342 316/316 202/202
f 342/342 202/202 341/341
f 343/343 224/224 316/316
f 343/343 316/316 342/342
f 330/330 235/235 224/224
f 330/330 224/224 343/343
f 413/413 412/412 386/386
f 413/413 386/386 366/366
f 411/411 405/405 386/386
f 411/411 386/386 412/412
f 422/422 421/421 369/369
f 422/422 369/369 405/405
f 421/421 420/420 370/370
f 421/421 370/370 369/369
f 420/420 419/419 371/371
f 420/420 371/371 370/370
f 418/418 372/372 371/371
f 418/418 371/371 419/419
f 407/407 372/372 418/418
f 407/407 418/418 417/417
f 416/416 415/415 374/374
f 416/416 374/374 373/373
f 374/374 376/376 375/375
f 374/374 375/375 373/373
f 376/376 378/378 377/377
f 376/376 377/377 375/375
f 377/377 409/409 408/408
f 377/377 408/408 375/375
f 380/380 381/381 371/371
f 380/380 371/371 372/372
f 379/379 382/382 381/381
f 379/379 381/381 380/380
f 375/375 408/408 407/407
f 375/375 407/407 373/373
f 382/382 384/384 383/383
f 382/382 383/383 381/381
f 366/366 386/386 387/387
f 366/366 387/387 385/385
f 387/387 386/386 405/405
f 387/387 405/405 369/369
f 387/387 383/383 384/384
f 387/387 384/384 385/385
f 387/387 369/369 370/370
f 387/387 370/370 383/383
f 383/383 370/370 371/371
f 383/383 371/371 381/381
f 378/378 376/376 389/389
f 378/378 389/389 388/388
f 376/376 374/374 390/390
f 376/376 390/390 389/389
f 374/374 415/415 414/414
f 374/374 414/414 390/390
f 427/427 391/391 390/390
f 427/427 390/390 414/414
f 425/425 400/400 404/404
f 425/425 404/404 426/426
f 368/368 367/367 402/402
f 368/368 402/402 401/401
f 394/394 395/395 392/392
f 394/394 392/392 393/393
f 389/389 395/395 394/394
f 389/389 394/394 388/388
f 390/390 391/391 395/395
f 390/390 395/395 389/389
f 398/398 368/368 401/401
f 398/398 401/401 400/400
f 423/423 422/422 405/405
f 423/423 405/405 411/411
f 425/425 424/424 398/398
f 425/425 398/398 400/400
f 392/392 404/404 400/400
f 392/392 400/400 401/401
f 402/402 393/393 392/392
f 402/402 392/392 401/401
f 427/427 426/426 404/404
f 427/427 404/404 391/391
f 395/395 391/391 404/404
f 395/395 404/404 392/392
f 345/345 413/413 366/366
f 345/345 366/366 344/344
f 367/367 357/357 356/356
f 367/367 356/356 402/402
f 355/355 393/393 402/402
f 355/355 402/402 356/356
f 354/354 394/394 393/393
f 354/354 393/393 355/355
f 388/388 394/394 354/354
f 388/388 354/354 353/353
f 352/352 378/378 388/388
f 352/352 388/388 353/353
f 378/378 352/352 351/351
f 378/378 351/351 377/377
f 350/350 409/409 377/377
f 350/350 377/377 351/351
f 348/348 382/382 379/379
f 348/348 379/379 349/349
f 382/382 348/348 347/347
f 382/382 347/347 384/384
f 346/346 385/385 384/384
f 346/346 384/384 347/347
f 344/344 366/366 385/385
f 344/344 385/385 346/346
f 408/408 380/380 372/372
f 408/408 372/372 407/407
f 409/409 379/379 380/380
f 409/409 380/380 408/408
f 349/349 379/379 409/409
f 349/349 409/409 350/350
f 424/424 423/423 411/411
f 424/424 411/411 398/398
f 398/398 411/411 412/412
f 398/398 412/412 368/368
f 367/367 368/368 412/412
f 367/367 412/412 413/413
f 357/357 367/367 413/413
f 357/357 413/413 345/345
f 373/373 407/407 417/417
f 373/373 417/417 416/416
f 415/415 363/363 364/364
f 415/415 364/364 414/414
f 362/362 363/363 415/415
f 362/362 415/415 416/416
f 417/417 396/396 362/362
f 417/417 362/362 416/416
f 418/418 361/361 396/396
f 418/418 396/396 417/417
f 361/361 418/418 419/419
f 361/361 419/419 360/360
f 359/359 360/360 419/419
f 359/359 419/419 420/420
f 358/358 359/359 420/420
f 358/358 420/420 421/421
f 406/406 358/358 421/421
f 406/406 421/421 422/422
f 410/410 406/406 422/422
f 410/410 422/422 423/423
f 397/397 410/410 423/423
f 397/397 423/423 424/424
f 399/399 397/397 424/424
f 399/399 424/424 425/425
f 399/399 425/425 426/426
f 399/399 426/426 403/403
f 365/365 403/403 426/426
f 365/365 426/426 427/427
f 364/364 365/365 427/427
f 364/364 427/427 414/414
f 428/428 432/432 431/431
f 428/428 431/431 430/430
f 428/428 434/434 433/433
f 428/428 433/433 432/432
f 428/428 430/430 435/435
f 428/428 435/435 434/434
f 429/429 438/438 437/437
f 429/429 437/437 436/436
f 440/440 439/439 438/438
f 440/440 438/438 429/429
f 429/429 436/436 441/441
f 429/429 441/441 440/440
f 474/474 475/475 481/481
f 474/474 481/481 480/480
f 442/442 517/517 516/516
f 442/442 516/516 443/443
f 443/443 519/519 518/518
f 443/443 518/518 442/442
f 524/524 445/445 444/444
f 524/524 444/444 523/523
f 507/507 506/506 444/444
f 507/507 444/444 445/445
f 444/444 506/506 505/505
f 444/444 505/505 446/446
f 473/473 504/504 503/503
f 473/473 503/503 447/447
f 517/517 442/442 447/447
f 517/517 447/447 503/503
f 447/447 520/520 521/521
f 447/447 521/521 473/473
f 518/518 520/520 447/447
f 518/518 447/447 442/442
f 522/522 523/523 444/444
f 522/522 444/444 446/446
f 439/439 472/472 471/471
f 439/439 471/471 438/438
f 438/438 471/471 467/467
f 438/438 467/467 437/437
f 448/448 452/452 451/451
f 448/448 451/451 450/450
f 448/448 450/450 489/489
f 448/448 489/489 488/488
f 448/448 488/488 487/487
f 448/448 487/487 452/452
f 486/486 494/494 449/449
f 486/486 449/449 431/431
f 449/449 453/453 430/430
f 449/449 430/430 431/431
f 449/449 454/454 453/453
f 454/454 449/449 494/494
f 454/454 494/494 493/493
f 454/454 456/456 455/455
f 454/454 455/455 453/453
f 454/454 493/493 492/492
f 454/454 492/492 456/456
f 509/509 461/461 457/457
f 509/509 457/457 510/510
f 492/492 491/491 468/468
f 492/492 468/468 456/456
f 457/457 458/458 511/511
f 457/457 511/511 510/510
f 459/459 512/512 511/511
f 459/459 511/511 458/458
f 458/458 528/528 529/529
f 458/458 529/529 459/459
f 460/460 459/459 529/529
f 460/460 529/529 530/530
f 527/527 457/457 461/461
f 527/527 461/461 526/526
f 527/527 528/528 458/458
f 527/527 458/458 457/457
f 461/461 462/462 525/525
f 461/461 525/525 526/526
f 509/509 508/508 462/462
f 509/509 462/462 461/461
f 462/462 508/508 507/507
f 462/462 507/507 445/445
f 445/445 524/524 525/525
f 445/445 525/525 462/462
f 519/519 443/443 464/464
f 519/519 464/464 532/532
f 443/443 516/516 515/515
f 443/443 515/515 464/464
f 480/480 441/441 452/452
f 480/480 452/452 487/487
f 441/441 436/436 451/451
f 441/441 451/451 452/452
f 436/436 437/437 465/465
f 436/436 465/465 451/451
f 437/437 467/467 466/466
f 437/437 466/466 465/465
f 467/467 435/435 455/455
f 467/467 455/455 466/466
f 435/435 430/430 453/453
f 435/435 453/453 455/455
f 466/466 455/455 456/456
f 466/466 456/456 468/468
f 468/468 469/469 465/465
f 468/468 465/465 466/466
f 468/468 491/491 490/490
f 468/468 490/490 469/469
f 450/450 469/469 490/490
f 450/450 490/490 489/489
f 459/459 460/460 513/513
f 459/459 513/513 512/512
f 513/513 460/460 470/470
f 513/513 470/470 514/514
f 470/470 460/460 530/530
f 470/470 530/530 531/531
f 515/515 514/514 470/470
f 515/515 470/470 464/464
f 470/470 531/531 532/532
f 470/470 532/532 464/464
f 451/451 465/465 469/469
f 451/451 469/469 450/450
f 471/471 434/434 435/435
f 471/471 435/435 467/467
f 472/472 433/433 434/434
f 472/472 434/434 471/471
f 446/446 505/505 504/504
f 446/446 504/504 473/473
f 521/521 522/522 446/446
f 521/521 446/446 473/473
f 475/475 476/476 482/482
f 475/475 482/482 481/481
f 477/477 483/483 482/482
f 477/477 482/482 476/476
f 484/484 483/483 477/477
f 484/484 477/477 478/478
f 485/485 484/484 478/478
f 485/485 478/478 479/479
f 486/486 485/485 479/479
f 486/486 479/479 463/463
f 441/441 480/480 481/481
f 441/441 481/481 440/440
f 481/481 482/482 439/439
f 481/481 439/439 440/440
f 483/483 472/472 439/439
f 483/483 439/439 482/482
f 484/484 433/433 472/472
f 484/484 472/472 483/483
f 485/485 432/432 433/433
f 485/485 433/433 484/484
f 486/486 431/431 432/432
f 486/486 432/432 485/485
f 501/501 502/502 487/487
f 501/501 487/487 488/488
f 489/489 500/500 501/501
f 489/489 501/501 488/488
f 489/489 490/490 499/499
f 489/489 499/499 500/500
f 498/498 499/499 490/490
f 498/498 490/490 491/491
f 497/497 498/498 491/491
f 497/497 491/491 492/492
f 493/493 496/496 497/497
f 493/493 497/497 492/492
f 494/494 495/495 496/496
f 494/494 496/496 493/493
f 494/494 486/486 463/463
f 494/494 463/463 495/495
f 480/480 487/487 502/502
f 480/480 502/502 474/474
f 504/504 477/477 476/476
f 504/504 476/476 503/503
f 505/505 478/478 477/477
f 505/505 477/477 504/504
f 506/506 479/479 478/478
f 506/506 478/478 505/505
f 463/463 479/479 506/506
f 463/463 506/506 507/507
f 508/508 495/495 463/463
f 508/508 463/463 507/507
f 496/496 495/495 508/508
f 496/496 508/508 509/509
f 496/496 509/509 510/510
f 496/496 510/510 497/497
f 511/511 498/498 497/497
f 511/511 497/497 510/510
f 512/512 499/499 498/498
f 512/512 498/498 511/511
f 513/513 500/500 499/499
f 513/513 499/499 512/512
f 500/500 513/513 514/514
f 500/500 514/514 501/501
f 502/502 501/501 514/514
f 502/502 514/514 515/515
f 516/516 474/474 502/502
f 516/516 502/502 515/515
f 517/517 475/475 474/474
f 517/517 474/474 516/516
f 476/476 475/475 517/517
f 476/476 517/517 503/503
f 534/534 536/536 535/535
f 534/534 535/535 533/533
f 536/536 538/538 537/537
f 536/536 537/537 535/535
f 537/537 540/540 539/539
f 537/537 539/539 535/535
f 540/540 566/566 617/617
f 540/540 617/617 539/539
f 542/542 544/544 543/543
f 542/542 543/543 541/541
f 544/544 546/546 545/545
f 544/544 545/545 543/543
f 545/545 548/548 547/547
f 545/545 547/547 543/543
f 644/644 665/665 666/666
f 644/644 666/666 645/645
f 599/599 624/624 619/619
f 599/599 619/619 601/601
f 597/597 629/629 624/624
f 597/597 624/624 599/599
f 550/550 539/539 617/617
f 550/550 617/617 616/616
f 535/535 539/539 550/550
f 535/535 550/550 533/533
f 549/549 541/541 543/543
f 549/549 543/543 547/547
f 666/666 667/667 646/646
f 666/666 646/646 645/645
f 624/624 625/625 620/620
f 624/624 620/620 619/619
f 629/629 630/630 625/625
f 629/629 625/625 624/624
f 554/554 586/586 555/555
f 554/554 555/555 559/559
f 553/553 557/557 556/556
f 553/553 556/556 551/551
f 559/559 555/555 558/558
f 559/559 558/558 552/552
f 552/552 558/558 561/561
f 552/552 561/561 560/560
f 614/614 604/604 546/546
f 614/614 546/546 562/562
f 538/538 584/584 618/618
f 538/538 618/618 563/563
f 613/613 544/544 542/542
f 613/613 542/542 615/615
f 562/562 546/546 544/544
f 562/562 544/544 613/613
f 565/565 566/566 540/540
f 565/565 540/540 564/564
f 615/615 542/542 566/566
f 615/615 566/566 565/565
f 637/637 564/564 540/540
f 637/637 540/540 537/537
f 568/568 567/567 590/590
f 568/568 590/590 569/569
f 570/570 568/568 569/569
f 570/570 569/569 571/571
f 571/571 569/569 573/573
f 571/571 573/573 572/572
f 571/571 575/575 574/574
f 571/571 574/574 570/570
f 571/571 572/572 576/576
f 571/571 576/576 575/575
f 576/576 572/572 659/659
f 576/576 659/659 658/658
f 576/576 578/578 577/577
f 576/576 577/577 575/575
f 576/576 658/658 657/657
f 576/576 657/657 578/578
f 657/657 656/656 579/579
f 657/657 579/579 578/578
f 580/580 583/583 582/582
f 580/580 582/582 581/581
f 580/580 581/581 536/536
f 580/580 536/536 534/534
f 536/536 581/581 584/584
f 536/536 584/584 538/538
f 584/584 581/581 582/582
f 584/584 582/582 557/557
f 557/557 582/582 585/585
f 557/557 585/585 556/556
f 585/585 587/587 586/586
f 585/585 586/586 556/556
f 589/589 588/588 587/587
f 589/589 587/587 585/585
f 585/585 582/582 583/583
f 585/585 583/583 589/589
f 659/659 660/660 639/639
f 659/659 639/639 638/638
f 634/634 591/591 662/662
f 634/634 662/662 661/661
f 572/572 573/573 660/660
f 572/572 660/660 659/659
f 590/590 592/592 591/591
f 590/590 591/591 634/634
f 590/590 567/567 593/593
f 590/590 593/593 592/592
f 593/593 595/595 594/594
f 593/593 594/594 592/592
f 597/597 599/599 598/598
f 597/597 598/598 596/596
f 599/599 601/601 600/600
f 599/599 600/600 598/598
f 601/601 665/665 664/664
f 601/601 664/664 600/600
f 548/548 545/545 603/603
f 548/548 603/603 602/602
f 545/545 546/546 604/604
f 545/545 604/604 603/603
f 604/604 561/561 605/605
f 604/604 605/605 603/603
f 561/561 558/558 606/606
f 561/561 606/606 605/605
f 555/555 636/636 606/606
f 555/555 606/606 558/558
f 635/635 607/607 606/606
f 635/635 606/606 636/636
f 640/640 661/661 662/662
f 640/640 662/662 641/641
f 641/641 662/662 663/663
f 641/641 663/663 642/642
f 662/662 591/591 608/608
f 662/662 608/608 663/663
f 608/608 600/600 664/664
f 608/608 664/664 663/663
f 608/608 594/594 598/598
f 608/608 598/598 600/600
f 608/608 591/591 592/592
f 608/608 592/592 594/594
f 609/609 602/602 603/603
f 609/609 603/603 605/605
f 609/609 605/605 606/606
f 609/609 606/606 607/607
f 598/598 594/594 595/595
f 598/598 595/595 596/596
f 579/579 610/610 577/577
f 579/579 577/577 578/578
f 610/610 612/612 611/611
f 610/610 611/611 577/577
f 611/611 574/574 575/575
f 611/611 575/575 577/577
f 556/556 586/586 554/554
f 556/556 554/554 551/551
f 560/560 561/561 604/604
f 560/560 604/604 614/614
f 617/617 541/541 549/549
f 617/617 549/549 616/616
f 566/566 542/542 541/541
f 566/566 541/541 617/617
f 618/618 584/584 557/557
f 618/618 557/557 553/553
f 665/665 601/601 619/619
f 665/665 619/619 666/666
f 667/667 666/666 619/619
f 667/667 619/619 620/620
f 667/667 620/620 621/621
f 667/667 621/621 653/653
f 622/622 654/654 653/653
f 622/622 653/653 621/621
f 655/655 654/654 622/622
f 655/655 622/622 623/623
f 579/579 656/656 655/655
f 579/579 655/655 623/623
f 621/621 620/620 625/625
f 621/621 625/625 626/626
f 627/627 622/622 621/621
f 627/627 621/621 626/626
f 623/623 622/622 627/627
f 623/623 627/627 628/628
f 579/579 623/623 628/628
f 579/579 628/628 610/610
f 626/626 625/625 630/630
f 626/626 630/630 631/631
f 632/632 627/627 626/626
f 632/632 626/626 631/631
f 628/628 627/627 632/632
f 628/628 632/632 633/633
f 610/610 628/628 633/633
f 610/610 633/633 612/612
f 634/634 573/573 569/569
f 634/634 569/569 590/590
f 660/660 573/573 634/634
f 660/660 634/634 661/661
f 639/639 660/660 661/661
f 639/639 661/661 640/640
f 636/636 587/587 588/588
f 636/636 588/588 635/635
f 555/555 586/586 587/587
f 555/555 587/587 636/636
f 563/563 637/637 537/537
f 563/563 537/537 538/538
f 639/639 675/675 674/674
f 639/639 674/674 638/638
f 640/640 676/676 675/675
f 640/640 675/675 639/639
f 641/641 677/677 676/676
f 641/641 676/676 640/640
f 642/642 678/678 677/677
f 642/642 677/677 641/641
f 643/643 679/679 678/678
f 643/643 678/678 642/642
f 644/644 680/680 679/679
f 644/644 679/679 643/643
f 645/645 681/681 680/680
f 645/645 680/680 644/644
f 646/646 682/682 681/681
f 646/646 681/681 645/645
f 647/647 668/668 682/682
f 647/647 682/682 646/646
f 648/648 669/669 668/668
f 648/648 668/668 647/647
f 649/649 670/670 669/669
f 649/649 669/669 648/648
f 650/650 671/671 670/670
f 650/650 670/670 649/649
f 672/672 671/671 650/650
f 672/672 650/650 651/651
f 652/652 673/673 672/672
f 652/652 672/672 651/651
f 638/638 674/674 673/673
f 638/638 673/673 652/652
f 531/531 530/530 570/570
f 531/531 570/570 574/574
f 529/529 568/568 570/570
f 529/529 570/570 530/530
f 528/528 567/567 568/568
f 528/528 568/568 529/529
f 593/593 567/567 528/528
f 593/593 528/528 527/527
f 593/593 527/527 526/526
f 593/593 526/526 595/595
f 525/525 596/596 595/595
f 525/525 595/595 526/526
f 524/524 597/597 596/596
f 524/524 596/596 525/525
f 597/597 524/524 523/523
f 597/597 523/523 629/629
f 630/630 629/629 523/523
f 630/630 523/523 522/522
f 631/631 630/630 522/522
f 631/631 522/522 521/521
f 520/520 632/632 631/631
f 520/520 631/631 521/521
f 633/633 632/632 520/520
f 633/633 520/520 518/518
f 519/519 612/612 633/633
f 519/519 633/633 518/518
f 612/612 519/519 532/532
f 612/612 532/532 611/611
f 531/531 574/574 611/611
f 531/531 611/611 532/532
f 654/654 648/648 647/647
f 654/654 647/647 653/653
f 649/649 648/648 654/654
f 649/649 654/654 655/655
f 650/650 649/649 655/655
f 650/650 655/655 656/656
f 651/651 650/650 656/656
f 651/651 656/656 657/657
f 652/652 651/651 657/657
f 652/652 657/657 658/658
f 659/659 638/638 652/652
f 659/659 652/652 658/658
f 643/643 642/642 663/663
f 643/643 663/663 664/664
f 644/644 643/643 664/664
f 644/644 664/664 665/665
f 647/647 646/646 667/667
f 647/647 667/667 653/653
f 550/550 616/616 668/668
f 550/550 668/668 669/669
f 533/533 550/550 669/669
f 533/533 669/669 670/670
f 671/671 534/534 533/533
f 671/671 533/533 670/670
f 580/580 534/534 671/671
f 580/580 671/671 672/672
f 673/673 583/583 580/580
f 673/673 580/580 672/672
f 674/674 589/589 583/583
f 674/674 583/583 673/673
f 589/589 674/674 675/675
f 589/589 675/675 588/588
f 635/635 588/588 675/675
f 635/635 675/675 676/676
f 607/607 635/635 676/676
f 607/607 676/676 677/677
f 678/678 609/609 607/607
f 678/678 607/607 677/677
f 602/602 609/609 678/678
f 602/602 678/678 679/679
f 548/548 602/602 679/679
f 548/548 679/679 680/680
f 548/548 680/680 681/681
f 548/548 681/681 547/547
f 682/682 549/549 547/547
f 682/682 547/547 681/681
f 616/616 549/549 682/682
f 616/616 682/682 668/668
f 802/802 687/687 686/686
f 802/802 686/686 803/803
f 813/813 703/703 687/687
f 813/813 687/687 802/802
f 683/683 685/685 688/688
f 683/683 688/688 702/702
f 810/810 809/809 691/691
f 810/810 691/691 690/690
f 810/810 690/690 903/903
f 810/810 903/903 811/811
f 903/903 690/690 692/692
f 903/903 692/692 902/902
f 692/692 855/855 901/901
f 692/692 901/901 902/902
f 692/692 693/693 856/856
f 692/692 856/856 855/855
f 692/692 690/690 691/691
f 692/692 691/691 693/693
f 693/693 694/694 857/857
f 693/693 857/857 856/856
f 693/693 691/691 695/695
f 693/693 695/695 694/694
f 695/695 691/691 809/809
f 695/695 809/809 808/808
f 696/696 689/689 698/698
f 696/696 698/698 697/697
f 905/905 700/700 699/699
f 905/905 699/699 906/906
f 905/905 904/904 701/701
f 905/905 701/701 700/700
f 701/701 879/879 878/878
f 701/701 878/878 700/700
f 812/812 704/704 881/881
f 812/812 881/881 880/880
f 812/812 811/811 903/903
f 812/812 903/903 704/704
f 704/704 706/706 882/882
f 704/704 882/882 881/881
f 704/704 903/903 902/902
f 704/704 902/902 706/706
f 706/706 854/854 883/883
f 706/706 883/883 882/882
f 706/706 902/902 901/901
f 706/706 901/901 854/854
f 840/840 899/899 708/708
f 840/840 708/708 841/841
f 899/899 840/840 839/839
f 899/899 839/839 710/710
f 710/710 839/839 838/838
f 710/710 838/838 712/712
f 712/712 838/838 849/849
f 712/712 849/849 714/714
f 715/715 711/711 713/713
f 715/715 713/713 716/716
f 717/717 833/833 834/834
f 717/717 834/834 718/718
f 718/718 820/820 819/819
f 718/718 819/819 717/717
f 720/720 722/722 721/721
f 720/720 721/721 719/719
f 722/722 924/924 923/923
f 722/722 923/923 721/721
f 923/923 925/925 723/723
f 923/923 723/723 721/721
f 926/926 724/724 723/723
f 926/926 723/723 925/925
f 926/926 927/927 725/725
f 926/926 725/725 724/724
f 927/927 928/928 893/893
f 927/927 893/893 725/725
f 929/929 930/930 727/727
f 929/929 727/727 726/726
f 930/930 931/931 728/728
f 930/930 728/728 727/727
f 931/931 932/932 729/729
f 931/931 729/729 728/728
f 729/729 731/731 730/730
f 729/729 730/730 728/728
f 824/824 733/733 732/732
f 824/824 732/732 825/825
f 733/733 827/827 828/828
f 733/733 828/828 732/732
f 735/735 776/776 736/736
f 735/735 736/736 734/734
f 738/738 845/845 844/844
f 738/738 844/844 737/737
f 850/850 741/741 740/740
f 850/850 740/740 851/851
f 741/741 742/742 686/686
f 741/741 686/686 740/740
f 742/742 804/804 803/803
f 742/742 803/803 686/686
f 743/743 744/744 688/688
f 743/743 688/688 685/685
f 877/877 699/699 700/700
f 877/877 700/700 878/878
f 740/740 746/746 852/852
f 740/740 852/852 851/851
f 740/740 686/686 687/687
f 740/740 687/687 746/746
f 746/746 705/705 853/853
f 746/746 853/853 852/852
f 746/746 687/687 703/703
f 746/746 703/703 705/705
f 842/842 748/748 747/747
f 842/842 747/747 843/843
f 886/886 885/885 841/841
f 886/886 841/841 708/708
f 888/888 887/887 749/749
f 888/888 749/749 751/751
f 751/751 749/749 814/814
f 751/751 814/814 898/898
f 752/752 831/831 897/897
f 752/752 897/897 896/896
f 896/896 897/897 832/832
f 896/896 832/832 753/753
f 898/898 814/814 709/709
f 898/898 709/709 754/754
f 753/753 832/832 833/833
f 753/753 833/833 717/717
f 754/754 709/709 711/711
f 754/754 711/711 715/715
f 753/753 818/818 895/895
f 753/753 895/895 896/896
f 753/753 717/717 819/819
f 753/753 819/819 818/818
f 755/755 723/723 724/724
f 755/755 724/724 894/894
f 755/755 719/719 721/721
f 755/755 721/721 723/723
f 895/895 817/817 752/752
f 895/895 752/752 896/896
f 894/894 724/724 725/725
f 894/894 725/725 756/756
f 817/817 891/891 890/890
f 817/817 890/890 752/752
f 756/756 725/725 893/893
f 756/756 893/893 892/892
f 826/826 759/759 757/757
f 826/826 757/757 816/816
f 758/758 726/726 727/727
f 758/758 727/727 760/760
f 826/826 825/825 732/732
f 826/826 732/732 759/759
f 760/760 727/727 728/728
f 760/760 728/728 730/730
f 732/732 828/828 829/829
f 732/732 829/829 759/759
f 759/759 829/829 830/830
f 759/759 830/830 757/757
f 761/761 762/762 815/815
f 761/761 815/815 750/750
f 734/734 736/736 762/762
f 734/734 762/762 761/761
f 889/889 831/831 752/752
f 889/889 752/752 890/890
f 747/747 737/737 844/844
f 747/747 844/844 843/843
f 768/768 770/770 696/696
f 768/768 696/696 697/697
f 907/907 771/771 772/772
f 907/907 772/772 908/908
f 907/907 906/906 699/699
f 907/907 699/699 771/771
f 876/876 771/771 699/699
f 876/876 699/699 877/877
f 876/876 875/875 772/772
f 876/876 772/772 771/771
f 769/769 744/744 743/743
f 769/769 743/743 773/773
f 804/804 742/742 774/774
f 804/804 774/774 805/805
f 742/742 741/741 801/801
f 742/742 801/801 774/774
f 845/845 738/738 796/796
f 845/845 796/796 846/846
f 733/733 824/824 823/823
f 733/733 823/823 777/777
f 731/731 729/729 779/779
f 731/731 779/779 778/778
f 934/934 935/935 780/780
f 934/934 780/780 861/861
f 935/935 936/936 922/922
f 935/935 922/922 780/780
f 937/937 924/924 722/722
f 937/937 722/722 781/781
f 722/722 720/720 782/782
f 722/722 782/782 781/781
f 820/820 718/718 783/783
f 820/820 783/783 821/821
f 713/713 793/793 790/790
f 713/713 790/790 716/716
f 714/714 849/849 848/848
f 714/714 848/848 794/794
f 694/694 799/799 858/858
f 694/694 858/858 857/857
f 694/694 695/695 785/785
f 694/694 785/785 799/799
f 695/695 808/808 807/807
f 695/695 807/807 785/785
f 910/910 786/786 800/800
f 910/910 800/800 911/911
f 910/910 909/909 806/806
f 910/910 806/806 786/786
f 786/786 873/873 872/872
f 786/786 872/872 800/800
f 786/786 806/806 874/874
f 786/786 874/874 873/873
f 847/847 869/869 868/868
f 847/847 868/868 795/795
f 788/788 864/864 863/863
f 788/788 863/863 822/822
f 789/789 862/862 861/861
f 789/789 861/861 780/780
f 822/822 920/920 919/919
f 822/822 919/919 788/788
f 789/789 780/780 922/922
f 789/789 922/922 921/921
f 916/916 787/787 791/791
f 916/916 791/791 917/917
f 795/795 915/915 914/914
f 795/795 914/914 847/847
f 718/718 834/834 835/835
f 718/718 835/835 783/783
f 919/919 918/918 836/836
f 919/919 836/836 788/788
f 788/788 836/836 865/865
f 788/788 865/865 864/864
f 777/777 837/837 827/827
f 777/777 827/827 733/733
f 866/866 791/791 787/787
f 866/866 787/787 867/867
f 735/735 792/792 775/775
f 735/735 775/775 776/776
f 713/713 714/714 794/794
f 713/713 794/794 793/793
f 787/787 916/916 915/915
f 787/787 915/915 795/795
f 868/868 867/867 787/787
f 868/868 787/787 795/795
f 738/738 776/776 775/775
f 738/738 775/775 796/796
f 800/800 859/859 912/912
f 800/800 912/912 911/911
f 871/871 859/859 800/800
f 871/871 800/800 872/872
f 860/860 801/801 741/741
f 860/860 741/741 850/850
f 683/683 802/802 803/803
f 683/683 803/803 685/685
f 804/804 743/743 685/685
f 804/804 685/685 803/803
f 743/743 804/804 805/805
f 743/743 805/805 773/773
f 806/806 772/772 875/875
f 806/806 875/875 874/874
f 909/909 908/908 772/772
f 909/909 772/772 806/806
f 808/808 696/696 770/770
f 808/808 770/770 807/807
f 809/809 689/689 696/696
f 809/809 696/696 808/808
f 684/684 689/689 809/809
f 684/684 809/809 810/810
f 811/811 904/904 684/684
f 811/811 684/684 810/810
f 701/701 904/904 811/811
f 701/701 811/811 812/812
f 701/701 812/812 880/880
f 701/701 880/880 879/879
f 683/683 702/702 813/813
f 683/683 813/813 802/802
f 712/712 714/714 713/713
f 712/712 713/713 711/711
f 710/710 712/712 711/711
f 710/710 711/711 709/709
f 899/899 710/710 709/709
f 899/899 709/709 814/814
f 749/749 708/708 899/899
f 749/749 899/899 814/814
f 886/886 708/708 749/749
f 886/886 749/749 887/887
f 762/762 747/747 748/748
f 762/762 748/748 815/815
f 736/736 737/737 747/747
f 736/736 747/747 762/762
f 776/776 738/738 737/737
f 776/776 737/737 736/736
f 932/932 933/933 779/779
f 932/932 779/779 729/729
f 829/829 761/761 750/750
f 829/829 750/750 830/830
f 828/828 734/734 761/761
f 828/828 761/761 829/829
f 827/827 735/735 734/734
f 827/827 734/734 828/828
f 735/735 827/827 837/837
f 735/735 837/837 792/792
f 866/866 865/865 836/836
f 866/866 836/836 791/791
f 918/918 917/917 791/791
f 918/918 791/791 836/836
f 834/834 716/716 790/790
f 834/834 790/790 835/835
f 716/716 834/834 833/833
f 716/716 833/833 715/715
f 754/754 715/715 833/833
f 754/754 833/833 832/832
f 898/898 754/754 832/832
f 898/898 832/832 897/897
f 898/898 897/897 831/831
f 898/898 831/831 751/751
f 889/889 888/888 751/751
f 889/889 751/751 831/831
f 756/756 892/892 891/891
f 756/756 891/891 817/817
f 894/894 756/756 817/817
f 894/894 817/817 895/895
f 818/818 755/755 894/894
f 818/818 894/894 895/895
f 819/819 719/719 755/755
f 819/819 755/755 818/818
f 820/820 720/720 719/719
f 820/820 719/719 819/819
f 720/720 820/820 821/821
f 720/720 821/821 782/782
f 789/789 921/921 920/920
f 789/789 920/920 822/822
f 863/863 862/862 789/789
f 863/863 789/789 822/822
f 824/824 731/731 778/778
f 824/824 778/778 823/823
f 731/731 824/824 825/825
f 731/731 825/825 730/730
f 760/760 730/730 825/825
f 760/760 825/825 826/826
f 758/758 760/760 826/826
f 758/758 826/826 816/816
f 839/839 765/765 764/764
f 839/839 764/764 838/838
f 840/840 900/900 765/765
f 840/840 765/765 839/839
f 900/900 840/840 841/841
f 900/900 841/841 707/707
f 885/885 884/884 707/707
f 885/885 707/707 841/841
f 766/766 842/842 843/843
f 766/766 843/843 745/745
f 844/844 767/767 745/745
f 844/844 745/745 843/843
f 845/845 739/739 767/767
f 845/845 767/767 844/844
f 739/739 845/845 846/846
f 739/739 846/846 798/798
f 797/797 870/870 869/869
f 797/797 869/869 847/847
f 914/914 913/913 797/797
f 914/914 797/797 847/847
f 849/849 763/763 784/784
f 849/849 784/784 848/848
f 838/838 764/764 763/763
f 838/838 763/763 849/849
f 739/739 850/850 851/851
f 739/739 851/851 767/767
f 852/852 745/745 767/767
f 852/852 767/767 851/851
f 853/853 766/766 745/745
f 853/853 745/745 852/852
f 854/854 707/707 884/884
f 854/854 884/884 883/883
f 901/901 900/900 707/707
f 901/901 707/707 854/854
f 855/855 765/765 900/900
f 855/855 900/900 901/901
f 856/856 764/764 765/765
f 856/856 765/765 855/855
f 857/857 763/763 764/764
f 857/857 764/764 856/856
f 858/858 784/784 763/763
f 858/858 763/763 857/857
f 859/859 797/797 913/913
f 859/859 913/913 912/912
f 870/870 797/797 859/859
f 870/870 859/859 871/871
f 739/739 798/798 860/860
f 739/739 860/860 850/850
f 933/933 934/934 861/861
f 933/933 861/861 779/779
f 862/862 778/778 779/779
f 862/862 779/779 861/861
f 823/823 778/778 862/862
f 823/823 862/862 863/863
f 864/864 777/777 823/823
f 864/864 823/823 863/863
f 865/865 837/837 777/777
f 865/865 777/777 864/864
f 792/792 837/837 865/865
f 792/792 865/865 866/866
f 792/792 866/866 867/867
f 792/792 867/867 775/775
f 796/796 775/775 867/867
f 796/796 867/867 868/868
f 869/869 846/846 796/796
f 869/869 796/796 868/868
f 870/870 798/798 846/846
f 870/870 846/846 869/869
f 798/798 870/870 871/871
f 798/798 871/871 860/860
f 860/860 871/871 872/872
f 860/860 872/872 801/801
f 873/873 774/774 801/801
f 873/873 801/801 872/872
f 874/874 805/805 774/774
f 874/874 774/774 873/873
f 875/875 773/773 805/805
f 875/875 805/805 874/874
f 769/769 773/773 875/875
f 769/769 875/875 876/876
f 769/769 876/876 877/877
f 769/769 877/877 744/744
f 744/744 877/877 878/878
f 744/744 878/878 688/688
f 879/879 702/702 688/688
f 879/879 688/688 878/878
f 880/880 813/813 702/702
f 880/880 702/702 879/879
f 881/881 703/703 813/813
f 881/881 813/813 880/880
f 882/882 705/705 703/703
f 882/882 703/703 881/881
f 883/883 853/853 705/705
f 883/883 705/705 882/882
f 884/884 766/766 853/853
f 884/884 853/853 883/883
f 842/842 766/766 884/884
f 842/842 884/884 885/885
f 748/748 842/842 885/885
f 748/748 885/885 886/886
f 748/748 886/886 887/887
f 748/748 887/887 815/815
f 750/750 815/815 887/887
f 750/750 887/887 888/888
f 830/830 750/750 888/888
f 830/830 888/888 889/889
f 830/830 889/889 890/890
f 830/830 890/890 757/757
f 891/891 816/816 757/757
f 891/891 757/757 890/890
f 892/892 758/758 816/816
f 892/892 816/816 891/891
f 893/893 726/726 758/758
f 893/893 758/758 892/892
f 928/928 929/929 726/726
f 928/928 726/726 893/893
f 698/698 689/689 684/684
f 698/698 905/905 906/906
f 698/698 906/906 697/697
f 768/768 697/697 906/906
f 768/768 906/906 907/907
f 768/768 907/907 908/908
f 768/768 908/908 770/770
f 807/807 770/770 908/908
f 807/807 908/908 909/909
f 785/785 807/807 909/909
f 785/785 909/909 910/910
f 785/785 910/910 911/911
f 785/785 911/911 799/799
f 912/912 858/858 799/799
f 912/912 799/799 911/911
f 913/913 784/784 858/858
f 913/913 858/858 912/912
f 848/848 784/784 913/913
f 848/848 913/913 914/914
f 915/915 794/794 848/848
f 915/915 848/848 914/914
f 916/916 793/793 794/794
f 916/916 794/794 915/915
f 793/793 916/916 917/917
f 793/793 917/917 790/790
f 835/835 790/790 917/917
f 835/835 917/917 918/918
f 783/783 835/835 918/918
f 783/783 918/918 919/919
f 920/920 821/821 783/783
f 920/920 783/783 919/919
f 921/921 782/782 821/821
f 921/921 821/821 920/920
f 922/922 781/781 782/782
f 922/922 782/782 921/921
f 936/936 937/937 781/781
f 936/936 781/781 922/922
f 698/698 684/684 904/904
f 698/698 904/904 905/905
f 939/939 941/941 940/940
f 939/939 940/940 938/938
f 938/938 940/940 942/942
f 938/938 942/942 1023/1023
f 938/938 1023/1023 1022/1022
f 938/938 1022/1022 943/943
f 1118/1118 1117/1117 1021/1021
f 1118/1118 1021/1021 945/945
f 1090/1090 1089/1089 1020/1020
f 1090/1090 1020/1020 947/947
f 947/947 1020/1020 1019/1019
f 947/947 1019/1019 949/949
f 1001/1001 1000/1000 952/952
f 1001/1001 952/952 951/951
f 1000/1000 954/954 953/953
f 1000/1000 953/953 952/952
f 954/954 1071/1071 1070/1070
f 954/954 1070/1070 953/953
f 956/956 1061/1061 1060/1060
f 956/956 1060/1060 955/955
f 958/958 1006/1006 959/959
f 958/958 959/959 957/957
f 1006/1006 1041/1041 1040/1040
f 1006/1006 1040/1040 959/959
f 1133/1133 1145/1145 1144/1144
f 1133/1133 1144/1144 1134/1134
f 1144/1144 1146/1146 1135/1135
f 1144/1144 1135/1135 1134/1134
f 1146/1146 1147/1147 1136/1136
f 1146/1146 1136/1136 1135/1135
f 1147/1147 1148/1148 1137/1137
f 1147/1147 1137/1137 1136/1136
f 1149/1149 1150/1150 1139/1139
f 1149/1149 1139/1139 1138/1138
f 1151/1151 1152/1152 1141/1141
f 1151/1151 1141/1141 1140/1140
f 1153/1153 1142/1142 1141/1141
f 1153/1153 1141/1141 1152/1152
f 1045/1045 1044/1044 1033/1033
f 1045/1045 1033/1033 1024/1024
f 1034/1034 967/967 991/991
f 1034/1034 991/991 1035/1035
f 991/991 967/967 968/968
f 991/991 968/968 992/992
f 1055/1055 1054/1054 970/970
f 1055/1055 970/970 969/969
f 1065/1065 1064/1064 971/971
f 1065/1065 971/971 972/972
f 972/972 971/971 941/941
f 972/972 941/941 939/939
f 972/972 973/973 1066/1066
f 972/972 1066/1066 1065/1065
f 972/972 939/939 974/974
f 972/972 974/974 973/973
f 974/974 939/939 938/938
f 974/974 938/938 943/943
f 1119/1119 976/976 975/975
f 1119/1119 975/975 1120/1120
f 1119/1119 1118/1118 945/945
f 1119/1119 945/945 976/976
f 1091/1091 978/978 977/977
f 1091/1091 977/977 1092/1092
f 1091/1091 1090/1090 947/947
f 1091/1091 947/947 978/978
f 978/978 980/980 979/979
f 978/978 979/979 977/977
f 978/978 947/947 949/949
f 978/978 949/949 980/980
f 980/980 952/952 953/953
f 980/980 953/953 979/979
f 980/980 949/949 951/951
f 980/980 951/951 952/952
f 979/979 953/953 1070/1070
f 979/979 1070/1070 1069/1069
f 979/979 1069/1069 1068/1068
f 979/979 1068/1068 977/977
f 983/983 981/981 1059/1059
f 983/983 1059/1059 1058/1058
f 1058/1058 1095/1095 1094/1094
f 1058/1058 1094/1094 983/983
f 984/984 985/985 1097/1097
f 984/984 1097/1097 1096/1096
f 1097/1097 985/985 1038/1038
f 1097/1097 1038/1038 1098/1098
f 988/988 1125/1125 1124/1124
f 988/988 1124/1124 987/987
f 988/988 1037/1037 1126/1126
f 988/988 1126/1126 1125/1125
f 1036/1036 1035/1035 991/991
f 1036/1036 991/991 990/990
f 991/991 992/992 989/989
f 991/991 989/989 990/990
f 1055/1055 969/969 993/993
f 1055/1055 993/993 1056/1056
f 1122/1122 986/986 1057/1057
f 1122/1122 1057/1057 1123/1123
f 1121/1121 1120/1120 975/975
f 1121/1121 975/975 1067/1067
f 1028/1028 1049/1049 1048/1048
f 1028/1028 1048/1048 1027/1027
f 1038/1038 985/985 994/994
f 1038/1038 994/994 1039/1039
f 994/994 959/959 1040/1040
f 994/994 1040/1040 1039/1039
f 994/994 982/982 957/957
f 994/994 957/957 959/959
f 994/994 985/985 984/984
f 994/994 984/984 982/982
f 1093/1093 1092/1092 977/977
f 1093/1093 977/977 1068/1068
f 1059/1059 981/981 955/955
f 1059/1059 955/955 1060/1060
f 1115/1115 996/996 946/946
f 1115/1115 946/946 1116/1116
f 1115/1115 1114/1114 1017/1017
f 1115/1115 1017/1017 996/996
f 995/995 944/944 942/942
f 995/995 942/942 1018/1018
f 940/940 941/941 999/999
f 940/940 999/999 998/998
f 941/941 971/971 1012/1012
f 941/941 1012/1012 999/999
f 1043/1043 1004/1004 967/967
f 1043/1043 967/967 1034/1034
f 1033/1033 1044/1044 1053/1053
f 1033/1033 1053/1053 1032/1032
f 1153/1153 1154/1154 1143/1143
f 1153/1153 1143/1143 1142/1142
f 1156/1156 1131/1131 1130/1130
f 1156/1156 1130/1130 1155/1155
f 1145/1145 1133/1133 1132/1132
f 1145/1145 1132/1132 1157/1157
f 948/948 1088/1088 1087/1087
f 948/948 1087/1087 1002/1002
f 1002/1002 1087/1087 1086/1086
f 1002/1002 1086/1086 1016/1016
f 1001/1001 1085/1085 1084/1084
f 1001/1001 1084/1084 1000/1000
f 1084/1084 1083/1083 954/954
f 1084/1084 954/954 1000/1000
f 1003/1003 1112/1112 1111/1111
f 1003/1003 1111/1111 1011/1011
f 1003/1003 997/997 1113/1113
f 1003/1003 1113/1113 1112/1112
f 1078/1078 1077/1077 1041/1041
f 1078/1078 1041/1041 1006/1006
f 1105/1105 1042/1042 1005/1005
f 1105/1105 1005/1005 1106/1106
f 1076/1076 1075/1075 1051/1051
f 1076/1076 1051/1051 1030/1030
f 1104/1104 1103/1103 1052/1052
f 1104/1104 1052/1052 1031/1031
f 1079/1079 1078/1078 1006/1006
f 1079/1079 1006/1006 958/958
f 1106/1106 1005/1005 1007/1007
f 1106/1106 1007/1007 1107/1107
f 967/967 1004/1004 1008/1008
f 967/967 1008/1008 968/968
f 1081/1081 1080/1080 1061/1061
f 1081/1081 1061/1061 956/956
f 1108/1108 1062/1062 1009/1009
f 1108/1108 1009/1009 1109/1109
f 1063/1063 1010/1010 970/970
f 1063/1063 970/970 1054/1054
f 1083/1083 1082/1082 1071/1071
f 1083/1083 1071/1071 954/954
f 1110/1110 1072/1072 1011/1011
f 1110/1110 1011/1011 1111/1111
f 1073/1073 1012/1012 971/971
f 1073/1073 971/971 1064/1064
f 1016/1016 1086/1086 1085/1085
f 1016/1016 1085/1085 1001/1001
f 1114/1114 1113/1113 997/997
f 1114/1114 997/997 1017/1017
f 942/942 940/940 998/998
f 942/942 998/998 1018/1018
f 951/951 949/949 1019/1019
f 951/951 1019/1019 950/950
f 948/948 1002/1002 1016/1016
f 948/948 1016/1016 950/950
f 1016/1016 1001/1001 951/951
f 1016/1016 951/951 950/950
f 1020/1020 948/948 950/950
f 1020/1020 950/950 1019/1019
f 1089/1089 1088/1088 948/948
f 1089/1089 948/948 1020/1020
f 1117/1117 1116/1116 946/946
f 1117/1117 946/946 1021/1021
f 1023/1023 942/942 944/944
f 1023/1023 944/944 1022/1022
f 1025/1025 1046/1046 1045/1045
f 1025/1025 1045/1045 1024/1024
f 1026/1026 1047/1047 1128/1128
f 1026/1026 1128/1128 1127/1127
f 1027/1027 1048/1048 1100/1100
f 1027/1027 1100/1100 1099/1099
f 1029/1029 1050/1050 1049/1049
f 1029/1029 1049/1049 1028/1028
f 1030/1030 1051/1051 1050/1050
f 1030/1030 1050/1050 1029/1029
f 1033/1033 1034/1034 1035/1035
f 1033/1033 1035/1035 1024/1024
f 1025/1025 1024/1024 1035/1035
f 1025/1025 1035/1035 1036/1036
f 1037/1037 1026/1026 1127/1127
f 1037/1037 1127/1127 1126/1126
f 1038/1038 1027/1027 1099/1099
f 1038/1038 1099/1099 1098/1098
f 1027/1027 1038/1038 1039/1039
f 1027/1027 1039/1039 1028/1028
f 1040/1040 1029/1029 1028/1028
f 1040/1040 1028/1028 1039/1039
f 1041/1041 1030/1030 1029/1029
f 1041/1041 1029/1029 1040/1040
f 1077/1077 1076/1076 1030/1030
f 1077/1077 1030/1030 1041/1041
f 1104/1104 1031/1031 1042/1042
f 1104/1104 1042/1042 1105/1105
f 1033/1033 1032/1032 1043/1043
f 1033/1033 1043/1043 1034/1034
f 966/966 1044/1044 1045/1045
f 966/966 1045/1045 965/965
f 964/964 965/965 1045/1045
f 964/964 1045/1045 1046/1046
f 963/963 1129/1129 1128/1128
f 963/963 1128/1128 1047/1047
f 1048/1048 962/962 1101/1101
f 1048/1048 1101/1101 1100/1100
f 1049/1049 961/961 962/962
f 1049/1049 962/962 1048/1048
f 960/960 961/961 1049/1049
f 960/960 1049/1049 1050/1050
f 1051/1051 1015/1015 960/960
f 1051/1051 960/960 1050/1050
f 1075/1075 1074/1074 1015/1015
f 1075/1075 1015/1015 1051/1051
f 1103/1103 1102/1102 1014/1014
f 1103/1103 1014/1014 1052/1052
f 1013/1013 1053/1053 1044/1044
f 1013/1013 1044/1044 966/966
f 992/992 968/968 1054/1054
f 992/992 1054/1054 1055/1055
f 992/992 1055/1055 1056/1056
f 992/992 1056/1056 989/989
f 1057/1057 987/987 1124/1124
f 1057/1057 1124/1124 1123/1123
f 984/984 1096/1096 1095/1095
f 984/984 1095/1095 1058/1058
f 1059/1059 982/982 984/984
f 1059/1059 984/984 1058/1058
f 982/982 1059/1059 1060/1060
f 982/982 1060/1060 957/957
f 1061/1061 958/958 957/957
f 1061/1061 957/957 1060/1060
f 1080/1080 1079/1079 958/958
f 1080/1080 958/958 1061/1061
f 1107/1107 1007/1007 1062/1062
f 1107/1107 1062/1062 1108/1108
f 968/968 1008/1008 1063/1063
f 968/968 1063/1063 1054/1054
f 969/969 970/970 1064/1064
f 969/969 1064/1064 1065/1065
f 1066/1066 993/993 969/969
f 1066/1066 969/969 1065/1065
f 1122/1122 1121/1121 1067/1067
f 1122/1122 1067/1067 986/986
f 1094/1094 1093/1093 1068/1068
f 1094/1094 1068/1068 983/983
f 1069/1069 981/981 983/983
f 1069/1069 983/983 1068/1068
f 1070/1070 955/955 981/981
f 1070/1070 981/981 1069/1069
f 1071/1071 956/956 955/955
f 1071/1071 955/955 1070/1070
f 1082/1082 1081/1081 956/956
f 1082/1082 956/956 1071/1071
f 1109/1109 1009/1009 1072/1072
f 1109/1109 1072/1072 1110/1110
f 970/970 1010/1010 1073/1073
f 970/970 1073/1073 1064/1064
f 1132/1132 1131/1131 1156/1156
f 1132/1132 1156/1156 1157/1157
f 1052/1052 1014/1014 1074/1074
f 1052/1052 1074/1074 1075/1075
f 1031/1031 1052/1052 1075/1075
f 1031/1031 1075/1075 1076/1076
f 1042/1042 1031/1031 1076/1076
f 1042/1042 1076/1076 1077/1077
f 1005/1005 1042/1042 1077/1077
f 1005/1005 1077/1077 1078/1078
f 1007/1007 1005/1005 1078/1078
f 1007/1007 1078/1078 1079/1079
f 1062/1062 1007/1007 1079/1079
f 1062/1062 1079/1079 1080/1080
f 1009/1009 1062/1062 1080/1080
f 1009/1009 1080/1080 1081/1081
f 1072/1072 1009/1009 1081/1081
f 1072/1072 1081/1081 1082/1082
f 1011/1011 1072/1072 1082/1082
f 1011/1011 1082/1082 1083/1083
f 1003/1003 1011/1011 1083/1083
f 1003/1003 1083/1083 1084/1084
f 1085/1085 997/997 1003/1003
f 1085/1085 1003/1003 1084/1084
f 1086/1086 1017/1017 997/997
f 1086/1086 997/997 1085/1085
f 1087/1087 996/996 1017/1017
f 1087/1087 1017/1017 1086/1086
f 1088/1088 946/946 996/996
f 1088/1088 996/996 1087/1087
f 1021/1021 946/946 1088/1088
f 1021/1021 1088/1088 1089/1089
f 945/945 1021/1021 1089/1089
f 945/945 1089/1089 1090/1090
f 976/976 945/945 1090/1090
f 976/976 1090/1090 1091/1091
f 976/976 1091/1091 1092/1092
f 976/976 1092/1092 975/975
f 1067/1067 975/975 1092/1092
f 1067/1067 1092/1092 1093/1093
f 986/986 1067/1067 1093/1093
f 986/986 1093/1093 1094/1094
f 1095/1095 1057/1057 986/986
f 1095/1095 986/986 1094/1094
f 1096/1096 987/987 1057/1057
f 1096/1096 1057/1057 1095/1095
f 1097/1097 988/988 987/987
f 1097/1097 987/987 1096/1096
f 988/988 1097/1097 1098/1098
f 988/988 1098/1098 1037/1037
f 1099/1099 1026/1026 1037/1037
f 1099/1099 1037/1037 1098/1098
f 1100/1100 1047/1047 1026/1026
f 1100/1100 1026/1026 1099/1099
f 1101/1101 963/963 1047/1047
f 1101/1101 1047/1047 1100/1100
f 1148/1148 1149/1149 1138/1138
f 1148/1148 1138/1138 1137/1137
f 1155/1155 1130/1130 1143/1143
f 1155/1155 1143/1143 1154/1154
f 1053/1053 1013/1013 1102/1102
f 1053/1053 1102/1102 1103/1103
f 1032/1032 1053/1053 1103/1103
f 1032/1032 1103/1103 1104/1104
f 1032/1032 1104/1104 1105/1105
f 1032/1032 1105/1105 1043/1043
f 1043/1043 1105/1105 1106/1106
f 1043/1043 1106/1106 1004/1004
f 1004/1004 1106/1106 1107/1107
f 1004/1004 1107/1107 1008/1008
f 1008/1008 1107/1107 1108/1108
f 1008/1008 1108/1108 1063/1063
f 1063/1063 1108/1108 1109/1109
f 1063/1063 1109/1109 1010/1010
f 1010/1010 1109/1109 1110/1110
f 1010/1010 1110/1110 1073/1073
f 1073/1073 1110/1110 1111/1111
f 1073/1073 1111/1111 1012/1012
f 1112/1112 999/999 1012/1012
f 1112/1112 1012/1012 1111/1111
f 1113/1113 998/998 999/999
f 1113/1113 999/999 1112/1112
f 1018/1018 998/998 1113/1113
f 1018/1018 1113/1113 1114/1114
f 995/995 1018/1018 1114/1114
f 995/995 1114/1114 1115/1115
f 995/995 1115/1115 1116/1116
f 995/995 1116/1116 944/944
f 1022/1022 944/944 1116/1116
f 1022/1022 1116/1116 1117/1117
f 943/943 1022/1022 1117/1117
f 943/943 1117/1117 1118/1118
f 974/974 943/943 1118/1118
f 974/974 1118/1118 1119/1119
f 974/974 1119/1119 1120/1120
f 974/974 1120/1120 973/973
f 1066/1066 973/973 1120/1120
f 1066/1066 1120/1120 1121/1121
f 993/993 1066/1066 1121/1121
f 993/993 1121/1121 1122/1122
f 993/993 1122/1122 1123/1123
f 993/993 1123/1123 1056/1056
f 1124/1124 989/989 1056/1056
f 1124/1124 1056/1056 1123/1123
f 1125/1125 990/990 989/989
f 1125/1125 989/989 1124/1124
f 1126/1126 1036/1036 990/990
f 1126/1126 990/990 1125/1125
f 1127/1127 1025/1025 1036/1036
f 1127/1127 1036/1036 1126/1126
f 1128/1128 1046/1046 1025/1025
f 1128/1128 1025/1025 1127/1127
f 1129/1129 964/964 1046/1046
f 1129/1129 1046/1046 1128/1128
f 1150/1150 1151/1151 1140/1140
f 1150/1150 1140/1140 1139/1139
f 1131/1131 1014/1014 1102/1102
f 1131/1131 1102/1102 1130/1130
f 1074/1074 1014/1014 1131/1131
f 1074/1074 1131/1131 1132/1132
f 1133/1133 1015/1015 1074/1074
f 1133/1133 1074/1074 1132/1132
f 1015/1015 1133/1133 1134/1134
f 1015/1015 1134/1134 960/960
f 1135/1135 961/961 960/960
f 1135/1135 960/960 1134/1134
f 1136/1136 962/962 961/961
f 1136/1136 961/961 1135/1135
f 1137/1137 1101/1101 962/962
f 1137/1137 962/962 1136/1136
f 1138/1138 963/963 1101/1101
f 1138/1138 1101/1101 1137/1137
f 1139/1139 1129/1129 963/963
f 1139/1139 963/963 1138/1138
f 1140/1140 964/964 1129/1129
f 1140/1140 1129/1129 1139/1139
f 1141/1141 965/965 964/964
f 1141/1141 964/964 1140/1140
f 1142/1142 966/966 965/965
f 1142/1142 965/965 1141/1141
f 1143/1143 1013/1013 966/966
f 1143/1143 966/966 1142/1142
f 1130/1130 1102/1102 1013/1013
f 1130/1130 1013/1013 1143/1143
f 1504/1504 1159/1159 925/925
f 1504/1504 925/925 1505/1505
f 1158/1158 1171/1171 1170/1170
f 1158/1158 1170/1170 1169/1169
f 1158/1158 1169/1169 1173/1173
f 1158/1158 1173/1173 1172/1172
f 1158/1158 1175/1175 1174/1174
f 1158/1158 1174/1174 1171/1171
f 1158/1158 1177/1177 1176/1176
f 1158/1158 1176/1176 1175/1175
f 1158/1158 1172/1172 1178/1178
f 1158/1158 1178/1178 1177/1177
f 1178/1178 1172/1172 1180/1180
f 1178/1178 1180/1180 1179/1179
f 1178/1178 1182/1182 1181/1181
f 1178/1178 1181/1181 1177/1177
f 1178/1178 1179/1179 1183/1183
f 1178/1178 1183/1183 1182/1182
f 1186/1186 1182/1182 1183/1183
f 1186/1186 1183/1183 1187/1187
f 1750/1750 1199/1199 1200/1200
f 1750/1750 1200/1200 1751/1751
f 1202/1202 1204/1204 1203/1203
f 1202/1202 1203/1203 1201/1201
f 1204/1204 1206/1206 1205/1205
f 1204/1204 1205/1205 1203/1203
f 1206/1206 1208/1208 1207/1207
f 1206/1206 1207/1207 1205/1205
f 1208/1208 1210/1210 1209/1209
f 1208/1208 1209/1209 1207/1207
f 1210/1210 1212/1212 1211/1211
f 1210/1210 1211/1211 1209/1209
f 1212/1212 1214/1214 1213/1213
f 1212/1212 1213/1213 1211/1211
f 1215/1215 1213/1213 1214/1214
f 1215/1215 1214/1214 1609/1609
f 1216/1216 1218/1218 1217/1217
f 1216/1216 1217/1217 1608/1608
f 1152/1152 1217/1217 1218/1218
f 1152/1152 1218/1218 1153/1153
f 1608/1608 1217/1217 1499/1499
f 1608/1608 1499/1499 1219/1219
f 1219/1219 1499/1499 1498/1498
f 1219/1219 1498/1498 1164/1164
f 1220/1220 1219/1219 1164/1164
f 1220/1220 1164/1164 1168/1168
f 1220/1220 1168/1168 1222/1222
f 1220/1220 1222/1222 1221/1221
f 1220/1220 1221/1221 1213/1213
f 1220/1220 1213/1213 1215/1215
f 1628/1628 1223/1223 1222/1222
f 1628/1628 1222/1222 1629/1629
f 1629/1629 1222/1222 1168/1168
f 1629/1629 1168/1168 1630/1630
f 1222/1222 1223/1223 1226/1226
f 1222/1222 1226/1226 1221/1221
f 1226/1226 1223/1223 1228/1228
f 1226/1226 1228/1228 1227/1227
f 1226/1226 1211/1211 1213/1213
f 1226/1226 1213/1213 1221/1221
f 1226/1226 1227/1227 1209/1209
f 1226/1226 1209/1209 1211/1211
f 1626/1626 1229/1229 1228/1228
f 1626/1626 1228/1228 1627/1627
f 1627/1627 1228/1228 1223/1223
f 1627/1627 1223/1223 1628/1628
f 1228/1228 1229/1229 1232/1232
f 1228/1228 1232/1232 1227/1227
f 1232/1232 1229/1229 1234/1234
f 1232/1232 1234/1234 1233/1233
f 1232/1232 1207/1207 1209/1209
f 1232/1232 1209/1209 1227/1227
f 1232/1232 1233/1233 1205/1205
f 1232/1232 1205/1205 1207/1207
f 1624/1624 1235/1235 1234/1234
f 1624/1624 1234/1234 1625/1625
f 1625/1625 1234/1234 1229/1229
f 1625/1625 1229/1229 1626/1626
f 1234/1234 1235/1235 1238/1238
f 1234/1234 1238/1238 1233/1233
f 1238/1238 1235/1235 1240/1240
f 1238/1238 1240/1240 1239/1239
f 1238/1238 1203/1203 1205/1205
f 1238/1238 1205/1205 1233/1233
f 1238/1238 1239/1239 1201/1201
f 1238/1238 1201/1201 1203/1203
f 1623/1623 1240/1240 1235/1235
f 1623/1623 1235/1235 1624/1624
f 1198/1198 1749/1749 1748/1748
f 1198/1198 1748/1748 1197/1197
f 1241/1241 1236/1236 1243/1243
f 1241/1241 1243/1243 1242/1242
f 1489/1489 1245/1245 1244/1244
f 1489/1489 1244/1244 1490/1490
f 1488/1488 1246/1246 1245/1245
f 1488/1488 1245/1245 1489/1489
f 1243/1243 1236/1236 1237/1237
f 1243/1243 1237/1237 1247/1247
f 1487/1487 1248/1248 1246/1246
f 1487/1487 1246/1246 1488/1488
f 1247/1247 1237/1237 1230/1230
f 1247/1247 1230/1230 1249/1249
f 1486/1486 1250/1250 1248/1248
f 1486/1486 1248/1248 1487/1487
f 1249/1249 1230/1230 1231/1231
f 1249/1249 1231/1231 1251/1251
f 1485/1485 1548/1548 1250/1250
f 1485/1485 1250/1250 1486/1486
f 1251/1251 1231/1231 1224/1224
f 1251/1251 1224/1224 1252/1252
f 1484/1484 1549/1549 1548/1548
f 1484/1484 1548/1548 1485/1485
f 1252/1252 1224/1224 1225/1225
f 1252/1252 1225/1225 1253/1253
f 1483/1483 1550/1550 1549/1549
f 1483/1483 1549/1549 1484/1484
f 1253/1253 1225/1225 1166/1166
f 1253/1253 1166/1166 1167/1167
f 1550/1550 1551/1551 1555/1555
f 1550/1550 1555/1555 1554/1554
f 1483/1483 1547/1547 1551/1551
f 1483/1483 1551/1551 1550/1550
f 1482/1482 927/927 926/926
f 1482/1482 926/926 1254/1254
f 1255/1255 1256/1256 930/930
f 1255/1255 930/930 929/929
f 1256/1256 1598/1598 1508/1508
f 1256/1256 1508/1508 1497/1497
f 926/926 925/925 1159/1159
f 926/926 1159/1159 1254/1254
f 1258/1258 1260/1260 1259/1259
f 1258/1258 1259/1259 1257/1257
f 1259/1259 1260/1260 1262/1262
f 1259/1259 1262/1262 1261/1261
f 1261/1261 1262/1262 1264/1264
f 1261/1261 1264/1264 1263/1263
f 1264/1264 1266/1266 1265/1265
f 1264/1264 1265/1265 1263/1263
f 1265/1265 1266/1266 1268/1268
f 1265/1265 1268/1268 1267/1267
f 1267/1267 1268/1268 1270/1270
f 1267/1267 1270/1270 1269/1269
f 1275/1275 1277/1277 1276/1276
f 1275/1275 1276/1276 1274/1274
f 1275/1275 1161/1161 1278/1278
f 1275/1275 1278/1278 1277/1277
f 1278/1278 1161/1161 1162/1162
f 1278/1278 1162/1162 1174/1174
f 1278/1278 1280/1280 1279/1279
f 1278/1278 1279/1279 1277/1277
f 1278/1278 1174/1174 1175/1175
f 1278/1278 1175/1175 1280/1280
f 1280/1280 1282/1282 1281/1281
f 1280/1280 1281/1281 1279/1279
f 1280/1280 1175/1175 1176/1176
f 1280/1280 1176/1176 1282/1282
f 1282/1282 1284/1284 1283/1283
f 1282/1282 1283/1283 1281/1281
f 1282/1282 1176/1176 1285/1285
f 1282/1282 1285/1285 1284/1284
f 1285/1285 1176/1176 1177/1177
f 1285/1285 1177/1177 1181/1181
f 1286/1286 1284/1284 1285/1285
f 1286/1286 1285/1285 1287/1287
f 1287/1287 1285/1285 1181/1181
f 1287/1287 1181/1181 1288/1288
f 1288/1288 1181/1181 1182/1182
f 1288/1288 1182/1182 1186/1186
f 1288/1288 1290/1290 1289/1289
f 1288/1288 1289/1289 1287/1287
f 1288/1288 1186/1186 1291/1291
f 1288/1288 1291/1291 1290/1290
f 1291/1291 1186/1186 1187/1187
f 1291/1291 1187/1187 1189/1189
f 1291/1291 1293/1293 1292/1292
f 1291/1291 1292/1292 1290/1290
f 1291/1291 1189/1189 1294/1294
f 1291/1291 1294/1294 1293/1293
f 1295/1295 1293/1293 1294/1294
f 1295/1295 1294/1294 1296/1296
f 1297/1297 1295/1295 1296/1296
f 1297/1297 1296/1296 1298/1298
f 1298/1298 1244/1244 1245/1245
f 1298/1298 1245/1245 1297/1297
f 1300/1300 1299/1299 1295/1295
f 1300/1300 1295/1295 1297/1297
f 1297/1297 1245/1245 1246/1246
f 1297/1297 1246/1246 1300/1300
f 1302/1302 1301/1301 1299/1299
f 1302/1302 1299/1299 1300/1300
f 1300/1300 1246/1246 1248/1248
f 1300/1300 1248/1248 1302/1302
f 1304/1304 1303/1303 1301/1301
f 1304/1304 1301/1301 1302/1302
f 1302/1302 1248/1248 1250/1250
f 1302/1302 1250/1250 1304/1304
f 1304/1304 1552/1552 1305/1305
f 1304/1304 1305/1305 1303/1303
f 1552/1552 1553/1553 1306/1306
f 1552/1552 1306/1306 1305/1305
f 1306/1306 1308/1308 1307/1307
f 1306/1306 1307/1307 1305/1305
f 1257/1257 1259/1259 1308/1308
f 1257/1257 1308/1308 1306/1306
f 1308/1308 1310/1310 1309/1309
f 1308/1308 1309/1309 1307/1307
f 1308/1308 1259/1259 1261/1261
f 1308/1308 1261/1261 1310/1310
f 1310/1310 1312/1312 1311/1311
f 1310/1310 1311/1311 1309/1309
f 1310/1310 1261/1261 1263/1263
f 1310/1310 1263/1263 1312/1312
f 1312/1312 1313/1313 1283/1283
f 1312/1312 1283/1283 1311/1311
f 1263/1263 1265/1265 1313/1313
f 1263/1263 1313/1313 1312/1312
f 1313/1313 1314/1314 1281/1281
f 1313/1313 1281/1281 1283/1283
f 1313/1313 1265/1265 1267/1267
f 1313/1313 1267/1267 1314/1314
f 1314/1314 1315/1315 1279/1279
f 1314/1314 1279/1279 1281/1281
f 1314/1314 1267/1267 1269/1269
f 1314/1314 1269/1269 1315/1315
f 1315/1315 1276/1276 1277/1277
f 1315/1315 1277/1277 1279/1279
f 1315/1315 1269/1269 1316/1316
f 1315/1315 1316/1316 1276/1276
f 1316/1316 1317/1317 1274/1274
f 1316/1316 1274/1274 1276/1276
f 1311/1311 1283/1283 1284/1284
f 1311/1311 1284/1284 1286/1286
f 1311/1311 1286/1286 1318/1318
f 1311/1311 1318/1318 1309/1309
f 1318/1318 1286/1286 1287/1287
f 1318/1318 1287/1287 1289/1289
f 1318/1318 1319/1319 1307/1307
f 1318/1318 1307/1307 1309/1309
f 1318/1318 1289/1289 1320/1320
f 1318/1318 1320/1320 1319/1319
f 1320/1320 1289/1289 1290/1290
f 1320/1320 1290/1290 1292/1292
f 1303/1303 1319/1319 1320/1320
f 1303/1303 1320/1320 1301/1301
f 1301/1301 1320/1320 1292/1292
f 1301/1301 1292/1292 1299/1299
f 1305/1305 1307/1307 1319/1319
f 1305/1305 1319/1319 1303/1303
f 1299/1299 1292/1292 1293/1293
f 1299/1299 1293/1293 1295/1295
f 1501/1501 1201/1201 1239/1239
f 1501/1501 1239/1239 1532/1532
f 1173/1173 1326/1326 1325/1325
f 1173/1173 1325/1325 1323/1323
f 1323/1323 1180/1180 1172/1172
f 1323/1323 1172/1172 1173/1173
f 1326/1326 1328/1328 1327/1327
f 1326/1326 1327/1327 1325/1325
f 1326/1326 1330/1330 1329/1329
f 1326/1326 1329/1329 1328/1328
f 1169/1169 1330/1330 1326/1326
f 1169/1169 1326/1326 1173/1173
f 1330/1330 1332/1332 1331/1331
f 1330/1330 1331/1331 1329/1329
f 1170/1170 1332/1332 1330/1330
f 1170/1170 1330/1330 1169/1169
f 1332/1332 1334/1334 1333/1333
f 1332/1332 1333/1333 1331/1331
f 1335/1335 1334/1334 1332/1332
f 1335/1335 1332/1332 1170/1170
f 1335/1335 1336/1336 1468/1468
f 1335/1335 1468/1468 1334/1334
f 1338/1338 1337/1337 1336/1336
f 1338/1338 1336/1336 1335/1335
f 1335/1335 1170/1170 1171/1171
f 1335/1335 1171/1171 1338/1338
f 1338/1338 1171/1171 1174/1174
f 1338/1338 1174/1174 1162/1162
f 1334/1334 1468/1468 1413/1413
f 1334/1334 1413/1413 1333/1333
f 1331/1331 1340/1340 1339/1339
f 1331/1331 1339/1339 1329/1329
f 1339/1339 1341/1341 1328/1328
f 1339/1339 1328/1328 1329/1329
f 1341/1341 1342/1342 1327/1327
f 1341/1341 1327/1327 1328/1328
f 562/562 1494/1494 1493/1493
f 562/562 1493/1493 614/614
f 1507/1507 1506/1506 923/923
f 1507/1507 923/923 924/924
f 1351/1351 1509/1509 1144/1144
f 1351/1351 1144/1144 1145/1145
f 1500/1500 1352/1352 933/933
f 1500/1500 933/933 932/932
f 1495/1495 613/613 615/615
f 1495/1495 615/615 1496/1496
f 1353/1353 1345/1345 1469/1469
f 1353/1353 1469/1469 1527/1527
f 1355/1355 1470/1470 1273/1273
f 1355/1355 1273/1273 1272/1272
f 1419/1419 1417/1417 1528/1528
f 1419/1419 1528/1528 1356/1356
f 1537/1537 1536/1536 1358/1358
f 1537/1537 1358/1358 1357/1357
f 1616/1616 1614/1614 1513/1513
f 1616/1616 1513/1513 1672/1672
f 1510/1510 1346/1346 1545/1545
f 1510/1510 1545/1545 1607/1607
f 1347/1347 1604/1604 1603/1603
f 1347/1347 1603/1603 1362/1362
f 1671/1671 1365/1365 1669/1669
f 1671/1671 1669/1669 1529/1529
f 1347/1347 1362/1362 1367/1367
f 1347/1347 1367/1367 1366/1366
f 1357/1357 1358/1358 1540/1540
f 1357/1357 1540/1540 1539/1539
f 1666/1666 1615/1615 1512/1512
f 1666/1666 1512/1512 1667/1667
f 1368/1368 1348/1348 564/564
f 1368/1368 564/564 637/637
f 564/564 1348/1348 1650/1650
f 564/564 1650/1650 565/565
f 1373/1373 1372/1372 1371/1371
f 1373/1373 1371/1371 1349/1349
f 1349/1349 1375/1375 1374/1374
f 1349/1349 1374/1374 1373/1373
f 1371/1371 1658/1658 1375/1375
f 1371/1371 1375/1375 1349/1349
f 1518/1518 1378/1378 1377/1377
f 1518/1518 1377/1377 1519/1519
f 1518/1518 1676/1676 1675/1675
f 1518/1518 1675/1675 1752/1752
f 1350/1350 1379/1379 1678/1678
f 1350/1350 1678/1678 1677/1677
f 1350/1350 1376/1376 1380/1380
f 1350/1350 1380/1380 1379/1379
f 1380/1380 1376/1376 1382/1382
f 1380/1380 1382/1382 1381/1381
f 1380/1380 1600/1600 1599/1599
f 1380/1380 1599/1599 1379/1379
f 1380/1380 1381/1381 1601/1601
f 1380/1380 1601/1601 1600/1600
f 1601/1601 1381/1381 1387/1387
f 1601/1601 1387/1387 1602/1602
f 1385/1385 1389/1389 1388/1388
f 1385/1385 1388/1388 1384/1384
f 1385/1385 1386/1386 1390/1390
f 1385/1385 1390/1390 1389/1389
f 1390/1390 1386/1386 1363/1363
f 1390/1390 1363/1363 1391/1391
f 1390/1390 1393/1393 1392/1392
f 1390/1390 1392/1392 1389/1389
f 1390/1390 1391/1391 1394/1394
f 1390/1390 1394/1394 1393/1393
f 1394/1394 1391/1391 1396/1396
f 1394/1394 1396/1396 1395/1395
f 1394/1394 1206/1206 1204/1204
f 1394/1394 1204/1204 1393/1393
f 1394/1394 1395/1395 1208/1208
f 1394/1394 1208/1208 1206/1206
f 1208/1208 1395/1395 1502/1502
f 1208/1208 1502/1502 1210/1210
f 1515/1515 1611/1611 1610/1610
f 1515/1515 1610/1610 1503/1503
f 1396/1396 1618/1618 1502/1502
f 1396/1396 1502/1502 1395/1395
f 1397/1397 1503/1503 1214/1214
f 1397/1397 1214/1214 1212/1212
f 1154/1154 1401/1401 1402/1402
f 1154/1154 1402/1402 1155/1155
f 1399/1399 1402/1402 1401/1401
f 1399/1399 1401/1401 1398/1398
f 1153/1153 1218/1218 1401/1401
f 1153/1153 1401/1401 1154/1154
f 1155/1155 1402/1402 1361/1361
f 1155/1155 1361/1361 1156/1156
f 1360/1360 1361/1361 1402/1402
f 1360/1360 1402/1402 1399/1399
f 1157/1157 1156/1156 1361/1361
f 1157/1157 1361/1361 1545/1545
f 1514/1514 1612/1612 1611/1611
f 1514/1514 1611/1611 1515/1515
f 1364/1364 1619/1619 1618/1618
f 1364/1364 1618/1618 1396/1396
f 1204/1204 1202/1202 1392/1392
f 1204/1204 1392/1392 1393/1393
f 1202/1202 1404/1404 1403/1403
f 1202/1202 1403/1403 1392/1392
f 1200/1200 1682/1682 1405/1405
f 1200/1200 1405/1405 1751/1751
f 1755/1755 1753/1753 1714/1714
f 1755/1755 1714/1714 1713/1713
f 1342/1342 1341/1341 1407/1407
f 1342/1342 1407/1407 1406/1406
f 1341/1341 1339/1339 1408/1408
f 1341/1341 1408/1408 1407/1407
f 1339/1339 1340/1340 1409/1409
f 1339/1339 1409/1409 1408/1408
f 1340/1340 1411/1411 1410/1410
f 1340/1340 1410/1410 1409/1409
f 1340/1340 1331/1331 1333/1333
f 1340/1340 1333/1333 1411/1411
f 1333/1333 1413/1413 1412/1412
f 1333/1333 1412/1412 1411/1411
f 1413/1413 186/186 187/187
f 1413/1413 187/187 1412/1412
f 193/193 1415/1415 1414/1414
f 193/193 1414/1414 192/192
f 194/194 1416/1416 1415/1415
f 194/194 1415/1415 193/193
f 195/195 1417/1417 1416/1416
f 195/195 1416/1416 194/194
f 1418/1418 1416/1416 1417/1417
f 1418/1418 1417/1417 1419/1419
f 1419/1419 1421/1421 1420/1420
f 1419/1419 1420/1420 1418/1418
f 1422/1422 1421/1421 1419/1419
f 1422/1422 1419/1419 1356/1356
f 1424/1424 1423/1423 1421/1421
f 1424/1424 1421/1421 1422/1422
f 1422/1422 1426/1426 1425/1425
f 1422/1422 1425/1425 1424/1424
f 1356/1356 1353/1353 1426/1426
f 1356/1356 1426/1426 1422/1422
f 1525/1525 1425/1425 1426/1426
f 1525/1525 1426/1426 1526/1526
f 1526/1526 1426/1426 1353/1353
f 1526/1526 1353/1353 1527/1527
f 1648/1648 1655/1655 1656/1656
f 1648/1648 1656/1656 1649/1649
f 1427/1427 1354/1354 1531/1531
f 1427/1427 1531/1531 1530/1530
f 1429/1429 1369/1369 1370/1370
f 1429/1429 1370/1370 1428/1428
f 1429/1429 1430/1430 1542/1542
f 1429/1429 1542/1542 1369/1369
f 1271/1271 1430/1430 1355/1355
f 1271/1271 1355/1355 1272/1272
f 1653/1653 1654/1654 1647/1647
f 1653/1653 1647/1647 1646/1646
f 1655/1655 1663/1663 1664/1664
f 1655/1655 1664/1664 1656/1656
f 1661/1661 1662/1662 1654/1654
f 1661/1661 1654/1654 1653/1653
f 1663/1663 1669/1669 1365/1365
f 1663/1663 1365/1365 1664/1664
f 1657/1657 1617/1617 1375/1375
f 1657/1657 1375/1375 1658/1658
f 1371/1371 1372/1372 1423/1423
f 1371/1371 1423/1423 1424/1424
f 1423/1423 1431/1431 1420/1420
f 1423/1423 1420/1420 1421/1421
f 1423/1423 1372/1372 1432/1432
f 1423/1423 1432/1432 1431/1431
f 1432/1432 1434/1434 1433/1433
f 1432/1432 1433/1433 1431/1431
f 1434/1434 1432/1432 1436/1436
f 1434/1434 1436/1436 1435/1435
f 1436/1436 1432/1432 1372/1372
f 1436/1436 1372/1372 1373/1373
f 1436/1436 1438/1438 1437/1437
f 1436/1436 1437/1437 1435/1435
f 1373/1373 1374/1374 1438/1438
f 1373/1373 1438/1438 1436/1436
f 1521/1521 1437/1437 1438/1438
f 1521/1521 1438/1438 1522/1522
f 1522/1522 1438/1438 1374/1374
f 1522/1522 1374/1374 1523/1523
f 1520/1520 1440/1440 1437/1437
f 1520/1520 1437/1437 1521/1521
f 1439/1439 1387/1387 1381/1381
f 1439/1439 1381/1381 1382/1382
f 1439/1439 1367/1367 1362/1362
f 1439/1439 1362/1362 1387/1387
f 1435/1435 1437/1437 1440/1440
f 1435/1435 1440/1440 1441/1441
f 1441/1441 1440/1440 1377/1377
f 1441/1441 1377/1377 1442/1442
f 1519/1519 1377/1377 1440/1440
f 1519/1519 1440/1440 1520/1520
f 1442/1442 1444/1444 1443/1443
f 1442/1442 1443/1443 1441/1441
f 1442/1442 1446/1446 1445/1445
f 1442/1442 1445/1445 1444/1444
f 1442/1442 1377/1377 1378/1378
f 1442/1442 1378/1378 1446/1446
f 1446/1446 1448/1448 1447/1447
f 1446/1446 1447/1447 1445/1445
f 1448/1448 1406/1406 1407/1407
f 1448/1448 1407/1407 1447/1447
f 1752/1752 1753/1753 1755/1755
f 1752/1752 1755/1755 1754/1754
f 1447/1447 1450/1450 1449/1449
f 1447/1447 1449/1449 1445/1445
f 1447/1447 1407/1407 1408/1408
f 1447/1447 1408/1408 1450/1450
f 1450/1450 1452/1452 1451/1451
f 1450/1450 1451/1451 1449/1449
f 1450/1450 1408/1408 1409/1409
f 1450/1450 1409/1409 1452/1452
f 1452/1452 1454/1454 1453/1453
f 1452/1452 1453/1453 1451/1451
f 1452/1452 1409/1409 1410/1410
f 1452/1452 1410/1410 1454/1454
f 1454/1454 1456/1456 1455/1455
f 1454/1454 1455/1455 1453/1453
f 1410/1410 1457/1457 1456/1456
f 1410/1410 1456/1456 1454/1454
f 1457/1457 188/188 189/189
f 1457/1457 189/189 1456/1456
f 1457/1457 1412/1412 187/187
f 1457/1457 187/187 188/188
f 1411/1411 1412/1412 1457/1457
f 1411/1411 1457/1457 1410/1410
f 1456/1456 189/189 190/190
f 1456/1456 190/190 1455/1455
f 1455/1455 190/190 191/191
f 1455/1455 191/191 1458/1458
f 1453/1453 1455/1455 1458/1458
f 1453/1453 1458/1458 1459/1459
f 1459/1459 1458/1458 1414/1414
f 1459/1459 1414/1414 1460/1460
f 1459/1459 1461/1461 1451/1451
f 1459/1459 1451/1451 1453/1453
f 1459/1459 1460/1460 1462/1462
f 1459/1459 1462/1462 1461/1461
f 1462/1462 1460/1460 1464/1464
f 1462/1462 1464/1464 1463/1463
f 1462/1462 1466/1466 1465/1465
f 1462/1462 1465/1465 1461/1461
f 1462/1462 1463/1463 1433/1433
f 1462/1462 1433/1433 1466/1466
f 1466/1466 1443/1443 1444/1444
f 1466/1466 1444/1444 1465/1465
f 1466/1466 1433/1433 1434/1434
f 1466/1466 1434/1434 1443/1443
f 1465/1465 1449/1449 1451/1451
f 1465/1465 1451/1451 1461/1461
f 1465/1465 1444/1444 1445/1445
f 1465/1465 1445/1445 1449/1449
f 1464/1464 1415/1415 1416/1416
f 1464/1464 1416/1416 1418/1418
f 1460/1460 1414/1414 1415/1415
f 1460/1460 1415/1415 1464/1464
f 1464/1464 1418/1418 1420/1420
f 1464/1464 1420/1420 1463/1463
f 1463/1463 1420/1420 1431/1431
f 1463/1463 1431/1431 1433/1433
f 1458/1458 191/191 192/192
f 1458/1458 192/192 1414/1414
f 1443/1443 1434/1434 1435/1435
f 1443/1443 1435/1435 1441/1441
f 1675/1675 1517/1517 1753/1753
f 1675/1675 1753/1753 1752/1752
f 1678/1678 1379/1379 1599/1599
f 1678/1678 1599/1599 1679/1679
f 1680/1680 1383/1383 1467/1467
f 1680/1680 1467/1467 1681/1681
f 1467/1467 1383/1383 1384/1384
f 1467/1467 1384/1384 1388/1388
f 1467/1467 1405/1405 1682/1682
f 1467/1467 1682/1682 1681/1681
f 1467/1467 1388/1388 1403/1403
f 1467/1467 1403/1403 1405/1405
f 1403/1403 1388/1388 1389/1389
f 1403/1403 1389/1389 1392/1392
f 1396/1396 1391/1391 1363/1363
f 1396/1396 1363/1363 1364/1364
f 1387/1387 1362/1362 1603/1603
f 1387/1387 1603/1603 1602/1602
f 1507/1507 924/924 937/937
f 1507/1507 937/937 1368/1368
f 935/935 934/934 1537/1537
f 935/935 1537/1537 1357/1357
f 186/186 1413/1413 1468/1468
f 186/186 1468/1468 185/185
f 1469/1469 1345/1345 1160/1160
f 1469/1469 1160/1160 1163/1163
f 1470/1470 1469/1469 1163/1163
f 1470/1470 1163/1163 1273/1273
f 1495/1495 1494/1494 562/562
f 1495/1495 562/562 613/613
f 1493/1493 1492/1492 560/560
f 1493/1493 560/560 614/614
f 1472/1472 1473/1473 1474/1474
f 1472/1472 1474/1474 1471/1471
f 1473/1473 1481/1481 1480/1480
f 1473/1473 1480/1480 1474/1474
f 1475/1475 1544/1544 1476/1476
f 1475/1475 1476/1476 1477/1477
f 1476/1476 1478/1478 1479/1479
f 1476/1476 1479/1479 1477/1477
f 1478/1478 1480/1480 1481/1481
f 1478/1478 1481/1481 1479/1479
f 1161/1161 1473/1473 1472/1472
f 1161/1161 1472/1472 1162/1162
f 1474/1474 1163/1163 1160/1160
f 1474/1474 1160/1160 1471/1471
f 1543/1543 1271/1271 1476/1476
f 1543/1543 1476/1476 1544/1544
f 1476/1476 1271/1271 1272/1272
f 1476/1476 1272/1272 1478/1478
f 1478/1478 1272/1272 1273/1273
f 1478/1478 1273/1273 1480/1480
f 1480/1480 1273/1273 1163/1163
f 1480/1480 1163/1163 1474/1474
f 1274/1274 1479/1479 1481/1481
f 1274/1274 1481/1481 1275/1275
f 1275/1275 1481/1481 1473/1473
f 1275/1275 1473/1473 1161/1161
f 1317/1317 1546/1546 1475/1475
f 1317/1317 1475/1475 1477/1477
f 1477/1477 1479/1479 1274/1274
f 1477/1477 1274/1274 1317/1317
f 1162/1162 1472/1472 1337/1337
f 1162/1162 1337/1337 1338/1338
f 1538/1538 928/928 927/927
f 1538/1538 927/927 1482/1482
f 1483/1483 1167/1167 1165/1165
f 1483/1483 1165/1165 1547/1547
f 1484/1484 1253/1253 1167/1167
f 1484/1484 1167/1167 1483/1483
f 1485/1485 1252/1252 1253/1253
f 1485/1485 1253/1253 1484/1484
f 1486/1486 1251/1251 1252/1252
f 1486/1486 1252/1252 1485/1485
f 1487/1487 1249/1249 1251/1251
f 1487/1487 1251/1251 1486/1486
f 1488/1488 1247/1247 1249/1249
f 1488/1488 1249/1249 1487/1487
f 1489/1489 1243/1243 1247/1247
f 1489/1489 1247/1247 1488/1488
f 1490/1490 1242/1242 1243/1243
f 1490/1490 1243/1243 1489/1489
f 1506/1506 1505/1505 925/925
f 1506/1506 925/925 923/923
f 396/396 361/361 1492/1492
f 396/396 1492/1492 1493/1493
f 1494/1494 362/362 396/396
f 1494/1494 396/396 1493/1493
f 363/363 362/362 1494/1494
f 363/363 1494/1494 1495/1495
f 363/363 1495/1495 1496/1496
f 363/363 1496/1496 1574/1574
f 1528/1528 1417/1417 195/195
f 1528/1528 195/195 196/196
f 1345/1345 197/197 180/180
f 1345/1345 180/180 1160/1160
f 1471/1471 1160/1160 180/180
f 1471/1471 180/180 181/181
f 1471/1471 181/181 182/182
f 1471/1471 182/182 1472/1472
f 1337/1337 1472/1472 182/182
f 1337/1337 182/182 183/183
f 1337/1337 183/183 184/184
f 1337/1337 184/184 1336/1336
f 931/931 930/930 1256/1256
f 931/931 1256/1256 1497/1497
f 1498/1498 1499/1499 1151/1151
f 1498/1498 1151/1151 1150/1150
f 1151/1151 1499/1499 1217/1217
f 1151/1151 1217/1217 1152/1152
f 1508/1508 1146/1146 1144/1144
f 1508/1508 1144/1144 1509/1509
f 935/935 1357/1357 1539/1539
f 935/935 1539/1539 936/936
f 932/932 931/931 1497/1497
f 932/932 1497/1497 1500/1500
f 1508/1508 1598/1598 1147/1147
f 1508/1508 1147/1147 1146/1146
f 1202/1202 1201/1201 1501/1501
f 1202/1202 1501/1501 1404/1404
f 1210/1210 1502/1502 1397/1397
f 1210/1210 1397/1397 1212/1212
f 1503/1503 1610/1610 1609/1609
f 1503/1503 1609/1609 1214/1214
f 1398/1398 1401/1401 1218/1218
f 1398/1398 1218/1218 1216/1216
f 551/551 1504/1504 1505/1505
f 551/551 1505/1505 553/553
f 618/618 553/553 1505/1505
f 618/618 1505/1505 1506/1506
f 563/563 618/618 1506/1506
f 563/563 1506/1506 1507/1507
f 1497/1497 1508/1508 1509/1509
f 1497/1497 1509/1509 1500/1500
f 1500/1500 1509/1509 1351/1351
f 1500/1500 1351/1351 1352/1352
f 563/563 1507/1507 1368/1368
f 563/563 1368/1368 637/637
f 1534/1534 1165/1165 1167/1167
f 1534/1534 1167/1167 1166/1166
f 1511/1511 1358/1358 1536/1536
f 1511/1511 1536/1536 1535/1535
f 1540/1540 1358/1358 1511/1511
f 1540/1540 1511/1511 1665/1665
f 1613/1613 1606/1606 1513/1513
f 1613/1613 1513/1513 1614/1614
f 1667/1667 1668/1668 1662/1662
f 1667/1667 1662/1662 1661/1661
f 1605/1605 1620/1620 1621/1621
f 1605/1605 1621/1621 1673/1673
f 1359/1359 1514/1514 1515/1515
f 1359/1359 1515/1515 1400/1400
f 1400/1400 1515/1515 1503/1503
f 1400/1400 1503/1503 1397/1397
f 1347/1347 1621/1621 1620/1620
f 1347/1347 1620/1620 1604/1604
f 1350/1350 1518/1518 1519/1519
f 1350/1350 1519/1519 1376/1376
f 1376/1376 1519/1519 1520/1520
f 1376/1376 1520/1520 1382/1382
f 1382/1382 1520/1520 1521/1521
f 1382/1382 1521/1521 1439/1439
f 1439/1439 1521/1521 1522/1522
f 1439/1439 1522/1522 1367/1367
f 1367/1367 1522/1522 1523/1523
f 1367/1367 1523/1523 1366/1366
f 1365/1365 1671/1671 1670/1670
f 1365/1365 1670/1670 1524/1524
f 1365/1365 1524/1524 1617/1617
f 1365/1365 1617/1617 1664/1664
f 1664/1664 1617/1617 1657/1657
f 1664/1664 1657/1657 1656/1656
f 1656/1656 1657/1657 1525/1525
f 1656/1656 1525/1525 1649/1649
f 1427/1427 1526/1526 1527/1527
f 1427/1427 1527/1527 1354/1354
f 1527/1527 1469/1469 1470/1470
f 1527/1527 1470/1470 1354/1354
f 184/184 185/185 1468/1468
f 184/184 1468/1468 1336/1336
f 1354/1354 1470/1470 1355/1355
f 1354/1354 1355/1355 1531/1531
f 1356/1356 1528/1528 1345/1345
f 1356/1356 1345/1345 1353/1353
f 196/196 197/197 1345/1345
f 196/196 1345/1345 1528/1528
f 1668/1668 1669/1669 1663/1663
f 1668/1668 1663/1663 1662/1662
f 1662/1662 1663/1663 1655/1655
f 1662/1662 1655/1655 1654/1654
f 1647/1647 1654/1654 1655/1655
f 1647/1647 1655/1655 1648/1648
f 1531/1531 1429/1429 1428/1428
f 1531/1531 1428/1428 1530/1530
f 1531/1531 1355/1355 1430/1430
f 1531/1531 1430/1430 1429/1429
f 1532/1532 1239/1239 1240/1240
f 1532/1532 1240/1240 1747/1747
f 1749/1749 1198/1198 1199/1199
f 1749/1749 1199/1199 1750/1750
f 1714/1714 1753/1753 1517/1517
f 1714/1714 1517/1517 1344/1344
f 1149/1149 1148/1148 1533/1533
f 1149/1149 1533/1533 1632/1632
f 1164/1164 1498/1498 1632/1632
f 1164/1164 1632/1632 1631/1631
f 1630/1630 1168/1168 1164/1164
f 1630/1630 1164/1164 1631/1631
f 1535/1535 1536/1536 1346/1346
f 1535/1535 1346/1346 1510/1510
f 1352/1352 1346/1346 1536/1536
f 1352/1352 1536/1536 1537/1537
f 934/934 933/933 1352/1352
f 934/934 1352/1352 1537/1537
f 1255/1255 929/929 928/928
f 1255/1255 928/928 1538/1538
f 1539/1539 1368/1368 937/937
f 1539/1539 937/937 936/936
f 1540/1540 1348/1348 1368/1368
f 1540/1540 1368/1368 1539/1539
f 1316/1316 1269/1269 1270/1270
f 1316/1316 1270/1270 1541/1541
f 1430/1430 1271/1271 1543/1543
f 1430/1430 1543/1543 1542/1542
f 1157/1157 1545/1545 1351/1351
f 1157/1157 1351/1351 1145/1145
f 1351/1351 1545/1545 1346/1346
f 1351/1351 1346/1346 1352/1352
f 1317/1317 1316/1316 1541/1541
f 1317/1317 1541/1541 1546/1546
f 1548/1548 1552/1552 1304/1304
f 1548/1548 1304/1304 1250/1250
f 1549/1549 1553/1553 1552/1552
f 1549/1549 1552/1552 1548/1548
f 1550/1550 1554/1554 1553/1553
f 1550/1550 1553/1553 1549/1549
f 1554/1554 1257/1257 1306/1306
f 1554/1554 1306/1306 1553/1553
f 1258/1258 1257/1257 1554/1554
f 1258/1258 1554/1554 1555/1555
f 1556/1556 1558/1558 1559/1559
f 1556/1556 1559/1559 1557/1557
f 1557/1557 1564/1564 1565/1565
f 1557/1557 1565/1565 1556/1556
f 1558/1558 1643/1643 1566/1566
f 1558/1558 1566/1566 1559/1559
f 1560/1560 1583/1583 1582/1582
f 1560/1560 1582/1582 1561/1561
f 1561/1561 1563/1563 1562/1562
f 1561/1561 1562/1562 1560/1560
f 1563/1563 1579/1579 1578/1578
f 1563/1563 1578/1578 1562/1562
f 1564/1564 1584/1584 1585/1585
f 1564/1564 1585/1585 1565/1565
f 1643/1643 1642/1642 1568/1568
f 1643/1643 1568/1568 1566/1566
f 1642/1642 1641/1641 1570/1570
f 1642/1642 1570/1570 1568/1568
f 1641/1641 1640/1640 1573/1573
f 1641/1641 1573/1573 1570/1570
f 1640/1640 1639/1639 1588/1588
f 1640/1640 1588/1588 1573/1573
f 1575/1575 1576/1576 1634/1634
f 1575/1575 1634/1634 1633/1633
f 1576/1576 1591/1591 1635/1635
f 1576/1576 1635/1635 1634/1634
f 1579/1579 1581/1581 1580/1580
f 1579/1579 1580/1580 1578/1578
f 1581/1581 1586/1586 1587/1587
f 1581/1581 1587/1587 1580/1580
f 1584/1584 1582/1582 1583/1583
f 1584/1584 1583/1583 1585/1585
f 1533/1533 1148/1148 1147/1147
f 1533/1533 1147/1147 1598/1598
f 1639/1639 1638/1638 1596/1596
f 1639/1639 1596/1596 1588/1588
f 1591/1591 1592/1592 1636/1636
f 1591/1591 1636/1636 1635/1635
f 1592/1592 1594/1594 1637/1637
f 1592/1592 1637/1637 1636/1636
f 1594/1594 1596/1596 1638/1638
f 1594/1594 1638/1638 1637/1637
f 1504/1504 551/551 1585/1585
f 1504/1504 1585/1585 1583/1583
f 551/551 554/554 1565/1565
f 551/551 1565/1565 1585/1585
f 552/552 1558/1558 1556/1556
f 552/552 1556/1556 559/559
f 1492/1492 361/361 360/360
f 1492/1492 360/360 1567/1567
f 1534/1534 1533/1533 1586/1586
f 1534/1534 1586/1586 1165/1165
f 1551/1551 1579/1579 1563/1563
f 1551/1551 1563/1563 1555/1555
f 1547/1547 1581/1581 1579/1579
f 1547/1547 1579/1579 1551/1551
f 1562/1562 1254/1254 1159/1159
f 1562/1562 1159/1159 1560/1560
f 1562/1562 1578/1578 1482/1482
f 1562/1562 1482/1482 1254/1254
f 1584/1584 1564/1564 1260/1260
f 1584/1584 1260/1260 1258/1258
f 1260/1260 1564/1564 1557/1557
f 1260/1260 1557/1557 1262/1262
f 1262/1262 1557/1557 1559/1559
f 1262/1262 1559/1559 1264/1264
f 1559/1559 1566/1566 1266/1266
f 1559/1559 1266/1266 1264/1264
f 1266/1266 1566/1566 1568/1568
f 1266/1266 1568/1568 1268/1268
f 1268/1268 1568/1568 1570/1570
f 1268/1268 1570/1570 1270/1270
f 1573/1573 1541/1541 1270/1270
f 1573/1573 1270/1270 1570/1570
f 358/358 406/406 1572/1572
f 358/358 1572/1572 1571/1571
f 1556/1556 1565/1565 554/554
f 1556/1556 554/554 559/559
f 1369/1369 1576/1576 1575/1575
f 1369/1369 1575/1575 1370/1370
f 1577/1577 364/364 363/363
f 1577/1577 363/363 1574/1574
f 1369/1369 1542/1542 1591/1591
f 1369/1369 1591/1591 1576/1576
f 1594/1594 1544/1544 1475/1475
f 1594/1594 1475/1475 1596/1596
f 397/397 399/399 1595/1595
f 397/397 1595/1595 1597/1597
f 399/399 403/403 1593/1593
f 399/399 1593/1593 1595/1595
f 1592/1592 1543/1543 1544/1544
f 1592/1592 1544/1544 1594/1594
f 1578/1578 1580/1580 1538/1538
f 1578/1578 1538/1538 1482/1482
f 1165/1165 1586/1586 1581/1581
f 1165/1165 1581/1581 1547/1547
f 1580/1580 1587/1587 1255/1255
f 1580/1580 1255/1255 1538/1538
f 403/403 365/365 1590/1590
f 403/403 1590/1590 1593/1593
f 1577/1577 1590/1590 365/365
f 1577/1577 365/365 364/364
f 1569/1569 1567/1567 360/360
f 1569/1569 360/360 359/359
f 1571/1571 1569/1569 359/359
f 1571/1571 359/359 358/358
f 1543/1543 1592/1592 1591/1591
f 1543/1543 1591/1591 1542/1542
f 1589/1589 1572/1572 406/406
f 1589/1589 406/406 410/410
f 1546/1546 1541/1541 1573/1573
f 1546/1546 1573/1573 1588/1588
f 1475/1475 1546/1546 1588/1588
f 1475/1475 1588/1588 1596/1596
f 1597/1597 1589/1589 410/410
f 1597/1597 410/410 397/397
f 1258/1258 1561/1561 1582/1582
f 1258/1258 1582/1582 1584/1584
f 1504/1504 1583/1583 1560/1560
f 1504/1504 1560/1560 1159/1159
f 1555/1555 1563/1563 1561/1561
f 1555/1555 1561/1561 1258/1258
f 1256/1256 1255/1255 1587/1587
f 1256/1256 1587/1587 1598/1598
f 1679/1679 1599/1599 1383/1383
f 1679/1679 1383/1383 1680/1680
f 1600/1600 1384/1384 1383/1383
f 1600/1600 1383/1383 1599/1599
f 1601/1601 1385/1385 1384/1384
f 1601/1601 1384/1384 1600/1600
f 1385/1385 1601/1601 1602/1602
f 1385/1385 1602/1602 1386/1386
f 1603/1603 1363/1363 1386/1386
f 1603/1603 1386/1386 1602/1602
f 1604/1604 1364/1364 1363/1363
f 1604/1604 1363/1363 1603/1603
f 1619/1619 1364/1364 1604/1604
f 1619/1619 1604/1604 1620/1620
f 1359/1359 1605/1605 1606/1606
f 1359/1359 1606/1606 1514/1514
f 1612/1612 1514/1514 1606/1606
f 1612/1612 1606/1606 1613/1613
f 1607/1607 1545/1545 1361/1361
f 1607/1607 1361/1361 1360/1360
f 1219/1219 1220/1220 1215/1215
f 1219/1219 1215/1215 1608/1608
f 1216/1216 1608/1608 1215/1215
f 1216/1216 1215/1215 1609/1609
f 1610/1610 1398/1398 1216/1216
f 1610/1610 1216/1216 1609/1609
f 1611/1611 1399/1399 1398/1398
f 1611/1611 1398/1398 1610/1610
f 1612/1612 1360/1360 1399/1399
f 1612/1612 1399/1399 1611/1611
f 1360/1360 1612/1612 1613/1613
f 1360/1360 1613/1613 1607/1607
f 1607/1607 1613/1613 1614/1614
f 1607/1607 1614/1614 1510/1510
f 1535/1535 1510/1510 1614/1614
f 1535/1535 1614/1614 1616/1616
f 1615/1615 1511/1511 1535/1535
f 1615/1615 1535/1535 1616/1616
f 1665/1665 1511/1511 1615/1615
f 1665/1665 1615/1615 1666/1666
f 1524/1524 1374/1374 1375/1375
f 1524/1524 1375/1375 1617/1617
f 1374/1374 1524/1524 1670/1670
f 1374/1374 1670/1670 1523/1523
f 1529/1529 1669/1669 1668/1668
f 1529/1529 1668/1668 1516/1516
f 1516/1516 1668/1668 1667/1667
f 1516/1516 1667/1667 1512/1512
f 1618/1618 1400/1400 1397/1397
f 1618/1618 1397/1397 1502/1502
f 1619/1619 1359/1359 1400/1400
f 1619/1619 1400/1400 1618/1618
f 1605/1605 1359/1359 1619/1619
f 1605/1605 1619/1619 1620/1620
f 1587/1587 1586/1586 1533/1533
f 1587/1587 1533/1533 1598/1598
f 1241/1241 1623/1623 1624/1624
f 1241/1241 1624/1624 1236/1236
f 1236/1236 1624/1624 1625/1625
f 1236/1236 1625/1625 1237/1237
f 1237/1237 1625/1625 1626/1626
f 1237/1237 1626/1626 1230/1230
f 1230/1230 1626/1626 1627/1627
f 1230/1230 1627/1627 1231/1231
f 1231/1231 1627/1627 1628/1628
f 1231/1231 1628/1628 1224/1224
f 1224/1224 1628/1628 1629/1629
f 1224/1224 1629/1629 1225/1225
f 1225/1225 1629/1629 1630/1630
f 1225/1225 1630/1630 1166/1166
f 1166/1166 1630/1630 1631/1631
f 1166/1166 1631/1631 1534/1534
f 1631/1631 1632/1632 1533/1533
f 1631/1631 1533/1533 1534/1534
f 1498/1498 1150/1150 1149/1149
f 1498/1498 1149/1149 1632/1632
f 1558/1558 552/552 560/560
f 1558/1558 560/560 1492/1492
f 1634/1634 1577/1577 1574/1574
f 1634/1634 1574/1574 1633/1633
f 1635/1635 1590/1590 1577/1577
f 1635/1635 1577/1577 1634/1634
f 1636/1636 1593/1593 1590/1590
f 1636/1636 1590/1590 1635/1635
f 1637/1637 1595/1595 1593/1593
f 1637/1637 1593/1593 1636/1636
f 1638/1638 1597/1597 1595/1595
f 1638/1638 1595/1595 1637/1637
f 1589/1589 1597/1597 1638/1638
f 1589/1589 1638/1638 1639/1639
f 1572/1572 1589/1589 1639/1639
f 1572/1572 1639/1639 1640/1640
f 1571/1571 1572/1572 1640/1640
f 1571/1571 1640/1640 1641/1641
f 1569/1569 1571/1571 1641/1641
f 1569/1569 1641/1641 1642/1642
f 1567/1567 1569/1569 1642/1642
f 1567/1567 1642/1642 1643/1643
f 1558/1558 1492/1492 1567/1567
f 1558/1558 1567/1567 1643/1643
f 1633/1633 1574/1574 1496/1496
f 1633/1633 1496/1496 1644/1644
f 1575/1575 1633/1633 1644/1644
f 1575/1575 1644/1644 1645/1645
f 1370/1370 1575/1575 1645/1645
f 1370/1370 1645/1645 1646/1646
f 1428/1428 1370/1370 1646/1646
f 1428/1428 1646/1646 1647/1647
f 1530/1530 1428/1428 1647/1647
f 1530/1530 1647/1647 1648/1648
f 1427/1427 1530/1530 1648/1648
f 1427/1427 1648/1648 1649/1649
f 1525/1525 1526/1526 1427/1427
f 1525/1525 1427/1427 1649/1649
f 1496/1496 615/615 565/565
f 1496/1496 565/565 1650/1650
f 1644/1644 1496/1496 1650/1650
f 1644/1644 1650/1650 1651/1651
f 1644/1644 1651/1651 1652/1652
f 1644/1644 1652/1652 1645/1645
f 1653/1653 1646/1646 1645/1645
f 1653/1653 1645/1645 1652/1652
f 1658/1658 1425/1425 1525/1525
f 1658/1658 1525/1525 1657/1657
f 1424/1424 1425/1425 1658/1658
f 1424/1424 1658/1658 1371/1371
f 1651/1651 1650/1650 1348/1348
f 1651/1651 1348/1348 1659/1659
f 1660/1660 1652/1652 1651/1651
f 1660/1660 1651/1651 1659/1659
f 1661/1661 1653/1653 1652/1652
f 1661/1661 1652/1652 1660/1660
f 1659/1659 1348/1348 1540/1540
f 1659/1659 1540/1540 1665/1665
f 1666/1666 1660/1660 1659/1659
f 1666/1666 1659/1659 1665/1665
f 1667/1667 1661/1661 1660/1660
f 1667/1667 1660/1660 1666/1666
f 1518/1518 1350/1350 1677/1677
f 1518/1518 1677/1677 1676/1676
f 1673/1673 1621/1621 1516/1516
f 1673/1673 1516/1516 1674/1674
f 1671/1671 1366/1366 1523/1523
f 1671/1671 1523/1523 1670/1670
f 1347/1347 1366/1366 1671/1671
f 1347/1347 1671/1671 1529/1529
f 1529/1529 1516/1516 1621/1621
f 1529/1529 1621/1621 1347/1347
f 1616/1616 1672/1672 1512/1512
f 1616/1616 1512/1512 1615/1615
f 1605/1605 1673/1673 1513/1513
f 1605/1605 1513/1513 1606/1606
f 1513/1513 1673/1673 1674/1674
f 1513/1513 1674/1674 1672/1672
f 1674/1674 1516/1516 1512/1512
f 1674/1674 1512/1512 1672/1672
f 1915/1915 1684/1684 1683/1683
f 1915/1915 1683/1683 1916/1916
f 1917/1917 1686/1686 1685/1685
f 1917/1917 1685/1685 1888/1888
f 1888/1888 1685/1685 1687/1687
f 1888/1888 1687/1687 1889/1889
f 1890/1890 1688/1688 1689/1689
f 1890/1890 1689/1689 1891/1891
f 1891/1891 1689/1689 1690/1690
f 1891/1891 1690/1690 1892/1892
f 1892/1892 1690/1690 1691/1691
f 1892/1892 1691/1691 1893/1893
f 1894/1894 1692/1692 1693/1693
f 1894/1894 1693/1693 1895/1895
f 1897/1897 1694/1694 1695/1695
f 1897/1897 1695/1695 1898/1898
f 1898/1898 1695/1695 1696/1696
f 1898/1898 1696/1696 1899/1899
f 1899/1899 1696/1696 1697/1697
f 1899/1899 1697/1697 1900/1900
f 1914/1914 1698/1698 1684/1684
f 1914/1914 1684/1684 1915/1915
f 1913/1913 1699/1699 1698/1698
f 1913/1913 1698/1698 1914/1914
f 1910/1910 1701/1701 1700/1700
f 1910/1910 1700/1700 1911/1911
f 1911/1911 1700/1700 1702/1702
f 1911/1911 1702/1702 1912/1912
f 1889/1889 1687/1687 1688/1688
f 1889/1889 1688/1688 1890/1890
f 1895/1895 1693/1693 1703/1703
f 1895/1895 1703/1703 1896/1896
f 1912/1912 1702/1702 1699/1699
f 1912/1912 1699/1699 1913/1913
f 1893/1893 1691/1691 1692/1692
f 1893/1893 1692/1692 1894/1894
f 1909/1909 1704/1704 1701/1701
f 1909/1909 1701/1701 1910/1910
f 1896/1896 1703/1703 1694/1694
f 1896/1896 1694/1694 1897/1897
f 1916/1916 1683/1683 1686/1686
f 1916/1916 1686/1686 1917/1917
f 1908/1908 1705/1705 1704/1704
f 1908/1908 1704/1704 1909/1909
f 1907/1907 1706/1706 1705/1705
f 1907/1907 1705/1705 1908/1908
f 1906/1906 1707/1707 1706/1706
f 1906/1906 1706/1706 1907/1907
f 1905/1905 1708/1708 1707/1707
f 1905/1905 1707/1707 1906/1906
f 1904/1904 1709/1709 1708/1708
f 1904/1904 1708/1708 1905/1905
f 1903/1903 1710/1710 1709/1709
f 1903/1903 1709/1709 1904/1904
f 1902/1902 1711/1711 1710/1710
f 1902/1902 1710/1710 1903/1903
f 1901/1901 1712/1712 1711/1711
f 1901/1901 1711/1711 1902/1902
f 1900/1900 1697/1697 1712/1712
f 1900/1900 1712/1712 1901/1901
f 1714/1714 1715/1715 1716/1716
f 1714/1714 1716/1716 1713/1713
f 1715/1715 1717/1717 1718/1718
f 1715/1715 1718/1718 1716/1716
f 1717/1717 1719/1719 1720/1720
f 1717/1717 1720/1720 1718/1718
f 1719/1719 1721/1721 1722/1722
f 1719/1719 1722/1722 1720/1720
f 1721/1721 1723/1723 1724/1724
f 1721/1721 1724/1724 1722/1722
f 1723/1723 1725/1725 1726/1726
f 1723/1723 1726/1726 1724/1724
f 1725/1725 1727/1727 1728/1728
f 1725/1725 1728/1728 1726/1726
f 1727/1727 1729/1729 1730/1730
f 1727/1727 1730/1730 1728/1728
f 1729/1729 1731/1731 1732/1732
f 1729/1729 1732/1732 1730/1730
f 1731/1731 1733/1733 1734/1734
f 1731/1731 1734/1734 1732/1732
f 1733/1733 1735/1735 1736/1736
f 1733/1733 1736/1736 1734/1734
f 1735/1735 1737/1737 1738/1738
f 1735/1735 1738/1738 1736/1736
f 1737/1737 1739/1739 1740/1740
f 1737/1737 1740/1740 1738/1738
f 1739/1739 1742/1742 1741/1741
f 1739/1739 1741/1741 1740/1740
f 1742/1742 1743/1743 1744/1744
f 1742/1742 1744/1744 1741/1741
f 1743/1743 1745/1745 1746/1746
f 1743/1743 1746/1746 1744/1744
f 1745/1745 1748/1748 1747/1747
f 1745/1745 1747/1747 1746/1746
f 1184/1184 1725/1725 1723/1723
f 1184/1184 1723/1723 1185/1185
f 1727/1727 1725/1725 1184/1184
f 1727/1727 1184/1184 1188/1188
f 1190/1190 1729/1729 1727/1727
f 1190/1190 1727/1727 1188/1188
f 1622/1622 1197/1197 1748/1748
f 1622/1622 1748/1748 1745/1745
f 1196/1196 1743/1743 1742/1742
f 1196/1196 1742/1742 1195/1195
f 1191/1191 1731/1731 1729/1729
f 1191/1191 1729/1729 1190/1190
f 1733/1733 1731/1731 1191/1191
f 1733/1733 1191/1191 1192/1192
f 1735/1735 1733/1733 1192/1192
f 1735/1735 1192/1192 1193/1193
f 1194/1194 1737/1737 1735/1735
f 1194/1194 1735/1735 1193/1193
f 1491/1491 1739/1739 1737/1737
f 1491/1491 1737/1737 1194/1194
f 1321/1321 1721/1721 1719/1719
f 1321/1321 1719/1719 1322/1322
f 1185/1185 1723/1723 1721/1721
f 1185/1185 1721/1721 1321/1321
f 1719/1719 1717/1717 1324/1324
f 1719/1719 1324/1324 1322/1322
f 1343/1343 1715/1715 1714/1714
f 1343/1343 1714/1714 1344/1344
f 1324/1324 1717/1717 1715/1715
f 1324/1324 1715/1715 1343/1343
f 1491/1491 1195/1195 1742/1742
f 1491/1491 1742/1742 1739/1739
f 1716/1716 1327/1327 1342/1342
f 1716/1716 1342/1342 1713/1713
f 1718/1718 1325/1325 1327/1327
f 1718/1718 1327/1327 1716/1716
f 1323/1323 1325/1325 1718/1718
f 1323/1323 1718/1718 1720/1720
f 1722/1722 1180/1180 1323/1323
f 1722/1722 1323/1323 1720/1720
f 1724/1724 1179/1179 1180/1180
f 1724/1724 1180/1180 1722/1722
f 1726/1726 1183/1183 1179/1179
f 1726/1726 1179/1179 1724/1724
f 1187/1187 1183/1183 1726/1726
f 1187/1187 1726/1726 1728/1728
f 1730/1730 1189/1189 1187/1187
f 1730/1730 1187/1187 1728/1728
f 1732/1732 1294/1294 1189/1189
f 1732/1732 1189/1189 1730/1730
f 1296/1296 1294/1294 1732/1732
f 1296/1296 1732/1732 1734/1734
f 1298/1298 1296/1296 1734/1734
f 1298/1298 1734/1734 1736/1736
f 1738/1738 1244/1244 1298/1298
f 1738/1738 1298/1298 1736/1736
f 1740/1740 1490/1490 1244/1244
f 1740/1740 1244/1244 1738/1738
f 1740/1740 1741/1741 1242/1242
f 1740/1740 1242/1242 1490/1490
f 1744/1744 1241/1241 1242/1242
f 1744/1744 1242/1242 1741/1741
f 1746/1746 1747/1747 1240/1240
f 1746/1746 1240/1240 1623/1623
f 1196/1196 1622/1622 1745/1745
f 1196/1196 1745/1745 1743/1743
f 1744/1744 1746/1746 1623/1623
f 1744/1744 1623/1623 1241/1241
f 1747/1747 1748/1748 1749/1749
f 1747/1747 1749/1749 1532/1532
f 1501/1501 1532/1532 1749/1749
f 1501/1501 1749/1749 1750/1750
f 1404/1404 1501/1501 1750/1750
f 1404/1404 1750/1750 1751/1751
f 1404/1404 1751/1751 1405/1405
f 1404/1404 1405/1405 1403/1403
f 1752/1752 1754/1754 1378/1378
f 1752/1752 1378/1378 1518/1518
f 1446/1446 1378/1378 1754/1754
f 1446/1446 1754/1754 1448/1448
f 1448/1448 1754/1754 1755/1755
f 1448/1448 1755/1755 1406/1406
f 1713/1713 1342/1342 1406/1406
f 1713/1713 1406/1406 1755/1755
f 1684/1684 1864/1864 1863/1863
f 1684/1684 1863/1863 1683/1683
f 1686/1686 1862/1862 1861/1861
f 1686/1686 1861/1861 1685/1685
f 1685/1685 1861/1861 1860/1860
f 1685/1685 1860/1860 1687/1687
f 1688/1688 1859/1859 1858/1858
f 1688/1688 1858/1858 1689/1689
f 1689/1689 1858/1858 1887/1887
f 1689/1689 1887/1887 1690/1690
f 1690/1690 1887/1887 1886/1886
f 1690/1690 1886/1886 1691/1691
f 1692/1692 1885/1885 1884/1884
f 1692/1692 1884/1884 1693/1693
f 1694/1694 1882/1882 1881/1881
f 1694/1694 1881/1881 1695/1695
f 1695/1695 1881/1881 1880/1880
f 1695/1695 1880/1880 1696/1696
f 1696/1696 1880/1880 1879/1879
f 1696/1696 1879/1879 1697/1697
f 1698/1698 1865/1865 1864/1864
f 1698/1698 1864/1864 1684/1684
f 1699/1699 1866/1866 1865/1865
f 1699/1699 1865/1865 1698/1698
f 1701/1701 1869/1869 1868/1868
f 1701/1701 1868/1868 1700/1700
f 1868/1868 1867/1867 1702/1702
f 1868/1868 1702/1702 1700/1700
f 1687/1687 1860/1860 1859/1859
f 1687/1687 1859/1859 1688/1688
f 1693/1693 1884/1884 1883/1883
f 1693/1693 1883/1883 1703/1703
f 1702/1702 1867/1867 1866/1866
f 1702/1702 1866/1866 1699/1699
f 1691/1691 1886/1886 1885/1885
f 1691/1691 1885/1885 1692/1692
f 1704/1704 1870/1870 1869/1869
f 1704/1704 1869/1869 1701/1701
f 1703/1703 1883/1883 1882/1882
f 1703/1703 1882/1882 1694/1694
f 1683/1683 1863/1863 1862/1862
f 1683/1683 1862/1862 1686/1686
f 1705/1705 1871/1871 1870/1870
f 1705/1705 1870/1870 1704/1704
f 1706/1706 1872/1872 1871/1871
f 1706/1706 1871/1871 1705/1705
f 1707/1707 1873/1873 1872/1872
f 1707/1707 1872/1872 1706/1706
f 1708/1708 1874/1874 1873/1873
f 1708/1708 1873/1873 1707/1707
f 1709/1709 1875/1875 1874/1874
f 1709/1709 1874/1874 1708/1708
f 1710/1710 1876/1876 1875/1875
f 1710/1710 1875/1875 1709/1709
f 1711/1711 1877/1877 1876/1876
f 1711/1711 1876/1876 1710/1710
f 1712/1712 1878/1878 1877/1877
f 1712/1712 1877/1877 1711/1711
f 1697/1697 1879/1879 1878/1878
f 1697/1697 1878/1878 1712/1712
f 1757/1757 1787/1787 1786/1786
f 1757/1757 1786/1786 1756/1756
f 1759/1759 1789/1789 1788/1788
f 1759/1759 1788/1788 1758/1758
f 1758/1758 1788/1788 1790/1790
f 1758/1758 1790/1790 1760/1760
f 1761/1761 1791/1791 1792/1792
f 1761/1761 1792/1792 1762/1762
f 1762/1762 1792/1792 1793/1793
f 1762/1762 1793/1793 1763/1763
f 1763/1763 1793/1793 1794/1794
f 1763/1763 1794/1794 1764/1764
f 1765/1765 1795/1795 1796/1796
f 1765/1765 1796/1796 1766/1766
f 1767/1767 1797/1797 1798/1798
f 1767/1767 1798/1798 1768/1768
f 1768/1768 1798/1798 1799/1799
f 1768/1768 1799/1799 1769/1769
f 1769/1769 1799/1799 1800/1800
f 1769/1769 1800/1800 1770/1770
f 1771/1771 1801/1801 1787/1787
f 1771/1771 1787/1787 1757/1757
f 1772/1772 1802/1802 1801/1801
f 1772/1772 1801/1801 1771/1771
f 1774/1774 1804/1804 1803/1803
f 1774/1774 1803/1803 1773/1773
f 1773/1773 1803/1803 1805/1805
f 1773/1773 1805/1805 1775/1775
f 1760/1760 1790/1790 1791/1791
f 1760/1760 1791/1791 1761/1761
f 1766/1766 1796/1796 1806/1806
f 1766/1766 1806/1806 1776/1776
f 1775/1775 1805/1805 1802/1802
f 1775/1775 1802/1802 1772/1772
f 1764/1764 1794/1794 1795/1795
f 1764/1764 1795/1795 1765/1765
f 1777/1777 1807/1807 1804/1804
f 1777/1777 1804/1804 1774/1774
f 1776/1776 1806/1806 1797/1797
f 1776/1776 1797/1797 1767/1767
f 1756/1756 1786/1786 1789/1789
f 1756/1756 1789/1789 1759/1759
f 1778/1778 1808/1808 1807/1807
f 1778/1778 1807/1807 1777/1777
f 1779/1779 1809/1809 1808/1808
f 1779/1779 1808/1808 1778/1778
f 1780/1780 1810/1810 1809/1809
f 1780/1780 1809/1809 1779/1779
f 1781/1781 1811/1811 1810/1810
f 1781/1781 1810/1810 1780/1780
f 1782/1782 1812/1812 1811/1811
f 1782/1782 1811/1811 1781/1781
f 1783/1783 1813/1813 1812/1812
f 1783/1783 1812/1812 1782/1782
f 1784/1784 1814/1814 1813/1813
f 1784/1784 1813/1813 1783/1783
f 1785/1785 1815/1815 1814/1814
f 1785/1785 1814/1814 1784/1784
f 1770/1770 1800/1800 1815/1815
f 1770/1770 1815/1815 1785/1785
f 1817/1817 1824/1824 1823/1823
f 1817/1817 1823/1823 1818/1818
f 1801/1801 1802/1802 1820/1820
f 1801/1801 1820/1820 1821/1821
f 1818/1818 1823/1823 1822/1822
f 1818/1818 1822/1822 1819/1819
f 1798/1798 1797/1797 1855/1855
f 1798/1798 1855/1855 1854/1854
f 1816/1816 1825/1825 1824/1824
f 1816/1816 1824/1824 1817/1817
f 1819/1819 1822/1822 1821/1821
f 1819/1819 1821/1821 1820/1820
f 1799/1799 1798/1798 1854/1854
f 1799/1799 1854/1854 1853/1853
f 1836/1836 1816/1816 1817/1817
f 1836/1836 1817/1817 1837/1837
f 1837/1837 1817/1817 1818/1818
f 1837/1837 1818/1818 1838/1838
f 1838/1838 1818/1818 1819/1819
f 1838/1838 1819/1819 1839/1839
f 1839/1839 1819/1819 1820/1820
f 1839/1839 1820/1820 1840/1840
f 1802/1802 1805/1805 1840/1840
f 1802/1802 1840/1840 1820/1820
f 1787/1787 1801/1801 1821/1821
f 1787/1787 1821/1821 1826/1826
f 1822/1822 1827/1827 1826/1826
f 1822/1822 1826/1826 1821/1821
f 1823/1823 1828/1828 1827/1827
f 1823/1823 1827/1827 1822/1822
f 1824/1824 1829/1829 1828/1828
f 1824/1824 1828/1828 1823/1823
f 1825/1825 1830/1830 1829/1829
f 1825/1825 1829/1829 1824/1824
f 1797/1797 1806/1806 1856/1856
f 1797/1797 1856/1856 1855/1855
f 1787/1787 1826/1826 1831/1831
f 1787/1787 1831/1831 1786/1786
f 1827/1827 1832/1832 1831/1831
f 1827/1827 1831/1831 1826/1826
f 1828/1828 1833/1833 1832/1832
f 1828/1828 1832/1832 1827/1827
f 1829/1829 1834/1834 1833/1833
f 1829/1829 1833/1833 1828/1828
f 1830/1830 1835/1835 1834/1834
f 1830/1830 1834/1834 1829/1829
f 1806/1806 1796/1796 1857/1857
f 1806/1806 1857/1857 1856/1856
f 1831/1831 1788/1788 1789/1789
f 1831/1831 1789/1789 1786/1786
f 1832/1832 1790/1790 1788/1788
f 1832/1832 1788/1788 1831/1831
f 1833/1833 1791/1791 1790/1790
f 1833/1833 1790/1790 1832/1832
f 1834/1834 1792/1792 1791/1791
f 1834/1834 1791/1791 1833/1833
f 1835/1835 1793/1793 1792/1792
f 1835/1835 1792/1792 1834/1834
f 1796/1796 1795/1795 1794/1794
f 1796/1796 1794/1794 1857/1857
f 1815/1815 1800/1800 1852/1852
f 1815/1815 1852/1852 1851/1851
f 1846/1846 1845/1845 1844/1844
f 1846/1846 1844/1844 1847/1847
f 1847/1847 1844/1844 1843/1843
f 1847/1847 1843/1843 1848/1848
f 1848/1848 1843/1843 1842/1842
f 1848/1848 1842/1842 1849/1849
f 1849/1849 1842/1842 1841/1841
f 1849/1849 1841/1841 1850/1850
f 1803/1803 1804/1804 1850/1850
f 1803/1803 1850/1850 1841/1841
f 1805/1805 1803/1803 1841/1841
f 1805/1805 1841/1841 1840/1840
f 1842/1842 1839/1839 1840/1840
f 1842/1842 1840/1840 1841/1841
f 1843/1843 1838/1838 1839/1839
f 1843/1843 1839/1839 1842/1842
f 1844/1844 1837/1837 1838/1838
f 1844/1844 1838/1838 1843/1843
f 1845/1845 1836/1836 1837/1837
f 1845/1845 1837/1837 1844/1844
f 1800/1800 1799/1799 1853/1853
f 1800/1800 1853/1853 1852/1852
f 1813/1813 1814/1814 1815/1815
f 1813/1813 1815/1815 1851/1851
f 1811/1811 1812/1812 1846/1846
f 1811/1811 1846/1846 1847/1847
f 1810/1810 1811/1811 1847/1847
f 1810/1810 1847/1847 1848/1848
f 1809/1809 1810/1810 1848/1848
f 1809/1809 1848/1848 1849/1849
f 1808/1808 1809/1809 1849/1849
f 1808/1808 1849/1849 1850/1850
f 1804/1804 1807/1807 1808/1808
f 1804/1804 1808/1808 1850/1850
f 1812/1812 1813/1813 1851/1851
f 1812/1812 1851/1851 1846/1846
f 1852/1852 1845/1845 1846/1846
f 1852/1852 1846/1846 1851/1851
f 1853/1853 1836/1836 1845/1845
f 1853/1853 1845/1845 1852/1852
f 1854/1854 1816/1816 1836/1836
f 1854/1854 1836/1836 1853/1853
f 1855/1855 1825/1825 1816/1816
f 1855/1855 1816/1816 1854/1854
f 1856/1856 1830/1830 1825/1825
f 1856/1856 1825/1825 1855/1855
f 1857/1857 1835/1835 1830/1830
f 1857/1857 1830/1830 1856/1856
f 1794/1794 1793/1793 1835/1835
f 1794/1794 1835/1835 1857/1857
f 1859/1859 1761/1761 1762/1762
f 1859/1859 1762/1762 1858/1858
f 1860/1860 1760/1760 1761/1761
f 1860/1860 1761/1761 1859/1859
f 1861/1861 1758/1758 1760/1760
f 1861/1861 1760/1760 1860/1860
f 1862/1862 1759/1759 1758/1758
f 1862/1862 1758/1758 1861/1861
f 1863/1863 1756/1756 1759/1759
f 1863/1863 1759/1759 1862/1862
f 1864/1864 1757/1757 1756/1756
f 1864/1864 1756/1756 1863/1863
f 1865/1865 1771/1771 1757/1757
f 1865/1865 1757/1757 1864/1864
f 1866/1866 1772/1772 1771/1771
f 1866/1866 1771/1771 1865/1865
f 1867/1867 1775/1775 1772/1772
f 1867/1867 1772/1772 1866/1866
f 1868/1868 1773/1773 1775/1775
f 1868/1868 1775/1775 1867/1867
f 1869/1869 1774/1774 1773/1773
f 1869/1869 1773/1773 1868/1868
f 1870/1870 1777/1777 1774/1774
f 1870/1870 1774/1774 1869/1869
f 1871/1871 1778/1778 1777/1777
f 1871/1871 1777/1777 1870/1870
f 1872/1872 1779/1779 1778/1778
f 1872/1872 1778/1778 1871/1871
f 1873/1873 1780/1780 1779/1779
f 1873/1873 1779/1779 1872/1872
f 1874/1874 1781/1781 1780/1780
f 1874/1874 1780/1780 1873/1873
f 1875/1875 1782/1782 1781/1781
f 1875/1875 1781/1781 1874/1874
f 1876/1876 1783/1783 1782/1782
f 1876/1876 1782/1782 1875/1875
f 1877/1877 1784/1784 1783/1783
f 1877/1877 1783/1783 1876/1876
f 1878/1878 1785/1785 1784/1784
f 1878/1878 1784/1784 1877/1877
f 1879/1879 1770/1770 1785/1785
f 1879/1879 1785/1785 1878/1878
f 1880/1880 1769/1769 1770/1770
f 1880/1880 1770/1770 1879/1879
f 1881/1881 1768/1768 1769/1769
f 1881/1881 1769/1769 1880/1880
f 1882/1882 1767/1767 1768/1768
f 1882/1882 1768/1768 1881/1881
f 1883/1883 1776/1776 1767/1767
f 1883/1883 1767/1767 1882/1882
f 1884/1884 1766/1766 1776/1776
f 1884/1884 1776/1776 1883/1883
f 1885/1885 1765/1765 1766/1766
f 1885/1885 1766/1766 1884/1884
f 1886/1886 1764/1764 1765/1765
f 1886/1886 1765/1765 1885/1885
f 1887/1887 1763/1763 1764/1764
f 1887/1887 1764/1764 1886/1886
f 1858/1858 1762/1762 1763/1763
f 1858/1858 1763/1763 1887/1887
f 1190/1190 1888/1888 1889/1889
f 1190/1190 1889/1889 1191/1191
f 1191/1191 1889/1889 1890/1890
f 1191/1191 1890/1890 1192/1192
f 1192/1192 1890/1890 1891/1891
f 1192/1192 1891/1891 1193/1193
f 1193/1193 1891/1891 1892/1892
f 1193/1193 1892/1892 1194/1194
f 1194/1194 1892/1892 1893/1893
f 1194/1194 1893/1893 1491/1491
f 1491/1491 1893/1893 1894/1894
f 1491/1491 1894/1894 1195/1195
f 1195/1195 1894/1894 1895/1895
f 1195/1195 1895/1895 1196/1196
f 1196/1196 1895/1895 1896/1896
f 1196/1196 1896/1896 1622/1622
f 1622/1622 1896/1896 1897/1897
f 1622/1622 1897/1897 1197/1197
f 1197/1197 1897/1897 1898/1898
f 1197/1197 1898/1898 1198/1198
f 1198/1198 1898/1898 1899/1899
f 1198/1198 1899/1899 1199/1199
f 1199/1199 1899/1899 1900/1900
f 1199/1199 1900/1900 1200/1200
f 1200/1200 1900/1900 1901/1901
f 1200/1200 1901/1901 1682/1682
f 1682/1682 1901/1901 1902/1902
f 1682/1682 1902/1902 1681/1681
f 1681/1681 1902/1902 1903/1903
f 1681/1681 1903/1903 1680/1680
f 1680/1680 1903/1903 1904/1904
f 1680/1680 1904/1904 1679/1679
f 1679/1679 1904/1904 1905/1905
f 1679/1679 1905/1905 1678/1678
f 1678/1678 1905/1905 1906/1906
f 1678/1678 1906/1906 1677/1677
f 1677/1677 1906/1906 1907/1907
f 1677/1677 1907/1907 1676/1676
f 1676/1676 1907/1907 1908/1908
f 1676/1676 1908/1908 1675/1675
f 1675/1675 1908/1908 1909/1909
f 1675/1675 1909/1909 1517/1517
f 1517/1517 1909/1909 1910/1910
f 1517/1517 1910/1910 1344/1344
f 1344/1344 1910/1910 1911/1911
f 1344/1344 1911/1911 1343/1343
f 1343/1343 1911/1911 1912/1912
f 1343/1343 1912/1912 1324/1324
f 1324/1324 1912/1912 1913/1913
f 1324/1324 1913/1913 1322/1322
f 1322/1322 1913/1913 1914/1914
f 1322/1322 1914/1914 1321/1321
f 1321/1321 1914/1914 1915/1915
f 1321/1321 1915/1915 1185/1185
f 1185/1185 1915/1915 1916/1916
f 1185/1185 1916/1916 1184/1184
f 1184/1184 1916/1916 1917/1917
f 1184/1184 1917/1917 1188/1188
f 1188/1188 1917/1917 1888/1888
f 1188/1188 1888/1888 1190/1190
f 1918/1918 1938/1938 1939/1939
f 1918/1918 1939/1939 1919/1919
f 1919/1919 1939/1939 1940/1940
f 1919/1919 1940/1940 1920/1920
f 1920/1920 1940/1940 1941/1941
f 1920/1920 1941/1941 1921/1921
f 1921/1921 1941/1941 1942/1942
f 1921/1921 1942/1942 1922/1922
f 1922/1922 1942/1942 1943/1943
f 1922/1922 1943/1943 1923/1923
f 1923/1923 1943/1943 1944/1944
f 1923/1923 1944/1944 1924/1924
f 1924/1924 1944/1944 1945/1945
f 1924/1924 1945/1945 1925/1925
f 1925/1925 1945/1945 1946/1946
f 1925/1925 1946/1946 1926/1926
f 1926/1926 1946/1946 1947/1947
f 1926/1926 1947/1947 1927/1927
f 1927/1927 1947/1947 1948/1948
f 1927/1927 1948/1948 1928/1928
f 1928/1928 1948/1948 1949/1949
f 1928/1928 1949/1949 1929/1929
f 1929/1929 1949/1949 1950/1950
f 1929/1929 1950/1950 1930/1930
f 1930/1930 1950/1950 1951/1951
f 1930/1930 1951/1951 1931/1931
f 1931/1931 1951/1951 1952/1952
f 1931/1931 1952/1952 1932/1932
f 1932/1932 1952/1952 1953/1953
f 1932/1932 1953/1953 1933/1933
f 1933/1933 1953/1953 1954/1954
f 1933/1933 1954/1954 1934/1934
f 1934/1934 1954/1954 1955/1955
f 1934/1934 1955/1955 1935/1935
f 1935/1935 1955/1955 1956/1956
f 1935/1935 1956/1956 1936/1936
f 1936/1936 1956/1956 1957/1957
f 1936/1936 1957/1957 1937/1937
f 1937/1937 1957/1957 1938/1938
f 1937/1937 1938/1938 1918/1918
f 1938/1938 1958/1958 1959/1959
f 1938/1938 1959/1959 1939/1939
f 1939/1939 1959/1959 1960/1960
f 1939/1939 1960/1960 1940/1940
f 1940/1940 1960/1960 1961/1961
f 1940/1940 1961/1961 1941/1941
f 1941/1941 1961/1961 1962/1962
f 1941/1941 1962/1962 1942/1942
f 1942/1942 1962/1962 1963/1963
f 1942/1942 1963/1963 1943/1943
f 1943/1943 1963/1963 1964/1964
f 1943/1943 1964/1964 1944/1944
f 1944/1944 1964/1964 1965/1965
f 1944/1944 1965/1965 1945/1945
f 1945/1945 1965/1965 1966/1966
f 1945/1945 1966/1966 1946/1946
f 1946/1946 1966/1966 1967/1967
f 1946/1946 1967/1967 1947/1947
f 1947/1947 1967/1967 1968/1968
f 1947/1947 1968/1968 1948/1948
f 1948/1948 1968/1968 1969/1969
f 1948/1948 1969/1969 1949/1949
f 1949/1949 1969/1969 1970/1970
f 1949/1949 1970/1970 1950/1950
f 1950/1950 1970/1970 1971/1971
f 1950/1950 1971/1971 1951/1951
f 1951/1951 1971/1971 1972/1972
f 1951/1951 1972/1972 1952/1952
f 1952/1952 1972/1972 1973/1973
f 1952/1952 1973/1973 1953/1953
f 1953/1953 1973/1973 1974/1974
f 1953/1953 1974/1974 1954/1954
f 1954/1954 1974/1974 1975/1975
f 1954/1954 1975/1975 1955/1955
f 1955/1955 1975/1975 1976/1976
f 1955/1955 1976/1976 1956/1956
f 1956/1956 1976/1976 1977/1977
f 1956/1956 1977/1977 1957/1957
f 1957/1957 1977/1977 1958/1958
f 1957/1957 1958/1958 1938/1938
f 1958/1958 1978/1978 1979/1979
f 1958/1958 1979/1979 1959/1959
f 1959/1959 1979/1979 1980/1980
f 1959/1959 1980/1980 1960/1960
f 1960/1960 1980/1980 1981/1981
f 1960/1960 1981/1981 1961/1961
f 1961/1961 1981/1981 1982/1982
f 1961/1961 1982/1982 1962/1962
f 1962/1962 1982/1982 1983/1983
f 1962/1962 1983/1983 1963/1963
f 1963/1963 1983/1983 1984/1984
f 1963/1963 1984/1984 1964/1964
f 1964/1964 1984/1984 1985/1985
f 1964/1964 1985/1985 1965/1965
f 1965/1965 1985/1985 1986/1986
f 1965/1965 1986/1986 1966/1966
f 1966/1966 1986/1986 1987/1987
f 1966/1966 1987/1987 1967/1967
f 1967/1967 1987/1987 1988/1988
f 1967/1967 1988/1988 1968/1968
f 1968/1968 1988/1988 1989/1989
f 1968/1968 1989/1989 1969/1969
f 1969/1969 1989/1989 1990/1990
f 1969/1969 1990/1990 1970/1970
f 1970/1970 1990/1990 1991/1991
f 1970/1970 1991/1991 1971/1971
f 1971/1971 1991/1991 1992/1992
f 1971/1971 1992/1992 1972/1972
f 1972/1972 1992/1992 1993/1993
f 1972/1972 1993/1993 1973/1973
f 1973/1973 1993/1993 1994/1994
f 1973/1973 1994/1994 1974/1974
f 1974/1974 1994/1994 1995/1995
f 1974/1974 1995/1995 1975/1975
f 1975/1975 1995/1995 1996/1996
f 1975/1975 1996/1996 1976/1976
f 1976/1976 1996/1996 1997/1997
f 1976/1976 1997/1997 1977/1977
f 1977/1977 1997/1997 1978/1978
f 1977/1977 1978/1978 1958/1958
f 1978/1978 1998/1998 1999/1999
f 1978/1978 1999/1999 1979/1979
f 1979/1979 1999/1999 2000/2000
f 1979/1979 2000/2000 1980/1980
f 1980/1980 2000/2000 2001/2001
f 1980/1980 2001/2001 1981/1981
f 1981/1981 2001/2001 2002/2002
f 1981/1981 2002/2002 1982/1982
f 1982/1982 2002/2002 2003/2003
f 1982/1982 2003/2003 1983/1983
f 1983/1983 2003/2003 2004/2004
f 1983/1983 2004/2004 1984/1984
f 1984/1984 2004/2004 2005/2005
f 1984/1984 2005/2005 1985/1985
f 1985/1985 2005/2005 2006/2006
f 1985/1985 2006/2006 1986/1986
f 1986/1986 2006/2006 2007/2007
f 1986/1986 2007/2007 1987/1987
f 1987/1987 2007/2007 2008/2008
f 1987/1987 2008/2008 1988/1988
f 1988/1988 2008/2008 2009/2009
f 1988/1988 2009/2009 1989/1989
f 1989/1989 2009/2009 2010/2010
f 1989/1989 2010/2010 1990/1990
f 1990/1990 2010/2010 2011/2011
f 1990/1990 2011/2011 1991/1991
f 1991/1991 2011/2011 2012/2012
f 1991/1991 2012/2012 1992/1992
f 1992/1992 2012/2012 2013/2013
f 1992/1992 2013/2013 1993/1993
f 1993/1993 2013/2013 2014/2014
f 1993/1993 2014/2014 1994/1994
f 1994/1994 2014/2014 2015/2015
f 1994/1994 2015/2015 1995/1995
f 1995/1995 2015/2015 2016/2016
f 1995/1995 2016/2016 1996/1996
f 1996/1996 2016/2016 2017/2017
f 1996/1996 2017/2017 1997/1997
f 1997/1997 2017/2017 1998/1998
f 1997/1997 1998/1998 1978/1978
f 1998/1998 2018/2018 2019/2019
f 1998/1998 2019/2019 1999/1999
f 1999/1999 2019/2019 2020/2020
f 1999/1999 2020/2020 2000/2000
f 2000/2000 2020/2020 2021/2021
f 2000/2000 2021/2021 2001/2001
f 2001/2001 2021/2021 2022/2022
f 2001/2001 2022/2022 2002/2002
f 2002/2002 2022/2022 2023/2023
f 2002/2002 2023/2023 2003/2003
f 2003/2003 2023/2023 2024/2024
f 2003/2003 2024/2024 2004/2004
f 2004/2004 2024/2024 2025/2025
f 2004/2004 2025/2025 2005/2005
f 2005/2005 2025/2025 2026/2026
f 2005/2005 2026/2026 2006/2006
f 2006/2006 2026/2026 2027/2027
f 2006/2006 2027/2027 2007/2007
f 2007/2007 2027/2027 2028/2028
f 2007/2007 2028/2028 2008/2008
f 2008/2008 2028/2028 2029/2029
f 2008/2008 2029/2029 2009/2009
f 2009/2009 2029/2029 2030/2030
f 2009/2009 2030/2030 2010/2010
f 2010/2010 2030/2030 2031/2031
f 2010/2010 2031/2031 2011/2011
f 2011/2011 2031/2031 2032/2032
f 2011/2011 2032/2032 2012/2012
f 2012/2012 2032/2032 2033/2033
f 2012/2012 2033/2033 2013/2013
f 2013/2013 2033/2033 2034/2034
f 2013/2013 2034/2034 2014/2014
f 2014/2014 2034/2034 2035/2035
f 2014/2014 2035/2035 2015/2015
f 2015/2015 2035/2035 2036/2036
f 2015/2015 2036/2036 2016/2016
f 2016/2016 2036/2036 2037/2037
f 2016/2016 2037/2037 2017/2017
f 2017/2017 2037/2037 2018/2018
f 2017/2017 2018/2018 1998/1998
f 2018/2018 2038/2038 2039/2039
f 2018/2018 2039/2039 2019/2019
f 2019/2019 2039/2039 2040/2040
f 2019/2019 2040/2040 2020/2020
f 2020/2020 2040/2040 2041/2041
f 2020/2020 2041/2041 2021/2021
f 2021/2021 2041/2041 2042/2042
f 2021/2021 2042/2042 2022/2022
f 2022/2022 2042/2042 2043/2043
f 2022/2022 2043/2043 2023/2023
f 2023/2023 2043/2043 2044/2044
f 2023/2023 2044/2044 2024/2024
f 2024/2024 2044/2044 2045/2045
f 2024/2024 2045/2045 2025/2025
f 2025/2025 2045/2045 2046/2046
f 2025/2025 2046/2046 2026/2026
f 2026/2026 2046/2046 2047/2047
f 2026/2026 2047/2047 2027/2027
f 2027/2027 2047/2047 2048/2048
f 2027/2027 2048/2048 2028/2028
f 2028/2028 2048/2048 2049/2049
f 2028/2028 2049/2049 2029/2029
f 2029/2029 2049/2049 2050/2050
f 2029/2029 2050/2050 2030/2030
f 2030/2030 2050/2050 2051/2051
f 2030/2030 2051/2051 2031/2031
f 2031/2031 2051/2051 2052/2052
f 2031/2031 2052/2052 2032/2032
f 2032/2032 2052/2052 2053/2053
f 2032/2032 2053/2053 2033/2033
f 2033/2033 2053/2053 2054/2054
f 2033/2033 2054/2054 2034/2034
f 2034/2034 2054/2054 2055/2055
f 2034/2034 2055/2055 2035/2035
f 2035/2035 2055/2055 2056/2056
f 2035/2035 2056/2056 2036/2036
f 2036/2036 2056/2056 2057/2057
f 2036/2036 2057/2057 2037/2037
f 2037/2037 2057/2057 2038/2038
f 2037/2037 2038/2038 2018/2018
f 2038/2038 2058/2058 2059/2059
f 2038/2038 2059/2059 2039/2039
f 2039/2039 2059/2059 2060/2060
f 2039/2039 2060/2060 2040/2040
f 2040/2040 2060/2060 2061/2061
f 2040/2040 2061/2061 2041/2041
f 2041/2041 2061/2061 2062/2062
f 2041/2041 2062/2062 2042/2042
f 2042/2042 2062/2062 2063/2063
f 2042/2042 2063/2063 2043/2043
f 2043/2043 2063/2063 2064/2064
f 2043/2043 2064/2064 2044/2044
f 2044/2044 2064/2064 2065/2065
f 2044/2044 2065/2065 2045/2045
f 2045/2045 2065/2065 2066/2066
f 2045/2045 2066/2066 2046/2046
f 2046/2046 2066/2066 2067/2067
f 2046/2046 2067/2067 2047/2047
f 2047/2047 2067/2067 2068/2068
f 2047/2047 2068/2068 2048/2048
f 2048/2048 2068/2068 2069/2069
f 2048/2048 2069/2069 2049/2049
f 2049/2049 2069/2069 2070/2070
f 2049/2049 2070/2070 2050/2050
f 2050/2050 2070/2070 2071/2071
f 2050/2050 2071/2071 2051/2051
f 2051/2051 2071/2071 2072/2072
f 2051/2051 2072/2072 2052/2052
f 2052/2052 2072/2072 2073/2073
f 2052/2052 2073/2073 2053/2053
f 2053/2053 2073/2073 2074/2074
f 2053/2053 2074/2074 2054/2054
f 2054/2054 2074/2074 2075/2075
f 2054/2054 2075/2075 2055/2055
f 2055/2055 2075/2075 2076/2076
f 2055/2055 2076/2076 2056/2056
f 2056/2056 2076/2076 2077/2077
f 2056/2056 2077/2077 2057/2057
f 2057/2057 2077/2077 2058/2058
f 2057/2057 2058/2058 2038/2038
f 2058/2058 2078/2078 2079/2079
f 2058/2058 2079/2079 2059/2059
f 2059/2059 2079/2079 2080/2080
f 2059/2059 2080/2080 2060/2060
f 2060/2060 2080/2080 2081/2081
f 2060/2060 2081/2081 2061/2061
f 2061/2061 2081/2081 2082/2082
f 2061/2061 2082/2082 2062/2062
f 2062/2062 2082/2082 2083/2083
f 2062/2062 2083/2083 2063/2063
f 2063/2063 2083/2083 2084/2084
f 2063/2063 2084/2084 2064/2064
f 2064/2064 2084/2084 2085/2085
f 2064/2064 2085/2085 2065/2065
f 2065/2065 2085/2085 2086/2086
f 2065/2065 2086/2086 2066/2066
f 2066/2066 2086/2086 2087/2087
f 2066/2066 2087/2087 2067/2067
f 2067/2067 2087/2087 2088/2088
f 2067/2067 2088/2088 2068/2068
f 2068/2068 2088/2088 2089/2089
f 2068/2068 2089/2089 2069/2069
f 2069/2069 2089/2089 2090/2090
f 2069/2069 2090/2090 2070/2070
f 2070/2070 2090/2090 2091/2091
f 2070/2070 2091/2091 2071/2071
f 2071/2071 2091/2091 2092/2092
f 2071/2071 2092/2092 2072/2072
f 2072/2072 2092/2092 2093/2093
f 2072/2072 2093/2093 2073/2073
f 2073/2073 2093/2093 2094/2094
f 2073/2073 2094/2094 2074/2074
f 2074/2074 2094/2094 2095/2095
f 2074/2074 2095/2095 2075/2075
f 2075/2075 2095/2095 2096/2096
f 2075/2075 2096/2096 2076/2076
f 2076/2076 2096/2096 2097/2097
f 2076/2076 2097/2097 2077/2077
f 2077/2077 2097/2097 2078/2078
f 2077/2077 2078/2078 2058/2058
f 2078/2078 2098/2098 2099/2099
f 2078/2078 2099/2099 2079/2079
f 2079/2079 2099/2099 2100/2100
f 2079/2079 2100/2100 2080/2080
f 2080/2080 2100/2100 2101/2101
f 2080/2080 2101/2101 2081/2081
f 2081/2081 2101/2101 2102/2102
f 2081/2081 2102/2102 2082/2082
f 2082/2082 2102/2102 2103/2103
f 2082/2082 2103/2103 2083/2083
f 2083/2083 2103/2103 2104/2104
f 2083/2083 2104/2104 2084/2084
f 2084/2084 2104/2104 2105/2105
f 2084/2084 2105/2105 2085/2085
f 2085/2085 2105/2105 2106/2106
f 2085/2085 2106/2106 2086/2086
f 2086/2086 2106/2106 2107/2107
f 2086/2086 2107/2107 2087/2087
f 2087/2087 2107/2107 2108/2108
f 2087/2087 2108/2108 2088/2088
f 2088/2088 2108/2108 2109/2109
f 2088/2088 2109/2109 2089/2089
f 2089/2089 2109/2109 2110/2110
f 2089/2089 2110/2110 2090/2090
f 2090/2090 2110/2110 2111/2111
f 2090/2090 2111/2111 2091/2091
f 2091/2091 2111/2111 2112/2112
f 2091/2091 2112/2112 2092/2092
f 2092/2092 2112/2112 2113/2113
f 2092/2092 2113/2113 2093/2093
f 2093/2093 2113/2113 2114/2114
f 2093/2093 2114/2114 2094/2094
f 2094/2094 2114/2114 2115/2115
f 2094/2094 2115/2115 2095/2095
f 2095/2095 2115/2115 2116/2116
f 2095/2095 2116/2116 2096/2096
f 2096/2096 2116/2116 2117/2117
f 2096/2096 2117/2117 2097/2097
f 2097/2097 2117/2117 2098/2098
f 2097/2097 2098/2098 2078/2078
f 2098/2098 2118/2118 2119/2119
f 2098/2098 2119/2119 2099/2099
f 2099/2099 2119/2119 2120/2120
f 2099/2099 2120/2120 2100/2100
f 2100/2100 2120/2120 2121/2121
f 2100/2100 2121/2121 2101/2101
f 2101/2101 2121/2121 2122/2122
f 2101/2101 2122/2122 2102/2102
f 2102/2102 2122/2122 2123/2123
f 2102/2102 2123/2123 2103/2103
f 2103/2103 2123/2123 2124/2124
f 2103/2103 2124/2124 2104/2104
f 2104/2104 2124/2124 2125/2125
f 2104/2104 2125/2125 2105/2105
f 2105/2105 2125/2125 2126/2126
f 2105/2105 2126/2126 2106/2106
f 2106/2106 2126/2126 2127/2127
f 2106/2106 2127/2127 2107/2107
f 2107/2107 2127/2127 2128/2128
f 2107/2107 2128/2128 2108/2108
f 2108/2108 2128/2128 2129/2129
f 2108/2108 2129/2129 2109/2109
f 2109/2109 2129/2129 2130/2130
f 2109/2109 2130/2130 2110/2110
f 2110/2110 2130/2130 2131/2131
f 2110/2110 2131/2131 2111/2111
f 2111/2111 2131/2131 2132/2132
f 2111/2111 2132/2132 2112/2112
f 2112/2112 2132/2132 2133/2133
f 2112/2112 2133/2133 2113/2113
f 2113/2113 2133/2133 2134/2134
f 2113/2113 2134/2134 2114/2114
f 2114/2114 2134/2134 2135/2135
f 2114/2114 2135/2135 2115/2115
f 2115/2115 2135/2135 2136/2136
f 2115/2115 2136/2136 2116/2116
f 2116/2116 2136/2136 2137/2137
f 2116/2116 2137/2137 2117/2117
f 2117/2117 2137/2137 2118/2118
f 2117/2117 2118/2118 2098/2098
f 2118/2118 2138/2138 2139/2139
f 2118/2118 2139/2139 2119/2119
f 2119/2119 2139/2139 2140/2140
f 2119/2119 2140/2140 2120/2120
f 2120/2120 2140/2140 2141/2141
f 2120/2120 2141/2141 2121/2121
f 2121/2121 2141/2141 2142/2142
f 2121/2121 2142/2142 2122/2122
f 2122/2122 2142/2142 2143/2143
f 2122/2122 2143/2143 2123/2123
f 2123/2123 2143/2143 2144/2144
f 2123/2123 2144/2144 2124/2124
f 2124/2124 2144/2144 2145/2145
f 2124/2124 2145/2145 2125/2125
f 2125/2125 2145/2145 2146/2146
f 2125/2125 2146/2146 2126/2126
f 2126/2126 2146/2146 2147/2147
f 2126/2126 2147/2147 2127/2127
f 2127/2127 2147/2147 2148/2148
f 2127/2127 2148/2148 2128/2128
f 2128/2128 2148/2148 2149/2149
f 2128/2128 2149/2149 2129/2129
f 2129/2129 2149/2149 2150/2150
f 2129/2129 2150/2150 2130/2130
f 2130/2130 2150/2150 2151/2151
f 2130/2130 2151/2151 2131/2131
f 2131/2131 2151/2151 2152/2152
f 2131/2131 2152/2152 2132/2132
f 2132/2132 2152/2152 2153/2153
f 2132/2132 2153/2153 2133/2133
f 2133/2133 2153/2153 2154/2154
f 2133/2133 2154/2154 2134/2134
f 2134/2134 2154/2154 2155/2155
f 2134/2134 2155/2155 2135/2135
f 2135/2135 2155/2155 2156/2156
f 2135/2135 2156/2156 2136/2136
f 2136/2136 2156/2156 2157/2157
f 2136/2136 2157/2157 2137/2137
f 2137/2137 2157/2157 2138/2138
f 2137/2137 2138/2138 2118/2118
f 2138/2138 2158/2158 2159/2159
f 2138/2138 2159/2159 2139/2139
f 2139/2139 2159/2159 2160/2160
f 2139/2139 2160/2160 2140/2140
f 2140/2140 2160/2160 2161/2161
f 2140/2140 2161/2161 2141/2141
f 2141/2141 2161/2161 2162/2162
f 2141/2141 2162/2162 2142/2142
f 2142/2142 2162/2162 2163/2163
f 2142/2142 2163/2163 2143/2143
f 2143/2143 2163/2163 2164/2164
f 2143/2143 2164/2164 2144/2144
f 2144/2144 2164/2164 2165/2165
f 2144/2144 2165/2165 2145/2145
f 2145/2145 2165/2165 2166/2166
f 2145/2145 2166/2166 2146/2146
f 2146/2146 2166/2166 2167/2167
f 2146/2146 2167/2167 2147/2147
f 2147/2147 2167/2167 2168/2168
f 2147/2147 2168/2168 2148/2148
f 2148/2148 2168/2168 2169/2169
f 2148/2148 2169/2169 2149/2149
f 2149/2149 2169/2169 2170/2170
f 2149/2149 2170/2170 2150/2150
f 2150/2150 2170/2170 2171/2171
f 2150/2150 2171/2171 2151/2151
f 2151/2151 2171/2171 2172/2172
f 2151/2151 2172/2172 2152/2152
f 2152/2152 2172/2172 2173/2173
f 2152/2152 2173/2173 2153/2153
f 2153/2153 2173/2173 2174/2174
f 2153/2153 2174/2174 2154/2154
f 2154/2154 2174/2174 2175/2175
f 2154/2154 2175/2175 2155/2155
f 2155/2155 2175/2175 2176/2176
f 2155/2155 2176/2176 2156/2156
f 2156/2156 2176/2176 2177/2177
f 2156/2156 2177/2177 2157/2157
f 2157/2157 2177/2177 2158/2158
f 2157/2157 2158/2158 2138/2138
f 2158/2158 2178/2178 2179/2179
f 2158/2158 2179/2179 2159/2159
f 2159/2159 2179/2179 2180/2180
f 2159/2159 2180/2180 2160/2160
f 2160/2160 2180/2180 2181/2181
f 2160/2160 2181/2181 2161/2161
f 2161/2161 2181/2181 2182/2182
f 2161/2161 2182/2182 2162/2162
f 2162/2162 2182/2182 2183/2183
f 2162/2162 2183/2183 2163/2163
f 2163/2163 2183/2183 2184/2184
f 2163/2163 2184/2184 2164/2164
f 2164/2164 2184/2184 2185/2185
f 2164/2164 2185/2185 2165/2165
f 2165/2165 2185/2185 2186/2186
f 2165/2165 2186/2186 2166/2166
f 2166/2166 2186/2186 2187/2187
f 2166/2166 2187/2187 2167/2167
f 2167/2167 2187/2187 2188/2188
f 2167/2167 2188/2188 2168/2168
f 2168/2168 2188/2188 2189/2189
f 2168/2168 2189/2189 2169/2169
f 2169/2169 2189/2189 2190/2190
f 2169/2169 2190/2190 2170/2170
f 2170/2170 2190/2190 2191/2191
f 2170/2170 2191/2191 2171/2171
f 2171/2171 2191/2191 2192/2192
f 2171/2171 2192/2192 2172/2172
f 2172/2172 2192/2192 2193/2193
f 2172/2172 2193/2193 2173/2173
f 2173/2173 2193/2193 2194/2194
f 2173/2173 2194/2194 2174/2174
f 2174/2174 2194/2194 2195/2195
f 2174/2174 2195/2195 2175/2175
f 2175/2175 2195/2195 2196/2196
f 2175/2175 2196/2196 2176/2176
f 2176/2176 2196/2196 2197/2197
f 2176/2176 2197/2197 2177/2177
f 2177/2177 2197/2197 2178/2178
f 2177/2177 2178/2178 2158/2158
f 2178/2178 2198/2198 2199/2199
f 2178/2178 2199/2199 2179/2179
f 2179/2179 2199/2199 2200/2200
f 2179/2179 2200/2200 2180/2180
f 2180/2180 2200/2200 2201/2201
f 2180/2180 2201/2201 2181/2181
f 2181/2181 2201/2201 2202/2202
f 2181/2181 2202/2202 2182/2182
f 2182/2182 2202/2202 2203/2203
f 2182/2182 2203/2203 2183/2183
f 2183/2183 2203/2203 2204/2204
f 2183/2183 2204/2204 2184/2184
f 2184/2184 2204/2204 2205/2205
f 2184/2184 2205/2205 2185/2185
f 2185/2185 2205/2205 2206/2206
f 2185/2185 2206/2206 2186/2186
f 2186/2186 2206/2206 2207/2207
f 2186/2186 2207/2207 2187/2187
f 2187/2187 2207/2207 2208/2208
f 2187/2187 2208/2208 2188/2188
f 2188/2188 2208/2208 2209/2209
f 2188/2188 2209/2209 2189/2189
f 2189/2189 2209/2209 2210/2210
f 2189/2189 2210/2210 2190/2190
f 2190/2190 2210/2210 2211/2211
f 2190/2190 2211/2211 2191/2191
f 2191/2191 2211/2211 2212/2212
f 2191/2191 2212/2212 2192/2192
f 2192/2192 2212/2212 2213/2213
f 2192/2192 2213/2213 2193/2193
f 2193/2193 2213/2213 2214/2214
f 2193/2193 2214/2214 2194/2194
f 2194/2194 2214/2214 2215/2215
f 2194/2194 2215/2215 2195/2195
f 2195/2195 2215/2215 2216/2216
f 2195/2195 2216/2216 2196/2196
f 2196/2196 2216/2216 2217/2217
f 2196/2196 2217/2217 2197/2197
f 2197/2197 2217/2217 2198/2198
f 2197/2197 2198/2198 2178/2178
f 2198/2198 2218/2218 2219/2219
f 2198/2198 2219/2219 2199/2199
f 2199/2199 2219/2219 2220/2220
f 2199/2199 2220/2220 2200/2200
f 2200/2200 2220/2220 2221/2221
f 2200/2200 2221/2221 2201/2201
f 2201/2201 2221/2221 2222/2222
f 2201/2201 2222/2222 2202/2202
f 2202/2202 2222/2222 2223/2223
f 2202/2202 2223/2223 2203/2203
f 2203/2203 2223/2223 2224/2224
f 2203/2203 2224/2224 2204/2204
f 2204/2204 2224/2224 2225/2225
f 2204/2204 2225/2225 2205/2205
f 2205/2205 2225/2225 2226/2226
f 2205/2205 2226/2226 2206/2206
f 2206/2206 2226/2226 2227/2227
f 2206/2206 2227/2227 2207/2207
f 2207/2207 2227/2227 2228/2228
f 2207/2207 2228/2228 2208/2208
f 2208/2208 2228/2228 2229/2229
f 2208/2208 2229/2229 2209/2209
f 2209/2209 2229/2229 2230/2230
f 2209/2209 2230/2230 2210/2210
f 2210/2210 2230/2230 2231/2231
f 2210/2210 2231/2231 2211/2211
f 2211/2211 2231/2231 2232/2232
f 2211/2211 2232/2232 2212/2212
f 2212/2212 2232/2232 2233/2233
f 2212/2212 2233/2233 2213/2213
f 2213/2213 2233/2233 2234/2234
f 2213/2213 2234/2234 2214/2214
f 2214/2214 2234/2234 2235/2235
f 2214/2214 2235/2235 2215/2215
f 2215/2215 2235/2235 2236/2236
f 2215/2215 2236/2236 2216/2216
f 2216/2216 2236/2236 2237/2237
f 2216/2216 2237/2237 2217/2217
f 2217/2217 2237/2237 2218/2218
f 2217/2217 2218/2218 2198/2198
f 2218/2218 2238/2238 2239/2239
f 2218/2218 2239/2239 2219/2219
f 2219/2219 2239/2239 2240/2240
f 2219/2219 2240/2240 2220/2220
f 2220/2220 2240/2240 2241/2241
f 2220/2220 2241/2241 2221/2221
f 2221/2221 2241/2241 2242/2242
f 2221/2221 2242/2242 2222/2222
f 2222/2222 2242/2242 2243/2243
f 2222/2222 2243/2243 2223/2223
f 2223/2223 2243/2243 2244/2244
f 2223/2223 2244/2244 2224/2224
f 2224/2224 2244/2244 2245/2245
f 2224/2224 2245/2245 2225/2225
f 2225/2225 2245/2245 2246/2246
f 2225/2225 2246/2246 2226/2226
f 2226/2226 2246/2246 2247/2247
f 2226/2226 2247/2247 2227/2227
f 2227/2227 2247/2247 2248/2248
f 2227/2227 2248/2248 2228/2228
f 2228/2228 2248/2248 2249/2249
f 2228/2228 2249/2249 2229/2229
f 2229/2229 2249/2249 2250/2250
f 2229/2229 2250/2250 2230/2230
f 2230/2230 2250/2250 2251/2251
f 2230/2230 2251/2251 2231/2231
f 2231/2231 2251/2251 2252/2252
f 2231/2231 2252/2252 2232/2232
f 2232/2232 2252/2252 2253/2253
f 2232/2232 2253/2253 2233/2233
f 2233/2233 2253/2253 2254/2254
f 2233/2233 2254/2254 2234/2234
f 2234/2234 2254/2254 2255/2255
f 2234/2234 2255/2255 2235/2235
f 2235/2235 2255/2255 2256/2256
f 2235/2235 2256/2256 2236/2236
f 2236/2236 2256/2256 2257/2257
f 2236/2236 2257/2257 2237/2237
f 2237/2237 2257/2257 2238/2238
f 2237/2237 2238/2238 2218/2218
f 2238/2238 2258/2258 2259/2259
f 2238/2238 2259/2259 2239/2239
f 2239/2239 2259/2259 2260/2260
f 2239/2239 2260/2260 2240/2240
f 2240/2240 2260/2260 2261/2261
f 2240/2240 2261/2261 2241/2241
f 2241/2241 2261/2261 2262/2262
f 2241/2241 2262/2262 2242/2242
f 2242/2242 2262/2262 2263/2263
f 2242/2242 2263/2263 2243/2243
f 2243/2243 2263/2263 2264/2264
f 2243/2243 2264/2264 2244/2244
f 2244/2244 2264/2264 2265/2265
f 2244/2244 2265/2265 2245/2245
f 2245/2245 2265/2265 2266/2266
f 2245/2245 2266/2266 2246/2246
f 2246/2246 2266/2266 2267/2267
f 2246/2246 2267/2267 2247/2247
f 2247/2247 2267/2267 2268/2268
f 2247/2247 2268/2268 2248/2248
f 2248/2248 2268/2268 2269/2269
f 2248/2248 2269/2269 2249/2249
f 2249/2249 2269/2269 2270/2270
f 2249/2249 2270/2270 2250/2250
f 2250/2250 2270/2270 2271/2271
f 2250/2250 2271/2271 2251/2251
f 2251/2251 2271/2271 2272/2272
f 2251/2251 2272/2272 2252/2252
f 2252/2252 2272/2272 2273/2273
f 2252/2252 2273/2273 2253/2253
f 2253/2253 2273/2273 2274/2274
f 2253/2253 2274/2274 2254/2254
f 2254/2254 2274/2274 2275/2275
f 2254/2254 2275/2275 2255/2255
f 2255/2255 2275/2275 2276/2276
f 2255/2255 2276/2276 2256/2256
f 2256/2256 2276/2276 2277/2277
f 2256/2256 2277/2277 2257/2257
f 2257/2257 2277/2277 2258/2258
f 2257/2257 2258/2258 2238/2238
f 2258/2258 2278/2278 2279/2279
f 2258/2258 2279/2279 2259/2259
f 2259/2259 2279/2279 2280/2280
f 2259/2259 2280/2280 2260/2260
f 2260/2260 2280/2280 2281/2281
f 2260/2260 2281/2281 2261/2261
f 2261/2261 2281/2281 2282/2282
f 2261/2261 2282/2282 2262/2262
f 2262/2262 2282/2282 2283/2283
f 2262/2262 2283/2283 2263/2263
f 2263/2263 2283/2283 2284/2284
f 2263/2263 2284/2284 2264/2264
f 2264/2264 2284/2284 2285/2285
f 2264/2264 2285/2285 2265/2265
f 2265/2265 2285/2285 2286/2286
f 2265/2265 2286/2286 2266/2266
f 2266/2266 2286/2286 2287/2287
f 2266/2266 2287/2287 2267/2267
f 2267/2267 2287/2287 2288/2288
f 2267/2267 2288/2288 2268/2268
f 2268/2268 2288/2288 2289/2289
f 2268/2268 2289/2289 2269/2269
f 2269/2269 2289/2289 2290/2290
f 2269/2269 2290/2290 2270/2270
f 2270/2270 2290/2290 2291/2291
f 2270/2270 2291/2291 2271/2271
f 2271/2271 2291/2291 2292/2292
f 2271/2271 2292/2292 2272/2272
f 2272/2272 2292/2292 2293/2293
f 2272/2272 2293/2293 2273/2273
f 2273/2273 2293/2293 2294/2294
f 2273/2273 2294/2294 2274/2274
f 2274/2274 2294/2294 2295/2295
f 2274/2274 2295/2295 2275/2275
f 2275/2275 2295/2295 2296/2296
f 2275/2275 2296/2296 2276/2276
f 2276/2276 2296/2296 2297/2297
f 2276/2276 2297/2297 2277/2277
f 2277/2277 2297/2297 2278/2278
f 2277/2277 2278/2278 2258/2258
f 1919/1919 2298/2298 1918/1918
f 1920/1920 2298/2298 1919/1919
f 1921/1921 2298/2298 1920/1920
f 1922/1922 2298/2298 1921/1921
f 1923/1923 2298/2298 1922/1922
f 1924/1924 2298/2298 1923/1923
f 1925/1925 2298/2298 1924/1924
f 1926/1926 2298/2298 1925/1925
f 1927/1927 2298/2298 1926/1926
f 1928/1928 2298/2298 1927/1927
f 1929/1929 2298/2298 1928/1928
f 1930/1930 2298/2298 1929/1929
f 1931/1931 2298/2298 1930/1930
f 1932/1932 2298/2298 1931/1931
f 1933/1933 2298/2298 1932/1932
f 1934/1934 2298/2298 1933/1933
f 1935/1935 2298/2298 1934/1934
f 1936/1936 2298/2298 1935/1935
f 1937/1937 2298/2298 1936/1936
f 1918/1918 2298/2298 1937/1937
f 2278/2278 2299/2299 2279/2279
f 2279/2279 2299/2299 2280/2280
f 2280/2280 2299/2299 2281/2281
f 2281/2281 2299/2299 2282/2282
f 2282/2282 2299/2299 2283/2283
f 2283/2283 2299/2299 2284/2284
f 2284/2284 2299/2299 2285/2285
f 2285/2285 2299/2299 2286/2286
f 2286/2286 2299/2299 2287/2287
f 2287/2287 2299/2299 2288/2288
f 2288/2288 2299/2299 2289/2289
f 2289/2289 2299/2299 2290/2290
f 2290/2290 2299/2299 2291/2291
f 2291/2291 2299/2299 2292/2292
f 2292/2292 2299/2299 2293/2293
f 2293/2293 2299/2299 2294/2294
f 2294/2294 2299/2299 2295/2295
f 2295/2295 2299/2299 2296/2296
f 2296/2296 2299/2299 2297/2297
f 2297/2297 2299/2299 2278/2278
