v -0.00421 0.06289 -0.02721
v -0.01804 0.06158 -0.02438
v -0.00451 0.06982 -0.03072
v 0.00822 0.06882 -0.03152
v 0.00748 0.06224 -0.02817
v -0.03097 0.05771 -0.01959
v -0.03298 0.06441 -0.02290
v -0.03404 0.07202 -0.02455
v -0.04532 0.06466 -0.01622
v -0.03471 0.08085 -0.02513
v -0.04557 0.07364 -0.01621
v -0.04441 0.05719 -0.01522
v -0.04202 0.05100 -0.01274
v -0.05386 0.04718 -0.00496
v -0.05163 0.04109 -0.00357
v -0.05440 0.05485 -0.00516
v -0.04527 0.08301 -0.01547
v -0.05399 0.06407 -0.00469
v -0.05285 0.07382 -0.00378
v -0.04461 0.09295 -0.01452
v -0.03460 0.09928 -0.02435
v -0.03491 0.08982 -0.02489
v -0.02016 0.07629 -0.02997
v -0.02081 0.08487 -0.03114
v -0.00467 0.07741 -0.03282
v -0.00484 0.08578 -0.03423
v -0.01935 0.06858 -0.02795
v -0.00497 0.09416 -0.03505
v 0.00961 0.08438 -0.03487
v 0.01008 0.09268 -0.03573
v 0.00895 0.07618 -0.03353
v -0.02109 0.09347 -0.03155
v -0.02094 0.10261 -0.03154
v -0.05843 0.02826 0.00734
v -0.06169 0.01322 0.01932
v -0.06392 0.02039 0.02094
v -0.06058 0.03483 0.00732
v -0.06379 0.03020 0.02261
v -0.06079 0.04331 0.00808
v -0.05986 0.05317 0.00901
v -0.06250 0.04137 0.02418
v -0.05807 0.06344 0.00995
v -0.06031 0.05265 0.02519
v -0.05580 0.07458 0.01077
v -0.05746 0.06452 0.02566
v -0.05340 0.08708 0.01110
v -0.05431 0.07776 0.02540
v -0.05084 0.10064 0.01062
v -0.05120 0.09222 0.02413
v -0.04767 0.10870 -0.00204
v -0.04980 0.09606 -0.00213
v -0.05145 0.08435 -0.00279
v -0.05574 0.05399 0.04067
v -0.05887 0.04087 0.04074
v -0.05228 0.06835 0.03943
v -0.06148 0.02808 0.03951
v -0.06304 0.01542 0.03734
v -0.05816 0.00081 0.05050
v -0.05666 0.01412 0.05345
v -0.06290 0.00426 0.03498
v -0.05783 -0.01050 0.04668
v -0.05411 0.02807 0.05500
v -0.05100 0.04268 0.05474
v -0.05995 -0.00307 0.03132
v -0.05435 -0.01755 0.04113
v -0.03202 -0.03949 0.05459
v -0.01690 -0.04524 0.05788
v -0.04512 -0.02999 0.04903
v -0.04824 -0.02335 0.05604
v -0.00103 -0.04747 0.05875
v 0.01549 -0.04694 0.05727
v 0.03072 -0.04285 0.05309
v 0.03518 -0.03633 0.06147
v 0.01798 -0.04129 0.06660
v 0.03691 -0.02460 0.06741
v 0.01909 -0.03032 0.07311
v 0.01973 -0.01675 0.07872
v 0.03755 -0.01055 0.07225
v -0.00074 -0.03126 0.07395
v -0.00091 -0.04194 0.06781
v -0.00027 -0.01799 0.07962
v 0.02006 -0.00176 0.08243
v 0.03755 0.00442 0.07551
v 0.02020 0.01463 0.08385
v 0.03700 0.02031 0.07678
v 0.00105 0.01388 0.08480
v 0.05164 -0.00081 0.06099
v 0.05092 -0.01483 0.05700
v 0.04914 -0.02693 0.05225
v 0.06130 -0.00240 0.04314
v 0.06010 -0.01377 0.03903
v 0.06152 0.01076 0.04691
v 0.04423 -0.03444 0.04561
v -0.01842 -0.03944 0.06642
v -0.01883 -0.02827 0.07186
v -0.01843 -0.01465 0.07684
v -0.03512 -0.02172 0.06765
v -0.03437 -0.00785 0.07196
v -0.03458 -0.03324 0.06251
v -0.01782 0.25951 -0.01168
v -0.02178 0.25788 -0.00397
v -0.02347 0.25619 0.01222
v -0.02172 0.25616 0.02098
v -0.02748 0.25231 0.02209
v -0.02941 0.25262 0.01236
v -0.01863 0.25686 0.02941
v -0.02360 0.25293 0.03174
v -0.01372 0.25838 0.03708
v -0.01752 0.25462 0.04046
v -0.00699 0.26069 0.04335
v -0.00985 0.25704 0.04707
v -0.02680 0.24635 0.03325
v -0.01995 0.24825 0.04244
v -0.03135 0.24529 0.02267
v -0.03347 0.24542 0.01211
v -0.02923 0.25343 0.00307
v -0.03332 0.24643 0.00201
v -0.03100 0.24784 -0.00760
v -0.02709 0.25470 -0.00579
v -0.02343 0.25676 0.00396
v -0.03402 0.23957 0.01255
v -0.03399 0.24039 0.00220
v -0.03180 0.23965 0.02325
v 0.00131 0.26279 0.04801
v 0.01103 0.26446 0.05062
v 0.05977 0.02756 -0.00472
v 0.06461 0.01147 0.00734
v 0.06328 -0.00540 0.02080
v 0.05079 0.04034 -0.01391
v 0.06226 0.03310 -0.00360
v 0.05356 0.04554 -0.01426
v 0.03952 0.04973 -0.02067
v 0.04240 0.05489 -0.02213
v 0.02780 0.05611 -0.02497
v 0.01743 0.06000 -0.02735
v 0.03015 0.06161 -0.02731
v 0.03197 0.06796 -0.02823
v 0.02047 0.07297 -0.03203
v 0.01903 0.06608 -0.03038
v 0.02193 0.08087 -0.03305
v 0.03367 0.07560 -0.02862
v 0.04572 0.06865 -0.02175
v 0.04431 0.06103 -0.02218
v 0.03502 0.08404 -0.02883
v 0.04646 0.07722 -0.02133
v 0.03232 0.26498 0.04562
v 0.04418 0.26133 0.04340
v 0.03492 0.26196 0.05002
v 0.02231 0.26519 0.05004
v 0.02311 0.26214 0.05413
v 0.04013 0.26454 0.03907
v 0.02399 0.26797 -0.02453
v 0.01471 0.26711 -0.02637
v 0.04949 0.26415 0.02230
v 0.05066 0.26446 0.01198
v 0.05728 0.26161 0.01225
v 0.05563 0.26112 0.02431
v 0.04923 0.26537 0.00197
v 0.05618 0.26291 0.00073
v 0.04537 0.26663 -0.00718
v 0.05083 0.26123 0.03490
v 0.05862 0.25335 0.02492
v 0.05342 0.25327 0.03599
v 0.04614 0.25357 0.04448
v 0.04570 0.26438 0.03144
v 0.05333 0.24621 0.03547
v 0.05822 0.24621 0.02462
v 0.06062 0.25403 0.01210
v 0.06006 0.24686 0.01208
v 0.05984 0.25555 -0.00029
v 0.05902 0.22354 0.01172
v 0.05741 0.22177 0.02357
v 0.05903 0.24827 -0.00023
v -0.00371 0.26347 -0.02334
v -0.00588 0.26038 -0.02805
v -0.01538 0.25811 -0.02218
v -0.01178 0.26137 -0.01841
v -0.01827 0.25106 -0.02514
v -0.02247 0.25629 -0.01434
v -0.02604 0.24931 -0.01675
v -0.01846 0.24518 -0.02498
v -0.02644 0.24332 -0.01668
v -0.03162 0.24177 -0.00753
v -0.03305 0.22321 -0.00682
v -0.02770 0.22535 -0.01603
v -0.01946 0.22740 -0.02422
v -0.02843 0.21512 -0.01562
v -0.03373 0.21269 -0.00635
v -0.03554 0.22122 0.00328
v -0.03629 0.21032 0.00380
v -0.03644 0.20833 0.01451
v -0.03561 0.21971 0.01406
v -0.03453 0.20147 -0.00584
v -0.03721 0.19868 0.00431
v -0.03743 0.19615 0.01489
v -0.02032 0.21729 -0.02381
v -0.02120 0.20651 -0.02328
v -0.01090 0.20804 -0.02990
v -0.00980 0.21878 -0.03043
v -0.00878 0.22897 -0.03087
v -0.02919 0.20419 -0.01512
v -0.00773 0.24717 -0.03164
v -0.00761 0.25321 -0.03168
v 0.00411 0.25528 -0.03533
v 0.00465 0.26281 -0.03115
v 0.00410 0.24869 -0.03541
v 0.00318 0.22981 -0.03496
v 0.00218 0.21941 -0.03465
v 0.01514 0.23013 -0.03581
v 0.01561 0.24969 -0.03573
v 0.01436 0.21939 -0.03581
v 0.00532 0.26555 -0.02605
v 0.01510 0.26479 -0.03172
v 0.01543 0.25688 -0.03575
v 0.02681 0.25819 -0.03345
v 0.02564 0.26613 -0.02976
v 0.03774 0.25091 -0.02852
v 0.03770 0.25882 -0.02887
v 0.02700 0.25054 -0.03323
v 0.02676 0.23017 -0.03357
v 0.03741 0.22981 -0.02856
v 0.04638 0.22891 -0.02101
v 0.04713 0.25070 -0.02134
v 0.04575 0.21671 -0.02104
v 0.03676 0.21811 -0.02867
v 0.04459 0.26582 -0.01900
v 0.03566 0.26651 -0.02558
v 0.04750 0.25853 -0.02166
v 0.05526 0.25729 -0.01181
v 0.05177 0.26446 -0.00988
v 0.03968 0.26769 -0.01508
v 0.03261 0.26817 -0.02086
v -0.04343 0.10390 -0.01381
v -0.04152 0.11568 -0.01345
v -0.03362 0.10967 -0.02379
v -0.03194 0.12082 -0.02323
v -0.02985 0.13269 -0.02269
v -0.01797 0.13527 -0.02993
v -0.00434 0.13588 -0.03457
v -0.00480 0.12417 -0.03512
v 0.00977 0.13483 -0.03611
v 0.00987 0.14729 -0.03590
v 0.00988 0.12294 -0.03631
v -0.01929 0.12362 -0.03066
v -0.00501 0.11320 -0.03546
v -0.02032 0.11271 -0.03124
v -0.00368 0.14820 -0.03405
v -0.01656 0.14756 -0.02927
v -0.00294 0.16075 -0.03379
v -0.02772 0.14520 -0.02221
v -0.03653 0.14125 -0.01332
v -0.02588 0.15800 -0.02197
v -0.03429 0.15455 -0.01340
v -0.04250 0.13603 -0.00290
v -0.03908 0.12817 -0.01334
v -0.04518 0.12209 -0.00240
v -0.04886 0.08396 0.03723
v -0.04408 0.07599 0.04903
v -0.04756 0.05873 0.05252
v -0.04283 0.03195 0.06655
v -0.03991 0.04942 0.06405
v -0.03116 0.02331 0.07527
v -0.02922 0.04142 0.07331
v -0.01542 0.03560 0.08000
v -0.01646 0.01720 0.08136
v -0.02687 0.06146 0.06867
v -0.01397 0.05566 0.07581
v -0.03677 0.06841 0.05954
v -0.03385 0.08761 0.05473
v -0.04091 0.09376 0.04523
v -0.02446 0.08184 0.06305
v -0.01235 0.07654 0.07003
v 0.00157 0.03237 0.08366
v 0.00211 0.05197 0.07993
v 0.00268 0.07250 0.07440
v 0.01912 0.07156 0.07407
v 0.01967 0.05161 0.07912
v 0.02008 0.03263 0.08262
v 0.03599 0.03734 0.07585
v 0.03472 0.05530 0.07293
v 0.00043 -0.00292 0.08332
v -0.01747 0.00052 0.08019
v -0.03287 0.00720 0.07467
v -0.04534 0.01638 0.06653
v -0.04744 0.00175 0.06445
v -0.04865 -0.01191 0.06077
v -0.04575 0.10039 0.03438
v -0.04310 0.11713 0.03175
v -0.03829 0.11155 0.04170
v -0.03146 0.10661 0.05038
v -0.02245 0.10195 0.05795
v -0.01096 0.09752 0.06424
v -0.02952 0.12514 0.04686
v -0.04567 0.12343 0.02047
v -0.04071 0.13379 0.02962
v -0.03605 0.12907 0.03892
v -0.04832 0.10756 0.02224
v -0.04554 0.12993 0.00859
v -0.04822 0.11501 0.00964
v 0.00346 0.11554 0.06287
v 0.00322 0.09382 0.06823
v 0.01818 0.11427 0.06279
v 0.03164 0.11599 0.05861
v 0.04259 0.11986 0.05091
v 0.01767 0.13483 0.05879
v 0.03081 0.13573 0.05501
v 0.04177 0.13858 0.04792
v 0.04163 0.15584 0.04592
v 0.03064 0.15386 0.05252
v 0.05066 0.12459 0.04069
v 0.05178 0.10567 0.04394
v 0.05569 0.12967 0.02850
v 0.05521 0.14645 0.02648
v 0.05004 0.14227 0.03823
v 0.04996 0.15887 0.03656
v 0.05513 0.16253 0.02510
v 0.05718 0.15107 0.01364
v 0.05762 0.13508 0.01521
v 0.05701 0.16656 0.01261
v 0.05642 0.14073 0.00182
v 0.05673 0.11203 0.03101
v 0.04376 0.09974 0.05505
v 0.03263 0.09493 0.06351
v 0.01871 0.09259 0.06818
v 0.03358 0.07443 0.06866
v 0.04633 0.06136 0.06295
v 0.04497 0.07979 0.05940
v 0.00359 0.13620 0.05898
v 0.00394 0.15546 0.05635
v 0.00461 0.17371 0.05456
v 0.01766 0.15375 0.05600
v 0.01825 0.17151 0.05418
v 0.03119 0.17103 0.05088
v 0.01927 0.18824 0.05326
v 0.03224 0.18744 0.04997
v -0.00766 0.17594 0.05195
v -0.01785 0.17700 0.04719
v -0.00686 0.19297 0.05108
v -0.01713 0.19370 0.04670
v 0.00550 0.19076 0.05353
v -0.02593 0.17761 0.04125
v -0.01867 0.15912 0.04862
v -0.02675 0.16060 0.04246
v -0.00844 0.15757 0.05357
v -0.00921 0.13846 0.05592
v -0.00998 0.11845 0.05936
v -0.02093 0.12170 0.05371
v -0.01968 0.14070 0.05076
v -0.02788 0.14313 0.04434
v -0.03421 0.14610 0.03677
v -0.03298 0.16258 0.03513
v 0.04210 0.17240 0.04450
v 0.05025 0.17493 0.03532
v 0.05527 0.17810 0.02415
v 0.04302 0.18846 0.04355
v 0.05090 0.19056 0.03446
v 0.05181 0.20573 0.03408
v 0.05575 0.19321 0.02353
v 0.05748 0.19608 0.01169
v 0.05614 0.19898 -0.00025
v 0.05578 0.18506 -0.00015
v 0.05704 0.18155 0.01201
v 0.05824 0.21012 0.01159
v 0.05682 0.21250 -0.00026
v 0.05655 0.20781 0.02333
v 0.05275 0.22035 0.03423
v 0.04412 0.20410 0.04303
v 0.03343 0.20338 0.04952
v 0.02042 0.20420 0.05302
v 0.00650 0.20640 0.05325
v 0.00756 0.22140 0.05359
v 0.02158 0.21989 0.05327
v 0.03458 0.21909 0.04945
v 0.03595 0.24748 0.05003
v 0.02328 0.24780 0.05417
v 0.04518 0.21936 0.04293
v 0.04605 0.24664 0.04367
v 0.05579 0.17072 0.00011
v 0.05602 0.15594 0.00073
v 0.05228 0.14632 -0.01079
v 0.05284 0.13166 -0.00994
v 0.04527 0.15133 -0.02167
v 0.03532 0.15525 -0.02986
v 0.03559 0.14194 -0.02953
v 0.02327 0.14518 -0.03452
v 0.04569 0.13739 -0.02110
v 0.02353 0.13245 -0.03442
v 0.02325 0.15809 -0.03463
v 0.01016 0.15997 -0.03583
v 0.05189 0.16073 -0.01141
v 0.04494 0.16500 -0.02196
v 0.03520 0.16838 -0.02998
v 0.03523 0.18127 -0.02977
v 0.04468 0.17836 -0.02185
v 0.05720 0.12524 0.00311
v 0.05356 0.11708 -0.00936
v 0.04620 0.12353 -0.02063
v 0.05858 0.11861 0.01707
v 0.05826 0.10980 0.00408
v 0.05987 0.10206 0.01866
v 0.05811 0.09422 0.03337
v 0.06139 0.08637 0.01945
v 0.05940 0.09506 0.00439
v 0.05159 0.17475 -0.01160
v 0.05156 0.18841 -0.01155
v 0.04470 0.19140 -0.02154
v 0.04510 0.20418 -0.02123
v 0.03605 0.20609 -0.02893
v 0.03552 0.19382 -0.02936
v 0.02450 0.19559 -0.03424
v 0.02387 0.18343 -0.03454
v 0.01142 0.18488 -0.03586
v 0.01233 0.19677 -0.03581
v 0.02529 0.20743 -0.03392
v 0.02611 0.21897 -0.03373
v 0.01336 0.20826 -0.03577
v 0.05190 0.20174 -0.01144
v 0.05254 0.21476 -0.01135
v 0.05756 0.22550 -0.00021
v 0.05322 0.22740 -0.01134
v 0.05452 0.24978 -0.01165
v -0.00065 0.25945 0.05183
v 0.01022 0.26131 0.05457
v -0.00190 0.25235 0.05316
v 0.00973 0.25391 0.05585
v -0.00256 0.24598 0.05221
v 0.00940 0.24732 0.05479
v 0.02353 0.25462 0.05523
v 0.03614 0.25445 0.05108
v -0.00487 0.22207 0.05114
v -0.01239 0.24420 0.04813
v -0.01487 0.22155 0.04713
v -0.02283 0.22056 0.04164
v -0.02049 0.24246 0.04228
v -0.01610 0.20817 0.04675
v -0.02408 0.20766 0.04122
v -0.02907 0.21950 0.03418
v -0.01171 0.25030 0.04875
v -0.02722 0.24073 0.03361
v -0.03002 0.20707 0.03394
v -0.00593 0.20798 0.05085
v -0.02517 0.19367 0.04101
v -0.03200 0.17855 0.03410
v -0.03633 0.18030 0.02547
v -0.03855 0.18299 0.01545
v -0.03750 0.16539 0.02641
v -0.03984 0.16904 0.01634
v -0.03827 0.18623 0.00491
v -0.03548 0.18953 -0.00527
v -0.03007 0.19258 -0.01457
v -0.03117 0.18040 -0.01406
v -0.02214 0.19510 -0.02274
v -0.02320 0.18317 -0.02231
v -0.03666 0.17696 -0.00463
v -0.03954 0.17307 0.00569
v -0.03526 0.19436 0.02506
v -0.03428 0.20716 0.02494
v -0.03344 0.21909 0.02478
v -0.03105 0.19364 0.03383
v -0.04132 0.15444 0.01753
v -0.04110 0.15923 0.00659
v -0.04323 0.13922 0.01893
v -0.03885 0.14990 0.02785
v -0.04306 0.14482 0.00756
v -0.03817 0.16374 -0.00401
v -0.03255 0.16766 -0.01366
v -0.04007 0.15005 -0.00343
v -0.00504 0.10313 -0.03545
v 0.01023 0.10164 -0.03624
v 0.01010 0.11180 -0.03639
v 0.02410 0.10884 -0.03427
v 0.02387 0.09841 -0.03408
v 0.02389 0.12027 -0.03433
v 0.03644 0.10428 -0.02902
v 0.03641 0.11608 -0.02901
v 0.03600 0.12871 -0.02917
v 0.04663 0.11028 -0.02057
v 0.05427 0.10312 -0.00929
v 0.05491 0.09026 -0.00968
v 0.04674 0.09799 -0.02074
v 0.04670 0.08690 -0.02104
v 0.05556 0.07883 -0.01037
v 0.05601 0.06893 -0.01120
v 0.06064 0.08156 0.00390
v 0.06176 0.06958 0.00297
v 0.03596 0.09352 -0.02900
v 0.02313 0.08922 -0.03368
v 0.05491 0.05196 -0.01345
v 0.05585 0.06004 -0.01228
v 0.06282 0.04940 0.00038
v 0.06249 0.05909 0.00189
v 0.06564 0.04746 0.01779
v 0.06459 0.05908 0.01881
v 0.06485 0.03537 0.03430
v 0.06313 0.04804 0.03574
v 0.06035 0.02418 0.04988
v 0.05832 0.03793 0.05157
v 0.05124 0.01374 0.06392
v 0.04981 0.02871 0.06539
v 0.04801 0.04446 0.06510
v 0.05637 0.05275 0.05164
v 0.06153 0.06208 0.03596
v 0.06633 0.02329 0.03163
v 0.06692 0.01152 0.02810
v 0.06651 0.00145 0.02442
v 0.06724 0.02623 0.01286
v 0.06720 0.01766 0.00978
v 0.06664 0.03658 0.01580
v 0.06312 0.07204 0.01937
v 0.05980 0.07746 0.03508
v 0.05469 0.06892 0.05007
v 0.05314 0.08664 0.04731
v 0.06269 0.04032 -0.00161
v 0.05601 -0.02115 0.03404
v 0.02345 0.17089 -0.03467
v 0.01067 0.17256 -0.03586
v -0.00212 0.17322 -0.03379
v -0.01412 0.17266 -0.02892
v -0.01527 0.16014 -0.02892
v -0.01305 0.18493 -0.02911
v -0.00118 0.18545 -0.03389
v -0.00013 0.19724 -0.03403
v -0.01198 0.19673 -0.02944
v -0.02441 0.17073 -0.02203
v 0.00102 0.20856 -0.03429
v -0.00351 0.05654 -0.02191
v -0.01573 0.05520 -0.01898
v 0.00677 0.05619 -0.02307
v -0.02737 0.05173 -0.01443
v -0.03741 0.04592 -0.00845
v -0.04652 0.03671 -0.00052
v -0.05306 0.02444 0.00871
v -0.05560 0.01029 0.01860
v -0.05314 -0.00414 0.02814
v -0.04745 -0.01624 0.03563
v -0.02768 -0.03416 0.04552
v -0.01458 -0.03906 0.04785
v -0.03942 -0.02609 0.04119
v -0.00124 -0.04121 0.04842
v 0.01161 -0.04104 0.04712
v 0.02371 -0.03817 0.04411
v 0.03580 -0.03192 0.03882
v 0.05808 0.00891 0.00704
v 0.05412 0.02417 -0.00345
v 0.05586 -0.00671 0.01863
v 0.04599 0.03649 -0.01136
v 0.03548 0.04546 -0.01712
v 0.02478 0.05121 -0.02067
v 0.01555 0.05442 -0.02253
v 0.04788 -0.02071 0.02970
v -0.00220 0.05632 -0.01438
v -0.01325 0.05529 -0.01196
v 0.00703 0.05555 -0.01518
v -0.02368 0.05181 -0.00774
v -0.03232 0.04581 -0.00202
v -0.03959 0.03689 0.00496
v -0.04509 0.02559 0.01279
v -0.04730 0.01313 0.02123
v -0.04591 0.00073 0.02978
v -0.04131 -0.00976 0.03687
v -0.02414 -0.02586 0.04579
v -0.01248 -0.03079 0.04767
v -0.03435 -0.01808 0.04173
v -0.00069 -0.03284 0.04786
v 0.01045 -0.03235 0.04661
v 0.02142 -0.02914 0.04398
v 0.03180 -0.02350 0.03932
v 0.05085 0.01246 0.01148
v 0.04788 0.02620 0.00244
v 0.04883 -0.00137 0.02133
v 0.04126 0.03767 -0.00476
v 0.03229 0.04606 -0.01015
v 0.02293 0.05116 -0.01334
v 0.01481 0.05384 -0.01479
v 0.04210 -0.01364 0.03104
v -0.01396 0.24811 -0.00233
v -0.01067 0.25073 -0.00805
v -0.01392 0.24703 0.01936
v -0.01578 0.24632 0.01141
v -0.01078 0.24869 0.02622
v -0.00595 0.25044 0.03205
v 0.00035 0.25251 0.03641
v -0.01559 0.24658 0.00411
v 0.01365 0.25552 0.04061
v 0.00676 0.25426 0.03933
v 0.03391 0.25555 0.03307
v 0.02778 0.25582 0.03749
v 0.02122 0.25584 0.04020
v 0.02109 0.25662 -0.01697
v 0.02806 0.25692 -0.01469
v 0.01424 0.25606 -0.01805
v 0.04337 0.25326 0.01181
v 0.04204 0.25359 0.02030
v 0.04239 0.25382 0.00279
v 0.03905 0.25503 -0.00522
v 0.03892 0.25458 0.02719
v 0.00062 0.25468 -0.01521
v -0.00571 0.25324 -0.01229
v 0.00734 0.25544 -0.01732
v 0.03414 0.25629 -0.01106
v -0.00583 0.24622 0.00009
v -0.00558 0.24801 -0.00447
v -0.00510 0.24550 0.01830
v -0.00617 0.24486 0.01196
v -0.00324 0.24670 0.02304
v -0.00138 0.24817 0.02767
v 0.00339 0.24926 0.02835
v -0.00633 0.24505 0.00568
v 0.01396 0.25148 0.03010
v 0.00864 0.25055 0.02953
v 0.02984 0.25158 0.02612
v 0.02469 0.25186 0.02838
v 0.01951 0.25184 0.02982
v 0.02041 0.25209 -0.00847
v 0.02608 0.25234 -0.00774
v 0.01485 0.25169 -0.00873
v 0.03533 0.24990 0.01185
v 0.03487 0.25029 0.01878
v 0.03463 0.25024 0.00452
v 0.03275 0.25116 -0.00219
v 0.03437 0.25132 0.02402
v 0.00390 0.25047 -0.00698
v -0.00124 0.24928 -0.00558
v 0.00934 0.25118 -0.00814
v 0.03090 0.25245 -0.00714
v 0.01726 0.24956 0.01298
v 0.02213 0.24976 0.01265
v 0.02778 0.24970 0.01221
v 0.01255 0.24880 0.01312
v 0.00768 0.24773 0.01309
v 0.02710 0.24990 0.00570
v 0.02140 0.24986 0.00623
v 0.01648 0.24960 0.00655
v 0.01176 0.24886 0.00673
v 0.00694 0.24783 0.00681
v 0.02832 0.25016 0.01894
v 0.02305 0.25031 0.01975
v 0.01819 0.25019 0.02036
v 0.01333 0.24959 0.02052
v 0.00833 0.24861 0.02034
v 0.02626 0.25066 -0.00076
v 0.02075 0.25051 -0.00044
v 0.01571 0.25020 -0.00022
v 0.01081 0.24957 0.00012
v 0.00588 0.24866 0.00053
v 0.00215 0.24718 0.01999
v 0.00191 0.24640 0.01278
v 0.00140 0.24651 0.00662
v 0.00070 0.24742 0.00079
v 0.05336 0.25757 0.03631
v 0.05862 0.25764 0.02510
v 0.06056 0.25829 0.01224
v 0.05970 0.25983 -0.00007
v 0.05505 0.26160 -0.01149
v 0.04720 0.26307 -0.02131
v 0.03734 0.26366 -0.02844
v 0.02653 0.26308 -0.03293
v 0.01527 0.26156 -0.03502
v 0.00417 0.25957 -0.03439
v -0.00726 0.25717 -0.03093
v -0.01764 0.25494 -0.02453
v -0.02526 0.25317 -0.01613
v -0.03015 0.25163 -0.00708
v -0.03250 0.25023 0.00236
v -0.03272 0.24922 0.01226
v -0.03067 0.24887 0.02261
v -0.02629 0.24966 0.03302
v -0.01952 0.25148 0.04227
v -0.01131 0.25373 0.04888
v -0.00161 0.25603 0.05358
v 0.00984 0.25778 0.05637
v 0.02356 0.25857 0.05589
v 0.03618 0.25842 0.05184
v 0.04613 0.25767 0.04512
v -0.00153 0.26115 -0.01923
v 0.00625 0.26264 -0.02165
v 0.01440 0.26370 -0.02208
v 0.02240 0.26431 -0.02054
v 0.03008 0.26451 -0.01747
v 0.03633 0.26396 -0.01259
v 0.04149 0.26285 -0.00578
v 0.04508 0.26167 0.00259
v 0.04639 0.26100 0.01184
v 0.04520 0.26100 0.02102
v 0.04182 0.26157 0.02894
v 0.03673 0.26210 0.03583
v 0.02990 0.26246 0.04166
v 0.02169 0.26266 0.04552
v 0.01223 0.26213 0.04606
v 0.00388 0.26061 0.04396
v -0.00346 0.25869 0.03991
v -0.00988 0.25647 0.03433
v -0.01455 0.25484 0.02759
v -0.01750 0.25365 0.02000
v -0.01926 0.25332 0.01174
v -0.01918 0.25371 0.00415
v -0.01763 0.25502 -0.00293
v -0.01399 0.25713 -0.00967
v -0.00861 0.25934 -0.01526
v 0.05960 0.23601 0.01196
v 0.05824 0.23764 -0.00017
v 0.05381 0.23925 -0.01144
v 0.04679 0.24031 -0.02110
v 0.03773 0.24078 -0.02844
v 0.02707 0.24076 -0.03333
v 0.01556 0.24030 -0.03575
v 0.00380 0.23966 -0.03523
v -0.00809 0.23852 -0.03131
v -0.01881 0.23673 -0.02460
v -0.02704 0.23475 -0.01636
v -0.03241 0.23291 -0.00721
v -0.03487 0.23126 0.00273
v -0.03487 0.23015 0.01339
v -0.03266 0.22994 0.02425
v -0.02819 0.23071 0.03418
v -0.02165 0.23216 0.04208
v -0.01365 0.23357 0.04760
v -0.00374 0.23478 0.05154
v 0.00860 0.23521 0.05404
v 0.02266 0.23474 0.05359
v 0.03561 0.23417 0.04958
v 0.04600 0.23391 0.04318
v 0.05334 0.23415 0.03480
v 0.05798 0.23481 0.02411
v -0.00814 0.04892 0.00607
v -0.00042 0.04955 0.00442
v 0.00608 0.04894 0.00389
v -0.02137 0.04229 0.01307
v -0.01540 0.04655 0.00899
v -0.02635 0.03594 0.01807
v -0.03015 0.02786 0.02381
v -0.03169 0.01898 0.02993
v -0.03083 0.01023 0.03603
v -0.02774 0.00272 0.04104
v -0.00766 -0.01220 0.04858
v -0.01585 -0.00868 0.04725
v -0.02295 -0.00318 0.04443
v 0.00839 -0.01333 0.04792
v 0.00061 -0.01369 0.04876
v 0.01592 -0.01096 0.04603
v 0.02289 -0.00682 0.04261
v 0.03413 0.02819 0.01648
v 0.03594 0.01864 0.02277
v 0.03449 0.00901 0.02961
v 0.02986 0.03625 0.01139
v 0.02378 0.04219 0.00753
v 0.01157 0.04769 0.00417
v 0.01729 0.04578 0.00522
v 0.02986 0.00030 0.03654
v -0.00609 0.04200 0.01464
v -0.00026 0.04198 0.01398
v 0.00502 0.04143 0.01370
v -0.01354 0.03809 0.01864
v -0.01123 0.04188 0.01503
v -0.01635 0.03295 0.02281
v -0.01862 0.02676 0.02742
v -0.01968 0.02007 0.03218
v -0.01945 0.01343 0.03676
v -0.01815 0.00749 0.04057
v -0.00515 -0.00098 0.04492
v -0.01148 0.00093 0.04418
v -0.01695 0.00269 0.04313
v 0.00715 -0.00207 0.04456
v 0.00121 -0.00201 0.04505
v 0.01258 -0.00102 0.04342
v 0.01673 0.00161 0.04123
v 0.02347 0.02772 0.02189
v 0.02426 0.02070 0.02679
v 0.02328 0.01357 0.03195
v 0.02145 0.03377 0.01764
v 0.01939 0.03825 0.01404
v 0.00979 0.04054 0.01375
v 0.01463 0.03938 0.01403
v 0.02058 0.00698 0.03700
v 0.01446 0.03365 0.01943
v 0.00915 0.03422 0.01995
v 0.00429 0.03487 0.02016
v -0.00084 0.03554 0.02021
v -0.00661 0.03633 0.01999
v -0.00780 0.03109 0.02438
v -0.00154 0.03008 0.02490
v 0.00376 0.02932 0.02497
v 0.00886 0.02867 0.02470
v 0.01476 0.02807 0.02393
v 0.01474 0.02208 0.02844
v 0.00853 0.02300 0.02910
v 0.00325 0.02378 0.02932
v -0.00227 0.02456 0.02921
v -0.00894 0.02547 0.02870
v -0.00974 0.01958 0.03298
v -0.00292 0.01889 0.03334
v 0.00272 0.01813 0.03344
v 0.00804 0.01723 0.03331
v 0.01416 0.01597 0.03291
v 0.01310 0.01001 0.03714
v 0.00746 0.01142 0.03728
v 0.00219 0.01234 0.03733
v -0.00347 0.01310 0.03724
v -0.01015 0.01365 0.03701
v 0.01205 0.00450 0.04075
v 0.00701 0.00538 0.04093
v 0.00169 0.00610 0.04103
v -0.00406 0.00694 0.04091
v -0.01038 0.00774 0.04063
v 0.03702 -0.00712 0.03406
v 0.02814 -0.01590 0.04151
v 0.01922 -0.02100 0.04573
v 0.00964 -0.02396 0.04806
v -0.00009 -0.02442 0.04914
v -0.01041 -0.02259 0.04896
v -0.02063 -0.01817 0.04732
v -0.02954 -0.01122 0.04372
v -0.03565 -0.00391 0.03947
v -0.03962 0.00534 0.03319
v -0.04072 0.01620 0.02563
v -0.03879 0.02717 0.01818
v -0.03400 0.03714 0.01127
v -0.02772 0.04502 0.00515
v -0.02016 0.05036 0.00006
v -0.01102 0.05344 -0.00368
v -0.00133 0.05432 -0.00581
v 0.00675 0.05358 -0.00649
v 0.01353 0.05206 -0.00615
v 0.02062 0.04970 -0.00485
v 0.02880 0.04519 -0.00195
v 0.03663 0.03776 0.00283
v 0.04225 0.02768 0.00915
v 0.04466 0.01568 0.01700
v 0.04286 0.00364 0.02553
v 0.04439 -0.01806 0.02892
v 0.05188 -0.00506 0.01867
v 0.05407 0.00961 0.00804
v 0.05055 0.02406 -0.00163
v 0.04314 0.03589 -0.00900
v 0.03340 0.04450 -0.01440
v 0.02346 0.04987 -0.01766
v 0.01487 0.05279 -0.01928
v 0.00669 0.05447 -0.01971
v -0.00292 0.05495 -0.01867
v -0.01438 0.05374 -0.01597
v -0.02529 0.05034 -0.01168
v -0.03463 0.04463 -0.00606
v -0.04295 0.03569 0.00122
v -0.04909 0.02395 0.00965
v -0.05141 0.01067 0.01869
v -0.04927 -0.00264 0.02755
v -0.04401 -0.01371 0.03463
v -0.03660 -0.02254 0.03962
v -0.02568 -0.03029 0.04372
v -0.01346 -0.03507 0.04576
v -0.00107 -0.03718 0.04615
v 0.01061 -0.03690 0.04487
v 0.02185 -0.03404 0.04214
v 0.03305 -0.02836 0.03738
v 0.00576 0.05106 -0.02595
v 0.00816 0.05018 -0.02704
v 0.01000 0.04893 -0.02871
v 0.01112 0.04744 -0.03077
v 0.01139 0.04585 -0.03304
v 0.01080 0.04431 -0.03528
v 0.00940 0.04298 -0.03728
v 0.00732 0.04199 -0.03885
v 0.00477 0.04143 -0.03982
v 0.00200 0.04136 -0.04011
v -0.00071 0.04179 -0.03968
v -0.00311 0.04267 -0.03858
v -0.00496 0.04392 -0.03692
v -0.00608 0.04541 -0.03485
v -0.00635 0.04701 -0.03259
v -0.00576 0.04854 -0.03034
v -0.00435 0.04987 -0.02834
v -0.00228 0.05087 -0.02678
v 0.00027 0.05142 -0.02581
v 0.00304 0.05149 -0.02552
v 0.00883 0.05388 -0.01806
v 0.01357 0.05214 -0.02023
v 0.01722 0.04967 -0.02351
v 0.01943 0.04672 -0.02759
v 0.01997 0.04357 -0.03207
v 0.01879 0.04054 -0.03650
v 0.01602 0.03791 -0.04045
v 0.01192 0.03595 -0.04354
v 0.00688 0.03485 -0.04546
v 0.00142 0.03471 -0.04603
v -0.00395 0.03556 -0.04519
v -0.00869 0.03730 -0.04302
v -0.01234 0.03977 -0.03973
v -0.01455 0.04272 -0.03565
v -0.01509 0.04587 -0.03118
v -0.01392 0.04890 -0.02675
v -0.01114 0.05153 -0.02279
v -0.00704 0.05349 -0.01970
v -0.00201 0.05459 -0.01778
v 0.00346 0.05473 -0.01721
v 0.01169 0.05538 -0.00974
v 0.01866 0.05282 -0.01293
v 0.02402 0.04920 -0.01776
v 0.02726 0.04486 -0.02375
v 0.02806 0.04023 -0.03033
v 0.02633 0.03577 -0.03684
v 0.02226 0.03192 -0.04264
v 0.01623 0.02904 -0.04718
v 0.00884 0.02742 -0.05001
v 0.00080 0.02722 -0.05084
v -0.00708 0.02846 -0.04960
v -0.01405 0.03102 -0.04641
v -0.01941 0.03465 -0.04158
v -0.02265 0.03898 -0.03559
v -0.02345 0.04361 -0.02901
v -0.02172 0.04807 -0.02251
v -0.01765 0.05193 -0.01670
v -0.01162 0.05481 -0.01216
v -0.00422 0.05642 -0.00933
v 0.00381 0.05662 -0.00850
v 0.01428 0.05553 -0.00120
v 0.02329 0.05221 -0.00533
v 0.03024 0.04752 -0.01158
v 0.03443 0.04190 -0.01934
v 0.03547 0.03592 -0.02785
v 0.03323 0.03014 -0.03628
v 0.02795 0.02515 -0.04380
v 0.02015 0.02142 -0.04968
v 0.01058 0.01933 -0.05333
v 0.00018 0.01907 -0.05441
v -0.01003 0.02068 -0.05281
v -0.01905 0.02399 -0.04868
v -0.02599 0.02868 -0.04243
v -0.03019 0.03430 -0.03467
v -0.03122 0.04029 -0.02616
v -0.02899 0.04606 -0.01773
v -0.02371 0.05105 -0.01021
v -0.01590 0.05478 -0.00433
v -0.00633 0.05688 -0.00067
v 0.00407 0.05713 0.00040
v 0.01652 0.05431 0.00735
v 0.02737 0.05033 0.00239
v 0.03572 0.04468 -0.00514
v 0.04077 0.03793 -0.01447
v 0.04201 0.03072 -0.02471
v 0.03932 0.02378 -0.03485
v 0.03297 0.01777 -0.04390
v 0.02358 0.01328 -0.05097
v 0.01207 0.01076 -0.05537
v -0.00044 0.01046 -0.05666
v -0.01272 0.01239 -0.05473
v -0.02357 0.01637 -0.04977
v -0.03193 0.02202 -0.04225
v -0.03697 0.02878 -0.03291
v -0.03822 0.03598 -0.02267
v -0.03553 0.04293 -0.01253
v -0.02918 0.04894 -0.00348
v -0.01979 0.05342 0.00358
v -0.00827 0.05594 0.00798
v 0.00424 0.05625 0.00928
v 0.01836 0.05177 0.01571
v 0.03077 0.04722 0.01002
v 0.04033 0.04076 0.00142
v 0.04610 0.03303 -0.00926
v 0.04752 0.02478 -0.02098
v 0.04445 0.01684 -0.03258
v 0.03719 0.00996 -0.04293
v 0.02644 0.00483 -0.05102
v 0.01327 0.00195 -0.05605
v -0.00105 0.00160 -0.05754
v -0.01510 0.00381 -0.05533
v -0.02751 0.00837 -0.04964
v -0.03707 0.01483 -0.04104
v -0.04284 0.02256 -0.03036
v -0.04426 0.03080 -0.01864
v -0.04119 0.03875 -0.00704
v -0.03392 0.04562 0.00331
v -0.02318 0.05075 0.01140
v -0.01001 0.05363 0.01643
v 0.00431 0.05399 0.01791
v 0.01975 0.04797 0.02366
v 0.03343 0.04295 0.01740
v 0.04396 0.03583 0.00792
v 0.05031 0.02732 -0.00384
v 0.05188 0.01824 -0.01675
v 0.04849 0.00949 -0.02952
v 0.04049 0.00192 -0.04092
v 0.02866 -0.00373 -0.04983
v 0.01415 -0.00690 -0.05537
v -0.00161 -0.00729 -0.05701
v -0.01709 -0.00486 -0.05458
v -0.03076 0.00016 -0.04832
v -0.04129 0.00728 -0.03884
v -0.04765 0.01579 -0.02708
v -0.04921 0.02487 -0.01417
v -0.04583 0.03362 -0.00140
v -0.03783 0.04119 0.01000
v -0.02599 0.04684 0.01891
v -0.01148 0.05002 0.02445
v 0.00428 0.05041 0.02609
v 0.02067 0.04299 0.03101
v 0.03527 0.03764 0.02432
v 0.04651 0.03004 0.01421
v 0.05329 0.02095 0.00165
v 0.05496 0.01127 -0.01212
v 0.05135 0.00192 -0.02576
v 0.04281 -0.00616 -0.03792
v 0.03018 -0.01219 -0.04743
v 0.01469 -0.01558 -0.05335
v -0.00214 -0.01599 -0.05510
v -0.01865 -0.01339 -0.05250
v -0.03325 -0.00803 -0.04582
v -0.04449 -0.00044 -0.03570
v -0.05127 0.00865 -0.02315
v -0.05294 0.01834 -0.00937
v -0.04933 0.02768 0.00426
v -0.04079 0.03576 0.01643
v -0.02816 0.04179 0.02594
v -0.01267 0.04518 0.03186
v 0.00416 0.04559 0.03360
v 0.02109 0.03697 0.03758
v 0.03625 0.03140 0.03064
v 0.04792 0.02352 0.02013
v 0.05497 0.01408 0.00709
v 0.05670 0.00402 -0.00721
v 0.05295 -0.00568 -0.02137
v 0.04408 -0.01408 -0.03401
v 0.03096 -0.02034 -0.04388
v 0.01488 -0.02386 -0.05003
v -0.00260 -0.02429 -0.05184
v -0.01975 -0.02159 -0.04915
v -0.03491 -0.01602 -0.04221
v -0.04658 -0.00814 -0.03170
v -0.05362 0.00130 -0.01866
v -0.05536 0.01136 -0.00436
v -0.05161 0.02106 0.00980
v -0.04274 0.02946 0.02244
v -0.02962 0.03572 0.03231
v -0.01354 0.03924 0.03846
v 0.00394 0.03967 0.04027
v 0.02100 0.03005 0.04320
v 0.03634 0.02441 0.03618
v 0.04816 0.01643 0.02554
v 0.05529 0.00687 0.01234
v 0.05705 -0.00332 -0.00214
v 0.05325 -0.01314 -0.01648
v 0.04427 -0.02164 -0.02928
v 0.03099 -0.02798 -0.03927
v 0.01471 -0.03154 -0.04549
v -0.00299 -0.03198 -0.04733
v -0.02035 -0.02924 -0.04460
v -0.03570 -0.02361 -0.03758
v -0.04751 -0.01562 -0.02694
v -0.05465 -0.00607 -0.01374
v -0.05640 0.00412 0.00074
v -0.05261 0.01394 0.01508
v -0.04363 0.02244 0.02788
v -0.03034 0.02878 0.03787
v -0.01406 0.03234 0.04410
v 0.00363 0.03278 0.04593
v 0.02039 0.02239 0.04775
v 0.03555 0.01683 0.04081
v 0.04722 0.00894 0.03031
v 0.05427 -0.00050 0.01726
v 0.05600 -0.01056 0.00296
v 0.05225 -0.02026 -0.01120
v 0.04338 -0.02866 -0.02384
v 0.03026 -0.03492 -0.03371
v 0.01418 -0.03844 -0.03986
v -0.00329 -0.03887 -0.04167
v -0.02045 -0.03617 -0.03897
v -0.03560 -0.03060 -0.03204
v -0.04727 -0.02272 -0.02153
v -0.05432 -0.01328 -0.00849
v -0.05605 -0.00322 0.00581
v -0.05230 0.00648 0.01998
v -0.04343 0.01488 0.03261
v -0.03031 0.02114 0.04249
v -0.01423 0.02466 0.04863
v 0.00324 0.02509 0.05044
v 0.01930 0.01419 0.05110
v 0.03389 0.00884 0.04442
v 0.04513 0.00124 0.03431
v 0.05192 -0.00785 0.02175
v 0.05358 -0.01753 0.00798
v 0.04997 -0.02688 -0.00566
v 0.04143 -0.03496 -0.01783
v 0.02880 -0.04099 -0.02734
v 0.01331 -0.04438 -0.03325
v -0.00351 -0.04479 -0.03500
v -0.02003 -0.04219 -0.03240
v -0.03462 -0.03683 -0.02572
v -0.04586 -0.02924 -0.01561
v -0.05265 -0.02015 -0.00305
v -0.05432 -0.01046 0.01072
v -0.05070 -0.00112 0.02436
v -0.04216 0.00696 0.03653
v -0.02953 0.01299 0.04603
v -0.01404 0.01638 0.05195
v 0.00278 0.01679 0.05370
v 0.01773 0.00566 0.05318
v 0.03140 0.00064 0.04692
v 0.04193 -0.00648 0.03744
v 0.04829 -0.01499 0.02568
v 0.04985 -0.02407 0.01278
v 0.04647 -0.03282 0.00000
v 0.03847 -0.04039 -0.01140
v 0.02664 -0.04604 -0.02031
v 0.01213 -0.04922 -0.02585
v -0.00364 -0.04960 -0.02749
v -0.01911 -0.04717 -0.02505
v -0.03278 -0.04215 -0.01879
v -0.04331 -0.03503 -0.00932
v -0.04967 -0.02652 0.00245
v -0.05123 -0.01744 0.01535
v -0.04785 -0.00869 0.02812
v -0.03985 -0.00112 0.03952
v -0.02801 0.00453 0.04843
v -0.01350 0.00771 0.05397
v 0.00226 0.00809 0.05561
v 0.01574 -0.00301 0.05393
v 0.02815 -0.00757 0.04825
v 0.03771 -0.01403 0.03964
v 0.04349 -0.02176 0.02896
v 0.04491 -0.03000 0.01725
v 0.04183 -0.03794 0.00564
v 0.03457 -0.04482 -0.00471
v 0.02382 -0.04995 -0.01279
v 0.01065 -0.05283 -0.01783
v -0.00366 -0.05318 -0.01931
v -0.01771 -0.05097 -0.01710
v -0.03013 -0.04641 -0.01142
v -0.03969 -0.03995 -0.00282
v -0.04546 -0.03223 0.00787
v -0.04688 -0.02398 0.01958
v -0.04381 -0.01604 0.03118
v -0.03654 -0.00916 0.04153
v -0.02580 -0.00403 0.04962
v -0.01262 -0.00115 0.05465
v 0.00169 -0.00080 0.05614
v 0.01337 -0.01159 0.05334
v 0.02422 -0.01557 0.04837
v 0.03257 -0.02122 0.04085
v 0.03762 -0.02798 0.03151
v 0.03886 -0.03518 0.02127
v 0.03617 -0.04213 0.01113
v 0.02982 -0.04813 0.00209
v 0.02043 -0.05262 -0.00498
v 0.00892 -0.05514 -0.00938
v -0.00359 -0.05545 -0.01068
v -0.01587 -0.05351 -0.00875
v -0.02672 -0.04953 -0.00378
v -0.03508 -0.04388 0.00374
v -0.04012 -0.03713 0.01307
v -0.04136 -0.02992 0.02331
v -0.03868 -0.02298 0.03345
v -0.03233 -0.01697 0.04250
v -0.02294 -0.01248 0.04957
v -0.01142 -0.00996 0.05397
v 0.00109 -0.00966 0.05527
v 0.01067 -0.01987 0.05141
v 0.01969 -0.02319 0.04728
v 0.02664 -0.02788 0.04103
v 0.03083 -0.03350 0.03327
v 0.03186 -0.03948 0.02476
v 0.02963 -0.04526 0.01633
v 0.02435 -0.05025 0.00881
v 0.01655 -0.05398 0.00293
v 0.00698 -0.05607 -0.00072
v -0.00342 -0.05633 -0.00180
v -0.01363 -0.05472 -0.00020
v -0.02265 -0.05141 0.00393
v -0.02960 -0.04672 0.01018
v -0.03379 -0.04110 0.01794
v -0.03482 -0.03511 0.02645
v -0.03259 -0.02934 0.03488
v -0.02731 -0.02435 0.04240
v -0.01950 -0.02062 0.04828
v -0.00993 -0.01852 0.05194
v 0.00047 -0.01827 0.05301
v 0.00773 -0.02766 0.04820
v 0.01469 -0.03022 0.04501
v 0.02006 -0.03385 0.04019
v 0.02330 -0.03818 0.03419
v 0.02409 -0.04281 0.02762
v 0.02237 -0.04727 0.02111
v 0.01829 -0.05113 0.01530
v 0.01226 -0.05400 0.01076
v 0.00487 -0.05562 0.00794
v -0.00316 -0.05582 0.00710
v -0.01105 -0.05458 0.00834
v -0.01801 -0.05202 0.01153
v -0.02338 -0.04840 0.01636
v -0.02662 -0.04406 0.02235
v -0.02741 -0.03943 0.02893
v -0.02569 -0.03497 0.03544
v -0.02161 -0.03111 0.04125
v -0.01558 -0.02824 0.04578
v -0.00819 -0.02662 0.04861
v -0.00016 -0.02642 0.04944
v 0.00459 -0.03476 0.04379
v 0.00934 -0.03650 0.04162
v 0.01299 -0.03897 0.03833
v 0.01519 -0.04192 0.03425
v 0.01573 -0.04507 0.02978
v 0.01456 -0.04810 0.02535
v 0.01179 -0.05073 0.02139
v 0.00768 -0.05269 0.01830
v 0.00265 -0.05379 0.01638
v -0.00282 -0.05392 0.01581
v -0.00818 -0.05308 0.01666
v -0.01293 -0.05134 0.01883
v -0.01658 -0.04887 0.02212
v -0.01878 -0.04592 0.02620
v -0.01932 -0.04277 0.03067
v -0.01815 -0.03973 0.03510
v -0.01538 -0.03711 0.03906
v -0.01127 -0.03515 0.04214
v -0.00624 -0.03405 0.04407
v -0.00077 -0.03391 0.04463
v 0.00136 -0.04099 0.03828
v 0.00376 -0.04187 0.03718
v 0.00561 -0.04312 0.03552
v 0.00672 -0.04461 0.03346
v 0.00700 -0.04621 0.03119
v 0.00640 -0.04774 0.02895
v 0.00500 -0.04907 0.02695
v 0.00292 -0.05007 0.02538
v 0.00037 -0.05062 0.02441
v -0.00239 -0.05069 0.02412
v -0.00511 -0.05026 0.02455
v -0.00751 -0.04938 0.02565
v -0.00936 -0.04813 0.02731
v -0.01048 -0.04664 0.02938
v -0.01075 -0.04504 0.03164
v -0.01016 -0.04351 0.03388
v -0.00875 -0.04218 0.03589
v -0.00667 -0.04119 0.03745
v -0.00413 -0.04063 0.03842
v -0.00136 -0.04056 0.03871
v 0.00255 0.04700 -0.03321
v -0.00190 -0.04620 0.03182
vt 0.00000 0.00000
vt 0.00000 0.00000
vt 0.00000 0.00000
vt 0.00000 0.00000
vt 0.00000 0.00000
vt 0.00000 0.00000
vt 0.00000 0.00000
vt 0.00000 0.00000
vt 0.00000 0.00000
vt 0.00000 0.00000
vt 0.00000 0.00000
vt 0.00000 0.00000
vt 0.00000 0.00000
vt 0.00000 0.00000
vt 0.00000 0.00000
vt 0.00000 0.00000
vt 0.00000 0.00000
vt 0.00000 0.00000
vt 0.00000 0.00000
vt 0.00000 0.00000
vt 0.00000 0.00000
vt 0.00000 0.00000
vt 0.00000 0.00000
vt 0.00000 0.00000
vt 0.00000 0.00000
vt 0.00000 0.00000
vt 0.00000 0.00000
vt 0.00000 0.00000
vt 0.00000 0.00000
vt 0.00000 0.00000
vt 0.00000 0.00000
vt 0.00000 0.00000
vt 0.00000 0.00000
vt 0.00000 0.00000
vt 0.00000 0.00000
vt 0.00000 0.00000
vt 0.00000 0.00000
vt 0.00000 0.00000
vt 0.00000 0.00000
vt 0.00000 0.00000
vt 0.00000 0.00000
vt 0.00000 0.00000
vt 0.00000 0.00000
vt 0.00000 0.00000
vt 0.00000 0.00000
vt 0.00000 0.00000
vt 0.00000 0.00000
vt 0.00000 0.00000
vt 0.00000 0.00000
vt 0.00000 0.00000
vt 0.00000 0.00000
vt 0.00000 0.00000
vt 0.00000 0.00000
vt 0.00000 0.00000
vt 0.00000 0.00000
vt 0.00000 0.00000
vt 0.00000 0.00000
vt 0.00000 0.00000
vt 0.00000 0.00000
vt 0.00000 0.00000
vt 0.00000 0.00000
vt 0.00000 0.00000
vt 0.00000 0.00000
vt 0.00000 0.00000
vt 0.00000 0.00000
vt 0.00000 0.00000
vt 0.00000 0.00000
vt 0.00000 0.00000
vt 0.00000 0.00000
vt 0.00000 0.00000
vt 0.00000 0.00000
vt 0.00000 0.00000
vt 0.00000 0.00000
vt 0.00000 0.00000
vt 0.00000 0.00000
vt 0.00000 0.00000
vt 0.00000 0.00000
vt 0.00000 0.00000
vt 0.00000 0.00000
vt 0.00000 0.00000
vt 0.00000 0.00000
vt 0.00000 0.00000
vt 0.00000 0.00000
vt 0.00000 0.00000
vt 0.00000 0.00000
vt 0.00000 0.00000
vt 0.00000 0.00000
vt 0.00000 0.00000
vt 0.00000 0.00000
vt 0.00000 0.00000
vt 0.00000 0.00000
vt 0.00000 0.00000
vt 0.00000 0.00000
vt 0.00000 0.00000
vt 0.00000 0.00000
vt 0.00000 0.00000
vt 0.00000 0.00000
vt 0.00000 0.00000
vt 0.00000 0.00000
vt 0.00000 0.00000
vt 0.00000 0.00000
vt 0.00000 0.00000
vt 0.00000 0.00000
vt 0.00000 0.00000
vt 0.00000 0.00000
vt 0.00000 0.00000
vt 0.00000 0.00000
vt 0.00000 0.00000
vt 0.00000 0.00000
vt 0.00000 0.00000
vt 0.00000 0.00000
vt 0.00000 0.00000
vt 0.00000 0.00000
vt 0.00000 0.00000
vt 0.00000 0.00000
vt 0.00000 0.00000
vt 0.00000 0.00000
vt 0.00000 0.00000
vt 0.00000 0.00000
vt 0.00000 0.00000
vt 0.00000 0.00000
vt 0.00000 0.00000
vt 0.00000 0.00000
vt 0.00000 0.00000
vt 0.00000 0.00000
vt 0.00000 0.00000
vt 0.00000 0.00000
vt 0.00000 0.00000
vt 0.00000 0.00000
vt 0.00000 0.00000
vt 0.00000 0.00000
vt 0.00000 0.00000
vt 0.00000 0.00000
vt 0.00000 0.00000
vt 0.00000 0.00000
vt 0.00000 0.00000
vt 0.00000 0.00000
vt 0.00000 0.00000
vt 0.00000 0.00000
vt 0.00000 0.00000
vt 0.00000 0.00000
vt 0.00000 0.00000
vt 0.00000 0.00000
vt 0.00000 0.00000
vt 0.00000 0.00000
vt 0.00000 0.00000
vt 0.00000 0.00000
vt 0.00000 0.00000
vt 0.00000 0.00000
vt 0.00000 0.00000
vt 0.00000 0.00000
vt 0.00000 0.00000
vt 0.00000 0.00000
vt 0.00000 0.00000
vt 0.00000 0.00000
vt 0.00000 0.00000
vt 0.00000 0.00000
vt 0.00000 0.00000
vt 0.00000 0.00000
vt 0.00000 0.00000
vt 0.00000 0.00000
vt 0.00000 0.00000
vt 0.00000 0.00000
vt 0.00000 0.00000
vt 0.00000 0.00000
vt 0.00000 0.00000
vt 0.00000 0.00000
vt 0.00000 0.00000
vt 0.00000 0.00000
vt 0.00000 0.00000
vt 0.00000 0.00000
vt 0.00000 0.00000
vt 0.00000 0.00000
vt 0.00000 0.00000
vt 0.00000 0.00000
vt 0.00000 0.00000
vt 0.00000 0.00000
vt 0.00000 0.00000
vt 0.00000 0.00000
vt 0.00000 0.00000
vt 0.00000 0.00000
vt 0.00000 0.00000
vt 0.00000 0.00000
vt 0.00000 0.00000
vt 0.00000 0.00000
vt 0.00000 0.00000
vt 0.00000 0.00000
vt 0.00000 0.00000
vt 0.00000 0.00000
vt 0.00000 0.00000
vt 0.00000 0.00000
vt 0.00000 0.00000
vt 0.00000 0.00000
vt 0.00000 0.00000
vt 0.00000 0.00000
vt 0.00000 0.00000
vt 0.00000 0.00000
vt 0.00000 0.00000
vt 0.00000 0.00000
vt 0.00000 0.00000
vt 0.00000 0.00000
vt 0.00000 0.00000
vt 0.00000 0.00000
vt 0.00000 0.00000
vt 0.00000 0.00000
vt 0.00000 0.00000
vt 0.00000 0.00000
vt 0.00000 0.00000
vt 0.00000 0.00000
vt 0.00000 0.00000
vt 0.00000 0.00000
vt 0.00000 0.00000
vt 0.00000 0.00000
vt 0.00000 0.00000
vt 0.00000 0.00000
vt 0.00000 0.00000
vt 0.00000 0.00000
vt 0.00000 0.00000
vt 0.00000 0.00000
vt 0.00000 0.00000
vt 0.00000 0.00000
vt 0.00000 0.00000
vt 0.00000 0.00000
vt 0.00000 0.00000
vt 0.00000 0.00000
vt 0.00000 0.00000
vt 0.00000 0.00000
vt 0.00000 0.00000
vt 0.00000 0.00000
vt 0.00000 0.00000
vt 0.00000 0.00000
vt 0.00000 0.00000
vt 0.00000 0.00000
vt 0.00000 0.00000
vt 0.00000 0.00000
vt 0.00000 0.00000
vt 0.00000 0.00000
vt 0.00000 0.00000
vt 0.00000 0.00000
vt 0.00000 0.00000
vt 0.00000 0.00000
vt 0.00000 0.00000
vt 0.00000 0.00000
vt 0.00000 0.00000
vt 0.00000 0.00000
vt 0.00000 0.00000
vt 0.00000 0.00000
vt 0.00000 0.00000
vt 0.00000 0.00000
vt 0.00000 0.00000
vt 0.00000 0.00000
vt 0.00000 0.00000
vt 0.00000 0.00000
vt 0.00000 0.00000
vt 0.00000 0.00000
vt 0.00000 0.00000
vt 0.00000 0.00000
vt 0.00000 0.00000
vt 0.00000 0.00000
vt 0.00000 0.00000
vt 0.00000 0.00000
vt 0.00000 0.00000
vt 0.00000 0.00000
vt 0.00000 0.00000
vt 0.00000 0.00000
vt 0.00000 0.00000
vt 0.00000 0.00000
vt 0.00000 0.00000
vt 0.00000 0.00000
vt 0.00000 0.00000
vt 0.00000 0.00000
vt 0.00000 0.00000
vt 0.00000 0.00000
vt 0.00000 0.00000
vt 0.00000 0.00000
vt 0.00000 0.00000
vt 0.00000 0.00000
vt 0.00000 0.00000
vt 0.00000 0.00000
vt 0.00000 0.00000
vt 0.00000 0.00000
vt 0.00000 0.00000
vt 0.00000 0.00000
vt 0.00000 0.00000
vt 0.00000 0.00000
vt 0.00000 0.00000
vt 0.00000 0.00000
vt 0.00000 0.00000
vt 0.00000 0.00000
vt 0.00000 0.00000
vt 0.00000 0.00000
vt 0.00000 0.00000
vt 0.00000 0.00000
vt 0.00000 0.00000
vt 0.00000 0.00000
vt 0.00000 0.00000
vt 0.00000 0.00000
vt 0.00000 0.00000
vt 0.00000 0.00000
vt 0.00000 0.00000
vt 0.00000 0.00000
vt 0.00000 0.00000
vt 0.00000 0.00000
vt 0.00000 0.00000
vt 0.00000 0.00000
vt 0.00000 0.00000
vt 0.00000 0.00000
vt 0.00000 0.00000
vt 0.00000 0.00000
vt 0.00000 0.00000
vt 0.00000 0.00000
vt 0.00000 0.00000
vt 0.00000 0.00000
vt 0.00000 0.00000
vt 0.00000 0.00000
vt 0.00000 0.00000
vt 0.00000 0.00000
vt 0.00000 0.00000
vt 0.00000 0.00000
vt 0.00000 0.00000
vt 0.00000 0.00000
vt 0.00000 0.00000
vt 0.00000 0.00000
vt 0.00000 0.00000
vt 0.00000 0.00000
vt 0.00000 0.00000
vt 0.00000 0.00000
vt 0.00000 0.00000
vt 0.00000 0.00000
vt 0.00000 0.00000
vt 0.00000 0.00000
vt 0.00000 0.00000
vt 0.00000 0.00000
vt 0.00000 0.00000
vt 0.00000 0.00000
vt 0.00000 0.00000
vt 0.00000 0.00000
vt 0.00000 0.00000
vt 0.00000 0.00000
vt 0.00000 0.00000
vt 0.00000 0.00000
vt 0.00000 0.00000
vt 0.00000 0.00000
vt 0.00000 0.00000
vt 0.00000 0.00000
vt 0.00000 0.00000
vt 0.00000 0.00000
vt 0.00000 0.00000
vt 0.00000 0.00000
vt 0.00000 0.00000
vt 0.00000 0.00000
vt 0.00000 0.00000
vt 0.00000 0.00000
vt 0.00000 0.00000
vt 0.00000 0.00000
vt 0.00000 0.00000
vt 0.00000 0.00000
vt 0.00000 0.00000
vt 0.00000 0.00000
vt 0.00000 0.00000
vt 0.00000 0.00000
vt 0.00000 0.00000
vt 0.00000 0.00000
vt 0.00000 0.00000
vt 0.00000 0.00000
vt 0.00000 0.00000
vt 0.00000 0.00000
vt 0.00000 0.00000
vt 0.00000 0.00000
vt 0.00000 0.00000
vt 0.00000 0.00000
vt 0.00000 0.00000
vt 0.00000 0.00000
vt 0.00000 0.00000
vt 0.00000 0.00000
vt 0.00000 0.00000
vt 0.00000 0.00000
vt 0.00000 0.00000
vt 0.00000 0.00000
vt 0.00000 0.00000
vt 0.00000 0.00000
vt 0.00000 0.00000
vt 0.00000 0.00000
vt 0.00000 0.00000
vt 0.00000 0.00000
vt 0.00000 0.00000
vt 0.00000 0.00000
vt 0.00000 0.00000
vt 0.00000 0.00000
vt 0.00000 0.00000
vt 0.00000 0.00000
vt 0.00000 0.00000
vt 0.00000 0.00000
vt 0.00000 0.00000
vt 0.00000 0.00000
vt 0.00000 0.00000
vt 0.00000 0.00000
vt 0.00000 0.00000
vt 0.00000 0.00000
vt 0.00000 0.00000
vt 0.00000 0.00000
vt 0.00000 0.00000
vt 0.00000 0.00000
vt 0.00000 0.00000
vt 0.00000 0.00000
vt 0.00000 0.00000
vt 0.00000 0.00000
vt 0.00000 0.00000
vt 0.00000 0.00000
vt 0.00000 0.00000
vt 0.00000 0.00000
vt 0.00000 0.00000
vt 0.00000 0.00000
vt 0.00000 0.00000
vt 0.00000 0.00000
vt 0.00000 0.00000
vt 0.00000 0.00000
vt 0.00000 0.00000
vt 0.00000 0.00000
vt 0.00000 0.00000
vt 0.00000 0.00000
vt 0.00000 0.00000
vt 0.00000 0.00000
vt 0.00000 0.00000
vt 0.00000 0.00000
vt 0.00000 0.00000
vt 0.00000 0.00000
vt 0.00000 0.00000
vt 0.00000 0.00000
vt 0.00000 0.00000
vt 0.00000 0.00000
vt 0.00000 0.00000
vt 0.00000 0.00000
vt 0.00000 0.00000
vt 0.00000 0.00000
vt 0.00000 0.00000
vt 0.00000 0.00000
vt 0.00000 0.00000
vt 0.00000 0.00000
vt 0.00000 0.00000
vt 0.00000 0.00000
vt 0.00000 0.00000
vt 0.00000 0.00000
vt 0.00000 0.00000
vt 0.00000 0.00000
vt 0.00000 0.00000
vt 0.00000 0.00000
vt 0.00000 0.00000
vt 0.00000 0.00000
vt 0.00000 0.00000
vt 0.00000 0.00000
vt 0.00000 0.00000
vt 0.00000 0.00000
vt 0.00000 0.00000
vt 0.00000 0.00000
vt 0.00000 0.00000
vt 0.00000 0.00000
vt 0.00000 0.00000
vt 0.00000 0.00000
vt 0.00000 0.00000
vt 0.00000 0.00000
vt 0.00000 0.00000
vt 0.00000 0.00000
vt 0.00000 0.00000
vt 0.00000 0.00000
vt 0.00000 0.00000
vt 0.00000 0.00000
vt 0.00000 0.00000
vt 0.00000 0.00000
vt 0.00000 0.00000
vt 0.00000 0.00000
vt 0.00000 0.00000
vt 0.00000 0.00000
vt 0.00000 0.00000
vt 0.00000 0.00000
vt 0.00000 0.00000
vt 0.00000 0.00000
vt 0.00000 0.00000
vt 0.00000 0.00000
vt 0.00000 0.00000
vt 0.00000 0.00000
vt 0.00000 0.00000
vt 0.00000 0.00000
vt 0.00000 0.00000
vt 0.00000 0.00000
vt 0.00000 0.00000
vt 0.00000 0.00000
vt 0.00000 0.00000
vt 0.00000 0.00000
vt 0.00000 0.00000
vt 0.00000 0.00000
vt 0.00000 0.00000
vt 0.00000 0.00000
vt 0.00000 0.00000
vt 0.00000 0.00000
vt 0.00000 0.00000
vt 0.00000 0.00000
vt 0.00000 0.00000
vt 0.00000 0.00000
vt 0.00000 0.00000
vt 0.00000 0.00000
vt 0.00000 0.00000
vt 0.00000 0.00000
vt 0.00000 0.00000
vt 0.00000 0.00000
vt 0.00000 0.00000
vt 0.00000 0.00000
vt 0.00000 0.00000
vt 0.00000 0.00000
vt 0.00000 0.00000
vt 0.00000 0.00000
vt 0.00000 0.00000
vt 0.00000 0.00000
vt 0.00000 0.00000
vt 0.00000 0.00000
vt 0.00000 0.00000
vt 0.00000 0.00000
vt 0.00000 0.00000
vt 0.00000 0.00000
vt 0.00000 0.00000
vt 0.00000 0.00000
vt 0.00000 0.00000
vt 0.00000 0.00000
vt 0.00000 0.00000
vt 0.00000 0.00000
vt 0.00000 0.00000
vt 0.00000 0.00000
vt 0.00000 0.00000
vt 0.00000 0.00000
vt 0.00000 0.00000
vt 0.00000 0.00000
vt 0.00000 0.00000
vt 0.00000 0.00000
vt 0.00000 0.00000
vt 0.00000 0.00000
vt 0.00000 0.00000
vt 0.00000 0.00000
vt 0.00000 0.00000
vt 0.00000 0.00000
vt 0.00000 0.00000
vt 0.00000 0.00000
vt 0.00000 0.00000
vt 0.00000 0.00000
vt 0.00000 0.00000
vt 0.00000 0.00000
vt 0.00000 0.00000
vt 0.00000 0.00000
vt 0.00000 0.00000
vt 0.00000 0.00000
vt 0.00000 0.00000
vt 0.00000 0.00000
vt 0.00000 0.00000
vt 0.00000 0.00000
vt 0.00000 0.00000
vt 0.00000 0.00000
vt 0.00000 0.00000
vt 0.00000 0.00000
vt 0.00000 0.00000
vt 0.00000 0.00000
vt 0.00000 0.00000
vt 0.00000 0.00000
vt 0.00000 0.00000
vt 0.00000 0.00000
vt 0.00000 0.00000
vt 0.00000 0.00000
vt 0.00000 0.00000
vt 0.00000 0.00000
vt 0.00000 0.00000
vt 0.00000 0.00000
vt 0.00000 0.00000
vt 0.00000 0.00000
vt 0.00000 0.00000
vt 0.00000 0.00000
vt 0.00000 0.00000
vt 0.00000 0.00000
vt 0.00000 0.00000
vt 0.00000 0.00000
vt 0.00000 0.00000
vt 0.00000 0.00000
vt 0.00000 0.00000
vt 0.00000 0.00000
vt 0.00000 0.00000
vt 0.00000 0.00000
vt 0.00000 0.00000
vt 0.00000 0.00000
vt 0.00000 0.00000
vt 0.00000 0.00000
vt 0.00000 0.00000
vt 0.00000 0.00000
vt 0.00000 0.00000
vt 0.00000 0.00000
vt 0.00000 0.00000
vt 0.00000 0.00000
vt 0.00000 0.00000
vt 0.00000 0.00000
vt 0.00000 0.00000
vt 0.00000 0.00000
vt 0.00000 0.00000
vt 0.00000 0.00000
vt 0.00000 0.00000
vt 0.00000 0.00000
vt 0.00000 0.00000
vt 0.00000 0.00000
vt 0.00000 0.00000
vt 0.00000 0.00000
vt 0.00000 0.00000
vt 0.00000 0.00000
vt 0.00000 0.00000
vt 0.00000 0.00000
vt 0.00000 0.00000
vt 0.00000 0.00000
vt 0.00000 0.00000
vt 0.00000 0.00000
vt 0.00000 0.00000
vt 0.00000 0.00000
vt 0.00000 0.00000
vt 0.00000 0.00000
vt 0.00000 0.00000
vt 0.00000 0.00000
vt 0.00000 0.00000
vt 0.00000 0.00000
vt 0.00000 0.00000
vt 0.00000 0.00000
vt 0.00000 0.00000
vt 0.00000 0.00000
vt 0.00000 0.00000
vt 0.00000 0.00000
vt 0.00000 0.00000
vt 0.00000 0.00000
vt 0.00000 0.00000
vt 0.00000 0.00000
vt 0.00000 0.00000
vt 0.00000 0.00000
vt 0.00000 0.00000
vt 0.00000 0.00000
vt 0.00000 0.00000
vt 0.00000 0.00000
vt 0.00000 0.00000
vt 0.00000 0.00000
vt 0.00000 0.00000
vt 0.00000 0.00000
vt 0.00000 0.00000
vt 0.00000 0.00000
vt 0.00000 0.00000
vt 0.00000 0.00000
vt 0.00000 0.00000
vt 0.00000 0.00000
vt 0.00000 0.00000
vt 0.00000 0.00000
vt 0.00000 0.00000
vt 0.00000 0.00000
vt 0.00000 0.00000
vt 0.00000 0.00000
vt 0.00000 0.00000
vt 0.00000 0.00000
vt 0.00000 0.00000
vt 0.00000 0.00000
vt 0.00000 0.00000
vt 0.00000 0.00000
vt 0.00000 0.00000
vt 0.00000 0.00000
vt 0.00000 0.00000
vt 0.00000 0.00000
vt 0.00000 0.00000
vt 0.00000 0.00000
vt 0.00000 0.00000
vt 0.00000 0.00000
vt 0.00000 0.00000
vt 0.00000 0.00000
vt 0.00000 0.00000
vt 0.00000 0.00000
vt 0.00000 0.00000
vt 0.00000 0.00000
vt 0.00000 0.00000
vt 0.00000 0.00000
vt 0.00000 0.00000
vt 0.00000 0.00000
vt 0.00000 0.00000
vt 0.00000 0.00000
vt 0.00000 0.00000
vt 0.00000 0.00000
vt 0.00000 0.00000
vt 0.00000 0.00000
vt 0.00000 0.00000
vt 0.00000 0.00000
vt 0.00000 0.00000
vt 0.00000 0.00000
vt 0.00000 0.00000
vt 0.00000 0.00000
vt 0.00000 0.00000
vt 0.00000 0.00000
vt 0.00000 0.00000
vt 0.00000 0.00000
vt 0.00000 0.00000
vt 0.00000 0.00000
vt 0.00000 0.00000
vt 0.00000 0.00000
vt 0.00000 0.00000
vt 0.00000 0.00000
vt 0.00000 0.00000
vt 0.00000 0.00000
vt 0.00000 0.00000
vt 0.00000 0.00000
vt 0.00000 0.00000
vt 0.00000 0.00000
vt 0.00000 0.00000
vt 0.00000 0.00000
vt 0.00000 0.00000
vt 0.00000 0.00000
vt 0.00000 0.00000
vt 0.00000 0.00000
vt 0.00000 0.00000
vt 0.00000 0.00000
vt 0.00000 0.00000
vt 0.00000 0.00000
vt 0.00000 0.00000
vt 0.00000 0.00000
vt 0.00000 0.00000
vt 0.00000 0.00000
vt 0.00000 0.00000
vt 0.00000 0.00000
vt 0.00000 0.00000
vt 0.00000 0.00000
vt 0.00000 0.00000
vt 0.00000 0.00000
vt 0.00000 0.00000
vt 0.00000 0.00000
vt 0.00000 0.00000
vt 0.00000 0.00000
vt 0.00000 0.00000
vt 0.00000 0.00000
vt 0.00000 0.00000
vt 0.00000 0.00000
vt 0.00000 0.00000
vt 0.00000 0.00000
vt 0.00000 0.00000
vt 0.00000 0.00000
vt 0.00000 0.00000
vt 0.00000 0.00000
vt 0.00000 0.00000
vt 0.00000 0.00000
vt 0.00000 0.00000
vt 0.00000 0.00000
vt 0.00000 0.00000
vt 0.00000 0.00000
vt 0.00000 0.00000
vt 0.00000 0.00000
vt 0.00000 0.00000
vt 0.00000 0.00000
vt 0.00000 0.00000
vt 0.00000 0.00000
vt 0.00000 0.00000
vt 0.00000 0.00000
vt 0.00000 0.00000
vt 0.00000 0.00000
vt 0.00000 0.00000
vt 0.00000 0.00000
vt 0.00000 0.00000
vt 0.00000 0.00000
vt 0.00000 0.00000
vt 0.00000 0.00000
vt 0.00000 0.00000
vt 0.00000 0.00000
vt 0.00000 0.00000
vt 0.00000 0.00000
vt 0.00000 0.00000
vt 0.00000 0.00000
vt 0.00000 0.00000
vt 0.00000 0.00000
vt 0.00000 0.00000
vt 0.00000 0.00000
vt 0.00000 0.00000
vt 0.00000 0.00000
vt 0.00000 0.00000
vt 0.00000 0.00000
vt 0.00000 0.00000
vt 0.00000 0.00000
vt 0.00000 0.00000
vt 0.00000 0.00000
vt 0.00000 0.00000
vt 0.00000 0.00000
vt 0.00000 0.00000
vt 0.00000 0.00000
vt 0.00000 0.00000
vt 0.00000 0.00000
vt 0.00000 0.00000
vt 0.00000 0.00000
vt 0.00000 0.00000
vt 0.00000 0.00000
vt 0.00000 0.00000
vt 0.00000 0.00000
vt 0.00000 0.00000
vt 0.00000 0.00000
vt 0.00000 0.00000
vt 0.00000 0.00000
vt 0.00000 0.00000
vt 0.00000 0.00000
vt 0.00000 0.00000
vt 0.00000 0.00000
vt 0.00000 0.00000
vt 0.00000 0.00000
vt 0.00000 0.00000
vt 0.00000 0.00000
vt 0.00000 0.00000
vt 0.00000 0.00000
vt 0.00000 0.00000
vt 0.00000 0.00000
vt 0.00000 0.00000
vt 0.00000 0.00000
vt 0.00000 0.00000
vt 0.00000 0.00000
vt 0.00000 0.00000
vt 0.00000 0.00000
vt 0.00000 0.00000
vt 0.00000 0.00000
vt 0.00000 0.00000
vt 0.00000 0.00000
vt 0.00000 0.00000
vt 0.00000 0.00000
vt 0.00000 0.00000
vt 0.00000 0.00000
vt 0.00000 0.00000
vt 0.00000 0.00000
vt 0.00000 0.00000
vt 0.00000 0.00000
vt 0.00000 0.00000
vt 0.00000 0.00000
vt 0.00000 0.00000
vt 0.00000 0.00000
vt 0.00000 0.00000
vt 0.00000 0.00000
vt 0.00000 0.00000
vt 0.00000 0.00000
vt 0.00000 0.00000
vt 0.00000 0.00000
vt 0.00000 0.00000
vt 0.00000 0.00000
vt 0.00000 0.00000
vt 0.00000 0.00000
vt 0.00000 0.00000
vt 0.00000 0.00000
vt 0.00000 0.00000
vt 0.00000 0.00000
vt 0.00000 0.00000
vt 0.00000 0.00000
vt 0.00000 0.00000
vt 0.00000 0.00000
vt 0.00000 0.00000
vt 0.00000 0.00000
vt 0.00000 0.00000
vt 0.00000 0.00000
vt 0.00000 0.00000
vt 0.00000 0.00000
vt 0.00000 0.00000
vt 0.00000 0.00000
vt 0.00000 0.00000
vt 0.00000 0.00000
vt 0.00000 0.00000
vt 0.00000 0.00000
vt 0.00000 0.00000
vt 0.00000 0.00000
vt 0.00000 0.00000
vt 0.00000 0.00000
vt 0.00000 0.00000
vt 0.00000 0.00000
vt 0.00000 0.00000
vt 0.00000 0.00000
vt 0.00000 0.00000
vt 0.00000 0.00000
vt 0.00000 0.00000
vt 0.00000 0.00000
vt 0.00000 0.00000
vt 0.00000 0.00000
vt 0.00000 0.00000
vt 0.00000 0.00000
vt 0.00000 0.00000
vt 0.00000 0.00000
vt 0.00000 0.00000
vt 0.00000 0.00000
vt 0.00000 0.00000
vt 0.00000 0.00000
vt 0.00000 0.00000
vt 0.00000 0.00000
vt 0.00000 0.00000
vt 0.00000 0.00000
vt 0.00000 0.00000
vt 0.00000 0.00000
vt 0.00000 0.00000
vt 0.00000 0.00000
vt 0.00000 0.00000
vt 0.00000 0.00000
vt 0.00000 0.00000
vt 0.00000 0.00000
vt 0.00000 0.00000
vt 0.00000 0.00000
vt 0.00000 0.00000
vt 0.00000 0.00000
vt 0.00000 0.00000
vt 0.00000 0.00000
vt 0.00000 0.00000
vt 0.00000 0.00000
vt 0.00000 0.00000
vt 0.00000 0.00000
vt 0.00000 0.00000
vt 0.00000 0.00000
vt 0.00000 0.00000
vt 0.00000 0.00000
vt 0.00000 0.00000
vt 0.00000 0.00000
vt 0.00000 0.00000
vt 0.00000 0.00000
vt 0.00000 0.00000
vt 0.00000 0.00000
vt 0.00000 0.00000
vt 0.00000 0.00000
vt 0.00000 0.00000
vt 0.00000 0.00000
vt 0.00000 0.00000
vt 0.00000 0.00000
vt 0.00000 0.00000
vt 0.00000 0.00000
vt 0.00000 0.00000
vt 0.00000 0.00000
vt 0.00000 0.00000
vt 0.00000 0.00000
vt 0.00000 0.00000
vt 0.00000 0.00000
vt 0.00000 0.00000
vt 0.00000 0.00000
vt 0.00000 0.00000
vt 0.00000 0.00000
vt 0.00000 0.00000
vt 0.00000 0.00000
vt 0.00000 0.00000
vt 0.00000 0.00000
vt 0.00000 0.00000
vt 0.00000 0.00000
vt 0.00000 0.00000
vt 0.00000 0.00000
vt 0.00000 0.00000
vt 0.00000 0.00000
vt 0.00000 0.00000
vt 0.00000 0.00000
vt 0.00000 0.00000
vt 0.00000 0.00000
vt 0.00000 0.00000
vt 0.00000 0.00000
vt 0.00000 0.00000
vt 0.00000 0.00000
vt 0.00000 0.00000
vt 0.00000 0.00000
vt 0.00000 0.00000
vt 0.00000 0.00000
vt 0.00000 0.00000
vt 0.00000 0.00000
vt 0.00000 0.00000
vt 0.00000 0.00000
vt 0.00000 0.00000
vt 0.00000 0.00000
vt 0.00000 0.00000
vt 0.00000 0.00000
vt 0.00000 0.00000
vt 0.00000 0.00000
vt 0.00000 0.00000
vt 0.00000 0.00000
vt 0.00000 0.00000
vt 0.00000 0.00000
vt 0.00000 0.00000
vt 0.00000 0.00000
vt 0.00000 0.00000
vt 0.00000 0.00000
vt 0.00000 0.00000
vt 0.00000 0.00000
vt 0.00000 0.00000
vt 0.00000 0.00000
vt 0.00000 0.00000
vt 0.00000 0.00000
vt 0.00000 0.00000
vt 0.00000 0.00000
vt 0.00000 0.00000
vt 0.00000 0.00000
vt 0.00000 0.00000
vt 0.00000 0.00000
vt 0.00000 0.00000
vt 0.00000 0.00000
vt 0.00000 0.00000
vt 0.00000 0.00000
vt 0.00000 0.00000
vt 0.00000 0.00000
vt 0.00000 0.00000
vt 0.00000 0.00000
vt 0.00000 0.00000
vt 0.00000 0.00000
vt 0.00000 0.00000
vt 0.00000 0.00000
vt 0.00000 0.00000
vt 0.00000 0.00000
vt 0.00000 0.00000
vt 0.00000 0.00000
vt 0.00000 0.00000
vt 0.00000 0.00000
vt 0.00000 0.00000
vt 0.00000 0.00000
vt 0.00000 0.00000
vt 0.00000 0.00000
vt 0.00000 0.00000
vt 0.00000 0.00000
vt 0.00000 0.00000
vt 0.00000 0.00000
vt 0.00000 0.00000
vt 0.00000 0.00000
vt 0.00000 0.00000
vt 0.00000 0.00000
vt 0.00000 0.00000
vt 0.00000 0.00000
vt 0.00000 0.00000
vt 0.00000 0.00000
vt 0.00000 0.00000
vt 0.00000 0.00000
vt 0.00000 0.00000
vt 0.00000 0.00000
vt 0.00000 0.00000
vt 0.00000 0.00000
vt 0.00000 0.00000
vt 0.00000 0.00000
vt 0.00000 0.00000
vt 0.00000 0.00000
vt 0.00000 0.00000
vt 0.00000 0.00000
vt 0.00000 0.00000
vt 0.00000 0.00000
vt 0.00000 0.00000
vt 0.00000 0.00000
vt 0.00000 0.00000
vt 0.00000 0.00000
vt 0.00000 0.00000
vt 0.00000 0.00000
vt 0.00000 0.00000
vt 0.00000 0.00000
vt 0.00000 0.00000
vt 0.00000 0.00000
vt 0.00000 0.00000
vt 0.00000 0.00000
vt 0.00000 0.00000
vt 0.00000 0.00000
vt 0.00000 0.00000
vt 0.00000 0.00000
vt 0.00000 0.00000
vt 0.00000 0.00000
vt 0.00000 0.00000
vt 0.00000 0.00000
vt 0.00000 0.00000
vt 0.00000 0.00000
vt 0.00000 0.00000
vt 0.00000 0.00000
vt 0.00000 0.00000
vt 0.00000 0.00000
vt 0.00000 0.00000
vt 0.00000 0.00000
vt 0.00000 0.00000
vt 0.00000 0.00000
vt 0.00000 0.00000
vt 0.00000 0.00000
vt 0.00000 0.00000
vt 0.00000 0.00000
vt 0.00000 0.00000
vt 0.00000 0.00000
vt 0.00000 0.00000
vt 0.00000 0.00000
vt 0.00000 0.00000
vt 0.00000 0.00000
vt 0.00000 0.00000
vt 0.00000 0.00000
vt 0.00000 0.00000
vt 0.00000 0.00000
vt 0.00000 0.00000
vt 0.00000 0.00000
vt 0.00000 0.00000
vt 0.00000 0.00000
vt 0.00000 0.00000
vt 0.00000 0.00000
vt 0.00000 0.00000
vt 0.00000 0.00000
vt 0.00000 0.00000
vt 0.00000 0.00000
vt 0.00000 0.00000
vt 0.00000 0.00000
vt 0.00000 0.00000
vt 0.00000 0.00000
vt 0.00000 0.00000
vt 0.00000 0.00000
vt 0.00000 0.00000
vt 0.00000 0.00000
vt 0.00000 0.00000
vt 0.00000 0.00000
vt 0.00000 0.00000
vt 0.00000 0.00000
vt 0.00000 0.00000
vt 0.00000 0.00000
vt 0.00000 0.00000
vt 0.00000 0.00000
vt 0.00000 0.00000
vt 0.00000 0.00000
vt 0.00000 0.00000
vt 0.00000 0.00000
vt 0.00000 0.00000
vt 0.00000 0.00000
vt 0.00000 0.00000
vt 0.00000 0.00000
vt 0.00000 0.00000
vt 0.00000 0.00000
vt 0.00000 0.00000
vt 0.00000 0.00000
vt 0.00000 0.00000
vt 0.00000 0.00000
vt 0.00000 0.00000
vt 0.00000 0.00000
vt 0.00000 0.00000
vt 0.00000 0.00000
vt 0.00000 0.00000
vt 0.00000 0.00000
vt 0.00000 0.00000
vt 0.00000 0.00000
vt 0.00000 0.00000
vt 0.00000 0.00000
vt 0.00000 0.00000
vt 0.00000 0.00000
vt 0.00000 0.00000
vt 0.00000 0.00000
vt 0.00000 0.00000
vt 0.00000 0.00000
vt 0.00000 0.00000
vt 0.00000 0.00000
vt 0.00000 0.00000
vt 0.00000 0.00000
vt 0.00000 0.00000
vt 0.00000 0.00000
vt 0.00000 0.00000
vt 0.00000 0.00000
vt 0.00000 0.00000
vt 0.00000 0.00000
vt 0.00000 0.00000
vt 0.00000 0.00000
vt 0.00000 0.00000
vt 0.00000 0.00000
vt 0.00000 0.00000
vt 0.00000 0.00000
vt 0.00000 0.00000
vt 0.00000 0.00000
vt 0.00000 0.00000
vt 0.00000 0.00000
vt 0.00000 0.00000
vt 0.00000 0.00000
vt 0.00000 0.00000
vt 0.00000 0.00000
vt 0.00000 0.00000
vt 0.00000 0.00000
vt 0.00000 0.00000
vt 0.00000 0.00000
vt 0.00000 0.00000
vt 0.00000 0.00000
vt 0.00000 0.00000
vt 0.00000 0.00000
vt 0.00000 0.00000
vt 0.00000 0.00000
vt 0.00000 0.00000
vt 0.00000 0.00000
vt 0.00000 0.00000
vt 0.00000 0.00000
vt 0.00000 0.00000
vt 0.00000 0.00000
vt 0.00000 0.00000
vt 0.00000 0.00000
vt 0.00000 0.00000
vt 0.00000 0.00000
vt 0.00000 0.00000
vt 0.00000 0.00000
vt 0.00000 0.00000
vt 0.00000 0.00000
vt 0.00000 0.00000
vt 0.00000 0.00000
vt 0.00000 0.00000
vt 0.00000 0.00000
vt 0.00000 0.00000
vt 0.00000 0.00000
vt 0.00000 0.00000
vt 0.00000 0.00000
vt 0.00000 0.00000
vt 0.00000 0.00000
vt 0.00000 0.00000
vt 0.00000 0.00000
vt 0.00000 0.00000
vt 0.00000 0.00000
vt 0.00000 0.00000
vt 0.00000 0.00000
vt 0.00000 0.00000
vt 0.00000 0.00000
vt 0.00000 0.00000
vt 0.00000 0.00000
vt 0.00000 0.00000
vt 0.00000 0.00000
vt 0.00000 0.00000
vt 0.00000 0.00000
vt 0.00000 0.00000
vt 0.00000 0.00000
vt 0.00000 0.00000
vt 0.00000 0.00000
vt 0.00000 0.00000
vt 0.00000 0.00000
vt 0.00000 0.00000
vt 0.00000 0.00000
vt 0.00000 0.00000
vt 0.00000 0.00000
vt 0.00000 0.00000
vt 0.00000 0.00000
vt 0.00000 0.00000
vt 0.00000 0.00000
vt 0.00000 0.00000
vt 0.00000 0.00000
vt 0.00000 0.00000
vt 0.00000 0.00000
vt 0.00000 0.00000
vt 0.00000 0.00000
vt 0.00000 0.00000
vt 0.00000 0.00000
vt 0.00000 0.00000
vt 0.00000 0.00000
vt 0.00000 0.00000
vt 0.00000 0.00000
vt 0.00000 0.00000
vt 0.00000 0.00000
vt 0.00000 0.00000
vt 0.00000 0.00000
vt 0.00000 0.00000
vt 0.00000 0.00000
vt 0.00000 0.00000
f 3/3 1/1 2/2
f 3/3 2/2 27/27
f 4/4 5/5 1/1
f 4/4 1/1 3/3
f 6/6 13/13 12/12
f 6/6 12/12 7/7
f 7/7 12/12 9/9
f 7/7 9/9 8/8
f 9/9 11/11 10/10
f 9/9 10/10 8/8
f 12/12 13/13 15/15
f 12/12 15/15 14/14
f 9/9 12/12 14/14
f 9/9 14/14 16/16
f 9/9 16/16 18/18
f 9/9 18/18 11/11
f 11/11 18/18 19/19
f 11/11 19/19 17/17
f 21/21 22/22 17/17
f 21/21 17/17 20/20
f 11/11 17/17 22/22
f 11/11 22/22 10/10
f 24/24 23/23 8/8
f 24/24 8/8 10/10
f 24/24 26/26 25/25
f 24/24 25/25 23/23
f 25/25 3/3 27/27
f 25/25 27/27 23/23
f 28/28 30/30 29/29
f 28/28 29/29 26/26
f 26/26 29/29 31/31
f 26/26 31/31 25/25
f 32/32 28/28 26/26
f 32/32 26/26 24/24
f 32/32 24/24 10/10
f 32/32 10/10 22/22
f 21/21 33/33 32/32
f 21/21 32/32 22/22
f 7/7 8/8 23/23
f 7/7 23/23 27/27
f 6/6 7/7 27/27
f 6/6 27/27 2/2
f 36/36 37/37 34/34
f 36/36 34/34 35/35
f 38/38 39/39 37/37
f 38/38 37/37 36/36
f 40/40 39/39 38/38
f 40/40 38/38 41/41
f 16/16 39/39 40/40
f 16/16 40/40 18/18
f 16/16 14/14 37/37
f 16/16 37/37 39/39
f 14/14 15/15 34/34
f 14/14 34/34 37/37
f 42/42 40/40 41/41
f 42/42 41/41 43/43
f 42/42 43/43 45/45
f 42/42 45/45 44/44
f 44/44 45/45 47/47
f 44/44 47/47 46/46
f 47/47 49/49 48/48
f 47/47 48/48 46/46
f 50/50 51/51 46/46
f 50/50 46/46 48/48
f 44/44 46/46 51/51
f 44/44 51/51 52/52
f 43/43 54/54 53/53
f 43/43 53/53 45/45
f 45/45 53/53 55/55
f 45/45 55/55 47/47
f 42/42 44/44 52/52
f 42/42 52/52 19/19
f 18/18 40/40 42/42
f 18/18 42/42 19/19
f 41/41 38/38 57/57
f 41/41 57/57 56/56
f 58/58 59/59 56/56
f 58/58 56/56 57/57
f 58/58 57/57 60/60
f 58/58 60/60 61/61
f 59/59 62/62 54/54
f 59/59 54/54 56/56
f 53/53 54/54 62/62
f 53/53 62/62 63/63
f 43/43 41/41 56/56
f 43/43 56/56 54/54
f 57/57 38/38 36/36
f 57/57 36/36 60/60
f 60/60 36/36 35/35
f 60/60 35/35 64/64
f 68/68 69/69 61/61
f 68/68 61/61 65/65
f 61/61 60/60 64/64
f 61/61 64/64 65/65
f 73/73 74/74 71/71
f 73/73 71/71 72/72
f 75/75 76/76 74/74
f 75/75 74/74 73/73
f 77/77 76/76 75/75
f 77/77 75/75 78/78
f 79/79 76/76 77/77
f 79/79 77/77 81/81
f 79/79 80/80 74/74
f 79/79 74/74 76/76
f 82/82 77/77 78/78
f 82/82 78/78 83/83
f 82/82 83/83 85/85
f 82/82 85/85 84/84
f 82/82 84/84 86/86
f 82/82 86/86 281/281
f 81/81 77/77 82/82
f 81/81 82/82 281/281
f 78/78 75/75 88/88
f 78/78 88/88 87/87
f 83/83 78/78 87/87
f 83/83 87/87 498/498
f 88/88 75/75 73/73
f 88/88 73/73 89/89
f 90/90 88/88 89/89
f 90/90 89/89 91/91
f 90/90 92/92 87/87
f 90/90 87/87 88/88
f 89/89 73/73 72/72
f 89/89 72/72 93/93
f 80/80 70/70 71/71
f 80/80 71/71 74/74
f 67/67 70/70 80/80
f 67/67 80/80 94/94
f 94/94 80/80 79/79
f 94/94 79/79 95/95
f 79/79 81/81 96/96
f 79/79 96/96 95/95
f 95/95 96/96 98/98
f 95/95 98/98 97/97
f 99/99 94/94 95/95
f 99/99 95/95 97/97
f 66/66 67/67 94/94
f 66/66 94/94 99/99
f 102/102 105/105 104/104
f 102/102 104/104 103/103
f 103/103 104/104 107/107
f 103/103 107/107 106/106
f 106/106 107/107 109/109
f 106/106 109/109 108/108
f 108/108 109/109 111/111
f 108/108 111/111 110/110
f 667/667 112/112 113/113
f 667/667 113/113 668/668
f 665/665 115/115 114/114
f 665/665 114/114 666/666
f 664/664 117/117 115/115
f 664/664 115/115 665/665
f 118/118 117/117 664/664
f 118/118 664/664 663/663
f 120/120 116/116 105/105
f 120/120 105/105 102/102
f 101/101 119/119 116/116
f 101/101 116/116 120/120
f 121/121 115/115 117/117
f 121/121 117/117 122/122
f 123/123 114/114 115/115
f 123/123 115/115 121/121
f 666/666 114/114 112/112
f 666/666 112/112 667/667
f 129/129 131/131 130/130
f 129/129 130/130 126/126
f 132/132 133/133 131/131
f 132/132 131/131 129/129
f 134/134 136/136 133/133
f 134/134 133/133 132/132
f 138/138 137/137 136/136
f 138/138 136/136 139/139
f 138/138 140/140 141/141
f 138/138 141/141 137/137
f 31/31 138/138 139/139
f 31/31 139/139 4/4
f 31/31 29/29 140/140
f 31/31 140/140 138/138
f 139/139 136/136 134/134
f 139/139 134/134 135/135
f 4/4 139/139 135/135
f 4/4 135/135 5/5
f 142/142 143/143 137/137
f 142/142 137/137 141/141
f 145/145 142/142 141/141
f 145/145 141/141 144/144
f 136/136 137/137 143/143
f 136/136 143/143 133/133
f 146/146 148/148 147/147
f 146/146 147/147 151/151
f 149/149 150/150 148/148
f 149/149 148/148 146/146
f 154/154 157/157 156/156
f 154/154 156/156 155/155
f 155/155 156/156 159/159
f 155/155 159/159 158/158
f 650/650 163/163 162/162
f 650/650 162/162 651/651
f 674/674 164/164 163/163
f 674/674 163/163 650/650
f 151/151 147/147 161/161
f 151/151 161/161 165/165
f 164/164 377/377 166/166
f 164/164 166/166 163/163
f 167/167 162/162 163/163
f 167/167 163/163 166/166
f 165/165 161/161 157/157
f 165/165 157/157 154/154
f 651/651 162/162 168/168
f 651/651 168/168 652/652
f 169/169 173/173 170/170
f 169/169 170/170 168/168
f 171/171 419/419 701/701
f 171/171 701/701 700/700
f 169/169 168/168 162/162
f 169/169 162/162 167/167
f 171/171 700/700 724/724
f 171/171 724/724 172/172
f 170/170 653/653 652/652
f 170/170 652/652 168/168
f 174/174 175/175 176/176
f 174/174 176/176 177/177
f 178/178 180/180 662/662
f 178/178 662/662 661/661
f 178/178 181/181 182/182
f 178/178 182/182 180/180
f 180/180 182/182 183/183
f 180/180 183/183 118/118
f 710/710 185/185 184/184
f 710/710 184/184 711/711
f 709/709 186/186 185/185
f 709/709 185/185 710/710
f 187/187 188/188 184/184
f 187/187 184/184 185/185
f 711/711 184/184 189/189
f 711/711 189/189 712/712
f 188/188 190/190 189/189
f 188/188 189/189 184/184
f 191/191 192/192 189/189
f 191/191 189/189 190/190
f 193/193 194/194 190/190
f 193/193 190/190 188/188
f 195/195 191/191 190/190
f 195/195 190/190 194/194
f 192/192 713/713 712/712
f 192/192 712/712 189/189
f 118/118 183/183 122/122
f 118/118 122/122 117/117
f 180/180 118/118 663/663
f 180/180 663/663 662/662
f 177/177 176/176 179/179
f 177/177 179/179 100/100
f 100/100 179/179 119/119
f 100/100 119/119 101/101
f 178/178 661/661 660/660
f 178/178 660/660 203/203
f 202/202 181/181 178/178
f 202/202 178/178 203/203
f 200/200 186/186 709/709
f 200/200 709/709 708/708
f 200/200 199/199 196/196
f 200/200 196/196 186/186
f 199/199 198/198 197/197
f 199/199 197/197 196/196
f 452/452 197/197 198/198
f 452/452 198/198 523/523
f 452/452 450/450 201/201
f 452/452 201/201 197/197
f 201/201 187/187 196/196
f 201/201 196/196 197/197
f 187/187 185/185 186/186
f 187/187 186/186 196/196
f 204/204 203/203 660/660
f 204/204 660/660 659/659
f 202/202 203/203 204/204
f 202/202 204/204 206/206
f 200/200 708/708 707/707
f 200/200 707/707 207/207
f 208/208 199/199 200/200
f 208/208 200/200 207/207
f 207/207 707/707 706/706
f 207/207 706/706 209/209
f 211/211 208/208 207/207
f 211/211 207/207 209/209
f 212/212 205/205 175/175
f 212/212 175/175 174/174
f 153/153 213/213 205/205
f 153/153 205/205 212/212
f 214/214 204/204 659/659
f 214/214 659/659 658/658
f 214/214 658/658 657/657
f 214/214 657/657 215/215
f 215/215 657/657 656/656
f 215/215 656/656 218/218
f 215/215 218/218 217/217
f 215/215 217/217 219/219
f 705/705 704/704 221/221
f 705/705 221/221 220/220
f 706/706 705/705 220/220
f 706/706 220/220 209/209
f 214/214 215/215 219/219
f 214/214 219/219 210/210
f 221/221 704/704 703/703
f 221/221 703/703 222/222
f 221/221 222/222 224/224
f 221/221 224/224 225/225
f 655/655 228/228 218/218
f 655/655 218/218 656/656
f 229/229 228/228 655/655
f 229/229 655/655 654/654
f 231/231 226/226 227/227
f 231/231 227/227 232/232
f 160/160 230/230 226/226
f 160/160 226/226 231/231
f 217/217 218/218 228/228
f 217/217 228/228 223/223
f 232/232 227/227 216/216
f 232/232 216/216 152/152
f 206/206 204/204 214/214
f 206/206 214/214 210/210
f 152/152 216/216 213/213
f 152/152 213/213 153/153
f 19/19 52/52 20/20
f 19/19 20/20 17/17
f 52/52 51/51 233/233
f 52/52 233/233 20/20
f 234/234 233/233 51/51
f 234/234 51/51 50/50
f 234/234 236/236 235/235
f 234/234 235/235 233/233
f 255/255 237/237 236/236
f 255/255 236/236 234/234
f 255/255 251/251 250/250
f 255/255 250/250 237/237
f 248/248 238/238 237/237
f 248/248 237/237 250/250
f 248/248 247/247 239/239
f 248/248 239/239 238/238
f 239/239 240/240 244/244
f 239/239 244/244 238/238
f 247/247 242/242 241/241
f 247/247 241/241 239/239
f 241/241 243/243 240/240
f 241/241 240/240 239/239
f 240/240 245/245 246/246
f 240/240 246/246 244/244
f 248/248 519/519 249/249
f 248/248 249/249 247/247
f 252/252 250/250 251/251
f 252/252 251/251 253/253
f 252/252 519/519 248/248
f 252/252 248/248 250/250
f 254/254 251/251 255/255
f 254/254 255/255 256/256
f 236/236 237/237 238/238
f 236/236 238/238 244/244
f 235/235 236/236 244/244
f 235/235 244/244 246/246
f 235/235 246/246 33/33
f 235/235 33/33 21/21
f 235/235 21/21 20/20
f 235/235 20/20 233/233
f 255/255 234/234 50/50
f 255/255 50/50 256/256
f 55/55 257/257 49/49
f 55/55 49/49 47/47
f 55/55 259/259 258/258
f 55/55 258/258 257/257
f 260/260 261/261 259/259
f 260/260 259/259 63/63
f 262/262 263/263 261/261
f 262/262 261/261 260/260
f 264/264 263/263 262/262
f 264/264 262/262 265/265
f 264/264 267/267 266/266
f 264/264 266/266 263/263
f 268/268 261/261 263/263
f 268/268 263/263 266/266
f 258/258 259/259 261/261
f 258/258 261/261 268/268
f 270/270 258/258 268/268
f 270/270 268/268 269/269
f 269/269 268/268 266/266
f 269/269 266/266 271/271
f 267/267 272/272 271/271
f 267/267 271/271 266/266
f 291/291 271/271 272/272
f 291/291 272/272 292/292
f 269/269 271/271 291/291
f 269/269 291/291 290/290
f 273/273 264/264 265/265
f 273/273 265/265 86/86
f 276/276 275/275 274/274
f 276/276 274/274 277/277
f 276/276 324/324 301/301
f 276/276 301/301 275/275
f 274/274 275/275 272/272
f 274/274 272/272 267/267
f 273/273 274/274 267/267
f 273/273 267/267 264/264
f 277/277 274/274 273/273
f 277/277 273/273 278/278
f 84/84 85/85 279/279
f 84/84 279/279 278/278
f 279/279 280/280 277/277
f 279/279 277/277 278/278
f 84/84 278/278 273/273
f 84/84 273/273 86/86
f 86/86 265/265 282/282
f 86/86 282/282 281/281
f 81/81 281/281 282/282
f 81/81 282/282 96/96
f 265/265 262/262 283/283
f 265/265 283/283 282/282
f 283/283 262/262 260/260
f 283/283 260/260 284/284
f 284/284 260/260 63/63
f 284/284 63/63 62/62
f 284/284 62/62 59/59
f 284/284 59/59 285/285
f 285/285 59/59 58/58
f 285/285 58/58 286/286
f 99/99 97/97 286/286
f 99/99 286/286 69/69
f 98/98 285/285 286/286
f 98/98 286/286 97/97
f 69/69 286/286 58/58
f 69/69 58/58 61/61
f 283/283 284/284 285/285
f 283/283 285/285 98/98
f 55/55 53/53 63/63
f 55/55 63/63 259/259
f 257/257 258/258 270/270
f 257/257 270/270 287/287
f 270/270 289/289 288/288
f 270/270 288/288 287/287
f 270/270 269/269 290/290
f 270/270 290/290 289/289
f 291/291 347/347 293/293
f 291/291 293/293 290/290
f 290/290 293/293 296/296
f 290/290 296/296 289/289
f 462/462 464/464 298/298
f 462/462 298/298 294/294
f 295/295 462/462 294/294
f 295/295 294/294 288/288
f 295/295 288/288 289/289
f 295/295 289/289 296/296
f 294/294 297/297 287/287
f 294/294 287/287 288/288
f 257/257 287/287 297/297
f 257/257 297/297 49/49
f 298/298 299/299 297/297
f 298/298 297/297 294/294
f 298/298 254/254 256/256
f 298/298 256/256 299/299
f 256/256 50/50 48/48
f 256/256 48/48 299/299
f 49/49 297/297 299/299
f 49/49 299/299 48/48
f 291/291 292/292 346/346
f 291/291 346/346 347/347
f 292/292 301/301 300/300
f 292/292 300/300 346/346
f 300/300 301/301 324/324
f 300/300 324/324 302/302
f 323/323 303/303 302/302
f 323/323 302/302 324/324
f 322/322 304/304 303/303
f 322/322 303/303 323/323
f 305/305 302/302 303/303
f 305/305 303/303 306/306
f 300/300 302/302 305/305
f 300/300 305/305 328/328
f 306/306 303/303 304/304
f 306/306 304/304 307/307
f 306/306 307/307 308/308
f 306/306 308/308 309/309
f 310/310 304/304 322/322
f 310/310 322/322 311/311
f 313/313 314/314 310/310
f 313/313 310/310 312/312
f 313/313 316/316 315/315
f 313/313 315/315 314/314
f 317/317 313/313 312/312
f 317/317 312/312 318/318
f 317/317 319/319 316/316
f 317/317 316/316 313/313
f 310/310 314/314 307/307
f 310/310 307/307 304/304
f 398/398 395/395 320/320
f 398/398 320/320 318/318
f 398/398 318/318 312/312
f 398/398 312/312 321/321
f 321/321 312/312 310/310
f 321/321 310/310 311/311
f 323/323 324/324 276/276
f 323/323 276/276 325/325
f 326/326 327/327 325/325
f 326/326 325/325 280/280
f 322/322 323/323 325/325
f 322/322 325/325 327/327
f 280/280 325/325 276/276
f 280/280 276/276 277/277
f 331/331 332/332 330/330
f 331/331 330/330 329/329
f 305/305 306/306 309/309
f 305/305 309/309 331/331
f 331/331 309/309 333/333
f 331/331 333/333 332/332
f 309/309 308/308 352/352
f 309/309 352/352 333/333
f 333/333 335/335 334/334
f 333/333 334/334 332/332
f 340/340 330/330 332/332
f 340/340 332/332 334/334
f 305/305 331/331 329/329
f 305/305 329/329 328/328
f 338/338 339/339 337/337
f 338/338 337/337 336/336
f 340/340 338/338 336/336
f 340/340 336/336 330/330
f 337/337 341/341 343/343
f 337/337 343/343 342/342
f 337/337 342/342 344/344
f 337/337 344/344 336/336
f 336/336 344/344 329/329
f 336/336 329/329 330/330
f 344/344 345/345 328/328
f 344/344 328/328 329/329
f 300/300 328/328 345/345
f 300/300 345/345 346/346
f 346/346 345/345 348/348
f 346/346 348/348 347/347
f 349/349 293/293 347/347
f 349/349 347/347 348/348
f 343/343 351/351 350/350
f 343/343 350/350 349/349
f 350/350 296/296 293/293
f 350/350 293/293 349/349
f 342/342 343/343 349/349
f 342/342 349/349 348/348
f 342/342 348/348 345/345
f 342/342 345/345 344/344
f 292/292 272/272 275/275
f 292/292 275/275 301/301
f 352/352 308/308 315/315
f 352/352 315/315 353/353
f 316/316 354/354 353/353
f 316/316 353/353 315/315
f 352/352 353/353 356/356
f 352/352 356/356 355/355
f 356/356 357/357 367/367
f 356/356 367/367 355/355
f 356/356 353/353 354/354
f 356/356 354/354 358/358
f 358/358 354/354 362/362
f 358/358 362/362 359/359
f 361/361 360/360 359/359
f 361/361 359/359 362/362
f 363/363 359/359 360/360
f 363/363 360/360 364/364
f 358/358 359/359 363/363
f 358/358 363/363 365/365
f 171/171 363/363 364/364
f 171/171 364/364 419/419
f 365/365 363/363 171/171
f 365/365 171/171 172/172
f 356/356 358/358 365/365
f 356/356 365/365 357/357
f 357/357 365/365 172/172
f 357/357 172/172 366/366
f 172/172 724/724 723/723
f 172/172 723/723 366/366
f 722/722 376/376 366/366
f 722/722 366/366 723/723
f 357/357 366/366 376/376
f 357/357 376/376 367/367
f 368/368 335/335 355/355
f 368/368 355/355 367/367
f 369/369 334/334 335/335
f 369/369 335/335 368/368
f 369/369 370/370 340/340
f 369/369 340/340 334/334
f 372/372 371/371 370/370
f 372/372 370/370 369/369
f 372/372 369/369 368/368
f 372/372 368/368 373/373
f 721/721 720/720 372/372
f 721/721 372/372 373/373
f 373/373 368/368 367/367
f 373/373 367/367 376/376
f 722/722 721/721 373/373
f 722/722 373/373 376/376
f 352/352 355/355 335/335
f 352/352 335/335 333/333
f 319/319 362/362 354/354
f 319/319 354/354 316/316
f 308/308 307/307 314/314
f 308/308 314/314 315/315
f 361/361 362/362 319/319
f 361/361 319/319 378/378
f 378/378 319/319 317/317
f 378/378 317/317 379/379
f 320/320 395/395 381/381
f 320/320 381/381 380/380
f 380/380 381/381 386/386
f 380/380 386/386 382/382
f 384/384 383/383 382/382
f 384/384 382/382 386/386
f 387/387 385/385 384/384
f 387/387 384/384 476/476
f 241/241 242/242 385/385
f 241/241 385/385 387/387
f 385/385 242/242 389/389
f 385/385 389/389 388/388
f 384/384 385/385 388/388
f 384/384 388/388 383/383
f 380/380 382/382 391/391
f 380/380 391/391 390/390
f 320/320 380/380 390/390
f 320/320 390/390 379/379
f 391/391 382/382 383/383
f 391/391 383/383 392/392
f 391/391 392/392 393/393
f 391/391 393/393 394/394
f 396/396 381/381 395/395
f 396/396 395/395 399/399
f 397/397 386/386 381/381
f 397/397 381/381 396/396
f 398/398 400/400 399/399
f 398/398 399/399 395/395
f 401/401 400/400 398/398
f 401/401 398/398 321/321
f 403/403 399/399 400/400
f 403/403 400/400 402/402
f 404/404 405/405 361/361
f 404/404 361/361 378/378
f 394/394 406/406 405/405
f 394/394 405/405 404/404
f 409/409 408/408 407/407
f 409/409 407/407 406/406
f 409/409 393/393 411/411
f 409/409 411/411 410/410
f 410/410 411/411 412/412
f 410/410 412/412 413/413
f 394/394 393/393 409/409
f 394/394 409/409 406/406
f 409/409 410/410 414/414
f 409/409 414/414 408/408
f 414/414 415/415 225/225
f 414/414 225/225 408/408
f 410/410 413/413 416/416
f 410/410 416/416 414/414
f 416/416 211/211 415/415
f 416/416 415/415 414/414
f 225/225 224/224 407/407
f 225/225 407/407 408/408
f 407/407 417/417 405/405
f 407/407 405/405 406/406
f 417/417 360/360 361/361
f 417/417 361/361 405/405
f 417/417 418/418 364/364
f 417/417 364/364 360/360
f 418/418 420/420 419/419
f 418/418 419/419 364/364
f 224/224 222/222 420/420
f 224/224 420/420 418/418
f 407/407 224/224 418/418
f 407/407 418/418 417/417
f 701/701 419/419 420/420
f 701/701 420/420 702/702
f 390/390 404/404 378/378
f 390/390 378/378 379/379
f 391/391 394/394 404/404
f 391/391 404/404 390/390
f 320/320 379/379 317/317
f 320/320 317/317 318/318
f 170/170 173/173 421/421
f 170/170 421/421 229/229
f 170/170 229/229 654/654
f 170/170 654/654 653/653
f 158/158 159/159 230/230
f 158/158 230/230 160/160
f 229/229 421/421 223/223
f 229/229 223/223 228/228
f 702/702 420/420 222/222
f 702/702 222/222 703/703
f 124/124 422/422 423/423
f 124/124 423/423 125/125
f 424/424 425/425 671/671
f 424/424 671/671 670/670
f 424/424 426/426 427/427
f 424/424 427/427 425/425
f 375/375 428/428 425/425
f 375/375 425/425 427/427
f 672/672 671/671 425/425
f 672/672 425/425 428/428
f 429/429 428/428 375/375
f 429/429 375/375 374/374
f 672/672 428/428 429/429
f 672/672 429/429 673/673
f 164/164 429/429 374/374
f 164/164 374/374 377/377
f 673/673 429/429 164/164
f 673/673 164/164 674/674
f 125/125 423/423 150/150
f 125/125 150/150 149/149
f 718/718 430/430 371/371
f 718/718 371/371 719/719
f 717/717 432/432 430/430
f 717/717 430/430 718/718
f 717/717 716/716 433/433
f 717/717 433/433 432/432
f 433/433 436/436 435/435
f 433/433 435/435 432/432
f 716/716 715/715 437/437
f 716/716 437/437 433/433
f 113/113 112/112 439/439
f 113/113 439/439 434/434
f 438/438 113/113 434/434
f 438/438 434/434 431/431
f 437/437 440/440 436/436
f 437/437 436/436 433/433
f 441/441 430/430 432/432
f 441/441 432/432 435/435
f 370/370 371/371 430/430
f 370/370 430/430 441/441
f 338/338 441/441 435/435
f 338/338 435/435 339/339
f 340/340 370/370 441/441
f 340/340 441/441 338/338
f 436/436 442/442 339/339
f 436/436 339/339 435/435
f 337/337 339/339 442/442
f 337/337 442/442 341/341
f 440/440 459/459 442/442
f 440/440 442/442 436/436
f 341/341 442/442 459/459
f 341/341 459/459 443/443
f 438/438 431/431 426/426
f 438/438 426/426 424/424
f 372/372 720/720 719/719
f 372/372 719/719 371/371
f 438/438 424/424 670/670
f 438/438 670/670 669/669
f 110/110 111/111 422/422
f 110/110 422/422 124/124
f 445/445 447/447 446/446
f 445/445 446/446 444/444
f 195/195 194/194 448/448
f 195/195 448/448 445/445
f 448/448 194/194 193/193
f 448/448 193/193 449/449
f 449/449 193/193 201/201
f 449/449 201/201 450/450
f 201/201 193/193 188/188
f 201/201 188/188 187/187
f 451/451 450/450 452/452
f 451/451 452/452 453/453
f 449/449 450/450 451/451
f 449/449 451/451 454/454
f 448/448 449/449 454/454
f 448/448 454/454 455/455
f 456/456 195/195 445/445
f 456/456 445/445 444/444
f 456/456 457/457 191/191
f 456/456 191/191 195/195
f 437/437 458/458 457/457
f 437/437 457/457 440/440
f 458/458 714/714 713/713
f 458/458 713/713 192/192
f 457/457 458/458 192/192
f 457/457 192/192 191/191
f 437/437 715/715 714/714
f 437/437 714/714 458/458
f 440/440 457/457 456/456
f 440/440 456/456 459/459
f 456/456 444/444 443/443
f 456/456 443/443 459/459
f 448/448 455/455 447/447
f 448/448 447/447 445/445
f 455/455 461/461 460/460
f 455/455 460/460 447/447
f 295/295 463/463 460/460
f 295/295 460/460 462/462
f 462/462 460/460 461/461
f 462/462 461/461 464/464
f 465/465 467/467 464/464
f 465/465 464/464 461/461
f 454/454 451/451 466/466
f 454/454 466/466 465/465
f 466/466 253/253 467/467
f 466/466 467/467 465/465
f 455/455 454/454 465/465
f 455/455 465/465 461/461
f 298/298 464/464 467/467
f 298/298 467/467 254/254
f 254/254 467/467 253/253
f 254/254 253/253 251/251
f 447/447 460/460 463/463
f 447/447 463/463 446/446
f 351/351 443/443 444/444
f 351/351 444/444 446/446
f 350/350 351/351 446/446
f 350/350 446/446 463/463
f 350/350 463/463 295/295
f 350/350 295/295 296/296
f 341/341 443/443 351/351
f 341/341 351/351 343/343
f 33/33 246/246 245/245
f 33/33 245/245 468/468
f 468/468 245/245 470/470
f 468/468 470/470 469/469
f 471/471 472/472 469/469
f 471/471 469/469 470/470
f 473/473 475/475 474/474
f 473/473 474/474 471/471
f 387/387 476/476 475/475
f 387/387 475/475 473/473
f 475/475 476/476 397/397
f 475/475 397/397 477/477
f 478/478 477/477 397/397
f 478/478 397/397 396/396
f 479/479 480/480 477/477
f 479/479 477/477 478/478
f 481/481 480/480 479/479
f 481/481 479/479 482/482
f 474/474 480/480 481/481
f 474/474 481/481 486/486
f 145/145 481/481 482/482
f 145/145 482/482 483/483
f 486/486 481/481 145/145
f 486/486 145/145 144/144
f 484/484 479/479 478/478
f 484/484 478/478 403/403
f 482/482 479/479 484/484
f 482/482 484/484 485/485
f 403/403 478/478 396/396
f 403/403 396/396 399/399
f 474/474 475/475 477/477
f 474/474 477/477 480/480
f 397/397 476/476 384/384
f 397/397 384/384 386/386
f 486/486 144/144 487/487
f 486/486 487/487 472/472
f 472/472 487/487 30/30
f 472/472 30/30 469/469
f 29/29 30/30 487/487
f 29/29 487/487 140/140
f 140/140 487/487 144/144
f 140/140 144/144 141/141
f 474/474 486/486 472/472
f 474/474 472/472 471/471
f 243/243 473/473 471/471
f 243/243 471/471 470/470
f 243/243 470/470 245/245
f 243/243 245/245 240/240
f 241/241 387/387 473/473
f 241/241 473/473 243/243
f 28/28 468/468 469/469
f 28/28 469/469 30/30
f 32/32 33/33 468/468
f 32/32 468/468 28/28
f 31/31 4/4 3/3
f 31/31 3/3 25/25
f 133/133 143/143 488/488
f 133/133 488/488 131/131
f 142/142 489/489 488/488
f 142/142 488/488 143/143
f 483/483 491/491 490/490
f 483/483 490/490 489/489
f 491/491 485/485 493/493
f 491/491 493/493 492/492
f 492/492 493/493 495/495
f 492/492 495/495 494/494
f 494/494 495/495 497/497
f 494/494 497/497 496/496
f 92/92 496/496 498/498
f 92/92 498/498 87/87
f 83/83 498/498 499/499
f 83/83 499/499 85/85
f 85/85 499/499 500/500
f 85/85 500/500 279/279
f 499/499 498/498 496/496
f 499/499 496/496 497/497
f 495/495 502/502 501/501
f 495/495 501/501 497/497
f 500/500 499/499 497/497
f 500/500 497/497 501/501
f 494/494 496/496 92/92
f 494/494 92/92 503/503
f 503/503 92/92 90/90
f 503/503 90/90 504/504
f 90/90 91/91 505/505
f 90/90 505/505 504/504
f 504/504 505/505 507/507
f 504/504 507/507 506/506
f 508/508 503/503 504/504
f 508/508 504/504 506/506
f 492/492 494/494 503/503
f 492/492 503/503 508/508
f 485/485 484/484 509/509
f 485/485 509/509 493/493
f 493/493 509/509 502/502
f 493/493 502/502 495/495
f 484/484 403/403 402/402
f 484/484 402/402 509/509
f 510/510 502/502 509/509
f 510/510 509/509 402/402
f 511/511 501/501 502/502
f 511/511 502/502 510/510
f 500/500 501/501 511/511
f 500/500 511/511 326/326
f 512/512 511/511 510/510
f 512/512 510/510 401/401
f 326/326 511/511 512/512
f 326/326 512/512 327/327
f 401/401 510/510 402/402
f 401/401 402/402 400/400
f 491/491 492/492 508/508
f 491/491 508/508 490/490
f 490/490 508/508 506/506
f 490/490 506/506 513/513
f 130/130 513/513 506/506
f 130/130 506/506 507/507
f 126/126 130/130 507/507
f 126/126 507/507 127/127
f 489/489 490/490 513/513
f 489/489 513/513 488/488
f 131/131 488/488 513/513
f 131/131 513/513 130/130
f 483/483 482/482 485/485
f 483/483 485/485 491/491
f 145/145 483/483 489/489
f 145/145 489/489 142/142
f 505/505 128/128 127/127
f 505/505 127/127 507/507
f 91/91 514/514 128/128
f 91/91 128/128 505/505
f 91/91 89/89 93/93
f 91/91 93/93 514/514
f 66/66 99/99 69/69
f 66/66 69/69 68/68
f 96/96 282/282 283/283
f 96/96 283/283 98/98
f 500/500 326/326 280/280
f 500/500 280/280 279/279
f 512/512 311/311 322/322
f 512/512 322/322 327/327
f 512/512 401/401 321/321
f 512/512 321/321 311/311
f 388/388 515/515 392/392
f 388/388 392/392 383/383
f 393/393 392/392 515/515
f 393/393 515/515 411/411
f 389/389 516/516 515/515
f 389/389 515/515 388/388
f 389/389 249/249 517/517
f 389/389 517/517 516/516
f 249/249 519/519 518/518
f 249/249 518/518 517/517
f 520/520 523/523 522/522
f 520/520 522/522 521/521
f 521/521 522/522 413/413
f 521/521 413/413 412/412
f 517/517 521/521 412/412
f 517/517 412/412 516/516
f 518/518 520/520 521/521
f 518/518 521/521 517/517
f 520/520 453/453 452/452
f 520/520 452/452 523/523
f 518/518 524/524 453/453
f 518/518 453/453 520/520
f 411/411 515/515 516/516
f 411/411 516/516 412/412
f 416/416 413/413 522/522
f 416/416 522/522 525/525
f 525/525 522/522 523/523
f 525/525 523/523 198/198
f 525/525 198/198 199/199
f 525/525 199/199 208/208
f 416/416 525/525 208/208
f 416/416 208/208 211/211
f 211/211 209/209 220/220
f 211/211 220/220 415/415
f 415/415 220/220 221/221
f 415/415 221/221 225/225
f 439/439 112/112 114/114
f 439/439 114/114 123/123
f 668/668 113/113 438/438
f 668/668 438/438 669/669
f 466/466 451/451 453/453
f 466/466 453/453 524/524
f 466/466 524/524 252/252
f 466/466 252/252 253/253
f 252/252 524/524 518/518
f 252/252 518/518 519/519
f 247/247 249/249 389/389
f 247/247 389/389 242/242
f 1/1 526/526 527/527
f 1/1 527/527 2/2
f 5/5 528/528 526/526
f 5/5 526/526 1/1
f 6/6 529/529 530/530
f 6/6 530/530 13/13
f 13/13 530/530 531/531
f 13/13 531/531 15/15
f 2/2 527/527 529/529
f 2/2 529/529 6/6
f 15/15 531/531 532/532
f 15/15 532/532 34/34
f 34/34 532/532 533/533
f 34/34 533/533 35/35
f 35/35 533/533 534/534
f 35/35 534/534 64/64
f 64/64 534/534 535/535
f 64/64 535/535 65/65
f 66/66 536/536 537/537
f 66/66 537/537 67/67
f 68/68 538/538 536/536
f 68/68 536/536 66/66
f 65/65 535/535 538/538
f 65/65 538/538 68/68
f 70/70 539/539 540/540
f 70/70 540/540 71/71
f 71/71 540/540 541/541
f 71/71 541/541 72/72
f 72/72 541/541 542/542
f 72/72 542/542 93/93
f 67/67 537/537 539/539
f 67/67 539/539 70/70
f 127/127 543/543 544/544
f 127/127 544/544 126/126
f 128/128 545/545 543/543
f 128/128 543/543 127/127
f 126/126 544/544 546/546
f 126/126 546/546 129/129
f 129/129 546/546 547/547
f 129/129 547/547 132/132
f 134/134 548/548 549/549
f 134/134 549/549 135/135
f 132/132 547/547 548/548
f 132/132 548/548 134/134
f 135/135 549/549 528/528
f 135/135 528/528 5/5
f 514/514 550/550 545/545
f 514/514 545/545 128/128
f 93/93 542/542 550/550
f 93/93 550/550 514/514
f 839/839 551/551 552/552
f 839/839 552/552 840/840
f 838/838 553/553 551/551
f 838/838 551/551 839/839
f 841/841 554/554 555/555
f 841/841 555/555 842/842
f 842/842 555/555 556/556
f 842/842 556/556 843/843
f 840/840 552/552 554/554
f 840/840 554/554 841/841
f 843/843 556/556 557/557
f 843/843 557/557 844/844
f 844/844 557/557 558/558
f 844/844 558/558 845/845
f 845/845 558/558 559/559
f 845/845 559/559 846/846
f 846/846 559/559 560/560
f 846/846 560/560 847/847
f 849/849 561/561 562/562
f 849/849 562/562 850/850
f 848/848 563/563 561/561
f 848/848 561/561 849/849
f 847/847 560/560 563/563
f 847/847 563/563 848/848
f 851/851 564/564 565/565
f 851/851 565/565 852/852
f 852/852 565/565 566/566
f 852/852 566/566 853/853
f 853/853 566/566 567/567
f 853/853 567/567 854/854
f 850/850 562/562 564/564
f 850/850 564/564 851/851
f 832/832 568/568 569/569
f 832/832 569/569 833/833
f 831/831 570/570 568/568
f 831/831 568/568 832/832
f 833/833 569/569 571/571
f 833/833 571/571 834/834
f 834/834 571/571 572/572
f 834/834 572/572 835/835
f 836/836 573/573 574/574
f 836/836 574/574 837/837
f 835/835 572/572 573/573
f 835/835 573/573 836/836
f 837/837 574/574 553/553
f 837/837 553/553 838/838
f 830/830 575/575 570/570
f 830/830 570/570 831/831
f 854/854 567/567 575/575
f 854/854 575/575 830/830
f 697/697 576/576 577/577
f 697/697 577/577 698/698
f 694/694 578/578 579/579
f 694/694 579/579 695/695
f 693/693 580/580 578/578
f 693/693 578/578 694/694
f 692/692 581/581 580/580
f 692/692 580/580 693/693
f 691/691 582/582 581/581
f 691/691 581/581 692/692
f 695/695 579/579 583/583
f 695/695 583/583 696/696
f 696/696 583/583 576/576
f 696/696 576/576 697/697
f 689/689 584/584 585/585
f 689/689 585/585 690/690
f 686/686 586/586 587/587
f 686/686 587/587 687/687
f 687/687 587/587 588/588
f 687/687 588/588 688/688
f 678/678 589/589 590/590
f 678/678 590/590 679/679
f 677/677 591/591 589/589
f 677/677 589/589 678/678
f 683/683 592/592 593/593
f 683/683 593/593 684/684
f 682/682 594/594 592/592
f 682/682 592/592 683/683
f 681/681 595/595 594/594
f 681/681 594/594 682/682
f 685/685 596/596 586/586
f 685/685 586/586 686/686
f 684/684 593/593 596/596
f 684/684 596/596 685/685
f 699/699 598/598 597/597
f 699/699 597/597 675/675
f 698/698 577/577 598/598
f 698/698 598/598 699/699
f 675/675 597/597 599/599
f 675/675 599/599 676/676
f 676/676 599/599 591/591
f 676/676 591/591 677/677
f 679/679 590/590 600/600
f 679/679 600/600 680/680
f 680/680 600/600 595/595
f 680/680 595/595 681/681
f 690/690 585/585 582/582
f 690/690 582/582 691/691
f 688/688 588/588 584/584
f 688/688 584/584 689/689
f 576/576 601/601 602/602
f 576/576 602/602 577/577
f 578/578 603/603 604/604
f 578/578 604/604 579/579
f 580/580 605/605 603/603
f 580/580 603/603 578/578
f 581/581 606/606 605/605
f 581/581 605/605 580/580
f 607/607 606/606 581/581
f 607/607 581/581 582/582
f 579/579 604/604 608/608
f 579/579 608/608 583/583
f 583/583 608/608 601/601
f 583/583 601/601 576/576
f 584/584 609/609 610/610
f 584/584 610/610 585/585
f 586/586 611/611 612/612
f 586/586 612/612 587/587
f 587/587 612/612 613/613
f 587/587 613/613 588/588
f 589/589 614/614 615/615
f 589/589 615/615 590/590
f 591/591 616/616 614/614
f 591/591 614/614 589/589
f 592/592 617/617 618/618
f 592/592 618/618 593/593
f 594/594 619/619 617/617
f 594/594 617/617 592/592
f 595/595 620/620 619/619
f 595/595 619/619 594/594
f 596/596 621/621 611/611
f 596/596 611/611 586/586
f 593/593 618/618 621/621
f 593/593 621/621 596/596
f 598/598 623/623 622/622
f 598/598 622/622 597/597
f 577/577 602/602 623/623
f 577/577 623/623 598/598
f 597/597 622/622 624/624
f 597/597 624/624 599/599
f 599/599 624/624 616/616
f 599/599 616/616 591/591
f 590/590 615/615 625/625
f 590/590 625/625 600/600
f 600/600 625/625 620/620
f 600/600 620/620 595/595
f 585/585 610/610 607/607
f 585/585 607/607 582/582
f 588/588 613/613 609/609
f 588/588 609/609 584/584
f 614/614 616/616 643/643
f 614/614 643/643 642/642
f 624/624 622/622 645/645
f 624/624 645/645 644/644
f 637/637 627/627 626/626
f 637/637 626/626 638/638
f 639/639 629/629 630/630
f 639/639 630/630 640/640
f 620/620 625/625 615/615
f 620/620 615/615 641/641
f 618/618 617/617 628/628
f 618/618 628/628 636/636
f 636/636 628/628 627/627
f 636/636 627/627 637/637
f 615/615 614/614 642/642
f 615/615 642/642 641/641
f 624/624 644/644 643/643
f 624/624 643/643 616/616
f 638/638 626/626 629/629
f 638/638 629/629 639/639
f 603/603 646/646 647/647
f 603/603 647/647 604/604
f 601/601 649/649 623/623
f 601/601 623/623 602/602
f 617/617 619/619 631/631
f 617/617 631/631 628/628
f 632/632 627/627 628/628
f 632/632 628/628 631/631
f 633/633 626/626 627/627
f 633/633 627/627 632/632
f 634/634 629/629 626/626
f 634/634 626/626 633/633
f 635/635 630/630 629/629
f 635/635 629/629 634/634
f 604/604 647/647 648/648
f 604/604 648/648 608/608
f 611/611 621/621 618/618
f 611/611 618/618 636/636
f 612/612 611/611 636/636
f 612/612 636/636 637/637
f 613/613 612/612 637/637
f 613/613 637/637 638/638
f 609/609 613/613 638/638
f 609/609 638/638 639/639
f 610/610 609/609 639/639
f 610/610 639/639 640/640
f 605/605 606/606 607/607
f 605/605 607/607 646/646
f 619/619 620/620 641/641
f 619/619 641/641 631/631
f 642/642 632/632 631/631
f 642/642 631/631 641/641
f 643/643 633/633 632/632
f 643/643 632/632 642/642
f 644/644 634/634 633/633
f 644/644 633/633 643/643
f 645/645 635/635 634/634
f 645/645 634/634 644/644
f 608/608 648/648 649/649
f 608/608 649/649 601/601
f 622/622 623/623 649/649
f 622/622 649/649 645/645
f 648/648 635/635 645/645
f 648/648 645/645 649/649
f 647/647 630/630 635/635
f 647/647 635/635 648/648
f 646/646 640/640 630/630
f 646/646 630/630 647/647
f 607/607 610/610 640/640
f 607/607 640/640 646/646
f 605/605 646/646 603/603
f 161/161 650/650 651/651
f 161/161 651/651 157/157
f 157/157 651/651 652/652
f 157/157 652/652 156/156
f 653/653 159/159 156/156
f 653/653 156/156 652/652
f 654/654 230/230 159/159
f 654/654 159/159 653/653
f 655/655 226/226 230/230
f 655/655 230/230 654/654
f 226/226 655/655 656/656
f 226/226 656/656 227/227
f 657/657 216/216 227/227
f 657/657 227/227 656/656
f 658/658 213/213 216/216
f 658/658 216/216 657/657
f 659/659 205/205 213/213
f 659/659 213/213 658/658
f 660/660 175/175 205/205
f 660/660 205/205 659/659
f 661/661 176/176 175/175
f 661/661 175/175 660/660
f 662/662 179/179 176/176
f 662/662 176/176 661/661
f 663/663 119/119 179/179
f 663/663 179/179 662/662
f 664/664 116/116 119/119
f 664/664 119/119 663/663
f 116/116 664/664 665/665
f 116/116 665/665 105/105
f 105/105 665/665 666/666
f 105/105 666/666 104/104
f 104/104 666/666 667/667
f 104/104 667/667 107/107
f 107/107 667/667 668/668
f 107/107 668/668 109/109
f 109/109 668/668 669/669
f 109/109 669/669 111/111
f 670/670 422/422 111/111
f 670/670 111/111 669/669
f 671/671 423/423 422/422
f 671/671 422/422 670/670
f 150/150 423/423 671/671
f 150/150 671/671 672/672
f 150/150 672/672 673/673
f 150/150 673/673 148/148
f 148/148 673/673 674/674
f 148/148 674/674 147/147
f 147/147 674/674 650/650
f 147/147 650/650 161/161
f 174/174 675/675 676/676
f 174/174 676/676 212/212
f 212/212 676/676 677/677
f 212/212 677/677 153/153
f 153/153 677/677 678/678
f 153/153 678/678 152/152
f 152/152 678/678 679/679
f 152/152 679/679 232/232
f 232/232 679/679 680/680
f 232/232 680/680 231/231
f 231/231 680/680 681/681
f 231/231 681/681 160/160
f 160/160 681/681 682/682
f 160/160 682/682 158/158
f 158/158 682/682 683/683
f 158/158 683/683 155/155
f 155/155 683/683 684/684
f 155/155 684/684 154/154
f 154/154 684/684 685/685
f 154/154 685/685 165/165
f 165/165 685/685 686/686
f 165/165 686/686 151/151
f 151/151 686/686 687/687
f 151/151 687/687 146/146
f 146/146 687/687 688/688
f 146/146 688/688 149/149
f 149/149 688/688 689/689
f 149/149 689/689 125/125
f 125/125 689/689 690/690
f 125/125 690/690 124/124
f 124/124 690/690 691/691
f 124/124 691/691 110/110
f 110/110 691/691 692/692
f 110/110 692/692 108/108
f 108/108 692/692 693/693
f 108/108 693/693 106/106
f 106/106 693/693 694/694
f 106/106 694/694 103/103
f 103/103 694/694 695/695
f 103/103 695/695 102/102
f 102/102 695/695 696/696
f 102/102 696/696 120/120
f 120/120 696/696 697/697
f 120/120 697/697 101/101
f 101/101 697/697 698/698
f 101/101 698/698 100/100
f 100/100 698/698 699/699
f 100/100 699/699 177/177
f 177/177 699/699 675/675
f 177/177 675/675 174/174
f 700/700 701/701 173/173
f 700/700 173/173 169/169
f 173/173 701/701 702/702
f 173/173 702/702 421/421
f 421/421 702/702 703/703
f 421/421 703/703 223/223
f 704/704 217/217 223/223
f 704/704 223/223 703/703
f 219/219 217/217 704/704
f 219/219 704/704 705/705
f 210/210 219/219 705/705
f 210/210 705/705 706/706
f 707/707 206/206 210/210
f 707/707 210/210 706/706
f 708/708 202/202 206/206
f 708/708 206/206 707/707
f 709/709 181/181 202/202
f 709/709 202/202 708/708
f 181/181 709/709 710/710
f 181/181 710/710 182/182
f 182/182 710/710 711/711
f 182/182 711/711 183/183
f 183/183 711/711 712/712
f 183/183 712/712 122/122
f 713/713 121/121 122/122
f 713/713 122/122 712/712
f 714/714 123/123 121/121
f 714/714 121/121 713/713
f 715/715 439/439 123/123
f 715/715 123/123 714/714
f 434/434 439/439 715/715
f 434/434 715/715 716/716
f 431/431 434/434 716/716
f 431/431 716/716 717/717
f 431/431 717/717 718/718
f 431/431 718/718 426/426
f 426/426 718/718 719/719
f 426/426 719/719 427/427
f 720/720 375/375 427/427
f 720/720 427/427 719/719
f 374/374 375/375 720/720
f 374/374 720/720 721/721
f 377/377 374/374 721/721
f 377/377 721/721 722/722
f 377/377 722/722 723/723
f 377/377 723/723 166/166
f 724/724 167/167 166/166
f 724/724 166/166 723/723
f 700/700 169/169 167/167
f 700/700 167/167 724/724
f 551/551 821/821 820/820
f 551/551 820/820 552/552
f 553/553 822/822 821/821
f 553/553 821/821 551/551
f 554/554 819/819 818/818
f 554/554 818/818 555/555
f 555/555 818/818 817/817
f 555/555 817/817 556/556
f 552/552 820/820 819/819
f 552/552 819/819 554/554
f 556/556 817/817 816/816
f 556/556 816/816 557/557
f 557/557 816/816 815/815
f 557/557 815/815 558/558
f 558/558 815/815 814/814
f 558/558 814/814 559/559
f 559/559 814/814 813/813
f 559/559 813/813 560/560
f 561/561 811/811 810/810
f 561/561 810/810 562/562
f 563/563 812/812 811/811
f 563/563 811/811 561/561
f 560/560 813/813 812/812
f 560/560 812/812 563/563
f 564/564 809/809 808/808
f 564/564 808/808 565/565
f 565/565 808/808 807/807
f 565/565 807/807 566/566
f 566/566 807/807 806/806
f 566/566 806/806 567/567
f 562/562 810/810 809/809
f 562/562 809/809 564/564
f 568/568 828/828 827/827
f 568/568 827/827 569/569
f 570/570 829/829 828/828
f 570/570 828/828 568/568
f 569/569 827/827 826/826
f 569/569 826/826 571/571
f 571/571 826/826 825/825
f 571/571 825/825 572/572
f 573/573 824/824 823/823
f 573/573 823/823 574/574
f 572/572 825/825 824/824
f 572/572 824/824 573/573
f 574/574 823/823 822/822
f 574/574 822/822 553/553
f 575/575 805/805 829/829
f 575/575 829/829 570/570
f 567/567 806/806 805/805
f 567/567 805/805 575/575
f 726/726 751/751 750/750
f 726/726 750/750 725/725
f 727/727 752/752 751/751
f 727/727 751/751 726/726
f 729/729 754/754 753/753
f 729/729 753/753 728/728
f 728/728 753/753 755/755
f 728/728 755/755 730/730
f 725/725 750/750 754/754
f 725/725 754/754 729/729
f 730/730 755/755 756/756
f 730/730 756/756 731/731
f 731/731 756/756 757/757
f 731/731 757/757 732/732
f 732/732 757/757 758/758
f 732/732 758/758 733/733
f 733/733 758/758 759/759
f 733/733 759/759 734/734
f 736/736 761/761 760/760
f 736/736 760/760 735/735
f 737/737 762/762 761/761
f 737/737 761/761 736/736
f 734/734 759/759 762/762
f 734/734 762/762 737/737
f 739/739 764/764 763/763
f 739/739 763/763 738/738
f 738/738 763/763 765/765
f 738/738 765/765 740/740
f 740/740 765/765 766/766
f 740/740 766/766 741/741
f 735/735 760/760 764/764
f 735/735 764/764 739/739
f 743/743 768/768 767/767
f 743/743 767/767 742/742
f 744/744 769/769 768/768
f 744/744 768/768 743/743
f 742/742 767/767 770/770
f 742/742 770/770 745/745
f 745/745 770/770 771/771
f 745/745 771/771 746/746
f 748/748 773/773 772/772
f 748/748 772/772 747/747
f 746/746 771/771 773/773
f 746/746 773/773 748/748
f 747/747 772/772 752/752
f 747/747 752/752 727/727
f 749/749 774/774 769/769
f 749/749 769/769 744/744
f 741/741 766/766 774/774
f 741/741 774/774 749/749
f 776/776 783/783 782/782
f 776/776 782/782 777/777
f 777/777 782/782 781/781
f 777/777 781/781 778/778
f 775/775 784/784 783/783
f 775/775 783/783 776/776
f 755/755 753/753 779/779
f 755/755 779/779 780/780
f 778/778 781/781 780/780
f 778/778 780/780 779/779
f 770/770 767/767 784/784
f 770/770 784/784 775/775
f 773/773 771/771 770/770
f 773/773 770/770 775/775
f 772/772 773/773 775/775
f 772/772 775/775 776/776
f 752/752 772/772 776/776
f 752/752 776/776 777/777
f 751/751 752/752 777/777
f 751/751 777/777 778/778
f 751/751 778/778 779/779
f 751/751 779/779 750/750
f 753/753 754/754 750/750
f 753/753 750/750 779/779
f 757/757 756/756 789/789
f 757/757 789/789 790/790
f 788/788 791/791 790/790
f 788/788 790/790 789/789
f 787/787 792/792 791/791
f 787/787 791/791 788/788
f 786/786 793/793 792/792
f 786/786 792/792 787/787
f 785/785 794/794 793/793
f 785/785 793/793 786/786
f 768/768 769/769 794/794
f 768/768 794/794 785/785
f 767/767 768/768 785/785
f 767/767 785/785 784/784
f 784/784 785/785 786/786
f 784/784 786/786 783/783
f 783/783 786/786 787/787
f 783/783 787/787 782/782
f 782/782 787/787 788/788
f 782/782 788/788 781/781
f 781/781 788/788 789/789
f 781/781 789/789 780/780
f 756/756 755/755 780/780
f 756/756 780/780 789/789
f 761/761 762/762 759/759
f 761/761 759/759 804/804
f 803/803 760/760 761/761
f 803/803 761/761 804/804
f 802/802 764/764 760/760
f 802/802 760/760 803/803
f 801/801 763/763 764/764
f 801/801 764/764 802/802
f 800/800 765/765 763/763
f 800/800 763/763 801/801
f 766/766 765/765 800/800
f 769/769 774/774 795/795
f 769/769 795/795 794/794
f 794/794 795/795 796/796
f 794/794 796/796 793/793
f 793/793 796/796 797/797
f 793/793 797/797 792/792
f 792/792 797/797 798/798
f 792/792 798/798 791/791
f 791/791 798/798 799/799
f 791/791 799/799 790/790
f 758/758 757/757 790/790
f 758/758 790/790 799/799
f 774/774 766/766 800/800
f 774/774 800/800 795/795
f 795/795 800/800 801/801
f 795/795 801/801 796/796
f 796/796 801/801 802/802
f 796/796 802/802 797/797
f 797/797 802/802 803/803
f 797/797 803/803 798/798
f 798/798 803/803 804/804
f 798/798 804/804 799/799
f 759/759 758/758 799/799
f 759/759 799/799 804/804
f 806/806 741/741 749/749
f 806/806 749/749 805/805
f 807/807 740/740 741/741
f 807/807 741/741 806/806
f 808/808 738/738 740/740
f 808/808 740/740 807/807
f 809/809 739/739 738/738
f 809/809 738/738 808/808
f 810/810 735/735 739/739
f 810/810 739/739 809/809
f 811/811 736/736 735/735
f 811/811 735/735 810/810
f 812/812 737/737 736/736
f 812/812 736/736 811/811
f 813/813 734/734 737/737
f 813/813 737/737 812/812
f 814/814 733/733 734/734
f 814/814 734/734 813/813
f 815/815 732/732 733/733
f 815/815 733/733 814/814
f 816/816 731/731 732/732
f 816/816 732/732 815/815
f 817/817 730/730 731/731
f 817/817 731/731 816/816
f 818/818 728/728 730/730
f 818/818 730/730 817/817
f 819/819 729/729 728/728
f 819/819 728/728 818/818
f 820/820 725/725 729/729
f 820/820 729/729 819/819
f 821/821 726/726 725/725
f 821/821 725/725 820/820
f 822/822 727/727 726/726
f 822/822 726/726 821/821
f 823/823 747/747 727/727
f 823/823 727/727 822/822
f 824/824 748/748 747/747
f 824/824 747/747 823/823
f 825/825 746/746 748/748
f 825/825 748/748 824/824
f 826/826 745/745 746/746
f 826/826 746/746 825/825
f 827/827 742/742 745/745
f 827/827 745/745 826/826
f 828/828 743/743 742/742
f 828/828 742/742 827/827
f 829/829 744/744 743/743
f 829/829 743/743 828/828
f 805/805 749/749 744/744
f 805/805 744/744 829/829
f 550/550 830/830 831/831
f 550/550 831/831 545/545
f 545/545 831/831 832/832
f 545/545 832/832 543/543
f 543/543 832/832 833/833
f 543/543 833/833 544/544
f 544/544 833/833 834/834
f 544/544 834/834 546/546
f 546/546 834/834 835/835
f 546/546 835/835 547/547
f 547/547 835/835 836/836
f 547/547 836/836 548/548
f 548/548 836/836 837/837
f 548/548 837/837 549/549
f 549/549 837/837 838/838
f 549/549 838/838 528/528
f 528/528 838/838 839/839
f 528/528 839/839 526/526
f 526/526 839/839 840/840
f 526/526 840/840 527/527
f 527/527 840/840 841/841
f 527/527 841/841 529/529
f 529/529 841/841 842/842
f 529/529 842/842 530/530
f 530/530 842/842 843/843
f 530/530 843/843 531/531
f 531/531 843/843 844/844
f 531/531 844/844 532/532
f 532/532 844/844 845/845
f 532/532 845/845 533/533
f 533/533 845/845 846/846
f 533/533 846/846 534/534
f 534/534 846/846 847/847
f 534/534 847/847 535/535
f 535/535 847/847 848/848
f 535/535 848/848 538/538
f 538/538 848/848 849/849
f 538/538 849/849 536/536
f 536/536 849/849 850/850
f 536/536 850/850 537/537
f 537/537 850/850 851/851
f 537/537 851/851 539/539
f 539/539 851/851 852/852
f 539/539 852/852 540/540
f 540/540 852/852 853/853
f 540/540 853/853 541/541
f 541/541 853/853 854/854
f 541/541 854/854 542/542
f 542/542 854/854 830/830
f 542/542 830/830 550/550
f 855/855 875/875 876/876
f 855/855 876/876 856/856
f 856/856 876/876 877/877
f 856/856 877/877 857/857
f 857/857 877/877 878/878
f 857/857 878/878 858/858
f 858/858 878/878 879/879
f 858/858 879/879 859/859
f 859/859 879/879 880/880
f 859/859 880/880 860/860
f 860/860 880/880 881/881
f 860/860 881/881 861/861
f 861/861 881/881 882/882
f 861/861 882/882 862/862
f 862/862 882/882 883/883
f 862/862 883/883 863/863
f 863/863 883/883 884/884
f 863/863 884/884 864/864
f 864/864 884/884 885/885
f 864/864 885/885 865/865
f 865/865 885/885 886/886
f 865/865 886/886 866/866
f 866/866 886/886 887/887
f 866/866 887/887 867/867
f 867/867 887/887 888/888
f 867/867 888/888 868/868
f 868/868 888/888 889/889
f 868/868 889/889 869/869
f 869/869 889/889 890/890
f 869/869 890/890 870/870
f 870/870 890/890 891/891
f 870/870 891/891 871/871
f 871/871 891/891 892/892
f 871/871 892/892 872/872
f 872/872 892/892 893/893
f 872/872 893/893 873/873
f 873/873 893/893 894/894
f 873/873 894/894 874/874
f 874/874 894/894 875/875
f 874/874 875/875 855/855
f 875/875 895/895 896/896
f 875/875 896/896 876/876
f 876/876 896/896 897/897
f 876/876 897/897 877/877
f 877/877 897/897 898/898
f 877/877 898/898 878/878
f 878/878 898/898 899/899
f 878/878 899/899 879/879
f 879/879 899/899 900/900
f 879/879 900/900 880/880
f 880/880 900/900 901/901
f 880/880 901/901 881/881
f 881/881 901/901 902/902
f 881/881 902/902 882/882
f 882/882 902/902 903/903
f 882/882 903/903 883/883
f 883/883 903/903 904/904
f 883/883 904/904 884/884
f 884/884 904/904 905/905
f 884/884 905/905 885/885
f 885/885 905/905 906/906
f 885/885 906/906 886/886
f 886/886 906/906 907/907
f 886/886 907/907 887/887
f 887/887 907/907 908/908
f 887/887 908/908 888/888
f 888/888 908/908 909/909
f 888/888 909/909 889/889
f 889/889 909/909 910/910
f 889/889 910/910 890/890
f 890/890 910/910 911/911
f 890/890 911/911 891/891
f 891/891 911/911 912/912
f 891/891 912/912 892/892
f 892/892 912/912 913/913
f 892/892 913/913 893/893
f 893/893 913/913 914/914
f 893/893 914/914 894/894
f 894/894 914/914 895/895
f 894/894 895/895 875/875
f 895/895 915/915 916/916
f 895/895 916/916 896/896
f 896/896 916/916 917/917
f 896/896 917/917 897/897
f 897/897 917/917 918/918
f 897/897 918/918 898/898
f 898/898 918/918 919/919
f 898/898 919/919 899/899
f 899/899 919/919 920/920
f 899/899 920/920 900/900
f 900/900 920/920 921/921
f 900/900 921/921 901/901
f 901/901 921/921 922/922
f 901/901 922/922 902/902
f 902/902 922/922 923/923
f 902/902 923/923 903/903
f 903/903 923/923 924/924
f 903/903 924/924 904/904
f 904/904 924/924 925/925
f 904/904 925/925 905/905
f 905/905 925/925 926/926
f 905/905 926/926 906/906
f 906/906 926/926 927/927
f 906/906 927/927 907/907
f 907/907 927/927 928/928
f 907/907 928/928 908/908
f 908/908 928/928 929/929
f 908/908 929/929 909/909
f 909/909 929/929 930/930
f 909/909 930/930 910/910
f 910/910 930/930 931/931
f 910/910 931/931 911/911
f 911/911 931/931 932/932
f 911/911 932/932 912/912
f 912/912 932/932 933/933
f 912/912 933/933 913/913
f 913/913 933/933 934/934
f 913/913 934/934 914/914
f 914/914 934/934 915/915
f 914/914 915/915 895/895
f 915/915 935/935 936/936
f 915/915 936/936 916/916
f 916/916 936/936 937/937
f 916/916 937/937 917/917
f 917/917 937/937 938/938
f 917/917 938/938 918/918
f 918/918 938/938 939/939
f 918/918 939/939 919/919
f 919/919 939/939 940/940
f 919/919 940/940 920/920
f 920/920 940/940 941/941
f 920/920 941/941 921/921
f 921/921 941/941 942/942
f 921/921 942/942 922/922
f 922/922 942/942 943/943
f 922/922 943/943 923/923
f 923/923 943/943 944/944
f 923/923 944/944 924/924
f 924/924 944/944 945/945
f 924/924 945/945 925/925
f 925/925 945/945 946/946
f 925/925 946/946 926/926
f 926/926 946/946 947/947
f 926/926 947/947 927/927
f 927/927 947/947 948/948
f 927/927 948/948 928/928
f 928/928 948/948 949/949
f 928/928 949/949 929/929
f 929/929 949/949 950/950
f 929/929 950/950 930/930
f 930/930 950/950 951/951
f 930/930 951/951 931/931
f 931/931 951/951 952/952
f 931/931 952/952 932/932
f 932/932 952/952 953/953
f 932/932 953/953 933/933
f 933/933 953/953 954/954
f 933/933 954/954 934/934
f 934/934 954/954 935/935
f 934/934 935/935 915/915
f 935/935 955/955 956/956
f 935/935 956/956 936/936
f 936/936 956/956 957/957
f 936/936 957/957 937/937
f 937/937 957/957 958/958
f 937/937 958/958 938/938
f 938/938 958/958 959/959
f 938/938 959/959 939/939
f 939/939 959/959 960/960
f 939/939 960/960 940/940
f 940/940 960/960 961/961
f 940/940 961/961 941/941
f 941/941 961/961 962/962
f 941/941 962/962 942/942
f 942/942 962/962 963/963
f 942/942 963/963 943/943
f 943/943 963/963 964/964
f 943/943 964/964 944/944
f 944/944 964/964 965/965
f 944/944 965/965 945/945
f 945/945 965/965 966/966
f 945/945 966/966 946/946
f 946/946 966/966 967/967
f 946/946 967/967 947/947
f 947/947 967/967 968/968
f 947/947 968/968 948/948
f 948/948 968/968 969/969
f 948/948 969/969 949/949
f 949/949 969/969 970/970
f 949/949 970/970 950/950
f 950/950 970/970 971/971
f 950/950 971/971 951/951
f 951/951 971/971 972/972
f 951/951 972/972 952/952
f 952/952 972/972 973/973
f 952/952 973/973 953/953
f 953/953 973/973 974/974
f 953/953 974/974 954/954
f 954/954 974/974 955/955
f 954/954 955/955 935/935
f 955/955 975/975 976/976
f 955/955 976/976 956/956
f 956/956 976/976 977/977
f 956/956 977/977 957/957
f 957/957 977/977 978/978
f 957/957 978/978 958/958
f 958/958 978/978 979/979
f 958/958 979/979 959/959
f 959/959 979/979 980/980
f 959/959 980/980 960/960
f 960/960 980/980 981/981
f 960/960 981/981 961/961
f 961/961 981/981 982/982
f 961/961 982/982 962/962
f 962/962 982/982 983/983
f 962/962 983/983 963/963
f 963/963 983/983 984/984
f 963/963 984/984 964/964
f 964/964 984/984 985/985
f 964/964 985/985 965/965
f 965/965 985/985 986/986
f 965/965 986/986 966/966
f 966/966 986/986 987/987
f 966/966 987/987 967/967
f 967/967 987/987 988/988
f 967/967 988/988 968/968
f 968/968 988/988 989/989
f 968/968 989/989 969/969
f 969/969 989/989 990/990
f 969/969 990/990 970/970
f 970/970 990/990 991/991
f 970/970 991/991 971/971
f 971/971 991/991 992/992
f 971/971 992/992 972/972
f 972/972 992/992 993/993
f 972/972 993/993 973/973
f 973/973 993/993 994/994
f 973/973 994/994 974/974
f 974/974 994/994 975/975
f 974/974 975/975 955/955
f 975/975 995/995 996/996
f 975/975 996/996 976/976
f 976/976 996/996 997/997
f 976/976 997/997 977/977
f 977/977 997/997 998/998
f 977/977 998/998 978/978
f 978/978 998/998 999/999
f 978/978 999/999 979/979
f 979/979 999/999 1000/1000
f 979/979 1000/1000 980/980
f 980/980 1000/1000 1001/1001
f 980/980 1001/1001 981/981
f 981/981 1001/1001 1002/1002
f 981/981 1002/1002 982/982
f 982/982 1002/1002 1003/1003
f 982/982 1003/1003 983/983
f 983/983 1003/1003 1004/1004
f 983/983 1004/1004 984/984
f 984/984 1004/1004 1005/1005
f 984/984 1005/1005 985/985
f 985/985 1005/1005 1006/1006
f 985/985 1006/1006 986/986
f 986/986 1006/1006 1007/1007
f 986/986 1007/1007 987/987
f 987/987 1007/1007 1008/1008
f 987/987 1008/1008 988/988
f 988/988 1008/1008 1009/1009
f 988/988 1009/1009 989/989
f 989/989 1009/1009 1010/1010
f 989/989 1010/1010 990/990
f 990/990 1010/1010 1011/1011
f 990/990 1011/1011 991/991
f 991/991 1011/1011 1012/1012
f 991/991 1012/1012 992/992
f 992/992 1012/1012 1013/1013
f 992/992 1013/1013 993/993
f 993/993 1013/1013 1014/1014
f 993/993 1014/1014 994/994
f 994/994 1014/1014 995/995
f 994/994 995/995 975/975
f 995/995 1015/1015 1016/1016
f 995/995 1016/1016 996/996
f 996/996 1016/1016 1017/1017
f 996/996 1017/1017 997/997
f 997/997 1017/1017 1018/1018
f 997/997 1018/1018 998/998
f 998/998 1018/1018 1019/1019
f 998/998 1019/1019 999/999
f 999/999 1019/1019 1020/1020
f 999/999 1020/1020 1000/1000
f 1000/1000 1020/1020 1021/1021
f 1000/1000 1021/1021 1001/1001
f 1001/1001 1021/1021 1022/1022
f 1001/1001 1022/1022 1002/1002
f 1002/1002 1022/1022 1023/1023
f 1002/1002 1023/1023 1003/1003
f 1003/1003 1023/1023 1024/1024
f 1003/1003 1024/1024 1004/1004
f 1004/1004 1024/1024 1025/1025
f 1004/1004 1025/1025 1005/1005
f 1005/1005 1025/1025 1026/1026
f 1005/1005 1026/1026 1006/1006
f 1006/1006 1026/1026 1027/1027
f 1006/1006 1027/1027 1007/1007
f 1007/1007 1027/1027 1028/1028
f 1007/1007 1028/1028 1008/1008
f 1008/1008 1028/1028 1029/1029
f 1008/1008 1029/1029 1009/1009
f 1009/1009 1029/1029 1030/1030
f 1009/1009 1030/1030 1010/1010
f 1010/1010 1030/1030 1031/1031
f 1010/1010 1031/1031 1011/1011
f 1011/1011 1031/1031 1032/1032
f 1011/1011 1032/1032 1012/1012
f 1012/1012 1032/1032 1033/1033
f 1012/1012 1033/1033 1013/1013
f 1013/1013 1033/1033 1034/1034
f 1013/1013 1034/1034 1014/1014
f 1014/1014 1034/1034 1015/1015
f 1014/1014 1015/1015 995/995
f 1015/1015 1035/1035 1036/1036
f 1015/1015 1036/1036 1016/1016
f 1016/1016 1036/1036 1037/1037
f 1016/1016 1037/1037 1017/1017
f 1017/1017 1037/1037 1038/1038
f 1017/1017 1038/1038 1018/1018
f 1018/1018 1038/1038 1039/1039
f 1018/1018 1039/1039 1019/1019
f 1019/1019 1039/1039 1040/1040
f 1019/1019 1040/1040 1020/1020
f 1020/1020 1040/1040 1041/1041
f 1020/1020 1041/1041 1021/1021
f 1021/1021 1041/1041 1042/1042
f 1021/1021 1042/1042 1022/1022
f 1022/1022 1042/1042 1043/1043
f 1022/1022 1043/1043 1023/1023
f 1023/1023 1043/1043 1044/1044
f 1023/1023 1044/1044 1024/1024
f 1024/1024 1044/1044 1045/1045
f 1024/1024 1045/1045 1025/1025
f 1025/1025 1045/1045 1046/1046
f 1025/1025 1046/1046 1026/1026
f 1026/1026 1046/1046 1047/1047
f 1026/1026 1047/1047 1027/1027
f 1027/1027 1047/1047 1048/1048
f 1027/1027 1048/1048 1028/1028
f 1028/1028 1048/1048 1049/1049
f 1028/1028 1049/1049 1029/1029
f 1029/1029 1049/1049 1050/1050
f 1029/1029 1050/1050 1030/1030
f 1030/1030 1050/1050 1051/1051
f 1030/1030 1051/1051 1031/1031
f 1031/1031 1051/1051 1052/1052
f 1031/1031 1052/1052 1032/1032
f 1032/1032 1052/1052 1053/1053
f 1032/1032 1053/1053 1033/1033
f 1033/1033 1053/1053 1054/1054
f 1033/1033 1054/1054 1034/1034
f 1034/1034 1054/1054 1035/1035
f 1034/1034 1035/1035 1015/1015
f 1035/1035 1055/1055 1056/1056
f 1035/1035 1056/1056 1036/1036
f 1036/1036 1056/1056 1057/1057
f 1036/1036 1057/1057 1037/1037
f 1037/1037 1057/1057 1058/1058
f 1037/1037 1058/1058 1038/1038
f 1038/1038 1058/1058 1059/1059
f 1038/1038 1059/1059 1039/1039
f 1039/1039 1059/1059 1060/1060
f 1039/1039 1060/1060 1040/1040
f 1040/1040 1060/1060 1061/1061
f 1040/1040 1061/1061 1041/1041
f 1041/1041 1061/1061 1062/1062
f 1041/1041 1062/1062 1042/1042
f 1042/1042 1062/1062 1063/1063
f 1042/1042 1063/1063 1043/1043
f 1043/1043 1063/1063 1064/1064
f 1043/1043 1064/1064 1044/1044
f 1044/1044 1064/1064 1065/1065
f 1044/1044 1065/1065 1045/1045
f 1045/1045 1065/1065 1066/1066
f 1045/1045 1066/1066 1046/1046
f 1046/1046 1066/1066 1067/1067
f 1046/1046 1067/1067 1047/1047
f 1047/1047 1067/1067 1068/1068
f 1047/1047 1068/1068 1048/1048
f 1048/1048 1068/1068 1069/1069
f 1048/1048 1069/1069 1049/1049
f 1049/1049 1069/1069 1070/1070
f 1049/1049 1070/1070 1050/1050
f 1050/1050 1070/1070 1071/1071
f 1050/1050 1071/1071 1051/1051
f 1051/1051 1071/1071 1072/1072
f 1051/1051 1072/1072 1052/1052
f 1052/1052 1072/1072 1073/1073
f 1052/1052 1073/1073 1053/1053
f 1053/1053 1073/1073 1074/1074
f 1053/1053 1074/1074 1054/1054
f 1054/1054 1074/1074 1055/1055
f 1054/1054 1055/1055 1035/1035
f 1055/1055 1075/1075 1076/1076
f 1055/1055 1076/1076 1056/1056
f 1056/1056 1076/1076 1077/1077
f 1056/1056 1077/1077 1057/1057
f 1057/1057 1077/1077 1078/1078
f 1057/1057 1078/1078 1058/1058
f 1058/1058 1078/1078 1079/1079
f 1058/1058 1079/1079 1059/1059
f 1059/1059 1079/1079 1080/1080
f 1059/1059 1080/1080 1060/1060
f 1060/1060 1080/1080 1081/1081
f 1060/1060 1081/1081 1061/1061
f 1061/1061 1081/1081 1082/1082
f 1061/1061 1082/1082 1062/1062
f 1062/1062 1082/1082 1083/1083
f 1062/1062 1083/1083 1063/1063
f 1063/1063 1083/1083 1084/1084
f 1063/1063 1084/1084 1064/1064
f 1064/1064 1084/1084 1085/1085
f 1064/1064 1085/1085 1065/1065
f 1065/1065 1085/1085 1086/1086
f 1065/1065 1086/1086 1066/1066
f 1066/1066 1086/1086 1087/1087
f 1066/1066 1087/1087 1067/1067
f 1067/1067 1087/1087 1088/1088
f 1067/1067 1088/1088 1068/1068
f 1068/1068 1088/1088 1089/1089
f 1068/1068 1089/1089 1069/1069
f 1069/1069 1089/1089 1090/1090
f 1069/1069 1090/1090 1070/1070
f 1070/1070 1090/1090 1091/1091
f 1070/1070 1091/1091 1071/1071
f 1071/1071 1091/1091 1092/1092
f 1071/1071 1092/1092 1072/1072
f 1072/1072 1092/1092 1093/1093
f 1072/1072 1093/1093 1073/1073
f 1073/1073 1093/1093 1094/1094
f 1073/1073 1094/1094 1074/1074
f 1074/1074 1094/1094 1075/1075
f 1074/1074 1075/1075 1055/1055
f 1075/1075 1095/1095 1096/1096
f 1075/1075 1096/1096 1076/1076
f 1076/1076 1096/1096 1097/1097
f 1076/1076 1097/1097 1077/1077
f 1077/1077 1097/1097 1098/1098
f 1077/1077 1098/1098 1078/1078
f 1078/1078 1098/1098 1099/1099
f 1078/1078 1099/1099 1079/1079
f 1079/1079 1099/1099 1100/1100
f 1079/1079 1100/1100 1080/1080
f 1080/1080 1100/1100 1101/1101
f 1080/1080 1101/1101 1081/1081
f 1081/1081 1101/1101 1102/1102
f 1081/1081 1102/1102 1082/1082
f 1082/1082 1102/1102 1103/1103
f 1082/1082 1103/1103 1083/1083
f 1083/1083 1103/1103 1104/1104
f 1083/1083 1104/1104 1084/1084
f 1084/1084 1104/1104 1105/1105
f 1084/1084 1105/1105 1085/1085
f 1085/1085 1105/1105 1106/1106
f 1085/1085 1106/1106 1086/1086
f 1086/1086 1106/1106 1107/1107
f 1086/1086 1107/1107 1087/1087
f 1087/1087 1107/1107 1108/1108
f 1087/1087 1108/1108 1088/1088
f 1088/1088 1108/1108 1109/1109
f 1088/1088 1109/1109 1089/1089
f 1089/1089 1109/1109 1110/1110
f 1089/1089 1110/1110 1090/1090
f 1090/1090 1110/1110 1111/1111
f 1090/1090 1111/1111 1091/1091
f 1091/1091 1111/1111 1112/1112
f 1091/1091 1112/1112 1092/1092
f 1092/1092 1112/1112 1113/1113
f 1092/1092 1113/1113 1093/1093
f 1093/1093 1113/1113 1114/1114
f 1093/1093 1114/1114 1094/1094
f 1094/1094 1114/1114 1095/1095
f 1094/1094 1095/1095 1075/1075
f 1095/1095 1115/1115 1116/1116
f 1095/1095 1116/1116 1096/1096
f 1096/1096 1116/1116 1117/1117
f 1096/1096 1117/1117 1097/1097
f 1097/1097 1117/1117 1118/1118
f 1097/1097 1118/1118 1098/1098
f 1098/1098 1118/1118 1119/1119
f 1098/1098 1119/1119 1099/1099
f 1099/1099 1119/1119 1120/1120
f 1099/1099 1120/1120 1100/1100
f 1100/1100 1120/1120 1121/1121
f 1100/1100 1121/1121 1101/1101
f 1101/1101 1121/1121 1122/1122
f 1101/1101 1122/1122 1102/1102
f 1102/1102 1122/1122 1123/1123
f 1102/1102 1123/1123 1103/1103
f 1103/1103 1123/1123 1124/1124
f 1103/1103 1124/1124 1104/1104
f 1104/1104 1124/1124 1125/1125
f 1104/1104 1125/1125 1105/1105
f 1105/1105 1125/1125 1126/1126
f 1105/1105 1126/1126 1106/1106
f 1106/1106 1126/1126 1127/1127
f 1106/1106 1127/1127 1107/1107
f 1107/1107 1127/1127 1128/1128
f 1107/1107 1128/1128 1108/1108
f 1108/1108 1128/1128 1129/1129
f 1108/1108 1129/1129 1109/1109
f 1109/1109 1129/1129 1130/1130
f 1109/1109 1130/1130 1110/1110
f 1110/1110 1130/1130 1131/1131
f 1110/1110 1131/1131 1111/1111
f 1111/1111 1131/1131 1132/1132
f 1111/1111 1132/1132 1112/1112
f 1112/1112 1132/1132 1133/1133
f 1112/1112 1133/1133 1113/1113
f 1113/1113 1133/1133 1134/1134
f 1113/1113 1134/1134 1114/1114
f 1114/1114 1134/1134 1115/1115
f 1114/1114 1115/1115 1095/1095
f 1115/1115 1135/1135 1136/1136
f 1115/1115 1136/1136 1116/1116
f 1116/1116 1136/1136 1137/1137
f 1116/1116 1137/1137 1117/1117
f 1117/1117 1137/1137 1138/1138
f 1117/1117 1138/1138 1118/1118
f 1118/1118 1138/1138 1139/1139
f 1118/1118 1139/1139 1119/1119
f 1119/1119 1139/1139 1140/1140
f 1119/1119 1140/1140 1120/1120
f 1120/1120 1140/1140 1141/1141
f 1120/1120 1141/1141 1121/1121
f 1121/1121 1141/1141 1142/1142
f 1121/1121 1142/1142 1122/1122
f 1122/1122 1142/1142 1143/1143
f 1122/1122 1143/1143 1123/1123
f 1123/1123 1143/1143 1144/1144
f 1123/1123 1144/1144 1124/1124
f 1124/1124 1144/1144 1145/1145
f 1124/1124 1145/1145 1125/1125
f 1125/1125 1145/1145 1146/1146
f 1125/1125 1146/1146 1126/1126
f 1126/1126 1146/1146 1147/1147
f 1126/1126 1147/1147 1127/1127
f 1127/1127 1147/1147 1148/1148
f 1127/1127 1148/1148 1128/1128
f 1128/1128 1148/1148 1149/1149
f 1128/1128 1149/1149 1129/1129
f 1129/1129 1149/1149 1150/1150
f 1129/1129 1150/1150 1130/1130
f 1130/1130 1150/1150 1151/1151
f 1130/1130 1151/1151 1131/1131
f 1131/1131 1151/1151 1152/1152
f 1131/1131 1152/1152 1132/1132
f 1132/1132 1152/1152 1153/1153
f 1132/1132 1153/1153 1133/1133
f 1133/1133 1153/1153 1154/1154
f 1133/1133 1154/1154 1134/1134
f 1134/1134 1154/1154 1135/1135
f 1134/1134 1135/1135 1115/1115
f 1135/1135 1155/1155 1156/1156
f 1135/1135 1156/1156 1136/1136
f 1136/1136 1156/1156 1157/1157
f 1136/1136 1157/1157 1137/1137
f 1137/1137 1157/1157 1158/1158
f 1137/1137 1158/1158 1138/1138
f 1138/1138 1158/1158 1159/1159
f 1138/1138 1159/1159 1139/1139
f 1139/1139 1159/1159 1160/1160
f 1139/1139 1160/1160 1140/1140
f 1140/1140 1160/1160 1161/1161
f 1140/1140 1161/1161 1141/1141
f 1141/1141 1161/1161 1162/1162
f 1141/1141 1162/1162 1142/1142
f 1142/1142 1162/1162 1163/1163
f 1142/1142 1163/1163 1143/1143
f 1143/1143 1163/1163 1164/1164
f 1143/1143 1164/1164 1144/1144
f 1144/1144 1164/1164 1165/1165
f 1144/1144 1165/1165 1145/1145
f 1145/1145 1165/1165 1166/1166
f 1145/1145 1166/1166 1146/1146
f 1146/1146 1166/1166 1167/1167
f 1146/1146 1167/1167 1147/1147
f 1147/1147 1167/1167 1168/1168
f 1147/1147 1168/1168 1148/1148
f 1148/1148 1168/1168 1169/1169
f 1148/1148 1169/1169 1149/1149
f 1149/1149 1169/1169 1170/1170
f 1149/1149 1170/1170 1150/1150
f 1150/1150 1170/1170 1171/1171
f 1150/1150 1171/1171 1151/1151
f 1151/1151 1171/1171 1172/1172
f 1151/1151 1172/1172 1152/1152
f 1152/1152 1172/1172 1173/1173
f 1152/1152 1173/1173 1153/1153
f 1153/1153 1173/1173 1174/1174
f 1153/1153 1174/1174 1154/1154
f 1154/1154 1174/1174 1155/1155
f 1154/1154 1155/1155 1135/1135
f 1155/1155 1175/1175 1176/1176
f 1155/1155 1176/1176 1156/1156
f 1156/1156 1176/1176 1177/1177
f 1156/1156 1177/1177 1157/1157
f 1157/1157 1177/1177 1178/1178
f 1157/1157 1178/1178 1158/1158
f 1158/1158 1178/1178 1179/1179
f 1158/1158 1179/1179 1159/1159
f 1159/1159 1179/1179 1180/1180
f 1159/1159 1180/1180 1160/1160
f 1160/1160 1180/1180 1181/1181
f 1160/1160 1181/1181 1161/1161
f 1161/1161 1181/1181 1182/1182
f 1161/1161 1182/1182 1162/1162
f 1162/1162 1182/1182 1183/1183
f 1162/1162 1183/1183 1163/1163
f 1163/1163 1183/1183 1184/1184
f 1163/1163 1184/1184 1164/1164
f 1164/1164 1184/1184 1185/1185
f 1164/1164 1185/1185 1165/1165
f 1165/1165 1185/1185 1186/1186
f 1165/1165 1186/1186 1166/1166
f 1166/1166 1186/1186 1187/1187
f 1166/1166 1187/1187 1167/1167
f 1167/1167 1187/1187 1188/1188
f 1167/1167 1188/1188 1168/1168
f 1168/1168 1188/1188 1189/1189
f 1168/1168 1189/1189 1169/1169
f 1169/1169 1189/1189 1190/1190
f 1169/1169 1190/1190 1170/1170
f 1170/1170 1190/1190 1191/1191
f 1170/1170 1191/1191 1171/1171
f 1171/1171 1191/1191 1192/1192
f 1171/1171 1192/1192 1172/1172
f 1172/1172 1192/1192 1193/1193
f 1172/1172 1193/1193 1173/1173
f 1173/1173 1193/1193 1194/1194
f 1173/1173 1194/1194 1174/1174
f 1174/1174 1194/1194 1175/1175
f 1174/1174 1175/1175 1155/1155
f 1175/1175 1195/1195 1196/1196
f 1175/1175 1196/1196 1176/1176
f 1176/1176 1196/1196 1197/1197
f 1176/1176 1197/1197 1177/1177
f 1177/1177 1197/1197 1198/1198
f 1177/1177 1198/1198 1178/1178
f 1178/1178 1198/1198 1199/1199
f 1178/1178 1199/1199 1179/1179
f 1179/1179 1199/1199 1200/1200
f 1179/1179 1200/1200 1180/1180
f 1180/1180 1200/1200 1201/1201
f 1180/1180 1201/1201 1181/1181
f 1181/1181 1201/1201 1202/1202
f 1181/1181 1202/1202 1182/1182
f 1182/1182 1202/1202 1203/1203
f 1182/1182 1203/1203 1183/1183
f 1183/1183 1203/1203 1204/1204
f 1183/1183 1204/1204 1184/1184
f 1184/1184 1204/1204 1205/1205
f 1184/1184 1205/1205 1185/1185
f 1185/1185 1205/1205 1206/1206
f 1185/1185 1206/1206 1186/1186
f 1186/1186 1206/1206 1207/1207
f 1186/1186 1207/1207 1187/1187
f 1187/1187 1207/1207 1208/1208
f 1187/1187 1208/1208 1188/1188
f 1188/1188 1208/1208 1209/1209
f 1188/1188 1209/1209 1189/1189
f 1189/1189 1209/1209 1210/1210
f 1189/1189 1210/1210 1190/1190
f 1190/1190 1210/1210 1211/1211
f 1190/1190 1211/1211 1191/1191
f 1191/1191 1211/1211 1212/1212
f 1191/1191 1212/1212 1192/1192
f 1192/1192 1212/1212 1213/1213
f 1192/1192 1213/1213 1193/1193
f 1193/1193 1213/1213 1214/1214
f 1193/1193 1214/1214 1194/1194
f 1194/1194 1214/1214 1195/1195
f 1194/1194 1195/1195 1175/1175
f 1195/1195 1215/1215 1216/1216
f 1195/1195 1216/1216 1196/1196
f 1196/1196 1216/1216 1217/1217
f 1196/1196 1217/1217 1197/1197
f 1197/1197 1217/1217 1218/1218
f 1197/1197 1218/1218 1198/1198
f 1198/1198 1218/1218 1219/1219
f 1198/1198 1219/1219 1199/1199
f 1199/1199 1219/1219 1220/1220
f 1199/1199 1220/1220 1200/1200
f 1200/1200 1220/1220 1221/1221
f 1200/1200 1221/1221 1201/1201
f 1201/1201 1221/1221 1222/1222
f 1201/1201 1222/1222 1202/1202
f 1202/1202 1222/1222 1223/1223
f 1202/1202 1223/1223 1203/1203
f 1203/1203 1223/1223 1224/1224
f 1203/1203 1224/1224 1204/1204
f 1204/1204 1224/1224 1225/1225
f 1204/1204 1225/1225 1205/1205
f 1205/1205 1225/1225 1226/1226
f 1205/1205 1226/1226 1206/1206
f 1206/1206 1226/1226 1227/1227
f 1206/1206 1227/1227 1207/1207
f 1207/1207 1227/1227 1228/1228
f 1207/1207 1228/1228 1208/1208
f 1208/1208 1228/1228 1229/1229
f 1208/1208 1229/1229 1209/1209
f 1209/1209 1229/1229 1230/1230
f 1209/1209 1230/1230 1210/1210
f 1210/1210 1230/1230 1231/1231
f 1210/1210 1231/1231 1211/1211
f 1211/1211 1231/1231 1232/1232
f 1211/1211 1232/1232 1212/1212
f 1212/1212 1232/1232 1233/1233
f 1212/1212 1233/1233 1213/1213
f 1213/1213 1233/1233 1234/1234
f 1213/1213 1234/1234 1214/1214
f 1214/1214 1234/1234 1215/1215
f 1214/1214 1215/1215 1195/1195
f 856/856 1235/1235 855/855
f 857/857 1235/1235 856/856
f 858/858 1235/1235 857/857
f 859/859 1235/1235 858/858
f 860/860 1235/1235 859/859
f 861/861 1235/1235 860/860
f 862/862 1235/1235 861/861
f 863/863 1235/1235 862/862
f 864/864 1235/1235 863/863
f 865/865 1235/1235 864/864
f 866/866 1235/1235 865/865
f 867/867 1235/1235 866/866
f 868/868 1235/1235 867/867
f 869/869 1235/1235 868/868
f 870/870 1235/1235 869/869
f 871/871 1235/1235 870/870
f 872/872 1235/1235 871/871
f 873/873 1235/1235 872/872
f 874/874 1235/1235 873/873
f 855/855 1235/1235 874/874
f 1215/1215 1236/1236 1216/1216
f 1216/1216 1236/1236 1217/1217
f 1217/1217 1236/1236 1218/1218
f 1218/1218 1236/1236 1219/1219
f 1219/1219 1236/1236 1220/1220
f 1220/1220 1236/1236 1221/1221
f 1221/1221 1236/1236 1222/1222
f 1222/1222 1236/1236 1223/1223
f 1223/1223 1236/1236 1224/1224
f 1224/1224 1236/1236 1225/1225
f 1225/1225 1236/1236 1226/1226
f 1226/1226 1236/1236 1227/1227
f 1227/1227 1236/1236 1228/1228
f 1228/1228 1236/1236 1229/1229
f 1229/1229 1236/1236 1230/1230
f 1230/1230 1236/1236 1231/1231
f 1231/1231 1236/1236 1232/1232
f 1232/1232 1236/1236 1233/1233
f 1233/1233 1236/1236 1234/1234
f 1234/1234 1236/1236 1215/1215
