v 0.09188 -0.03632 0.42689
v 0.09546 -0.02459 0.42671
v 0.09167 0.03665 0.42695
v 0.08551 0.04745 0.42659
v 0.07715 0.05531 0.42516
v 0.06748 0.05939 0.42273
v 0.01544 -0.05111 0.39052
v 0.00605 -0.04436 0.38508
v 0.02572 -0.05613 0.39601
v 0.03696 -0.05925 0.40106
v 0.04853 -0.06102 0.40555
v 0.05967 -0.06215 0.40983
v 0.07035 -0.06147 0.41390
v 0.08008 -0.05740 0.41669
v 0.08865 -0.04870 0.41822
v 0.09445 -0.03708 0.41821
v 0.09779 -0.02483 0.41772
v 0.09934 -0.01256 0.41738
v 0.09998 0.00003 0.41668
v 0.09933 0.01278 0.41741
v 0.09766 0.02525 0.41779
v 0.09404 0.03772 0.41832
v 0.08780 0.04949 0.41836
v 0.07894 0.05807 0.41681
v 0.06907 0.06193 0.41398
v 0.05843 0.06235 0.40986
v 0.04740 0.06097 0.40554
v 0.03591 0.05896 0.40101
v 0.02481 0.05564 0.39592
v 0.01472 0.05048 0.39041
v 0.00560 0.04374 0.38497
v -0.00249 0.03487 0.38029
v -0.00898 0.02478 0.37708
v -0.01354 0.01295 0.37449
v -0.01530 -0.00000 0.37322
v -0.01355 -0.01305 0.37451
v -0.00893 -0.02510 0.37714
v -0.00225 -0.03541 0.38038
v 0.01851 -0.05117 0.37912
v 0.00903 -0.04441 0.37387
v 0.00651 -0.04586 0.37608
v 0.01643 -0.05295 0.38182
v 0.02677 -0.05781 0.38771
v 0.02817 -0.05574 0.38457
v 0.03892 -0.05878 0.38972
v 0.03823 -0.06099 0.39325
v 0.05018 -0.06030 0.39420
v 0.05019 -0.06256 0.39813
v 0.06063 -0.06125 0.39882
v 0.06135 -0.06354 0.40307
v 0.07080 -0.06083 0.40324
v 0.07214 -0.06310 0.40772
v 0.08014 -0.05709 0.40696
v 0.08204 -0.05915 0.41144
v 0.08859 -0.04846 0.40833
v 0.09100 -0.05015 0.41278
v 0.09363 -0.03672 0.40772
v 0.09651 -0.03785 0.41208
v 0.09954 -0.02502 0.41126
v 0.09640 -0.02456 0.40701
v 0.09764 -0.01294 0.40626
v 0.10090 -0.01266 0.41058
v 0.09810 0.00007 0.40549
v 0.10143 0.00007 0.40978
v 0.09762 0.01331 0.40632
v 0.10089 0.01302 0.41064
v 0.09621 0.02516 0.40711
v 0.09936 0.02561 0.41137
v 0.09312 0.03754 0.40786
v 0.09597 0.03871 0.41223
v 0.08984 0.05125 0.41297
v 0.08750 0.04949 0.40851
v 0.07869 0.05797 0.40711
v 0.08045 0.06011 0.41161
v 0.07048 0.06374 0.40783
v 0.06934 0.06140 0.40334
v 0.05937 0.06150 0.39886
v 0.05986 0.06384 0.40312
v 0.04884 0.06256 0.39813
v 0.03785 0.05855 0.38968
v 0.03699 0.06071 0.39320
v 0.02723 0.05530 0.38450
v 0.02568 0.05728 0.38762
v 0.01776 0.05060 0.37902
v 0.01558 0.05227 0.38171
v 0.00595 0.04515 0.37596
v 0.00855 0.04382 0.37377
v 0.00080 0.03552 0.36944
v -0.00235 0.03632 0.37133
v -0.00565 0.02559 0.36553
v -0.00912 0.02579 0.36725
v -0.01002 0.01394 0.36296
v -0.01374 0.01354 0.36445
v -0.01537 -0.00000 0.36296
v -0.01157 -0.00000 0.36162
v -0.01002 -0.01406 0.36298
v -0.01374 -0.01367 0.36448
v -0.00904 -0.02620 0.36732
v -0.00557 -0.02596 0.36560
v 0.00107 -0.03607 0.36954
v -0.00206 -0.03695 0.37145
v 0.01782 -0.02360 0.37547
v 0.01445 -0.01705 0.37369
v 0.00002 -0.02441 0.36782
v 0.00597 -0.03326 0.37099
v 0.01777 0.02344 0.37544
v 0.02054 0.02931 0.37700
v 0.01263 0.04011 0.37460
v 0.00578 0.03287 0.37092
v 0.01211 -0.00945 0.37243
v 0.01124 0.00000 0.37178
v -0.00533 -0.00000 0.36443
v -0.00397 -0.01385 0.36568
v 0.01211 0.00942 0.37243
v 0.01444 0.01697 0.37368
v -0.00003 0.02418 0.36778
v -0.00397 0.01378 0.36566
v 0.02975 -0.05061 0.38366
v 0.03854 0.05315 0.38798
v 0.01297 -0.04053 0.37468
v 0.02123 -0.04655 0.37907
v 0.02912 0.05030 0.38361
v 0.02072 0.04615 0.37900
v 0.04920 -0.05470 0.39176
v 0.05843 -0.05562 0.39560
v 0.05976 0.03594 0.39355
v 0.06651 0.05590 0.39910
v 0.05759 0.05578 0.39563
v 0.06633 -0.03444 0.39573
v 0.06023 -0.03572 0.39351
v 0.06742 -0.05555 0.39904
v 0.07569 -0.05222 0.40242
v 0.06594 0.03473 0.39579
v 0.07196 0.03267 0.39746
v 0.08215 0.04497 0.40431
v 0.07471 0.05280 0.40252
v 0.07478 -0.00902 0.39577
v 0.07429 -0.01676 0.39615
v 0.08985 -0.02329 0.40315
v 0.09093 -0.01284 0.40268
v 0.07480 0.00915 0.39580
v 0.07495 0.00005 0.39553
v 0.09134 0.00008 0.40202
v 0.09091 0.01317 0.40273
v 0.07320 -0.02446 0.39666
v 0.07229 -0.03231 0.39740
v 0.08302 -0.04415 0.40417
v 0.08744 -0.03397 0.40373
v 0.07305 0.02475 0.39671
v 0.07426 0.01696 0.39619
v 0.08971 0.02376 0.40324
v 0.08703 0.03461 0.40385
v 0.04442 0.00029 0.38360
v 0.04488 -0.00731 0.38400
v 0.05027 0.00772 0.38606
v 0.04978 0.00002 0.38559
v 0.05025 -0.00770 0.38606
v 0.05084 -0.01390 0.38681
v 0.05735 0.02233 0.39048
v 0.05641 0.01499 0.38903
v 0.05565 0.00782 0.38817
v 0.05502 0.00003 0.38764
v 0.05563 -0.00779 0.38816
v 0.05642 -0.01493 0.38902
v 0.06406 0.02320 0.39302
v 0.06350 0.01544 0.39180
v 0.06312 0.00809 0.39112
v 0.06273 0.00004 0.39068
v 0.06310 -0.00802 0.39111
v 0.06352 -0.01534 0.39178
v 0.06418 -0.02303 0.39299
v 0.00457 0.15236 0.15591
v -0.00941 0.15325 0.16408
v 0.02003 0.15018 0.15032
v 0.05194 0.14314 0.14918
v 0.03611 0.14692 0.14803
v 0.06696 0.13935 0.15434
v 0.11013 0.09204 0.16242
v 0.10750 0.10670 0.16878
v 0.11767 0.09093 0.17748
v 0.11571 0.10508 0.18348
v 0.10493 0.12038 0.17714
v 0.10252 0.13303 0.18751
v 0.08299 0.12454 0.15126
v 0.07862 0.14753 0.17727
v 0.10012 0.14489 0.19980
v 0.11355 0.11854 0.19134
v 0.11124 0.13126 0.20101
v 0.12099 0.11654 0.20659
v 0.11869 0.12932 0.21560
v 0.12290 0.10321 0.19924
v 0.12444 0.08939 0.19360
v 0.12574 0.07513 0.18955
v 0.13192 0.07393 0.20850
v 0.13079 0.08780 0.21230
v 0.13292 0.05926 0.20568
v 0.12689 0.06014 0.18671
v 0.11940 0.07615 0.17325
v 0.12089 0.06087 0.17045
v 0.13680 0.08621 0.23610
v 0.12936 0.10130 0.21743
v 0.13521 0.09938 0.24001
v 0.11255 0.07663 0.15803
v 0.11459 0.06077 0.15526
v 0.11616 0.04491 0.15364
v 0.12204 0.04525 0.16869
v 0.09760 0.07578 0.12981
v 0.12778 0.04463 0.18476
v 0.13366 0.04395 0.20359
v 0.13992 0.04328 0.22919
v 0.13914 0.05814 0.23080
v 0.14450 0.04175 0.25815
v 0.14581 0.04013 0.28288
v 0.14500 0.05402 0.28439
v 0.14364 0.05598 0.25956
v 0.14463 0.03889 0.30707
v 0.14394 0.05277 0.30832
v 0.14127 0.03759 0.33089
v 0.14073 0.05168 0.33160
v 0.14307 0.06617 0.30940
v 0.14392 0.06790 0.28600
v 0.14246 0.07028 0.26131
v 0.13808 0.07256 0.23309
v 0.13625 0.03629 0.35084
v 0.13019 0.03499 0.36730
v 0.12245 0.03299 0.38401
v 0.13579 0.05025 0.35105
v 0.13542 0.06357 0.35094
v 0.14011 0.06492 0.33192
v 0.12998 0.04866 0.36695
v 0.12984 0.06202 0.36647
v 0.11222 0.03053 0.40165
v 0.10090 0.02873 0.41678
v 0.08933 0.02768 0.42657
v 0.08867 0.03970 0.42485
v 0.05322 0.05229 0.42103
v 0.06463 0.05219 0.42449
v 0.04208 0.05287 0.41607
v 0.10056 0.04081 0.41531
v 0.08828 0.05241 0.42224
v 0.10054 0.05404 0.41291
v 0.08839 0.06552 0.41941
v 0.10095 0.06762 0.41019
v 0.08859 0.07849 0.41675
v 0.10120 0.08080 0.40767
v 0.07619 0.06524 0.42287
v 0.07596 0.07747 0.42058
v 0.08852 0.09082 0.41457
v 0.10111 0.09313 0.40565
v 0.07561 0.08924 0.41892
v 0.11256 0.05698 0.39826
v 0.11295 0.07062 0.39603
v 0.11295 0.08344 0.39423
v 0.06411 0.06510 0.42225
v 0.11226 0.04328 0.40033
v 0.12255 0.04633 0.38298
v 0.12271 0.05998 0.38166
v 0.12271 0.07286 0.38042
v 0.12966 0.07423 0.36585
v 0.01984 0.05428 0.40337
v 0.03101 0.05365 0.41015
v -0.01503 0.04237 0.37708
v -0.01455 0.05305 0.37723
v -0.01595 0.03154 0.37689
v -0.02646 0.04208 0.36663
v -0.02584 0.05243 0.36704
v -0.02740 0.03148 0.36617
v 0.01889 0.06551 0.40261
v -0.01457 0.06330 0.37745
v 0.02987 0.06551 0.40905
v 0.02861 0.07651 0.40863
v 0.03972 0.07655 0.41395
v 0.04105 0.06527 0.41458
v 0.02740 0.08678 0.40867
v 0.01778 0.07619 0.40242
v 0.01650 0.08622 0.40260
v 0.03854 0.08704 0.41377
v 0.05242 0.06510 0.41911
v 0.05122 0.07663 0.41811
v -0.03809 0.03173 0.35534
v -0.09078 0.03532 0.27692
v -0.09621 0.03650 0.26061
v -0.09353 0.04879 0.26378
v -0.08831 0.04700 0.27967
v -0.10051 0.03777 0.24298
v -0.09768 0.05077 0.24657
v -0.10363 0.03914 0.22409
v -0.10068 0.05296 0.22805
v -0.10572 0.04069 0.20429
v -0.10255 0.05539 0.20848
v -0.09020 0.06080 0.26811
v -0.09411 0.06355 0.25152
v -0.09691 0.06660 0.23356
v -0.08528 0.05835 0.28339
v -0.07933 0.05624 0.29745
v -0.08202 0.04544 0.29434
v -0.08177 0.06913 0.28807
v -0.07620 0.06648 0.30128
v -0.08201 0.08286 0.28031
v -0.07781 0.07913 0.29368
v -0.08634 0.07223 0.27363
v -0.07269 0.07594 0.30580
v -0.07234 0.05452 0.31044
v -0.07465 0.04413 0.30794
v -0.06967 0.06435 0.31344
v -0.08422 0.03427 0.29201
v -0.07652 0.03337 0.30602
v 0.06576 0.14909 0.16867
v 0.07662 0.15784 0.19285
v 0.06435 0.15849 0.18458
v 0.07388 0.16744 0.21018
v 0.06205 0.16732 0.20221
v 0.05861 0.17510 0.22141
v 0.07038 0.17589 0.22891
v 0.06710 0.18209 0.24729
v 0.05495 0.18131 0.24103
v 0.07634 0.18476 0.26804
v 0.06516 0.18523 0.26297
v 0.07835 0.18176 0.25403
v 0.05273 0.18495 0.25903
v 0.08131 0.17583 0.23721
v 0.08474 0.16724 0.21952
v 0.09436 0.16645 0.22954
v 0.09747 0.15615 0.21389
v 0.08771 0.15712 0.20288
v 0.04669 0.17391 0.21520
v 0.04971 0.16714 0.19647
v 0.03559 0.17241 0.21029
v 0.03739 0.16725 0.19392
v 0.02755 0.17126 0.20718
v 0.03049 0.17687 0.22801
v 0.02120 0.17308 0.21666
v 0.01504 0.16892 0.20259
v 0.02583 0.16784 0.19555
v 0.00396 0.16983 0.21357
v 0.01128 0.17493 0.23131
v -0.00721 0.16999 0.22658
v -0.01305 0.16466 0.20854
v -0.00162 0.16462 0.19664
v -0.01732 0.16964 0.24100
v -0.02308 0.16427 0.22220
v -0.01101 0.17428 0.26027
v -0.00062 0.17505 0.24593
v -0.01801 0.15902 0.19107
v -0.00607 0.15908 0.18015
v 0.01064 0.16392 0.18688
v 0.00721 0.15828 0.17114
v 0.02195 0.18070 0.25291
v 0.04247 0.17958 0.23523
v 0.03907 0.18351 0.25618
v 0.00641 0.17915 0.26689
v 0.02369 0.16253 0.18019
v 0.03742 0.16089 0.17765
v 0.02173 0.15646 0.16484
v 0.03684 0.15396 0.16230
v 0.05116 0.15949 0.17922
v 0.05168 0.15139 0.16354
v -0.04869 0.03188 0.34380
v -0.04773 0.04208 0.34455
v -0.05854 0.03216 0.33170
v -0.05730 0.04244 0.33282
v -0.03735 0.04201 0.35586
v -0.03662 0.05209 0.35646
v -0.04665 0.05206 0.34550
v -0.04555 0.06165 0.34655
v -0.05584 0.05242 0.33422
v -0.05426 0.06195 0.33580
v -0.03597 0.06185 0.35711
v -0.02555 0.06244 0.36744
v -0.02557 0.07205 0.36776
v -0.01499 0.07318 0.37765
v -0.02593 0.08124 0.36784
v -0.01577 0.08264 0.37770
v -0.01690 0.09169 0.37738
v -0.02670 0.08998 0.36747
v -0.03535 0.08002 0.35792
v -0.03567 0.08833 0.35763
v -0.03550 0.07119 0.35766
v -0.04454 0.07073 0.34753
v -0.05266 0.07085 0.33743
v -0.06230 0.06283 0.32484
v -0.06004 0.07171 0.32731
v -0.06442 0.05324 0.32259
v -0.06674 0.07342 0.31690
v -0.05783 0.07964 0.32986
v -0.05127 0.07894 0.33886
v -0.06365 0.08150 0.32076
v -0.04381 0.07918 0.34820
v -0.04360 0.08692 0.34827
v -0.05036 0.08606 0.33973
v -0.06784 0.03265 0.31916
v -0.06630 0.04312 0.32067
v -0.10687 0.04251 0.18411
v -0.10718 0.04465 0.16402
v -0.10313 0.06093 0.16833
v -0.10335 0.05805 0.18842
v -0.09803 0.07675 0.17471
v -0.09595 0.07983 0.15440
v -0.09230 0.09140 0.18355
v -0.07107 0.12253 0.17144
v -0.05246 0.12949 0.14063
v -0.06557 0.13221 0.19013
v -0.08280 0.10786 0.17524
v -0.07659 0.11933 0.19017
v -0.07060 0.12926 0.20698
v -0.07409 0.12595 0.22404
v -0.08024 0.11591 0.20850
v -0.08629 0.10444 0.19487
v -0.08820 0.10054 0.21377
v -0.09375 0.08767 0.20316
v -0.09887 0.07336 0.19470
v -0.09849 0.06991 0.21444
v -0.09378 0.08363 0.22233
v -0.08747 0.09148 0.24951
v -0.09246 0.07955 0.24071
v -0.08853 0.09611 0.23211
v -0.08526 0.08701 0.26561
v -0.08992 0.07572 0.25786
v -0.08209 0.10226 0.25983
v -0.08018 0.09729 0.27468
v -0.08284 0.10725 0.24365
v -0.07636 0.11191 0.27154
v -0.07470 0.10651 0.28500
v -0.07687 0.11715 0.25674
v -0.07725 0.09254 0.28813
v -0.07344 0.08818 0.30021
v -0.07206 0.10118 0.29705
v -0.06864 0.09619 0.30768
v 0.01317 0.10469 0.40270
v 0.01498 0.09570 0.40275
v 0.01135 0.11339 0.40239
v -0.01839 0.10035 0.37655
v -0.02020 0.10873 0.37518
v -0.02793 0.09834 0.36648
v -0.02962 0.10642 0.36477
v -0.03658 0.09617 0.35654
v -0.03811 0.10371 0.35448
v -0.04413 0.09401 0.34727
v -0.04556 0.10071 0.34489
v -0.05035 0.09206 0.33927
v -0.05184 0.09743 0.33652
v -0.04775 0.10738 0.34112
v -0.04020 0.11115 0.35141
v -0.04262 0.11868 0.34731
v -0.05035 0.11425 0.33608
v -0.04504 0.12631 0.34210
v -0.03627 0.13044 0.35474
v -0.03399 0.12238 0.35899
v -0.05295 0.12132 0.32977
v -0.03169 0.11438 0.36229
v -0.05433 0.10305 0.33184
v -0.05723 0.10910 0.32564
v -0.05993 0.09795 0.32381
v -0.06328 0.10313 0.31615
v -0.05672 0.09359 0.32994
v -0.02226 0.11697 0.37325
v -0.05440 0.09068 0.33385
v -0.05584 0.08628 0.33223
v -0.06040 0.08832 0.32502
v 0.00975 0.12198 0.40174
v 0.02174 0.12311 0.40862
v 0.02298 0.11446 0.40897
v 0.00824 0.13058 0.40066
v 0.02064 0.13173 0.40781
v 0.01947 0.14033 0.40607
v 0.00670 0.13915 0.39876
v 0.00519 0.14725 0.39554
v 0.01821 0.14849 0.40304
v -0.02659 0.13359 0.36722
v -0.02446 0.12523 0.37066
v 0.03281 0.14142 0.41125
v 0.03356 0.13278 0.41296
v 0.03187 0.14963 0.40822
v 0.04650 0.14303 0.41341
v 0.04582 0.15122 0.41035
v 0.04682 0.13426 0.41538
v 0.04714 0.12545 0.41646
v 0.03419 0.12411 0.41369
v 0.06028 0.13643 0.41490
v 0.06062 0.12746 0.41656
v 0.05995 0.14521 0.41264
v 0.03505 0.11536 0.41396
v 0.02452 0.10565 0.40900
v 0.02607 0.09645 0.40886
v 0.03743 0.09696 0.41381
v 0.04929 0.09761 0.41732
v 0.05018 0.08740 0.41751
v 0.06198 0.09874 0.41888
v 0.06262 0.08814 0.41946
v 0.06145 0.10871 0.41847
v 0.07480 0.11072 0.41685
v 0.07519 0.10033 0.41778
v 0.04843 0.10728 0.41731
v 0.06336 0.07692 0.42058
v 0.03621 0.10637 0.41396
v 0.04768 0.11650 0.41708
v -0.06004 0.11548 0.31803
v -0.06636 0.10880 0.30705
v -0.06879 0.11469 0.29652
v -0.06230 0.12194 0.30898
v -0.07029 0.12050 0.28455
v -0.07066 0.12595 0.27116
v -0.06984 0.13078 0.25656
v -0.04042 0.15156 0.33450
v -0.03960 0.14550 0.34255
v -0.04064 0.15643 0.32519
v -0.03137 0.15986 0.34094
v -0.03086 0.15492 0.34942
v -0.02990 0.14891 0.35668
v -0.04705 0.13379 0.33563
v -0.05508 0.12832 0.32211
v -0.06780 0.13478 0.24104
v -0.07614 0.12192 0.24078
v -0.08230 0.11191 0.22640
v -0.06455 0.13796 0.22505
v -0.06000 0.14053 0.20911
v -0.05423 0.14801 0.22855
v -0.03821 0.13831 0.34930
v -0.02846 0.14170 0.36264
v 0.00392 0.15393 0.39085
v 0.01701 0.15496 0.39857
v -0.06467 0.09179 0.31696
v -0.06886 0.08443 0.31102
v -0.02195 0.15318 0.17409
v -0.03280 0.15251 0.18574
v -0.02831 0.15853 0.20377
v -0.03669 0.15766 0.21793
v -0.04171 0.15135 0.19888
v -0.04326 0.15645 0.23304
v -0.04878 0.14986 0.21335
v -0.03750 0.16253 0.25295
v -0.03121 0.16360 0.23725
v 0.12750 0.11447 0.22401
v 0.13081 0.12468 0.25147
v 0.12517 0.12723 0.23214
v 0.13321 0.11225 0.24502
v 0.13947 0.09692 0.26548
v 0.13753 0.10939 0.26843
v 0.14125 0.09360 0.28895
v 0.13962 0.10544 0.29072
v 0.13524 0.12133 0.27257
v 0.13770 0.11692 0.29320
v 0.13541 0.12791 0.29669
v 0.13275 0.13255 0.27816
v 0.13794 0.11183 0.31293
v 0.13592 0.12271 0.31458
v 0.13623 0.10787 0.33184
v 0.13451 0.11856 0.33199
v 0.13282 0.10675 0.34861
v 0.13150 0.11727 0.34783
v 0.13755 0.09751 0.33175
v 0.13383 0.09636 0.34927
v 0.13954 0.10100 0.31178
v 0.13359 0.13303 0.31676
v 0.13296 0.13789 0.30130
v 0.13251 0.12919 0.33207
v 0.14087 0.09012 0.31095
v 0.12823 0.13633 0.25935
v 0.12571 0.14697 0.26847
v 0.13028 0.14269 0.28515
v 0.12796 0.15129 0.29359
v 0.13068 0.14618 0.30702
v 0.14267 0.08114 0.28748
v 0.14108 0.08393 0.26322
v 0.14206 0.07864 0.31025
v 0.13942 0.07671 0.33191
v 0.13858 0.08733 0.33178
v 0.13507 0.07541 0.35050
v 0.13458 0.08606 0.34991
v 0.12932 0.08546 0.36507
v 0.12246 0.08480 0.37930
v 0.12212 0.09599 0.37809
v 0.12877 0.09626 0.36413
v 0.12600 0.15805 0.30387
v 0.12427 0.16286 0.31645
v 0.11669 0.17485 0.32183
v 0.11416 0.16939 0.35938
v 0.12229 0.16542 0.33109
v 0.12705 0.15506 0.32481
v 0.12502 0.15633 0.33752
v 0.12876 0.15198 0.31442
v 0.12884 0.14734 0.32977
v 0.12680 0.14719 0.34199
v 0.12217 0.15625 0.35111
v 0.12001 0.16526 0.34639
v 0.12358 0.14690 0.35501
v 0.12836 0.13767 0.34490
v 0.13056 0.13893 0.33168
v 0.12985 0.14731 0.32107
v 0.13138 0.14177 0.31917
v 0.12476 0.13751 0.35795
v 0.11929 0.13734 0.37134
v 0.11848 0.14606 0.36888
v 0.11088 0.13650 0.38570
v 0.11033 0.14466 0.38384
v 0.09896 0.14315 0.39708
v 0.09932 0.13495 0.39877
v 0.09849 0.15104 0.39511
v 0.10968 0.15283 0.38161
v 0.08628 0.14129 0.40628
v 0.08588 0.14954 0.40399
v 0.08667 0.13265 0.40831
v 0.07393 0.12997 0.41403
v 0.07351 0.13890 0.41202
v 0.09990 0.12590 0.40033
v 0.08726 0.12330 0.41008
v 0.11154 0.12754 0.38736
v 0.11225 0.11729 0.38905
v 0.10051 0.11578 0.40200
v 0.11265 0.10635 0.39081
v 0.10090 0.10477 0.40385
v 0.12176 0.10692 0.37667
v 0.12109 0.11792 0.37515
v 0.12016 0.12820 0.37339
v 0.08782 0.11320 0.41154
v 0.07438 0.12056 0.41570
v 0.06101 0.11823 0.41776
v 0.07312 0.14753 0.40957
v 0.09755 0.15845 0.39278
v 0.10854 0.16059 0.37894
v 0.11749 0.15489 0.36578
v 0.11604 0.16319 0.36223
v 0.08517 0.15704 0.40145
v 0.10710 0.16655 0.37618
v 0.12593 0.12796 0.36012
v 0.12708 0.11782 0.36173
v 0.12804 0.10710 0.36301
v 0.12994 0.12767 0.34670
v 0.08822 0.10237 0.41295
v 0.11278 0.09524 0.39260
v 0.03061 0.15610 0.40385
v 0.05939 0.15327 0.40963
v 0.07254 0.15539 0.40674
v -0.00426 0.17748 0.27914
v -0.01164 0.17572 0.29169
v -0.02422 0.17158 0.29023
v -0.01871 0.17322 0.27512
v -0.03139 0.16386 0.33096
v -0.03046 0.16699 0.31896
v -0.04229 0.16084 0.26850
v -0.03570 0.16584 0.28785
v -0.04836 0.15483 0.24847
v -0.02812 0.16949 0.30514
v -0.03128 0.16774 0.27238
v -0.02531 0.16898 0.25651
v 0.01608 0.15941 0.39361
v 0.00311 0.15892 0.38544
v -0.02101 0.16179 0.35537
v -0.02125 0.16581 0.34543
v -0.00816 0.16603 0.35783
v -0.02142 0.16903 0.33293
v -0.01997 0.17152 0.31912
v -0.01666 0.17371 0.30502
v 0.02953 0.16356 0.38927
v 0.01691 0.16372 0.38263
v -0.01241 0.16899 0.34091
v -0.01259 0.17125 0.32642
v -0.01012 0.17340 0.31316
v -0.00564 0.17560 0.30164
v 0.00101 0.17775 0.29136
v 0.01131 0.17983 0.28183
v 0.02462 0.18204 0.27442
v 0.03941 0.18368 0.27089
v 0.05276 0.18479 0.27089
v 0.06470 0.18478 0.27313
v 0.07531 0.18418 0.27669
v 0.10208 0.18134 0.30123
v 0.00477 0.16430 0.37297
v 0.04456 0.15769 0.40618
v 0.05860 0.15957 0.40597
v 0.07182 0.16143 0.40345
v 0.08424 0.16279 0.39841
v 0.09634 0.16426 0.39002
v 0.02887 0.16009 0.39907
v 0.05677 0.15407 0.38260
v 0.06696 0.15575 0.38060
v 0.07661 0.15759 0.37616
v 0.04477 0.15278 0.38156
v 0.03234 0.15291 0.37767
v 0.02144 0.15346 0.37155
v 0.01144 0.15415 0.36295
v 0.00363 0.15539 0.35195
v -0.00098 0.15712 0.33909
v -0.00228 0.15880 0.32621
v -0.00076 0.16061 0.31486
v 0.00256 0.16238 0.30565
v 0.00776 0.16412 0.29671
v 0.01615 0.16600 0.28827
v 0.02794 0.16788 0.28229
v 0.04154 0.16904 0.27828
v 0.05356 0.16967 0.27754
v 0.06408 0.16961 0.27969
v 0.07293 0.16924 0.28400
v 0.09496 0.16666 0.30700
v 0.10105 0.16291 0.33450
v 0.09948 0.16150 0.34600
v 0.09443 0.16036 0.35894
v 0.08608 0.15922 0.36952
v 0.01598 0.16231 0.38833
v 0.02857 0.16236 0.39474
v -0.00165 0.17140 0.30481
v -0.00561 0.16926 0.31507
v -0.00746 0.16726 0.32751
v -0.00629 0.16532 0.34169
v -0.00103 0.16321 0.35569
v 0.00809 0.16180 0.36785
v 0.01887 0.16130 0.37700
v 0.03063 0.16111 0.38321
v 0.04368 0.16120 0.38725
v 0.05669 0.16224 0.38826
v 0.06845 0.16385 0.38620
v 0.07905 0.16547 0.38200
v 0.08905 0.16689 0.37551
v 0.09811 0.16828 0.36428
v 0.10430 0.17012 0.34951
v 0.10646 0.17210 0.33640
v 0.09965 0.17616 0.30518
v 0.07434 0.17884 0.28081
v 0.06450 0.17943 0.27729
v 0.05319 0.17968 0.27556
v 0.04046 0.17893 0.27623
v 0.02640 0.17763 0.28028
v 0.01394 0.17560 0.28648
v 0.00429 0.17357 0.29543
v 0.05475 0.14471 0.37403
v 0.06395 0.14651 0.37229
v 0.07197 0.14832 0.36828
v 0.04456 0.14362 0.37330
v 0.03368 0.14413 0.36978
v 0.02442 0.14515 0.36394
v 0.01651 0.14628 0.35652
v 0.01037 0.14757 0.34733
v 0.00675 0.14915 0.33682
v 0.00548 0.15046 0.32645
v 0.00653 0.15198 0.31679
v 0.00899 0.15348 0.30899
v 0.01282 0.15504 0.30094
v 0.02009 0.15687 0.29231
v 0.03091 0.15870 0.28624
v 0.04320 0.16009 0.28348
v 0.05396 0.16079 0.28346
v 0.06295 0.16098 0.28581
v 0.07013 0.16076 0.28973
v 0.08647 0.15842 0.31026
v 0.09214 0.15475 0.33353
v 0.09076 0.15333 0.34322
v 0.08610 0.15168 0.35388
v 0.07940 0.15004 0.36233
v 0.05274 0.14159 0.36394
v 0.06134 0.14326 0.36208
v 0.06916 0.14500 0.35898
v 0.04411 0.14079 0.36346
v 0.03514 0.14124 0.36086
v 0.02797 0.14226 0.35832
v 0.02386 0.14333 0.35246
v 0.01948 0.14496 0.34483
v 0.01650 0.14659 0.33660
v 0.01549 0.14801 0.32789
v 0.01615 0.14951 0.31956
v 0.01785 0.15095 0.31215
v 0.02066 0.15244 0.30478
v 0.02586 0.15403 0.29849
v 0.03364 0.15569 0.29484
v 0.04342 0.15674 0.29250
v 0.05304 0.15716 0.29180
v 0.08087 0.15243 0.32670
v 0.08201 0.15109 0.33399
v 0.08145 0.14950 0.34205
v 0.07824 0.14771 0.35017
v 0.07521 0.14667 0.35649
v 0.00317 0.16243 0.37940
v -0.00925 0.16254 0.36800
v -0.00304 0.04289 0.38712
v 0.00889 0.04311 0.39644
v 0.00849 0.05403 0.39580
v -0.00291 0.05393 0.38684
v -0.00346 0.03199 0.38741
v 0.00906 0.03180 0.39726
v 0.00781 0.06487 0.39539
v -0.00333 0.06425 0.38687
v -0.00408 0.07436 0.38699
v 0.00687 0.07535 0.39534
v -0.00518 0.08404 0.38709
v 0.00562 0.08527 0.39549
v 0.00405 0.09461 0.39553
v -0.00659 0.09327 0.38691
v 0.00222 0.10351 0.39521
v -0.00827 0.10209 0.38631
v 0.00031 0.11212 0.39453
v -0.01016 0.11061 0.38528
v -0.00155 0.12062 0.39350
v -0.01215 0.11898 0.38383
v -0.01612 0.13579 0.37895
v -0.00511 0.13756 0.38965
v -0.01789 0.14396 0.37496
v -0.00677 0.14569 0.38604
v -0.01418 0.12735 0.38181
v -0.00335 0.12910 0.39199
v -0.00814 0.15271 0.38103
v -0.01934 0.15115 0.36956
v -0.00905 0.15826 0.37504
v -0.02037 0.15702 0.36302
v -0.00220 0.13213 0.10849
v 0.01286 0.13021 0.10675
v 0.02865 0.12512 0.10498
v 0.04411 0.11674 0.10361
v -0.04253 0.12539 0.11543
v -0.05440 0.12057 0.11973
v -0.06792 0.11256 0.12834
v -0.07930 0.09692 0.11905
v -0.08843 0.08159 0.11398
v -0.09620 0.06529 0.11126
v -0.10240 0.04846 0.10964
v 0.09271 0.02315 0.09780
v 0.09060 0.03729 0.09753
v 0.08657 0.05410 0.09772
v 0.07958 0.07269 0.09896
v 0.06989 0.09029 0.10086
v 0.05803 0.10524 0.10247
v -0.10641 0.04669 0.14430
v -0.10174 0.06356 0.14828
v 0.09371 0.01102 0.09823
v 0.08985 0.01062 0.09203
v 0.08902 0.02249 0.09179
v 0.08698 0.03634 0.09160
v 0.08279 0.05272 0.09180
v 0.07535 0.07103 0.09288
v 0.06522 0.08854 0.09455
v -0.00363 0.12850 0.10036
v -0.04356 0.11895 0.10225
v -0.05477 0.11293 0.10269
v -0.06513 0.10482 0.10300
v -0.07534 0.09319 0.10097
v -0.09960 0.04792 0.09713
v -0.09316 0.06409 0.09814
v -0.08498 0.07925 0.09919
v 0.04037 0.11432 0.09715
v 0.02577 0.12227 0.09825
v 0.01080 0.12688 0.09953
v 0.05356 0.10316 0.09601
v -0.08940 0.09465 0.16322
v -0.07728 0.11071 0.15406
v 0.11771 0.01453 0.15238
v 0.12328 0.01468 0.16704
v 0.12877 0.01441 0.18284
v 0.13438 0.01389 0.20132
v 0.14065 0.01403 0.22751
v 0.14530 0.01393 0.25635
v -0.06371 0.12813 0.29850
v -0.05643 0.13488 0.31305
v -0.04840 0.14071 0.32784
v -0.06410 0.13375 0.28664
v -0.05692 0.14065 0.30265
v -0.04902 0.14666 0.31873
v -0.06337 0.13863 0.27342
v -0.05652 0.14553 0.29098
v -0.04890 0.15151 0.30833
v -0.06147 0.14260 0.25909
v -0.05496 0.14949 0.27785
v -0.04792 0.15540 0.29659
v -0.04011 0.16028 0.31443
v -0.05842 0.14569 0.24400
v -0.05223 0.15254 0.26355
v -0.04578 0.15847 0.28331
v -0.03854 0.16334 0.30194
v 0.14662 0.01354 0.28069
v 0.12328 0.15618 0.27885
v 0.12109 0.16380 0.29074
v 0.12253 0.13930 0.24175
v 0.11978 0.15038 0.25256
v 0.11715 0.16014 0.26436
v 0.11607 0.14156 0.22624
v 0.11319 0.15295 0.23830
v 0.11024 0.16298 0.25140
v 0.10872 0.14335 0.21247
v 0.10589 0.15479 0.22560
v 0.10182 0.09276 0.14794
v 0.09490 0.12220 0.16365
v 0.08051 0.13661 0.16340
v 0.09233 0.13471 0.17483
v 0.10519 0.07645 0.14353
v 0.10797 0.05993 0.14087
v 0.10134 0.05854 0.12746
v 0.11010 0.04374 0.13950
v 0.10410 0.04208 0.12647
v 0.10671 0.01310 0.12676
v 0.11212 0.01399 0.13896
v 0.09011 0.14626 0.18795
v 0.09269 0.09320 0.13402
v 0.08701 0.11008 0.14105
v 0.09813 0.10821 0.15464
v 0.06854 0.12853 0.14119
v 0.05207 0.13449 0.13593
v 0.03521 0.13993 0.13493
v 0.01850 0.14402 0.13700
v 0.00264 0.14646 0.14175
v -0.01166 0.14730 0.14869
v 0.09222 0.17723 0.29451
v 0.08332 0.17818 0.28617
v 0.08075 0.16872 0.28944
v 0.08839 0.16783 0.29722
v 0.07579 0.16025 0.29474
v 0.08138 0.15943 0.30179
v 0.08486 0.18347 0.28230
v 0.10276 0.16500 0.24002
v 0.09979 0.17329 0.25495
v 0.09735 0.17940 0.26959
v 0.09550 0.18287 0.28238
v 0.09417 0.18244 0.29061
v 0.10756 0.17124 0.26520
v 0.10533 0.17752 0.27928
v 0.10366 0.18147 0.29228
v 0.11471 0.16824 0.27721
v 0.11262 0.17472 0.29103
v 0.11049 0.17936 0.30429
v 0.11932 0.17000 0.30456
v 0.09112 0.17483 0.24581
v 0.08839 0.18076 0.26132
v 0.08630 0.18399 0.27434
v -0.01325 0.14146 0.13444
v 0.00107 0.14096 0.12921
v 0.01692 0.13841 0.12534
v 0.03383 0.13345 0.12313
v 0.05117 0.12593 0.12325
v 0.07116 0.11327 0.12647
v -0.03636 0.14620 0.16787
v -0.03892 0.13954 0.14992
v -0.04614 0.14473 0.18003
v -0.04970 0.13755 0.16081
v -0.05396 0.14278 0.19389
v -0.05865 0.13502 0.17434
v -0.06293 0.12583 0.15367
v -0.10469 0.04807 0.12570
v -0.09925 0.06523 0.12868
v -0.09250 0.08176 0.13364
v -0.08487 0.09698 0.14160
v 0.14508 0.02535 0.30582
v 0.14535 0.01282 0.30493
v 0.14166 0.02410 0.32992
v 0.14189 0.01207 0.32920
v 0.13683 0.01149 0.34997
v 0.13663 0.02311 0.35036
v 0.13040 0.02218 0.36738
v 0.13051 0.01093 0.36732
v 0.12253 0.01006 0.38468
v 0.12247 0.02074 0.38455
v 0.11245 0.00899 0.40251
v 0.11233 0.01909 0.40227
v 0.10121 0.01802 0.41743
v 0.10140 0.00851 0.41770
v 0.08995 0.01723 0.42735
v 0.09035 0.00821 0.42766
v -0.01684 0.02081 0.37679
v -0.01750 0.01037 0.37669
v -0.02898 0.01047 0.36561
v -0.02828 0.02089 0.36582
v -0.03924 0.01076 0.35477
v -0.03876 0.02129 0.35495
v -0.04989 0.01093 0.34308
v -0.04942 0.02150 0.34330
v -0.05950 0.02166 0.33096
v -0.06015 0.01098 0.33061
v -0.06979 0.01107 0.31760
v -0.06901 0.02195 0.31813
v -0.09950 0.01202 0.25739
v -0.09821 0.02419 0.25851
v -0.09264 0.02354 0.27509
v -0.09385 0.01176 0.27412
v -0.10691 0.01260 0.22007
v -0.10905 0.01300 0.20012
v -0.10385 0.01229 0.23932
v -0.08587 0.02292 0.29044
v -0.08694 0.01149 0.28960
v -0.07792 0.02237 0.30471
v -0.07883 0.01124 0.30401
v 0.14632 0.02654 0.28157
v 0.14501 0.02762 0.25703
v 0.14042 0.02853 0.22816
v 0.13415 0.02850 0.20215
v 0.12841 0.02910 0.18351
v 0.12283 0.02961 0.16762
v 0.11717 0.02943 0.15280
v 0.11143 0.02840 0.13902
v 0.10582 0.02693 0.12647
v -0.10414 0.03124 0.09608
v -0.10660 0.03148 0.10845
v -0.10847 0.03117 0.12394
v -0.10968 0.03024 0.14193
v -0.10997 0.02892 0.16138
v -0.10927 0.02758 0.18141
v -0.10786 0.02648 0.20160
v -0.10569 0.02561 0.22149
v -0.10256 0.02488 0.24061
v -0.10665 0.01512 0.09551
v -0.10894 0.01522 0.10763
v -0.11059 0.01514 0.12289
v -0.11147 0.01477 0.14065
v -0.11150 0.01416 0.15993
v -0.11057 0.01353 0.17994
v 0.10175 0.01232 0.11579
v 0.10071 0.02545 0.11530
v 0.09871 0.04021 0.11494
v 0.09532 0.05691 0.11546
v 0.09036 0.07475 0.11736
v 0.08326 0.09288 0.12070
v -0.01480 0.13614 0.12163
v -0.00052 0.13614 0.11817
v 0.01502 0.13380 0.11536
v 0.03156 0.12837 0.11309
v 0.04807 0.11982 0.11195
v 0.06343 0.10757 0.11126
v 0.07558 0.09143 0.10925
v 0.08431 0.07362 0.10697
v 0.09047 0.05536 0.10550
v 0.09429 0.03854 0.10529
v 0.09639 0.02416 0.10569
v 0.09747 0.01163 0.10621
v -0.04083 0.13259 0.13212
v -0.02987 0.12915 0.11268
v -0.01639 0.13164 0.11040
v -0.01745 0.12761 0.10108
v -0.03091 0.12412 0.10181
v -0.02821 0.13485 0.12617
v -0.02661 0.14089 0.14130
v -0.02472 0.14711 0.15744
v -0.10273 0.01475 0.08747
v -0.10016 0.03042 0.08791
v -0.09552 0.04643 0.08896
v -0.08916 0.06168 0.08990
v -0.08119 0.07576 0.09071
v -0.07197 0.08829 0.09179
v -0.06251 0.09850 0.09284
v -0.05325 0.10629 0.09369
v -0.04267 0.11263 0.09446
v -0.03044 0.11840 0.09504
v -0.01754 0.12236 0.09514
v -0.00446 0.12336 0.09505
v 0.00916 0.12173 0.09469
v 0.02323 0.11719 0.09387
v 0.03698 0.10926 0.09302
v 0.04931 0.09825 0.09212
v 0.06066 0.08422 0.09084
v 0.07088 0.06752 0.08941
v 0.07817 0.05032 0.08847
v 0.08220 0.03491 0.08814
v 0.08402 0.02165 0.08816
v 0.08457 0.01020 0.08818
v -0.06694 0.01075 0.08229
v -0.06529 0.02198 0.08249
v -0.06292 0.03352 0.08293
v -0.06009 0.04473 0.08350
v -0.05670 0.05521 0.08418
v -0.05398 0.06402 0.08490
v -0.04775 0.06660 0.08545
v -0.04117 0.06965 0.08606
v -0.03374 0.07208 0.08664
v -0.02532 0.07377 0.08705
v -0.01640 0.07447 0.08710
v -0.00716 0.07415 0.08693
v 0.00247 0.07269 0.08659
v 0.01241 0.06990 0.08614
v 0.02204 0.06598 0.08563
v 0.03093 0.06147 0.08513
v 0.03879 0.05770 0.08487
v 0.04107 0.04829 0.08426
v 0.04383 0.03762 0.08376
v 0.04578 0.02732 0.08344
v 0.04644 0.01765 0.08342
v 0.04633 0.00867 0.08356
v -0.00539 0.09381 0.08896
v 0.00512 0.09219 0.08859
v 0.01601 0.08825 0.08820
v 0.02670 0.08226 0.08777
v 0.03669 0.07499 0.08709
v 0.04637 0.06543 0.08615
v 0.05364 0.05258 0.08529
v 0.05829 0.03992 0.08461
v 0.06099 0.02854 0.08423
v 0.06174 0.01819 0.08419
v 0.06135 0.00881 0.08427
v -0.08181 0.01202 0.08209
v -0.07956 0.02480 0.08242
v -0.07626 0.03790 0.08312
v -0.07212 0.05035 0.08390
v -0.06676 0.06183 0.08472
v -0.05983 0.07203 0.08570
v -0.05177 0.07931 0.08663
v -0.04414 0.08434 0.08741
v -0.03556 0.08832 0.08827
v -0.02574 0.09169 0.08900
v -0.01562 0.09361 0.08918
v -0.00884 0.01026 0.08362
v -0.00894 0.02082 0.08392
v -0.00902 0.03186 0.08438
v 0.00057 0.03133 0.08404
v 0.00069 0.02058 0.08359
v 0.00077 0.01017 0.08335
v -0.01826 0.01020 0.08388
v -0.01837 0.02074 0.08418
v -0.01832 0.03180 0.08463
v -0.02720 0.03144 0.08469
v -0.02741 0.02054 0.08430
v -0.02739 0.01012 0.08404
v 0.01055 0.00987 0.08316
v 0.01044 0.01994 0.08333
v 0.01029 0.03038 0.08372
v 0.01028 0.04141 0.08436
v 0.00059 0.04268 0.08469
v -0.00893 0.04343 0.08501
v -0.01814 0.04350 0.08521
v -0.02689 0.04306 0.08522
v -0.02636 0.05655 0.08589
v -0.01771 0.05700 0.08593
v -0.00853 0.05679 0.08579
v 0.00103 0.05577 0.08550
v 0.01077 0.05402 0.08511
v 0.02034 0.05184 0.08468
v 0.02007 0.03998 0.08400
v 0.02027 0.02923 0.08347
v 0.02052 0.01913 0.08321
v 0.02069 0.00945 0.08315
v 0.02996 0.04952 0.08431
v 0.03062 0.03857 0.08375
v 0.03143 0.02813 0.08336
v 0.03192 0.01831 0.08324
v 0.03207 0.00904 0.08331
v -0.03606 0.01006 0.08395
v -0.03593 0.02038 0.08416
v -0.03552 0.03111 0.08453
v -0.03502 0.04251 0.08501
v -0.03437 0.05576 0.08561
v -0.04158 0.05482 0.08519
v -0.04251 0.04228 0.08460
v -0.04334 0.03108 0.08417
v -0.04408 0.02040 0.08386
v -0.04447 0.01007 0.08369
v -0.05385 0.01026 0.08317
v -0.05299 0.02081 0.08332
v -0.05163 0.03168 0.08362
v -0.05012 0.04273 0.08405
v -0.04842 0.05414 0.08467
v 0.02977 0.14446 0.34507
v 0.04001 0.14427 0.34597
v 0.05007 0.14465 0.34626
v 0.06074 0.14573 0.34451
v 0.07176 0.14736 0.34256
v 0.07213 0.14912 0.33473
v 0.06051 0.14762 0.33613
v 0.04898 0.14660 0.33756
v 0.03837 0.14612 0.33726
v 0.02752 0.14621 0.33702
v 0.02655 0.14776 0.32884
v 0.03717 0.14780 0.32957
v 0.04811 0.14825 0.32917
v 0.05930 0.14927 0.32844
v 0.07054 0.15063 0.32755
v 0.05767 0.15071 0.32127
v 0.04687 0.14990 0.32239
v 0.03654 0.14941 0.32249
v 0.02648 0.14929 0.32145
v 0.02725 0.15071 0.31450
v 0.03643 0.15090 0.31565
v 0.04607 0.15128 0.31520
v 0.05578 0.15203 0.31452
v 0.03280 0.14252 0.35315
v 0.04213 0.14214 0.35503
v 0.05112 0.14256 0.35558
v 0.06026 0.14389 0.35343
v 0.06951 0.14558 0.35074
v 0.06255 0.15444 0.30700
v 0.05386 0.15345 0.30776
v 0.04509 0.15278 0.30847
v 0.03657 0.15230 0.30892
v 0.02853 0.15213 0.30828
v 0.03276 0.09851 0.09059
v 0.04405 0.08858 0.08977
v 0.05488 0.07609 0.08854
v 0.06428 0.06084 0.08741
v 0.07061 0.04557 0.08655
v 0.07416 0.03197 0.08611
v 0.07556 0.01997 0.08604
v 0.07565 0.00947 0.08601
v -0.09481 0.01367 0.08357
v -0.09212 0.02819 0.08402
v -0.08786 0.04299 0.08494
v -0.08226 0.05699 0.08588
v -0.07524 0.06989 0.08678
v -0.06683 0.08129 0.08788
v -0.05791 0.09037 0.08887
v -0.04931 0.09714 0.08975
v -0.03950 0.10274 0.09074
v -0.02818 0.10791 0.09169
v -0.01643 0.11139 0.09206
v -0.00463 0.11225 0.09202
v 0.00759 0.11063 0.09172
v 0.02029 0.10615 0.09118
v 0.05764 0.16336 0.40093
v 0.05693 0.16474 0.39436
v 0.04308 0.16375 0.39347
v 0.04134 0.16190 0.40014
v 0.11205 0.17275 0.35643
v 0.10830 0.17387 0.35266
v 0.10498 0.17020 0.37278
v 0.10151 0.17130 0.36859
v 0.06969 0.16632 0.39212
v 0.08108 0.16782 0.38775
v 0.09462 0.16795 0.38605
v 0.09181 0.16933 0.38071
v 0.11104 0.17613 0.33822
v 0.07095 0.16501 0.39862
v 0.08303 0.16641 0.39386
v 0.11604 0.17311 0.34328
v 0.11063 0.17819 0.32485
v 0.10739 0.18009 0.31243
v 0.10397 0.17522 0.31520
v 0.10611 0.17387 0.32530
v 0.09889 0.16555 0.31573
v 0.10077 0.16432 0.32460
v 0.08975 0.15725 0.31762
v 0.09173 0.15602 0.32514
v 0.07880 0.15369 0.32001
v 0.06824 0.15199 0.32080
v 0.07574 0.15489 0.31336
v 0.06541 0.15322 0.31425
v 0.07187 0.15602 0.30548
v 0.06862 0.15707 0.29835
v 0.06084 0.15584 0.29967
v 0.05296 0.15502 0.29991
v 0.04420 0.15459 0.30110
v 0.03615 0.15383 0.30219
v 0.03006 0.15333 0.30357
v 0.06111 0.15750 0.29253
v 0.06669 0.15791 0.29361
v -0.11198 -0.00000 0.15945
v -0.11203 -0.00000 0.14022
v -0.11126 -0.00000 0.12256
v -0.10969 -0.00000 0.10736
v -0.10743 -0.00000 0.09534
v -0.10350 -0.00000 0.08736
v -0.09551 0.00000 0.08345
v -0.08252 -0.00000 0.08199
v -0.06748 -0.00000 0.08226
v -0.05412 -0.00000 0.08316
v -0.04455 -0.00000 0.08365
v -0.03601 -0.00000 0.08388
v -0.02729 -0.00000 0.08396
v -0.01818 -0.00000 0.08379
v -0.00879 -0.00000 0.08351
v 0.00080 -0.00000 0.08327
v 0.01059 -0.00000 0.08312
v 0.02075 0.00000 0.08313
v 0.03209 -0.00000 0.08334
v 0.04625 -0.00000 0.08362
v 0.06113 -0.00000 0.08428
v 0.07554 -0.00000 0.08594
v 0.08465 -0.00000 0.08813
v 0.09008 0.00000 0.09208
v 0.09401 0.00000 0.09840
v 0.09782 0.00000 0.10643
v 0.10207 0.00000 0.11598
v 0.10698 0.00000 0.12689
v 0.11232 0.00015 0.13896
v 0.11786 0.00000 0.15222
v 0.12342 -0.00010 0.16681
v 0.12888 -0.00007 0.18257
v 0.13443 -0.00013 0.20097
v 0.14075 0.00031 0.22728
v 0.14545 0.00092 0.25609
v 0.14678 0.00126 0.28032
v 0.14549 0.00131 0.30456
v 0.14200 0.00126 0.32890
v 0.13692 0.00114 0.34979
v 0.13056 0.00091 0.36726
v 0.12255 0.00065 0.38467
v 0.11248 0.00031 0.40254
v 0.10144 0.00006 0.41779
v -0.01774 -0.00000 0.37664
v -0.02925 -0.00000 0.36557
v -0.03945 -0.00000 0.35473
v -0.05007 -0.00000 0.34306
v -0.06040 -0.00000 0.33055
v -0.07009 -0.00000 0.31750
v -0.07917 -0.00000 0.30385
v -0.08733 -0.00000 0.28937
v -0.09428 -0.00000 0.27384
v -0.09996 -0.00000 0.25705
v -0.10430 -0.00000 0.23892
v -0.10732 -0.00000 0.21961
v -0.10943 -0.00000 0.19964
v -0.11098 -0.00000 0.17946
v 0.00756 -0.15338 0.15609
v -0.00603 -0.15475 0.16434
v 0.02275 -0.15082 0.15043
v 0.05464 -0.14311 0.14917
v 0.03873 -0.14721 0.14808
v 0.06993 -0.13893 0.15427
v 0.11185 -0.09062 0.16217
v 0.11002 -0.10500 0.16848
v 0.11974 -0.08894 0.17713
v 0.11864 -0.10275 0.18307
v 0.10843 -0.11840 0.17679
v 0.10720 -0.13073 0.18710
v 0.08545 -0.12377 0.15113
v 0.08338 -0.14640 0.17707
v 0.10623 -0.14223 0.19933
v 0.11752 -0.11585 0.19087
v 0.11645 -0.12818 0.20046
v 0.12540 -0.11310 0.20598
v 0.12440 -0.12545 0.21491
v 0.12621 -0.10018 0.19871
v 0.12682 -0.08677 0.19314
v 0.12736 -0.07289 0.18916
v 0.13380 -0.07102 0.20797
v 0.13349 -0.08447 0.21171
v 0.13406 -0.05700 0.20530
v 0.12788 -0.05840 0.18641
v 0.12077 -0.07450 0.17295
v 0.12171 -0.05953 0.17021
v 0.13985 -0.08203 0.23535
v 0.13305 -0.09751 0.21676
v 0.13930 -0.09476 0.23919
v 0.11364 -0.07548 0.15783
v 0.11521 -0.05987 0.15510
v 0.11646 -0.04425 0.15352
v 0.12246 -0.04419 0.16850
v 0.09809 -0.07541 0.12975
v 0.12827 -0.04339 0.18455
v 0.13423 -0.04258 0.20339
v 0.14059 -0.04132 0.22888
v 0.14045 -0.05519 0.23029
v 0.14526 -0.03910 0.25773
v 0.14671 -0.03666 0.28227
v 0.14654 -0.05010 0.28372
v 0.14509 -0.05240 0.25894
v 0.14558 -0.03525 0.30640
v 0.14556 -0.04864 0.30759
v 0.14215 -0.03426 0.33037
v 0.14242 -0.04759 0.33085
v 0.14564 -0.06126 0.30847
v 0.14639 -0.06312 0.28511
v 0.14481 -0.06587 0.26048
v 0.14021 -0.06885 0.23240
v 0.13712 -0.03315 0.35032
v 0.13100 -0.03225 0.36681
v 0.12312 -0.03081 0.38362
v 0.13748 -0.04639 0.35032
v 0.13809 -0.05901 0.35005
v 0.14277 -0.06007 0.33099
v 0.13157 -0.04526 0.36631
v 0.13241 -0.05791 0.36571
v 0.11270 -0.02908 0.40140
v 0.10116 -0.02799 0.41665
v 0.08946 -0.02736 0.42652
v 0.08908 -0.03915 0.42475
v 0.05383 -0.05223 0.42102
v 0.06524 -0.05197 0.42445
v 0.04270 -0.05297 0.41608
v 0.10127 -0.03964 0.41511
v 0.08942 -0.05138 0.42206
v 0.10206 -0.05231 0.41260
v 0.09068 -0.06395 0.41913
v 0.10366 -0.06525 0.40977
v 0.09233 -0.07639 0.41638
v 0.10535 -0.07780 0.40714
v 0.07787 -0.06444 0.42273
v 0.07920 -0.07621 0.42036
v 0.09385 -0.08823 0.41411
v 0.10683 -0.08955 0.40502
v 0.08059 -0.08756 0.41863
v 0.11454 -0.05435 0.39780
v 0.11614 -0.06730 0.39545
v 0.11753 -0.07946 0.39353
v 0.06555 -0.06471 0.42218
v 0.11332 -0.04130 0.39999
v 0.12393 -0.04352 0.38248
v 0.12508 -0.05649 0.38104
v 0.12623 -0.06869 0.37968
v 0.13333 -0.06946 0.36499
v 0.02058 -0.05478 0.40346
v 0.03167 -0.05394 0.41020
v -0.01452 -0.04349 0.37728
v -0.01351 -0.05465 0.37753
v -0.01579 -0.03217 0.37700
v -0.02590 -0.04352 0.36692
v -0.02476 -0.05440 0.36747
v -0.02720 -0.03239 0.36635
v 0.02057 -0.06642 0.40276
v -0.01276 -0.06546 0.37786
v 0.03145 -0.06605 0.40915
v 0.03157 -0.07735 0.40878
v 0.04262 -0.07691 0.41402
v 0.04250 -0.06547 0.41462
v 0.03192 -0.08797 0.40879
v 0.02076 -0.07753 0.40263
v 0.02096 -0.08803 0.40279
v 0.04309 -0.08753 0.41386
v 0.05380 -0.06501 0.41910
v 0.05410 -0.07651 0.41809
v -0.03786 -0.03290 0.35556
v -0.09059 -0.03686 0.27720
v -0.09605 -0.03785 0.26085
v -0.09308 -0.05097 0.26420
v -0.08782 -0.04937 0.28015
v -0.10037 -0.03892 0.24319
v -0.09728 -0.05268 0.24693
v -0.10351 -0.04006 0.22425
v -0.10032 -0.05458 0.22834
v -0.10563 -0.04129 0.20439
v -0.10225 -0.05664 0.20871
v -0.08931 -0.06384 0.26876
v -0.09328 -0.06632 0.25207
v -0.09614 -0.06897 0.23399
v -0.08434 -0.06156 0.28410
v -0.07836 -0.05949 0.29816
v -0.08151 -0.04792 0.29485
v -0.08024 -0.07313 0.28903
v -0.07465 -0.07043 0.30221
v -0.07979 -0.08756 0.28154
v -0.07559 -0.08379 0.29488
v -0.08485 -0.07614 0.27455
v -0.07049 -0.08048 0.30695
v -0.07134 -0.05772 0.31114
v -0.07411 -0.04661 0.30845
v -0.06810 -0.06820 0.31434
v -0.08401 -0.03594 0.29232
v -0.07630 -0.03508 0.30635
v 0.06991 -0.14856 0.16858
v 0.08298 -0.15648 0.19261
v 0.06998 -0.15783 0.18447
v 0.08225 -0.16582 0.20990
v 0.06955 -0.16653 0.20207
v 0.06843 -0.17423 0.22125
v 0.08120 -0.17402 0.22858
v 0.08041 -0.18000 0.24692
v 0.06741 -0.18038 0.24087
v 0.09167 -0.18135 0.26744
v 0.08037 -0.18293 0.26256
v 0.09212 -0.17855 0.25346
v 0.06762 -0.18389 0.25885
v 0.09295 -0.17291 0.23669
v 0.09398 -0.16468 0.21907
v 0.10433 -0.16293 0.22892
v 0.10534 -0.15308 0.21335
v 0.09485 -0.15493 0.20249
v 0.05550 -0.17388 0.21519
v 0.05650 -0.16705 0.19645
v 0.04352 -0.17301 0.21040
v 0.04381 -0.16772 0.19401
v 0.03501 -0.17224 0.20735
v 0.04030 -0.17782 0.22818
v 0.02937 -0.17446 0.21690
v 0.02182 -0.17042 0.20285
v 0.03226 -0.16882 0.19573
v 0.01143 -0.17201 0.21395
v 0.02079 -0.17707 0.23169
v 0.00116 -0.17301 0.22711
v -0.00652 -0.16743 0.20903
v 0.00426 -0.16667 0.19700
v -0.00793 -0.17361 0.24170
v -0.01576 -0.16785 0.22284
v 0.00083 -0.17850 0.26101
v 0.01017 -0.17822 0.24649
v -0.01296 -0.16145 0.19150
v -0.00152 -0.16089 0.18047
v 0.01604 -0.16536 0.18714
v 0.01135 -0.15955 0.17137
v 0.03488 -0.18242 0.25322
v 0.05377 -0.17971 0.23525
v 0.05326 -0.18377 0.25623
v 0.02016 -0.18228 0.26745
v 0.02880 -0.16344 0.18035
v 0.04243 -0.16131 0.17772
v 0.02559 -0.15726 0.16498
v 0.04058 -0.15432 0.16236
v 0.05632 -0.15941 0.17921
v 0.05551 -0.15134 0.16353
v -0.04845 -0.03326 0.34406
v -0.04715 -0.04411 0.34496
v -0.05830 -0.03371 0.33201
v -0.05672 -0.04468 0.33328
v -0.03676 -0.04377 0.35621
v -0.03554 -0.05440 0.35697
v -0.04558 -0.05468 0.34609
v -0.04388 -0.06483 0.34732
v -0.05479 -0.05530 0.33487
v -0.05263 -0.06541 0.33665
v -0.03424 -0.06471 0.35779
v -0.02377 -0.06495 0.36800
v -0.02295 -0.07511 0.36845
v -0.01224 -0.07588 0.37817
v -0.02238 -0.08480 0.36867
v -0.01196 -0.08588 0.37831
v -0.01199 -0.09539 0.37811
v -0.02219 -0.09400 0.36844
v -0.03205 -0.08388 0.35890
v -0.03153 -0.09262 0.35876
v -0.03302 -0.07457 0.35850
v -0.04217 -0.07442 0.34846
v -0.05038 -0.07481 0.33843
v -0.06070 -0.06652 0.32572
v -0.05781 -0.07591 0.32836
v -0.06340 -0.05632 0.32329
v -0.06453 -0.07781 0.31799
v -0.05494 -0.08426 0.33104
v -0.04831 -0.08334 0.34001
v -0.06077 -0.08631 0.32201
v -0.04070 -0.08332 0.34929
v -0.03977 -0.09144 0.34951
v -0.04676 -0.09079 0.34104
v -0.06761 -0.03433 0.31949
v -0.06574 -0.04552 0.32117
v -0.10682 -0.04288 0.18417
v -0.10713 -0.04495 0.16408
v -0.10294 -0.06163 0.16845
v -0.10311 -0.05896 0.18858
v -0.09754 -0.07801 0.17493
v -0.09554 -0.08081 0.15457
v -0.09128 -0.09340 0.18390
v -0.06896 -0.12502 0.17188
v -0.05094 -0.13091 0.14088
v -0.06240 -0.13546 0.19070
v -0.08131 -0.11011 0.17564
v -0.07420 -0.12237 0.19070
v -0.06712 -0.13306 0.20765
v -0.07030 -0.13041 0.22490
v -0.07760 -0.11948 0.20914
v -0.08456 -0.10722 0.19536
v -0.08629 -0.10381 0.21437
v -0.09259 -0.09010 0.20359
v -0.09828 -0.07497 0.19498
v -0.09780 -0.07192 0.21480
v -0.09251 -0.08647 0.22284
v -0.08533 -0.09571 0.25046
v -0.09109 -0.08286 0.24138
v -0.08648 -0.09991 0.23289
v -0.08306 -0.09155 0.26672
v -0.08849 -0.07940 0.25868
v -0.07900 -0.10731 0.26104
v -0.07709 -0.10257 0.27608
v -0.07983 -0.11194 0.24469
v -0.07217 -0.11766 0.27297
v -0.07059 -0.11238 0.28661
v -0.07270 -0.12259 0.25794
v -0.07421 -0.09783 0.28958
v -0.07046 -0.09336 0.30160
v -0.06809 -0.10694 0.29863
v -0.06484 -0.10177 0.30924
v 0.02065 -0.10709 0.40311
v 0.02095 -0.09785 0.40299
v 0.02025 -0.11607 0.40286
v -0.01236 -0.10448 0.37741
v -0.01306 -0.11330 0.37611
v -0.02245 -0.10279 0.36758
v -0.02318 -0.11130 0.36595
v -0.03162 -0.10085 0.35783
v -0.03235 -0.10879 0.35590
v -0.03963 -0.09887 0.34870
v -0.04042 -0.10592 0.34646
v -0.04623 -0.09705 0.34076
v -0.04725 -0.10272 0.33814
v -0.04195 -0.11300 0.34278
v -0.03361 -0.11666 0.35294
v -0.03519 -0.12464 0.34896
v -0.04389 -0.12030 0.33780
v -0.03678 -0.13269 0.34387
v -0.02688 -0.13658 0.35631
v -0.02558 -0.12811 0.36045
v -0.04581 -0.12777 0.33154
v -0.02428 -0.11968 0.36359
v -0.04927 -0.10869 0.33352
v -0.05168 -0.11512 0.32734
v -0.05558 -0.10351 0.32541
v -0.05863 -0.10899 0.31779
v -0.05264 -0.09886 0.33148
v -0.01400 -0.12194 0.37430
v -0.05050 -0.09575 0.33533
v -0.05235 -0.09120 0.33355
v -0.05688 -0.09344 0.32642
v 0.02002 -0.12490 0.40226
v 0.03243 -0.12503 0.40896
v 0.03223 -0.11623 0.40928
v 0.01983 -0.13371 0.40121
v 0.03272 -0.13377 0.40817
v 0.03284 -0.14249 0.40645
v 0.01955 -0.14248 0.39935
v 0.01916 -0.15075 0.39616
v 0.03269 -0.15076 0.40344
v -0.01614 -0.13932 0.36848
v -0.01507 -0.13059 0.37190
v 0.04657 -0.14229 0.41141
v 0.04599 -0.13362 0.41311
v 0.04674 -0.15055 0.40838
v 0.06053 -0.14254 0.41332
v 0.06093 -0.15073 0.41027
v 0.05954 -0.13384 0.41530
v 0.05840 -0.12510 0.41640
v 0.04520 -0.12494 0.41384
v 0.07326 -0.13469 0.41459
v 0.07215 -0.12586 0.41628
v 0.07421 -0.14337 0.41232
v 0.04454 -0.11614 0.41409
v 0.03225 -0.10722 0.40928
v 0.03221 -0.09784 0.40904
v 0.04366 -0.09757 0.41390
v 0.05562 -0.09741 0.41729
v 0.05477 -0.08725 0.41749
v 0.06847 -0.09767 0.41869
v 0.06735 -0.08727 0.41930
v 0.06967 -0.10745 0.41824
v 0.08327 -0.10838 0.41644
v 0.08192 -0.09830 0.41743
v 0.05647 -0.10703 0.41727
v 0.06634 -0.07628 0.42047
v 0.04410 -0.10707 0.41408
v 0.05737 -0.11621 0.41703
v -0.05399 -0.12186 0.31973
v -0.06139 -0.11493 0.30869
v -0.06352 -0.12100 0.29813
v -0.05580 -0.12858 0.31062
v -0.06481 -0.12685 0.28607
v -0.06512 -0.13206 0.27244
v -0.06439 -0.13653 0.25770
v -0.02866 -0.15854 0.33608
v -0.02851 -0.15227 0.34416
v -0.02841 -0.16351 0.32666
v -0.01775 -0.16651 0.34219
v -0.01776 -0.16145 0.35069
v -0.01754 -0.15523 0.35796
v -0.03800 -0.14054 0.33747
v -0.04731 -0.13512 0.32389
v -0.06260 -0.14001 0.24202
v -0.07211 -0.12694 0.24183
v -0.07944 -0.11610 0.22724
v -0.05971 -0.14259 0.22588
v -0.05559 -0.14452 0.20981
v -0.04829 -0.15274 0.22938
v -0.02791 -0.14480 0.35094
v -0.01699 -0.14775 0.36393
v 0.01877 -0.15758 0.39150
v 0.03231 -0.15734 0.39899
v -0.06104 -0.09714 0.31843
v -0.06595 -0.08943 0.31233
v -0.01813 -0.15524 0.17445
v -0.02851 -0.15517 0.18621
v -0.02266 -0.16167 0.20432
v -0.03036 -0.16156 0.21862
v -0.03692 -0.15466 0.19946
v -0.03617 -0.16114 0.23387
v -0.04340 -0.15389 0.21406
v -0.02836 -0.16782 0.25387
v -0.02299 -0.16805 0.23803
v 0.13233 -0.11023 0.22326
v 0.13740 -0.11919 0.25050
v 0.13134 -0.12255 0.23131
v 0.13847 -0.10718 0.24413
v 0.14390 -0.09153 0.26451
v 0.14315 -0.10357 0.26741
v 0.14586 -0.08774 0.28789
v 0.14541 -0.09913 0.28960
v 0.14215 -0.11511 0.27148
v 0.14475 -0.11020 0.29201
v 0.14379 -0.12083 0.29544
v 0.14102 -0.12596 0.27700
v 0.14499 -0.10487 0.31170
v 0.14428 -0.11538 0.31329
v 0.14328 -0.10090 0.33062
v 0.14287 -0.11121 0.33070
v 0.14003 -0.09997 0.34741
v 0.14004 -0.11007 0.34656
v 0.14340 -0.09099 0.33060
v 0.13979 -0.09006 0.34816
v 0.14536 -0.09447 0.31062
v 0.14328 -0.12543 0.31542
v 0.14267 -0.13054 0.30000
v 0.14221 -0.12155 0.33072
v 0.14556 -0.08404 0.30985
v 0.13626 -0.13043 0.25831
v 0.13525 -0.14068 0.26736
v 0.13995 -0.13578 0.28393
v 0.13895 -0.14412 0.29233
v 0.14157 -0.13862 0.30569
v 0.14618 -0.07574 0.28646
v 0.14443 -0.07897 0.26230
v 0.14567 -0.07307 0.30918
v 0.14312 -0.07121 0.33087
v 0.14333 -0.08129 0.33069
v 0.13880 -0.07020 0.34954
v 0.13939 -0.08028 0.34888
v 0.13416 -0.08008 0.36412
v 0.12723 -0.08001 0.37846
v 0.12824 -0.09061 0.37714
v 0.13485 -0.09034 0.36308
v 0.13818 -0.15065 0.30256
v 0.13754 -0.15525 0.31511
v 0.13192 -0.16743 0.32052
v 0.12981 -0.16202 0.35808
v 0.13650 -0.15764 0.32972
v 0.13965 -0.14725 0.32344
v 0.13828 -0.14845 0.33613
v 0.14060 -0.14429 0.31306
v 0.14069 -0.13948 0.32839
v 0.13907 -0.13932 0.34060
v 0.13591 -0.14844 0.34973
v 0.13477 -0.15749 0.34502
v 0.13623 -0.13917 0.35365
v 0.13950 -0.12992 0.34354
v 0.14146 -0.13112 0.33030
v 0.14139 -0.13952 0.31970
v 0.14222 -0.13401 0.31780
v 0.13623 -0.12997 0.35662
v 0.13108 -0.13020 0.37008
v 0.13142 -0.13872 0.36759
v 0.12291 -0.13010 0.38457
v 0.12348 -0.13806 0.38268
v 0.11227 -0.13761 0.39610
v 0.11145 -0.12964 0.39783
v 0.11282 -0.14539 0.39411
v 0.12384 -0.14611 0.38042
v 0.09962 -0.13699 0.40552
v 0.10032 -0.14512 0.40321
v 0.09868 -0.12856 0.40759
v 0.08571 -0.12711 0.41352
v 0.08673 -0.13585 0.41148
v 0.11059 -0.12089 0.39944
v 0.09772 -0.11949 0.40941
v 0.12225 -0.12144 0.38629
v 0.12142 -0.11161 0.38805
v 0.10958 -0.11118 0.40119
v 0.12021 -0.10120 0.38991
v 0.10827 -0.10065 0.40312
v 0.12931 -0.10098 0.37563
v 0.13015 -0.11148 0.37401
v 0.13068 -0.12136 0.37219
v 0.09660 -0.10974 0.41093
v 0.08456 -0.11794 0.41523
v 0.07092 -0.11679 0.41751
v 0.08754 -0.14436 0.40901
v 0.11277 -0.15277 0.39178
v 0.12361 -0.15385 0.37775
v 0.13149 -0.14745 0.36447
v 0.13099 -0.15573 0.36091
v 0.10051 -0.15257 0.40066
v 0.12284 -0.15986 0.37500
v 0.13613 -0.12068 0.35884
v 0.13592 -0.11092 0.36051
v 0.13547 -0.10065 0.36187
v 0.13982 -0.12014 0.34537
v 0.09526 -0.09932 0.41242
v 0.11882 -0.09066 0.39179
v 0.04625 -0.15711 0.40403
v 0.07468 -0.15140 0.40930
v 0.08792 -0.15218 0.40617
v 0.01009 -0.18167 0.27988
v 0.00318 -0.18070 0.29257
v -0.01083 -0.17736 0.29127
v -0.00598 -0.17831 0.27602
v -0.01744 -0.17054 0.33219
v -0.01642 -0.17358 0.32018
v -0.03234 -0.16690 0.26953
v -0.02359 -0.17227 0.28905
v -0.04054 -0.16029 0.24943
v -0.01427 -0.17580 0.30635
v -0.01992 -0.17345 0.27336
v -0.01488 -0.17387 0.25737
v 0.03192 -0.16188 0.39405
v 0.01861 -0.16267 0.38610
v -0.00613 -0.16778 0.35644
v -0.00607 -0.17184 0.34650
v 0.00751 -0.17085 0.35868
v -0.00616 -0.17506 0.33400
v -0.00478 -0.17739 0.32017
v -0.00161 -0.17923 0.30601
v 0.04580 -0.16465 0.38947
v 0.03302 -0.16609 0.38304
v 0.00323 -0.17422 0.34183
v 0.00296 -0.17648 0.32734
v 0.00539 -0.17838 0.31404
v 0.00988 -0.18015 0.30244
v 0.01647 -0.18163 0.29205
v 0.02656 -0.18269 0.28233
v 0.04007 -0.18362 0.27470
v 0.05496 -0.18382 0.27091
v 0.06852 -0.18360 0.27068
v 0.08049 -0.18240 0.27271
v 0.09100 -0.18077 0.27609
v 0.11777 -0.17528 0.30017
v 0.02066 -0.16788 0.37361
v 0.06043 -0.15727 0.40610
v 0.07461 -0.15772 0.40565
v 0.08788 -0.15823 0.40288
v 0.10024 -0.15834 0.39763
v 0.11221 -0.15862 0.38902
v 0.04496 -0.16126 0.39928
v 0.07189 -0.15244 0.38231
v 0.08209 -0.15309 0.38013
v 0.09177 -0.15395 0.37552
v 0.05977 -0.15239 0.38149
v 0.04724 -0.15378 0.37782
v 0.03618 -0.15544 0.37190
v 0.02604 -0.15712 0.36347
v 0.01805 -0.15911 0.35260
v 0.01316 -0.16123 0.33981
v 0.01177 -0.16303 0.32695
v 0.01318 -0.16467 0.31557
v 0.01647 -0.16611 0.30631
v 0.02158 -0.16734 0.29728
v 0.03007 -0.16844 0.28870
v 0.04220 -0.16920 0.28252
v 0.05557 -0.16905 0.27828
v 0.06752 -0.16854 0.27734
v 0.07813 -0.16745 0.27931
v 0.08707 -0.16620 0.28346
v 0.10923 -0.16143 0.30608
v 0.11555 -0.15698 0.33345
v 0.11416 -0.15567 0.34497
v 0.10929 -0.15500 0.35800
v 0.10116 -0.15465 0.36872
v 0.03208 -0.16478 0.38877
v 0.04482 -0.16355 0.39495
v 0.01347 -0.17557 0.30555
v 0.00944 -0.17381 0.31587
v 0.00764 -0.17200 0.32834
v 0.00896 -0.16997 0.34251
v 0.01430 -0.16735 0.35642
v 0.02358 -0.16506 0.36842
v 0.03462 -0.16350 0.37739
v 0.04651 -0.16211 0.38339
v 0.05966 -0.16087 0.38719
v 0.07275 -0.16057 0.38796
v 0.08455 -0.16097 0.38569
v 0.09513 -0.16153 0.38131
v 0.10504 -0.16196 0.37464
v 0.11393 -0.16246 0.36326
v 0.11994 -0.16373 0.34838
v 0.12194 -0.16556 0.33525
v 0.11480 -0.17043 0.30417
v 0.08950 -0.17558 0.28023
v 0.07975 -0.17712 0.27689
v 0.06851 -0.17847 0.27534
v 0.05575 -0.17898 0.27624
v 0.04174 -0.17906 0.28053
v 0.02894 -0.17823 0.28694
v 0.01947 -0.17716 0.29606
v 0.06877 -0.14334 0.37379
v 0.07800 -0.14421 0.37188
v 0.08602 -0.14522 0.36773
v 0.05847 -0.14330 0.37324
v 0.04754 -0.14493 0.36991
v 0.03816 -0.14688 0.36425
v 0.03017 -0.14878 0.35696
v 0.02393 -0.15066 0.34788
v 0.02004 -0.15256 0.33742
v 0.01869 -0.15398 0.32707
v 0.01966 -0.15539 0.31739
v 0.02203 -0.15663 0.30954
v 0.02577 -0.15781 0.30142
v 0.03285 -0.15895 0.29268
v 0.04382 -0.15977 0.28643
v 0.05628 -0.15999 0.28346
v 0.06709 -0.15967 0.28326
v 0.07628 -0.15896 0.28545
v 0.08356 -0.15802 0.28925
v 0.10002 -0.15406 0.30949
v 0.10580 -0.14977 0.33266
v 0.10456 -0.14844 0.34236
v 0.10000 -0.14722 0.35309
v 0.09341 -0.14621 0.36165
v 0.06625 -0.14045 0.36374
v 0.07490 -0.14125 0.36173
v 0.08272 -0.14222 0.35849
v 0.05755 -0.14054 0.36342
v 0.04852 -0.14190 0.36098
v 0.04131 -0.14364 0.35856
v 0.03714 -0.14512 0.35277
v 0.03273 -0.14718 0.34522
v 0.02970 -0.14909 0.33705
v 0.02845 -0.15058 0.32834
v 0.02905 -0.15201 0.32000
v 0.03075 -0.15328 0.31256
v 0.03353 -0.15450 0.30514
v 0.03879 -0.15559 0.29876
v 0.04703 -0.15650 0.29498
v 0.05678 -0.15659 0.29248
v 0.06613 -0.15611 0.29161
v 0.09425 -0.14858 0.32602
v 0.09545 -0.14709 0.33328
v 0.09494 -0.14553 0.34135
v 0.09172 -0.14406 0.34953
v 0.08880 -0.14329 0.35590
v 0.01903 -0.16618 0.38006
v 0.00626 -0.16749 0.36887
v -0.00262 -0.04364 0.38725
v 0.00921 -0.04355 0.39652
v 0.00942 -0.05492 0.39596
v -0.00199 -0.05507 0.38704
v -0.00335 -0.03233 0.38747
v 0.00916 -0.03201 0.39729
v 0.00966 -0.06624 0.39563
v -0.00151 -0.06600 0.38718
v -0.00120 -0.07668 0.38736
v 0.00988 -0.07724 0.39561
v -0.00110 -0.08689 0.38751
v 0.00993 -0.08767 0.39577
v 0.00975 -0.09742 0.39588
v -0.00126 -0.09657 0.38744
v 0.00931 -0.10664 0.39574
v -0.00169 -0.10579 0.38700
v 0.00874 -0.11558 0.39519
v -0.00232 -0.11469 0.38609
v 0.00820 -0.12440 0.39420
v -0.00308 -0.12345 0.38470
v -0.00473 -0.14093 0.37990
v 0.00709 -0.14190 0.39041
v -0.00542 -0.14937 0.37594
v 0.00653 -0.15025 0.38684
v -0.00391 -0.13218 0.38273
v 0.00766 -0.13319 0.39271
v 0.00608 -0.15746 0.38187
v -0.00593 -0.15679 0.37058
v 0.00590 -0.16315 0.37590
v -0.00617 -0.16285 0.36405
v -0.00204 -0.13220 0.10850
v 0.01293 -0.13023 0.10676
v 0.02867 -0.12512 0.10498
v 0.04411 -0.11674 0.10361
v -0.04197 -0.12588 0.11552
v -0.05373 -0.12126 0.11985
v -0.06718 -0.11349 0.12850
v -0.07896 -0.09748 0.11915
v -0.08831 -0.08185 0.11403
v -0.09618 -0.06536 0.11127
v -0.10240 -0.04847 0.10964
v 0.09271 -0.02315 0.09780
v 0.09060 -0.03729 0.09753
v 0.08657 -0.05410 0.09772
v 0.07958 -0.07269 0.09896
v 0.06990 -0.09028 0.10086
v 0.05806 -0.10524 0.10247
v -0.10637 -0.04688 0.14434
v -0.10158 -0.06409 0.14837
v 0.09371 -0.01102 0.09823
v 0.08985 -0.01062 0.09203
v 0.08902 -0.02249 0.09179
v 0.08698 -0.03634 0.09160
v 0.08279 -0.05272 0.09180
v 0.07535 -0.07103 0.09288
v 0.06522 -0.08854 0.09455
v -0.00360 -0.12851 0.10037
v -0.04338 -0.11912 0.10228
v -0.05457 -0.11315 0.10273
v -0.06496 -0.10505 0.10304
v -0.07526 -0.09332 0.10099
v -0.09960 -0.04792 0.09713
v -0.09316 -0.06410 0.09814
v -0.08497 -0.07926 0.09920
v 0.04038 -0.11432 0.09715
v 0.02577 -0.12227 0.09825
v 0.01081 -0.12688 0.09953
v 0.05356 -0.10316 0.09601
v -0.08858 -0.09618 0.16349
v -0.07609 -0.11238 0.15436
v 0.11771 -0.01443 0.15235
v 0.12329 -0.01446 0.16699
v 0.12878 -0.01450 0.18280
v 0.13439 -0.01463 0.20132
v 0.14074 -0.01350 0.22745
v 0.14546 -0.01211 0.25622
v -0.05683 -0.13492 0.30007
v -0.04811 -0.14192 0.31479
v -0.03866 -0.14774 0.32963
v -0.05698 -0.14049 0.28804
v -0.04818 -0.14780 0.30426
v -0.03873 -0.15385 0.32037
v -0.05626 -0.14507 0.27463
v -0.04755 -0.15258 0.29236
v -0.03825 -0.15874 0.30988
v -0.05458 -0.14859 0.26018
v -0.04614 -0.15614 0.27899
v -0.03713 -0.16252 0.29803
v -0.02764 -0.16734 0.31586
v -0.05194 -0.15110 0.24496
v -0.04381 -0.15866 0.26461
v -0.03520 -0.16519 0.28450
v -0.02609 -0.17022 0.30337
v 0.14681 -0.01095 0.28049
v 0.13430 -0.14956 0.27768
v 0.13354 -0.15688 0.28952
v 0.13020 -0.13417 0.24084
v 0.12909 -0.14483 0.25158
v 0.12811 -0.15420 0.26331
v 0.12330 -0.13724 0.22548
v 0.12215 -0.14817 0.23746
v 0.12102 -0.15778 0.25049
v 0.11542 -0.13986 0.21185
v 0.11437 -0.15084 0.22491
v 0.10316 -0.09184 0.14778
v 0.09790 -0.12087 0.16342
v 0.08400 -0.13568 0.16324
v 0.09643 -0.13314 0.17456
v 0.10598 -0.07574 0.14340
v 0.10839 -0.05939 0.14078
v 0.10157 -0.05828 0.12741
v 0.11028 -0.04338 0.13944
v 0.10419 -0.04192 0.12644
v 0.10671 -0.01307 0.12676
v 0.11212 -0.01387 0.13894
v 0.09556 -0.14441 0.18763
v 0.09360 -0.09270 0.13393
v 0.08859 -0.10946 0.14094
v 0.10021 -0.10709 0.15444
v 0.07051 -0.12822 0.14113
v 0.05375 -0.13448 0.13593
v 0.03682 -0.14014 0.13496
v 0.02020 -0.14446 0.13708
v 0.00460 -0.14720 0.14188
v -0.00933 -0.14843 0.14889
v 0.10730 -0.17224 0.29363
v 0.09841 -0.17405 0.28544
v 0.09494 -0.16490 0.28877
v 0.10262 -0.16325 0.29641
v 0.08926 -0.15694 0.29416
v 0.09489 -0.15557 0.30111
v 0.10052 -0.17912 0.28153
v 0.11322 -0.16060 0.23924
v 0.11218 -0.16851 0.25411
v 0.11146 -0.17430 0.26869
v 0.11090 -0.17755 0.28144
v 0.10980 -0.17718 0.28969
v 0.12010 -0.16567 0.26422
v 0.11948 -0.17163 0.27824
v 0.11907 -0.17534 0.29120
v 0.12728 -0.16196 0.27610
v 0.12671 -0.16813 0.28987
v 0.12589 -0.17256 0.30309
v 0.13313 -0.16280 0.30329
v 0.10324 -0.17092 0.24512
v 0.10239 -0.17655 0.26058
v 0.10169 -0.17958 0.27357
v -0.01181 -0.14221 0.13458
v 0.00219 -0.14142 0.12929
v 0.01778 -0.13866 0.12538
v 0.03457 -0.13357 0.12315
v 0.05196 -0.12593 0.12325
v 0.07207 -0.11309 0.12644
v -0.03320 -0.14836 0.16825
v -0.03677 -0.14114 0.15020
v -0.04257 -0.14748 0.18052
v -0.04720 -0.13967 0.16118
v -0.04997 -0.14613 0.19448
v -0.05581 -0.13770 0.17481
v -0.06113 -0.12775 0.15401
v -0.10468 -0.04814 0.12571
v -0.09916 -0.06553 0.12873
v -0.09221 -0.08241 0.13376
v -0.08423 -0.09808 0.14179
v 0.14555 -0.02226 0.30539
v 0.14553 -0.01008 0.30472
v 0.14211 -0.02112 0.32950
v 0.14205 -0.00942 0.32900
v 0.13697 -0.00911 0.34980
v 0.13704 -0.02042 0.34997
v 0.13074 -0.01995 0.36705
v 0.13060 -0.00899 0.36719
v 0.12255 -0.00863 0.38460
v 0.12270 -0.01907 0.38429
v 0.11243 -0.00825 0.40241
v 0.11247 -0.01805 0.40209
v 0.10127 -0.01758 0.41736
v 0.10138 -0.00823 0.41765
v 0.08998 -0.01706 0.42732
v 0.09034 -0.00813 0.42764
v -0.01682 -0.02105 0.37683
v -0.01750 -0.01040 0.37669
v -0.02899 -0.01058 0.36563
v -0.02825 -0.02132 0.36590
v -0.03925 -0.01091 0.35480
v -0.03872 -0.02189 0.35506
v -0.04990 -0.01114 0.34312
v -0.04938 -0.02225 0.34343
v -0.05946 -0.02253 0.33111
v -0.06017 -0.01125 0.33065
v -0.06981 -0.01142 0.31767
v -0.06897 -0.02291 0.31831
v -0.09950 -0.01216 0.25741
v -0.09819 -0.02481 0.25862
v -0.09261 -0.02431 0.27523
v -0.09386 -0.01195 0.27416
v -0.10691 -0.01265 0.22008
v -0.10905 -0.01303 0.20012
v -0.10385 -0.01235 0.23933
v -0.08583 -0.02382 0.29060
v -0.08695 -0.01180 0.28965
v -0.07788 -0.02336 0.30489
v -0.07885 -0.01162 0.30408
v 0.14677 -0.02363 0.28117
v 0.14540 -0.02540 0.25674
v 0.14065 -0.02763 0.22800
v 0.13433 -0.02828 0.20210
v 0.12857 -0.02856 0.18342
v 0.12297 -0.02899 0.16751
v 0.11727 -0.02903 0.15273
v 0.11149 -0.02817 0.13898
v 0.10584 -0.02686 0.12645
v -0.10414 -0.03124 0.09608
v -0.10660 -0.03148 0.10845
v -0.10847 -0.03117 0.12394
v -0.10968 -0.03028 0.14194
v -0.10996 -0.02899 0.16139
v -0.10927 -0.02768 0.18143
v -0.10785 -0.02665 0.20163
v -0.10567 -0.02594 0.22155
v -0.10254 -0.02541 0.24071
v -0.10665 -0.01512 0.09551
v -0.10894 -0.01522 0.10763
v -0.11059 -0.01514 0.12289
v -0.11147 -0.01477 0.14065
v -0.11150 -0.01417 0.15993
v -0.11057 -0.01354 0.17994
v 0.10175 -0.01232 0.11579
v 0.10071 -0.02544 0.11530
v 0.09873 -0.04017 0.11493
v 0.09540 -0.05682 0.11545
v 0.09057 -0.07461 0.11734
v 0.08370 -0.09270 0.12066
v -0.01407 -0.13655 0.12170
v -0.00002 -0.13636 0.11821
v 0.01533 -0.13390 0.11538
v 0.03174 -0.12841 0.11310
v 0.04824 -0.11982 0.11195
v 0.06363 -0.10754 0.11126
v 0.07569 -0.09139 0.10924
v 0.08435 -0.07360 0.10697
v 0.09049 -0.05535 0.10550
v 0.09429 -0.03854 0.10529
v 0.09640 -0.02416 0.10569
v 0.09747 -0.01163 0.10621
v -0.03957 -0.13360 0.13230
v -0.02946 -0.12945 0.11273
v -0.01610 -0.13182 0.11043
v -0.01737 -0.12766 0.10109
v -0.03078 -0.12422 0.10183
v -0.02723 -0.13551 0.12629
v -0.02482 -0.14203 0.14150
v -0.02198 -0.14872 0.15772
v -0.10273 -0.01475 0.08747
v -0.10016 -0.03042 0.08791
v -0.09552 -0.04643 0.08896
v -0.08916 -0.06169 0.08990
v -0.08119 -0.07577 0.09071
v -0.07194 -0.08834 0.09180
v -0.06247 -0.09856 0.09285
v -0.05320 -0.10635 0.09370
v -0.04262 -0.11269 0.09447
v -0.03040 -0.11844 0.09505
v -0.01751 -0.12238 0.09515
v -0.00445 -0.12337 0.09505
v 0.00916 -0.12173 0.09469
v 0.02324 -0.11719 0.09387
v 0.03698 -0.10926 0.09302
v 0.04931 -0.09825 0.09212
v 0.06067 -0.08422 0.09084
v 0.07088 -0.06752 0.08941
v 0.07817 -0.05032 0.08847
v 0.08220 -0.03491 0.08814
v 0.08402 -0.02165 0.08816
v 0.08457 -0.01020 0.08818
v -0.06694 -0.01075 0.08229
v -0.06529 -0.02198 0.08249
v -0.06292 -0.03352 0.08293
v -0.06009 -0.04473 0.08350
v -0.05669 -0.05521 0.08418
v -0.05397 -0.06403 0.08490
v -0.04774 -0.06662 0.08545
v -0.04116 -0.06966 0.08606
v -0.03373 -0.07209 0.08664
v -0.02531 -0.07378 0.08705
v -0.01640 -0.07447 0.08710
v -0.00716 -0.07415 0.08693
v 0.00247 -0.07269 0.08659
v 0.01241 -0.06990 0.08614
v 0.02204 -0.06598 0.08563
v 0.03093 -0.06147 0.08513
v 0.03879 -0.05770 0.08487
v 0.04107 -0.04829 0.08426
v 0.04383 -0.03762 0.08376
v 0.04578 -0.02732 0.08344
v 0.04644 -0.01765 0.08342
v 0.04633 -0.00867 0.08356
v -0.00539 -0.09381 0.08896
v 0.00512 -0.09219 0.08859
v 0.01601 -0.08825 0.08820
v 0.02670 -0.08226 0.08777
v 0.03669 -0.07499 0.08709
v 0.04637 -0.06543 0.08615
v 0.05364 -0.05258 0.08529
v 0.05829 -0.03992 0.08461
v 0.06099 -0.02854 0.08423
v 0.06174 -0.01819 0.08419
v 0.06135 -0.00881 0.08427
v -0.08181 -0.01202 0.08209
v -0.07956 -0.02480 0.08242
v -0.07626 -0.03790 0.08312
v -0.07212 -0.05035 0.08390
v -0.06676 -0.06184 0.08472
v -0.05982 -0.07204 0.08570
v -0.05177 -0.07932 0.08663
v -0.04413 -0.08435 0.08741
v -0.03555 -0.08833 0.08827
v -0.02574 -0.09170 0.08900
v -0.01561 -0.09361 0.08918
v -0.00884 -0.01026 0.08362
v -0.00894 -0.02082 0.08392
v -0.00902 -0.03187 0.08438
v 0.00057 -0.03133 0.08404
v 0.00069 -0.02058 0.08359
v 0.00077 -0.01017 0.08335
v -0.01826 -0.01020 0.08388
v -0.01837 -0.02074 0.08418
v -0.01832 -0.03180 0.08463
v -0.02720 -0.03144 0.08469
v -0.02741 -0.02054 0.08430
v -0.02739 -0.01012 0.08404
v 0.01055 -0.00987 0.08316
v 0.01044 -0.01994 0.08333
v 0.01029 -0.03038 0.08372
v 0.01028 -0.04141 0.08436
v 0.00059 -0.04268 0.08469
v -0.00893 -0.04344 0.08502
v -0.01814 -0.04351 0.08521
v -0.02689 -0.04307 0.08522
v -0.02636 -0.05656 0.08589
v -0.01770 -0.05700 0.08593
v -0.00853 -0.05680 0.08579
v 0.00103 -0.05577 0.08550
v 0.01077 -0.05402 0.08511
v 0.02034 -0.05184 0.08468
v 0.02007 -0.03998 0.08400
v 0.02027 -0.02923 0.08347
v 0.02052 -0.01913 0.08321
v 0.02069 -0.00945 0.08315
v 0.02996 -0.04952 0.08431
v 0.03062 -0.03857 0.08375
v 0.03143 -0.02813 0.08336
v 0.03192 -0.01831 0.08324
v 0.03207 -0.00904 0.08331
v -0.03606 -0.01006 0.08395
v -0.03593 -0.02038 0.08416
v -0.03552 -0.03111 0.08453
v -0.03502 -0.04252 0.08501
v -0.03436 -0.05577 0.08562
v -0.04157 -0.05483 0.08519
v -0.04251 -0.04228 0.08460
v -0.04334 -0.03108 0.08418
v -0.04408 -0.02040 0.08386
v -0.04447 -0.01007 0.08369
v -0.05385 -0.01026 0.08317
v -0.05299 -0.02081 0.08332
v -0.05163 -0.03168 0.08362
v -0.05012 -0.04273 0.08405
v -0.04842 -0.05414 0.08467
v 0.04299 -0.14567 0.34528
v 0.05332 -0.14445 0.34600
v 0.06357 -0.14379 0.34610
v 0.07413 -0.14381 0.34417
v 0.08513 -0.14436 0.34204
v 0.08545 -0.14610 0.33420
v 0.07384 -0.14575 0.33580
v 0.06252 -0.14585 0.33743
v 0.05157 -0.14647 0.33732
v 0.04073 -0.14763 0.33727
v 0.03957 -0.14927 0.32911
v 0.05049 -0.14826 0.32965
v 0.06135 -0.14763 0.32906
v 0.07253 -0.14755 0.32814
v 0.08381 -0.14780 0.32705
v 0.07079 -0.14918 0.32100
v 0.06035 -0.14938 0.32229
v 0.05003 -0.14993 0.32258
v 0.03962 -0.15081 0.32172
v 0.04044 -0.15215 0.31475
v 0.04992 -0.15143 0.31575
v 0.05933 -0.15086 0.31513
v 0.06886 -0.15069 0.31428
v 0.04607 -0.14343 0.35331
v 0.05550 -0.14210 0.35502
v 0.06459 -0.14159 0.35541
v 0.07372 -0.14200 0.35310
v 0.08291 -0.14278 0.35024
v 0.07572 -0.15244 0.30665
v 0.06705 -0.15229 0.30756
v 0.05840 -0.15246 0.30841
v 0.04995 -0.15282 0.30901
v 0.04187 -0.15345 0.30852
v 0.03276 -0.09851 0.09059
v 0.04405 -0.08858 0.08977
v 0.05488 -0.07609 0.08854
v 0.06428 -0.06084 0.08741
v 0.07061 -0.04557 0.08655
v 0.07416 -0.03197 0.08611
v 0.07556 -0.01997 0.08604
v 0.07565 -0.00947 0.08601
v -0.09481 -0.01367 0.08357
v -0.09212 -0.02819 0.08402
v -0.08786 -0.04299 0.08494
v -0.08226 -0.05699 0.08588
v -0.07524 -0.06990 0.08678
v -0.06682 -0.08131 0.08788
v -0.05791 -0.09038 0.08887
v -0.04930 -0.09715 0.08975
v -0.03948 -0.10275 0.09074
v -0.02817 -0.10792 0.09169
v -0.01642 -0.11140 0.09206
v -0.00463 -0.11225 0.09202
v 0.00759 -0.11063 0.09172
v 0.02029 -0.10615 0.09118
v 0.07403 -0.16157 0.40061
v 0.07336 -0.16302 0.39406
v 0.05944 -0.16345 0.39342
v 0.05763 -0.16179 0.40012
v 0.12805 -0.16555 0.35516
v 0.12438 -0.16704 0.35145
v 0.12110 -0.16368 0.37163
v 0.11771 -0.16512 0.36750
v 0.08615 -0.16330 0.39158
v 0.09751 -0.16365 0.38701
v 0.11087 -0.16244 0.38508
v 0.10814 -0.16410 0.37979
v 0.12700 -0.16907 0.33698
v 0.08737 -0.16187 0.39807
v 0.09939 -0.16205 0.39309
v 0.13175 -0.16557 0.34195
v 0.12647 -0.17123 0.32362
v 0.12318 -0.17348 0.31127
v 0.11925 -0.16902 0.31411
v 0.12148 -0.16742 0.32416
v 0.11319 -0.15992 0.31474
v 0.11514 -0.15848 0.32357
v 0.10331 -0.15255 0.31679
v 0.10531 -0.15112 0.32428
v 0.09211 -0.15008 0.31937
v 0.08143 -0.14942 0.32035
v 0.08904 -0.15158 0.31278
v 0.07861 -0.15093 0.31385
v 0.08515 -0.15310 0.30497
v 0.08187 -0.15448 0.29789
v 0.07399 -0.15401 0.29935
v 0.06595 -0.15398 0.29973
v 0.05757 -0.15435 0.30106
v 0.04947 -0.15440 0.30229
v 0.04348 -0.15450 0.30377
v 0.07423 -0.15567 0.29220
v 0.07992 -0.15551 0.29319
v 0.08571 0.00000 0.04282
v -0.10791 0.00000 0.03194
v -0.10347 -0.00000 0.08385
v 0.08869 0.00000 0.08613
v -0.10735 -0.00000 -0.00662
v 0.08798 -0.00000 0.01035
v -0.10745 0.00000 0.05161
v 0.08653 0.00000 0.06032
v -0.10775 0.00000 0.01238
v 0.08622 0.00000 0.02602
v 0.08965 -0.00000 0.08287
v -0.10557 -0.00000 0.07918
v -0.06978 0.09898 0.03824
v -0.05856 0.10844 0.03987
v -0.04620 0.11591 0.04132
v 0.06058 0.08897 0.04114
v 0.07060 0.07121 0.04138
v 0.07253 0.06836 0.08823
v 0.06189 0.08515 0.08944
v -0.04314 0.11299 0.09245
v -0.05413 0.10564 0.09132
v -0.06361 0.09689 0.09017
v -0.04574 0.11697 0.00492
v -0.05820 0.10878 0.00236
v -0.06957 0.09863 -0.00028
v 0.07226 0.07432 0.00972
v 0.06164 0.09253 0.00988
v -0.00471 0.12423 0.09355
v -0.00654 0.12551 0.04316
v -0.00503 0.12681 0.00955
v -0.10319 0.03286 -0.00668
v 0.08008 0.05119 0.08731
v 0.07745 0.05355 0.04195
v 0.07995 0.05469 0.00979
v 0.08463 0.03575 0.08669
v 0.08173 0.03777 0.04234
v 0.08435 0.03735 0.00989
v 0.08663 0.02311 0.01009
v 0.08420 0.02397 0.04258
v 0.08716 0.02229 0.08640
v 0.08833 0.01053 0.08625
v 0.08540 0.01160 0.04275
v 0.08768 0.01109 0.01029
v -0.07278 0.08660 0.08907
v -0.07953 0.08816 0.03671
v -0.07928 0.08745 -0.00248
v -0.09506 0.04779 0.08549
v -0.10006 0.04909 0.03346
v -0.09873 0.04856 -0.00619
v -0.08871 0.06232 0.08667
v -0.09451 0.06363 0.03439
v -0.09342 0.06290 -0.00525
v -0.08708 0.07570 -0.00404
v -0.08770 0.07647 0.03545
v -0.08121 0.07518 0.08792
v 0.03712 0.11060 0.09197
v 0.03418 0.11520 0.04215
v 0.03584 0.11571 0.01109
v 0.02303 0.11845 0.09271
v 0.02042 0.12182 0.04275
v 0.02204 0.12199 0.01121
v 0.00884 0.12277 0.09322
v 0.00684 0.12481 0.04310
v 0.00844 0.12551 0.01051
v 0.04994 0.09940 0.09083
v 0.04787 0.10403 0.04147
v 0.04926 0.10616 0.01039
v -0.09951 0.04922 0.05313
v -0.09382 0.06408 0.05396
v -0.08678 0.07719 0.05506
v -0.07826 0.08897 0.05648
v -0.06826 0.09965 0.05817
v -0.05709 0.10874 0.05986
v -0.04494 0.11590 0.06130
v -0.00657 0.12560 0.06322
v 0.00658 0.12496 0.06315
v 0.02046 0.12183 0.06288
v 0.03424 0.11484 0.06270
v 0.04770 0.10341 0.06247
v 0.06054 0.08780 0.06189
v 0.07106 0.06972 0.06087
v 0.07814 0.05240 0.06027
v 0.08260 0.03700 0.06011
v 0.08512 0.02339 0.06014
v 0.08625 0.01123 0.06026
v -0.10394 0.03306 0.01282
v -0.09963 0.04883 0.01350
v -0.09421 0.06314 0.01445
v -0.08775 0.07584 0.01555
v -0.07992 0.08751 0.01688
v -0.07029 0.09847 0.01860
v -0.05901 0.10828 0.02058
v -0.04648 0.11612 0.02247
v -0.00577 0.12584 0.02538
v 0.00753 0.12488 0.02575
v 0.02092 0.12167 0.02586
v 0.03467 0.11535 0.02539
v 0.04832 0.10505 0.02445
v 0.06079 0.09079 0.02394
v 0.07098 0.07293 0.02434
v 0.07811 0.05439 0.02506
v 0.08234 0.03791 0.02547
v 0.08469 0.02390 0.02574
v 0.08587 0.01157 0.02595
v 0.08931 0.01070 0.08298
v 0.08816 0.02262 0.08309
v 0.08560 0.03621 0.08335
v 0.08094 0.05171 0.08402
v 0.07332 0.06911 0.08509
v 0.06244 0.08665 0.08635
v 0.04989 0.10156 0.08777
v 0.03655 0.11287 0.08883
v 0.02241 0.12050 0.08936
v 0.00828 0.12451 0.08971
v -0.00521 0.12564 0.08991
v -0.04370 0.11491 0.08848
v -0.05516 0.10767 0.08726
v -0.06524 0.09869 0.08594
v -0.07478 0.08806 0.08462
v -0.08339 0.07645 0.08325
v -0.09091 0.06342 0.08186
v -0.09716 0.04860 0.08068
v -0.10423 0.03313 0.03272
v -0.10375 0.03299 0.05233
v -0.10182 0.03244 0.07975
v -0.09987 0.03193 0.08450
v -0.10625 0.01650 -0.00669
v -0.10675 0.01664 0.01248
v -0.10693 0.01660 0.03216
v -0.10645 0.01642 0.05177
v -0.10468 0.01602 0.07924
v -0.10268 0.01573 0.08393
v -0.03066 0.11914 0.09336
v -0.01771 0.12317 0.09370
v -0.01810 0.12443 0.08989
v -0.03102 0.12069 0.08945
v -0.03310 0.12120 0.04238
v -0.01981 0.12436 0.04298
v -0.03303 0.12162 0.02393
v -0.01928 0.12480 0.02484
v -0.03239 0.12275 0.00700
v -0.01863 0.12600 0.00846
v -0.03214 0.12113 0.06241
v -0.01930 0.12438 0.06304
v 0.09334 -0.00000 -0.01709
v 0.09315 0.01033 -0.01700
v 0.09214 0.02273 -0.01679
v 0.08925 0.03856 -0.01608
v 0.08399 0.05742 -0.01537
v 0.07598 0.07746 -0.01447
v 0.06486 0.09474 -0.01328
v 0.05241 0.10734 -0.01277
v 0.03905 0.11622 -0.01255
v 0.02466 0.12267 -0.01280
v 0.00985 0.12688 -0.01392
v -0.00445 0.12861 -0.01548
v -0.01831 0.12758 -0.01735
v -0.03159 0.12366 -0.01977
v -0.04381 0.11760 -0.02257
v -0.05523 0.10967 -0.02550
v -0.06602 0.09982 -0.02890
v -0.07556 0.08861 -0.03223
v -0.08344 0.07643 -0.03489
v -0.09016 0.06277 -0.03733
v -0.09582 0.04776 -0.03978
v -0.10018 0.03179 -0.04130
v -0.10327 0.01568 -0.04221
v -0.10437 -0.00000 -0.04247
v 0.00743 0.12487 0.08140
v 0.02145 0.12118 0.08115
v 0.03544 0.11373 0.08075
v 0.04886 0.10240 0.07996
v 0.06167 0.08714 0.07877
v 0.07250 0.06916 0.07740
v 0.07989 0.05177 0.07607
v 0.08448 0.03636 0.07540
v 0.08699 0.02280 0.07524
v 0.08806 0.01084 0.07524
v 0.08835 0.00000 0.07520
v -0.10646 -0.00000 0.06872
v -0.10553 0.01621 0.06877
v -0.10281 0.03273 0.06924
v -0.09839 0.04905 0.07015
v -0.09238 0.06402 0.07118
v -0.08501 0.07719 0.07255
v -0.07635 0.08897 0.07411
v -0.06644 0.09963 0.07578
v -0.05572 0.10852 0.07741
v -0.04398 0.11560 0.07890
v -0.03128 0.12101 0.08025
v -0.01847 0.12452 0.08117
v -0.00582 0.12577 0.08152
v -0.10640 -0.00000 -0.02618
v -0.10523 0.01614 -0.02621
v -0.10210 0.03241 -0.02608
v -0.09755 0.04817 -0.02527
v -0.09199 0.06282 -0.02376
v -0.08544 0.07604 -0.02204
v -0.07754 0.08802 -0.02001
v -0.06783 0.09937 -0.01727
v -0.05670 0.10959 -0.01415
v -0.04476 0.11769 -0.01121
v -0.03200 0.12366 -0.00850
v -0.01852 0.12728 -0.00643
v -0.00476 0.12816 -0.00493
v 0.00917 0.12655 -0.00359
v 0.02339 0.12256 -0.00253
v 0.03743 0.11617 -0.00239
v 0.05076 0.10708 -0.00284
v 0.06331 0.09407 -0.00334
v 0.07453 0.07588 -0.00409
v 0.08265 0.05536 -0.00459
v 0.08736 0.03705 -0.00488
v 0.08973 0.02230 -0.00500
v 0.09072 0.01046 -0.00499
v 0.09098 0.00000 -0.00502
v -0.09983 0.01538 -0.04900
v -0.09693 0.03128 -0.04775
v -0.09270 0.04721 -0.04593
v -0.08707 0.06208 -0.04328
v -0.08050 0.07561 -0.04048
v -0.07297 0.08767 -0.03743
v -0.06374 0.09849 -0.03394
v -0.05334 0.10775 -0.03057
v -0.04248 0.11530 -0.02766
v -0.03084 0.12123 -0.02500
v -0.01805 0.12523 -0.02258
v -0.00443 0.12638 -0.02062
v 0.00984 0.12470 -0.01899
v 0.02467 0.12054 -0.01785
v 0.03893 0.11422 -0.01752
v 0.05196 0.10563 -0.01763
v 0.06398 0.09359 -0.01817
v 0.07457 0.07725 -0.01955
v 0.08227 0.05817 -0.02085
v 0.08774 0.03945 -0.02180
v 0.09090 0.02309 -0.02271
v 0.09186 0.01036 -0.02313
v 0.09195 -0.00000 -0.02333
v -0.07633 0.02832 -0.04991
v -0.07310 0.04303 -0.04820
v -0.06899 0.05510 -0.04594
v -0.06415 0.06540 -0.04350
v -0.05848 0.07473 -0.04075
v -0.05143 0.08337 -0.03780
v -0.04332 0.09036 -0.03529
v -0.03497 0.09545 -0.03332
v -0.02627 0.09944 -0.03128
v -0.01664 0.10207 -0.02927
v -0.00589 0.10252 -0.02776
v 0.00570 0.10108 -0.02650
v 0.01773 0.09807 -0.02526
v 0.02934 0.09376 -0.02435
v 0.04011 0.08798 -0.02371
v 0.05029 0.07963 -0.02354
v 0.05869 0.06727 -0.02488
v 0.06433 0.05298 -0.02682
v 0.06796 0.03769 -0.02818
v 0.06936 0.02205 -0.02911
v 0.06958 0.01002 -0.03000
v 0.06955 -0.00000 -0.03063
v -0.06086 0.02602 -0.05146
v -0.05903 0.03788 -0.04989
v -0.05682 0.04799 -0.04780
v -0.05402 0.05729 -0.04551
v -0.05179 0.06590 -0.04301
v -0.04617 0.06943 -0.04181
v -0.03971 0.07388 -0.04034
v -0.03287 0.07693 -0.03934
v -0.02561 0.07894 -0.03842
v -0.01751 0.08003 -0.03747
v -0.00836 0.08013 -0.03658
v 0.00162 0.07936 -0.03559
v 0.01212 0.07772 -0.03422
v 0.02249 0.07538 -0.03267
v 0.03234 0.07236 -0.03102
v 0.04146 0.06978 -0.02901
v 0.04458 0.06005 -0.03140
v 0.04781 0.04872 -0.03384
v 0.04962 0.03652 -0.03602
v 0.05006 0.02358 -0.03779
v 0.04994 0.01127 -0.03906
v 0.04983 -0.00000 -0.03975
v -0.07079 -0.00000 0.08398
v 0.05267 -0.00000 0.08623
v 0.05166 0.02863 0.08599
v 0.05263 0.01856 0.08598
v 0.04111 0.05528 0.08701
v 0.04771 0.04959 0.08692
v 0.03365 0.06134 0.08720
v -0.04216 0.07162 0.08780
v -0.03529 0.07423 0.08837
v -0.04760 0.06803 0.08730
v -0.05341 0.06275 0.08667
v -0.06538 0.03631 0.08480
v -0.06192 0.04817 0.08552
v -0.07017 0.01163 0.08399
v 0.04926 0.03940 0.08634
v 0.05267 0.00911 0.08616
v -0.05935 0.05816 0.08621
v -0.06821 0.02381 0.08421
v 0.01463 0.07177 0.08809
v 0.02486 0.06686 0.08757
v 0.00383 0.07525 0.08856
v -0.00666 0.07699 0.08892
v -0.02644 0.07629 0.08890
v -0.01672 0.07728 0.08906
v 0.06914 0.00000 0.08657
v 0.06910 0.00920 0.08662
v 0.06880 0.01917 0.08659
v 0.06704 0.03031 0.08669
v 0.06317 0.04270 0.08717
v 0.05744 0.05611 0.08792
v 0.04963 0.06861 0.08868
v 0.04035 0.07864 0.08951
v 0.02999 0.08720 0.09024
v 0.01834 0.09439 0.09072
v 0.00651 0.09898 0.09109
v -0.00482 0.10079 0.09141
v -0.01584 0.10035 0.09160
v -0.02680 0.09765 0.09138
v -0.03723 0.09334 0.09059
v -0.04578 0.08852 0.08970
v -0.05280 0.08262 0.08892
v -0.06009 0.07464 0.08804
v -0.06717 0.06504 0.08722
v -0.07347 0.05374 0.08638
v -0.07866 0.04093 0.08537
v -0.08269 0.02705 0.08447
v -0.08528 0.01319 0.08410
v -0.08603 0.00000 0.08408
v -0.00020 0.03821 -0.05178
v -0.00016 0.02660 -0.05441
v -0.00006 0.01333 -0.05631
v 0.00003 -0.00000 -0.05721
v -0.00938 0.01326 -0.05684
v -0.00955 0.02645 -0.05494
v -0.00970 0.03796 -0.05240
v -0.01854 0.03747 -0.05256
v -0.01842 0.02617 -0.05503
v -0.02654 0.02588 -0.05481
v -0.02658 0.03698 -0.05245
v -0.03387 0.03656 -0.05213
v -0.03391 0.02563 -0.05435
v 0.00921 0.00000 -0.05607
v 0.00926 0.01328 -0.05515
v 0.00943 0.02649 -0.05313
v 0.00962 0.03815 -0.05029
v 0.01974 0.03782 -0.04776
v 0.01937 0.02612 -0.05075
v 0.01896 0.01300 -0.05290
v 0.01881 -0.00000 -0.05385
v 0.03085 -0.00000 -0.04915
v 0.03104 0.01246 -0.04830
v 0.03149 0.02534 -0.04631
v 0.03177 0.03715 -0.04350
v 0.03165 0.04835 -0.04008
v 0.02003 0.04895 -0.04386
v 0.00980 0.04930 -0.04636
v -0.00021 0.04929 -0.04801
v -0.00986 0.04893 -0.04887
v -0.01873 0.04827 -0.04926
v -0.02675 0.04756 -0.04935
v -0.03397 0.04691 -0.04925
v 0.03120 0.05950 -0.03628
v 0.02043 0.06054 -0.03925
v 0.01020 0.06132 -0.04143
v 0.00003 0.06162 -0.04305
v -0.00973 0.06144 -0.04408
v -0.01865 0.06085 -0.04473
v -0.02662 0.06000 -0.04511
v -0.03373 0.05900 -0.04535
v -0.04025 0.05781 -0.04558
v -0.04067 0.04637 -0.04906
v -0.04072 0.03626 -0.05167
v -0.04090 0.02545 -0.05370
v -0.04821 0.03628 -0.05103
v -0.04759 0.04614 -0.04871
v -0.04657 0.05648 -0.04584
v -0.00850 0.00000 0.08591
v -0.00857 0.01214 0.08601
v -0.00872 0.02464 0.08628
v -0.00877 0.03767 0.08674
v 0.00253 0.03675 0.08644
v 0.00272 0.02412 0.08598
v 0.00288 0.01194 0.08577
v 0.00293 -0.00000 0.08572
v 0.01395 -0.00000 0.08567
v 0.01389 0.01140 0.08567
v 0.01372 0.02300 0.08576
v 0.01353 0.03517 0.08614
v -0.01977 0.03768 0.08689
v -0.01999 0.02452 0.08647
v -0.01993 0.01204 0.08620
v -0.01982 -0.00000 0.08612
v -0.03057 -0.00000 0.08613
v -0.03067 0.01185 0.08618
v -0.03056 0.02415 0.08639
v -0.03007 0.03711 0.08677
v 0.02352 0.03332 0.08587
v 0.02369 0.02168 0.08568
v 0.02386 0.01073 0.08572
v 0.02394 0.00000 0.08577
v 0.03262 0.00000 0.08597
v 0.03256 0.01015 0.08589
v 0.03241 0.02050 0.08572
v 0.03219 0.03156 0.08579
v 0.04044 0.02989 0.08585
v 0.04082 0.01947 0.08584
v 0.04094 0.00962 0.08608
v 0.04098 -0.00000 0.08619
v 0.03980 0.04145 0.08618
v 0.03212 0.04442 0.08616
v 0.02353 0.04729 0.08639
v 0.01353 0.04994 0.08682
v 0.00261 0.05206 0.08720
v -0.00841 0.05329 0.08750
v -0.01902 0.05348 0.08758
v -0.02894 0.05294 0.08742
v -0.03976 -0.00000 0.08585
v -0.03979 0.01166 0.08588
v -0.03953 0.02375 0.08605
v -0.03885 0.03652 0.08641
v -0.03754 0.05206 0.08701
v -0.04399 0.05107 0.08656
v -0.04538 0.03605 0.08597
v -0.04620 0.02344 0.08566
v -0.04660 0.01150 0.08552
v -0.04665 -0.00000 0.08553
v -0.05213 -0.00000 0.08522
v -0.05200 0.01140 0.08518
v -0.05140 0.02325 0.08529
v -0.05041 0.03568 0.08558
v -0.04893 0.04986 0.08617
v -0.05429 0.04830 0.08577
v -0.05618 0.03544 0.08517
v -0.05769 0.02316 0.08481
v -0.05872 0.01134 0.08468
v -0.05902 -0.00000 0.08471
v -0.08344 0.05940 0.08761
v -0.08959 0.04551 0.08643
v -0.09431 0.03036 0.08543
v -0.09697 0.01490 0.08493
v -0.09768 -0.00000 0.08488
v 0.08274 0.00000 0.08708
v 0.08247 0.00999 0.08719
v 0.08155 0.02111 0.08734
v 0.07927 0.03382 0.08758
v 0.07501 0.04833 0.08819
v 0.06802 0.06436 0.08909
v 0.05820 0.07978 0.09018
v 0.04715 0.09276 0.09145
v 0.03527 0.10350 0.09251
v 0.02189 0.11150 0.09322
v 0.00840 0.11606 0.09367
v -0.00446 0.11781 0.09400
v -0.01689 0.11695 0.09416
v -0.02921 0.11289 0.09379
v -0.04099 0.10680 0.09282
v -0.05111 0.09997 0.09171
v -0.05973 0.09211 0.09069
v -0.06828 0.08264 0.08972
v -0.07627 0.07177 0.08872
v -0.08978 0.03027 -0.04920
v -0.08578 0.04592 -0.04736
v -0.08048 0.05988 -0.04487
v -0.07447 0.07227 -0.04213
v -0.06760 0.08339 -0.03908
v -0.05910 0.09348 -0.03574
v -0.04945 0.10189 -0.03265
v -0.03949 0.10860 -0.02998
v -0.02898 0.11407 -0.02743
v -0.01740 0.11789 -0.02501
v -0.00473 0.11890 -0.02311
v 0.00875 0.11727 -0.02157
v 0.02269 0.11340 -0.02041
v 0.03603 0.10761 -0.01990
v 0.04820 0.09982 -0.01980
v 0.05951 0.08896 -0.02021
v 0.06938 0.07395 -0.02167
v 0.07632 0.05646 -0.02336
v 0.08132 0.03876 -0.02443
v 0.08398 0.02248 -0.02525
v 0.08466 0.01005 -0.02591
v 0.08469 -0.00000 -0.02632
v -0.06978 -0.09898 0.03824
v -0.05856 -0.10844 0.03987
v -0.04620 -0.11591 0.04132
v 0.06058 -0.08897 0.04114
v 0.07060 -0.07121 0.04138
v 0.07253 -0.06836 0.08823
v 0.06189 -0.08515 0.08944
v -0.04311 -0.11302 0.09246
v -0.05411 -0.10567 0.09132
v -0.06360 -0.09690 0.09018
v -0.04574 -0.11697 0.00492
v -0.05820 -0.10878 0.00236
v -0.06957 -0.09863 -0.00028
v 0.07226 -0.07432 0.00972
v 0.06164 -0.09253 0.00988
v -0.00470 -0.12424 0.09355
v -0.00654 -0.12551 0.04316
v -0.00503 -0.12681 0.00955
v -0.10319 -0.03286 -0.00668
v 0.08008 -0.05119 0.08731
v 0.07745 -0.05355 0.04195
v 0.07995 -0.05469 0.00979
v 0.08463 -0.03575 0.08669
v 0.08173 -0.03777 0.04234
v 0.08435 -0.03735 0.00989
v 0.08663 -0.02311 0.01009
v 0.08420 -0.02397 0.04258
v 0.08716 -0.02229 0.08640
v 0.08833 -0.01053 0.08625
v 0.08540 -0.01160 0.04275
v 0.08768 -0.01109 0.01029
v -0.07276 -0.08662 0.08907
v -0.07953 -0.08816 0.03671
v -0.07928 -0.08745 -0.00248
v -0.09506 -0.04779 0.08549
v -0.10006 -0.04909 0.03346
v -0.09873 -0.04856 -0.00619
v -0.08871 -0.06233 0.08667
v -0.09451 -0.06363 0.03439
v -0.09342 -0.06290 -0.00525
v -0.08708 -0.07570 -0.00404
v -0.08770 -0.07647 0.03545
v -0.08121 -0.07519 0.08792
v 0.03713 -0.11060 0.09197
v 0.03418 -0.11520 0.04215
v 0.03584 -0.11571 0.01109
v 0.02303 -0.11845 0.09271
v 0.02042 -0.12182 0.04275
v 0.02204 -0.12199 0.01121
v 0.00884 -0.12277 0.09322
v 0.00684 -0.12481 0.04310
v 0.00844 -0.12551 0.01051
v 0.04995 -0.09940 0.09083
v 0.04787 -0.10403 0.04147
v 0.04926 -0.10616 0.01039
v -0.09951 -0.04922 0.05313
v -0.09382 -0.06408 0.05396
v -0.08678 -0.07719 0.05506
v -0.07826 -0.08898 0.05648
v -0.06825 -0.09965 0.05817
v -0.05709 -0.10874 0.05986
v -0.04494 -0.11590 0.06130
v -0.00657 -0.12560 0.06322
v 0.00658 -0.12496 0.06315
v 0.02046 -0.12183 0.06288
v 0.03424 -0.11484 0.06270
v 0.04770 -0.10341 0.06247
v 0.06054 -0.08780 0.06189
v 0.07106 -0.06972 0.06087
v 0.07814 -0.05240 0.06027
v 0.08260 -0.03700 0.06011
v 0.08512 -0.02339 0.06014
v 0.08625 -0.01123 0.06026
v -0.10394 -0.03306 0.01282
v -0.09963 -0.04883 0.01350
v -0.09421 -0.06314 0.01445
v -0.08775 -0.07584 0.01555
v -0.07992 -0.08751 0.01688
v -0.07029 -0.09847 0.01860
v -0.05901 -0.10828 0.02058
v -0.04648 -0.11612 0.02247
v -0.00577 -0.12584 0.02538
v 0.00753 -0.12488 0.02575
v 0.02092 -0.12167 0.02586
v 0.03467 -0.11535 0.02539
v 0.04832 -0.10505 0.02445
v 0.06079 -0.09079 0.02394
v 0.07098 -0.07293 0.02434
v 0.07811 -0.05439 0.02506
v 0.08234 -0.03791 0.02547
v 0.08469 -0.02390 0.02574
v 0.08587 -0.01157 0.02595
v 0.08931 -0.01070 0.08298
v 0.08816 -0.02262 0.08309
v 0.08560 -0.03621 0.08335
v 0.08094 -0.05171 0.08402
v 0.07332 -0.06911 0.08509
v 0.06244 -0.08665 0.08635
v 0.04989 -0.10156 0.08777
v 0.03655 -0.11287 0.08883
v 0.02241 -0.12050 0.08936
v 0.00828 -0.12451 0.08972
v -0.00521 -0.12564 0.08991
v -0.04368 -0.11492 0.08848
v -0.05515 -0.10769 0.08726
v -0.06523 -0.09870 0.08594
v -0.07477 -0.08808 0.08462
v -0.08339 -0.07646 0.08325
v -0.09091 -0.06342 0.08186
v -0.09716 -0.04860 0.08068
v -0.10423 -0.03313 0.03272
v -0.10375 -0.03299 0.05233
v -0.10182 -0.03244 0.07975
v -0.09987 -0.03193 0.08450
v -0.10625 -0.01650 -0.00669
v -0.10675 -0.01664 0.01248
v -0.10693 -0.01660 0.03216
v -0.10645 -0.01642 0.05177
v -0.10468 -0.01602 0.07924
v -0.10268 -0.01573 0.08393
v -0.03063 -0.11917 0.09336
v -0.01769 -0.12318 0.09370
v -0.01809 -0.12444 0.08989
v -0.03101 -0.12070 0.08945
v -0.03310 -0.12120 0.04238
v -0.01981 -0.12436 0.04298
v -0.03303 -0.12162 0.02393
v -0.01928 -0.12480 0.02484
v -0.03239 -0.12275 0.00700
v -0.01863 -0.12600 0.00846
v -0.03213 -0.12113 0.06241
v -0.01930 -0.12438 0.06304
v 0.09315 -0.01033 -0.01700
v 0.09214 -0.02273 -0.01679
v 0.08925 -0.03856 -0.01608
v 0.08399 -0.05742 -0.01537
v 0.07598 -0.07746 -0.01447
v 0.06486 -0.09474 -0.01328
v 0.05241 -0.10734 -0.01277
v 0.03905 -0.11622 -0.01255
v 0.02466 -0.12267 -0.01280
v 0.00985 -0.12688 -0.01392
v -0.00445 -0.12861 -0.01548
v -0.01831 -0.12758 -0.01735
v -0.03159 -0.12366 -0.01977
v -0.04381 -0.11760 -0.02257
v -0.05523 -0.10967 -0.02550
v -0.06602 -0.09982 -0.02890
v -0.07556 -0.08861 -0.03223
v -0.08344 -0.07643 -0.03489
v -0.09016 -0.06277 -0.03733
v -0.09582 -0.04776 -0.03978
v -0.10018 -0.03179 -0.04130
v -0.10327 -0.01568 -0.04221
v 0.00743 -0.12487 0.08140
v 0.02145 -0.12118 0.08115
v 0.03544 -0.11373 0.08075
v 0.04886 -0.10240 0.07996
v 0.06167 -0.08714 0.07877
v 0.07250 -0.06916 0.07740
v 0.07989 -0.05177 0.07607
v 0.08448 -0.03636 0.07540
v 0.08699 -0.02280 0.07524
v 0.08806 -0.01084 0.07525
v -0.10553 -0.01621 0.06877
v -0.10281 -0.03273 0.06924
v -0.09839 -0.04905 0.07015
v -0.09238 -0.06402 0.07118
v -0.08501 -0.07720 0.07255
v -0.07634 -0.08897 0.07412
v -0.06643 -0.09964 0.07578
v -0.05572 -0.10853 0.07741
v -0.04398 -0.11560 0.07890
v -0.03127 -0.12101 0.08025
v -0.01847 -0.12452 0.08117
v -0.00582 -0.12577 0.08152
v -0.10523 -0.01614 -0.02621
v -0.10210 -0.03241 -0.02608
v -0.09755 -0.04817 -0.02527
v -0.09199 -0.06282 -0.02376
v -0.08544 -0.07604 -0.02204
v -0.07754 -0.08802 -0.02001
v -0.06783 -0.09937 -0.01727
v -0.05670 -0.10959 -0.01415
v -0.04476 -0.11769 -0.01121
v -0.03200 -0.12366 -0.00850
v -0.01852 -0.12728 -0.00643
v -0.00476 -0.12816 -0.00493
v 0.00917 -0.12655 -0.00359
v 0.02339 -0.12256 -0.00253
v 0.03743 -0.11617 -0.00239
v 0.05076 -0.10708 -0.00284
v 0.06331 -0.09407 -0.00334
v 0.07453 -0.07588 -0.00409
v 0.08265 -0.05536 -0.00459
v 0.08736 -0.03705 -0.00488
v 0.08973 -0.02230 -0.00500
v 0.09072 -0.01046 -0.00499
v -0.09983 -0.01538 -0.04900
v -0.09693 -0.03128 -0.04775
v -0.09270 -0.04721 -0.04593
v -0.08707 -0.06208 -0.04328
v -0.08050 -0.07561 -0.04048
v -0.07297 -0.08767 -0.03743
v -0.06374 -0.09849 -0.03394
v -0.05334 -0.10775 -0.03057
v -0.04248 -0.11530 -0.02766
v -0.03084 -0.12123 -0.02501
v -0.01805 -0.12523 -0.02258
v -0.00443 -0.12638 -0.02062
v 0.00984 -0.12470 -0.01899
v 0.02467 -0.12054 -0.01785
v 0.03893 -0.11422 -0.01752
v 0.05196 -0.10563 -0.01763
v 0.06398 -0.09359 -0.01817
v 0.07457 -0.07725 -0.01955
v 0.08227 -0.05817 -0.02085
v 0.08774 -0.03945 -0.02180
v 0.09090 -0.02309 -0.02271
v 0.09186 -0.01036 -0.02313
v -0.07633 -0.02832 -0.04991
v -0.07310 -0.04303 -0.04820
v -0.06899 -0.05510 -0.04594
v -0.06415 -0.06540 -0.04350
v -0.05848 -0.07473 -0.04075
v -0.05143 -0.08337 -0.03780
v -0.04332 -0.09036 -0.03529
v -0.03497 -0.09545 -0.03332
v -0.02627 -0.09944 -0.03128
v -0.01664 -0.10207 -0.02927
v -0.00589 -0.10252 -0.02776
v 0.00570 -0.10108 -0.02650
v 0.01773 -0.09807 -0.02526
v 0.02934 -0.09376 -0.02435
v 0.04011 -0.08798 -0.02371
v 0.05029 -0.07963 -0.02354
v 0.05869 -0.06727 -0.02488
v 0.06433 -0.05298 -0.02682
v 0.06796 -0.03769 -0.02818
v 0.06936 -0.02205 -0.02911
v 0.06958 -0.01002 -0.03000
v -0.06086 -0.02602 -0.05146
v -0.05903 -0.03788 -0.04989
v -0.05682 -0.04799 -0.04781
v -0.05402 -0.05729 -0.04551
v -0.05179 -0.06590 -0.04301
v -0.04617 -0.06943 -0.04181
v -0.03971 -0.07388 -0.04034
v -0.03287 -0.07693 -0.03934
v -0.02561 -0.07894 -0.03842
v -0.01751 -0.08003 -0.03747
v -0.00836 -0.08013 -0.03658
v 0.00162 -0.07936 -0.03559
v 0.01212 -0.07772 -0.03422
v 0.02249 -0.07538 -0.03267
v 0.03234 -0.07236 -0.03102
v 0.04146 -0.06978 -0.02901
v 0.04458 -0.06005 -0.03140
v 0.04781 -0.04872 -0.03384
v 0.04962 -0.03652 -0.03602
v 0.05006 -0.02358 -0.03779
v 0.04994 -0.01127 -0.03906
v 0.05166 -0.02863 0.08599
v 0.05263 -0.01856 0.08598
v 0.04111 -0.05528 0.08701
v 0.04771 -0.04959 0.08692
v 0.03365 -0.06134 0.08720
v -0.04215 -0.07163 0.08780
v -0.03528 -0.07424 0.08837
v -0.04759 -0.06804 0.08731
v -0.05340 -0.06276 0.08667
v -0.06538 -0.03631 0.08480
v -0.06192 -0.04817 0.08552
v -0.07017 -0.01163 0.08399
v 0.04926 -0.03940 0.08634
v 0.05267 -0.00911 0.08616
v -0.05935 -0.05816 0.08621
v -0.06821 -0.02381 0.08421
v 0.01463 -0.07177 0.08809
v 0.02486 -0.06686 0.08757
v 0.00383 -0.07525 0.08856
v -0.00666 -0.07699 0.08892
v -0.02643 -0.07630 0.08890
v -0.01672 -0.07728 0.08906
v 0.06910 -0.00920 0.08662
v 0.06880 -0.01917 0.08659
v 0.06704 -0.03031 0.08669
v 0.06317 -0.04270 0.08717
v 0.05744 -0.05611 0.08792
v 0.04963 -0.06861 0.08868
v 0.04035 -0.07864 0.08951
v 0.02999 -0.08720 0.09024
v 0.01834 -0.09439 0.09072
v 0.00651 -0.09898 0.09109
v -0.00482 -0.10079 0.09141
v -0.01584 -0.10035 0.09160
v -0.02679 -0.09766 0.09138
v -0.03722 -0.09335 0.09059
v -0.04577 -0.08853 0.08970
v -0.05279 -0.08263 0.08892
v -0.06008 -0.07466 0.08805
v -0.06717 -0.06505 0.08722
v -0.07347 -0.05374 0.08638
v -0.07866 -0.04093 0.08537
v -0.08269 -0.02705 0.08447
v -0.08528 -0.01319 0.08410
v -0.00020 -0.03821 -0.05178
v -0.00016 -0.02660 -0.05441
v -0.00006 -0.01333 -0.05631
v -0.00938 -0.01326 -0.05684
v -0.00955 -0.02645 -0.05494
v -0.00970 -0.03796 -0.05240
v -0.01854 -0.03747 -0.05256
v -0.01842 -0.02617 -0.05503
v -0.02654 -0.02588 -0.05481
v -0.02658 -0.03698 -0.05245
v -0.03387 -0.03656 -0.05213
v -0.03391 -0.02563 -0.05435
v 0.00926 -0.01328 -0.05515
v 0.00943 -0.02649 -0.05313
v 0.00962 -0.03815 -0.05029
v 0.01974 -0.03782 -0.04776
v 0.01937 -0.02612 -0.05075
v 0.01896 -0.01300 -0.05290
v 0.03104 -0.01246 -0.04830
v 0.03149 -0.02534 -0.04631
v 0.03177 -0.03715 -0.04350
v 0.03165 -0.04835 -0.04008
v 0.02003 -0.04895 -0.04386
v 0.00980 -0.04930 -0.04636
v -0.00021 -0.04929 -0.04801
v -0.00986 -0.04893 -0.04887
v -0.01873 -0.04827 -0.04926
v -0.02675 -0.04756 -0.04935
v -0.03397 -0.04691 -0.04925
v 0.03120 -0.05950 -0.03628
v 0.02043 -0.06054 -0.03925
v 0.01020 -0.06132 -0.04143
v 0.00003 -0.06162 -0.04305
v -0.00973 -0.06144 -0.04408
v -0.01865 -0.06085 -0.04473
v -0.02662 -0.06000 -0.04511
v -0.03373 -0.05900 -0.04535
v -0.04025 -0.05781 -0.04558
v -0.04067 -0.04637 -0.04906
v -0.04072 -0.03626 -0.05168
v -0.04090 -0.02545 -0.05370
v -0.04821 -0.03628 -0.05103
v -0.04759 -0.04614 -0.04871
v -0.04657 -0.05648 -0.04584
v -0.00857 -0.01214 0.08601
v -0.00872 -0.02464 0.08628
v -0.00877 -0.03768 0.08674
v 0.00253 -0.03675 0.08644
v 0.00272 -0.02412 0.08598
v 0.00288 -0.01194 0.08577
v 0.01389 -0.01140 0.08567
v 0.01372 -0.02300 0.08576
v 0.01353 -0.03517 0.08614
v -0.01977 -0.03768 0.08689
v -0.01999 -0.02452 0.08647
v -0.01993 -0.01204 0.08620
v -0.03067 -0.01185 0.08618
v -0.03056 -0.02415 0.08639
v -0.03007 -0.03712 0.08677
v 0.02352 -0.03332 0.08587
v 0.02369 -0.02168 0.08568
v 0.02386 -0.01073 0.08572
v 0.03256 -0.01015 0.08589
v 0.03241 -0.02050 0.08572
v 0.03219 -0.03156 0.08579
v 0.04044 -0.02989 0.08585
v 0.04082 -0.01947 0.08584
v 0.04094 -0.00962 0.08608
v 0.03980 -0.04145 0.08618
v 0.03212 -0.04442 0.08616
v 0.02353 -0.04729 0.08639
v 0.01353 -0.04994 0.08682
v 0.00261 -0.05206 0.08720
v -0.00841 -0.05330 0.08750
v -0.01902 -0.05349 0.08758
v -0.02894 -0.05295 0.08742
v -0.03979 -0.01166 0.08588
v -0.03953 -0.02375 0.08605
v -0.03885 -0.03652 0.08641
v -0.03754 -0.05207 0.08701
v -0.04399 -0.05107 0.08656
v -0.04538 -0.03605 0.08597
v -0.04620 -0.02344 0.08566
v -0.04660 -0.01150 0.08552
v -0.05200 -0.01140 0.08518
v -0.05140 -0.02325 0.08529
v -0.05041 -0.03568 0.08558
v -0.04893 -0.04986 0.08618
v -0.05428 -0.04830 0.08577
v -0.05618 -0.03544 0.08517
v -0.05769 -0.02316 0.08481
v -0.05872 -0.01134 0.08468
v -0.08344 -0.05940 0.08761
v -0.08959 -0.04551 0.08643
v -0.09431 -0.03036 0.08543
v -0.09697 -0.01490 0.08493
v 0.08247 -0.00999 0.08719
v 0.08155 -0.02111 0.08734
v 0.07927 -0.03382 0.08758
v 0.07501 -0.04833 0.08819
v 0.06802 -0.06436 0.08909
v 0.05820 -0.07978 0.09018
v 0.04715 -0.09276 0.09145
v 0.03527 -0.10350 0.09251
v 0.02189 -0.11150 0.09322
v 0.00841 -0.11606 0.09367
v -0.00446 -0.11781 0.09400
v -0.01687 -0.11696 0.09416
v -0.02919 -0.11291 0.09379
v -0.04097 -0.10682 0.09282
v -0.05109 -0.09999 0.09171
v -0.05972 -0.09213 0.09070
v -0.06827 -0.08267 0.08972
v -0.07627 -0.07178 0.08873
v -0.08978 -0.03027 -0.04920
v -0.08578 -0.04592 -0.04736
v -0.08048 -0.05988 -0.04487
v -0.07447 -0.07227 -0.04213
v -0.06760 -0.08339 -0.03908
v -0.05910 -0.09348 -0.03574
v -0.04945 -0.10189 -0.03265
v -0.03949 -0.10860 -0.02998
v -0.02898 -0.11407 -0.02743
v -0.01740 -0.11789 -0.02501
v -0.00473 -0.11890 -0.02311
v 0.00875 -0.11727 -0.02157
v 0.02269 -0.11340 -0.02041
v 0.03603 -0.10761 -0.01990
v 0.04820 -0.09982 -0.01980
v 0.05951 -0.08896 -0.02021
v 0.06938 -0.07395 -0.02167
v 0.07632 -0.05646 -0.02336
v 0.08132 -0.03876 -0.02443
v 0.08398 -0.02248 -0.02525
v 0.08466 -0.01005 -0.02591
v 0.11319 -0.00000 -0.07195
v 0.10124 0.00000 -0.03631
v 0.09314 0.00000 -0.02571
v 0.10632 0.00000 -0.04969
v 0.07321 0.10825 -0.04623
v 0.08632 0.09373 -0.04857
v -0.06708 0.10174 -0.04321
v -0.05614 0.11180 -0.03901
v -0.04471 0.11985 -0.03526
v 0.06788 0.10102 -0.02659
v 0.07959 0.08462 -0.02775
v -0.00603 0.13149 -0.02837
v -0.00727 0.13500 -0.04342
v 0.08842 0.06545 -0.02953
v 0.09652 0.07571 -0.05164
v 0.09498 0.04527 -0.03142
v 0.10402 0.05585 -0.05675
v 0.10925 0.03567 -0.06373
v 0.09913 0.02668 -0.03365
v 0.10085 0.01196 -0.03562
v 0.11216 0.01723 -0.06967
v -0.00452 0.12697 -0.02206
v -0.04249 0.11574 -0.02882
v -0.05330 0.10829 -0.03191
v -0.06359 0.09900 -0.03516
v 0.09296 0.01080 -0.02533
v 0.09183 0.02391 -0.02466
v 0.08851 0.04066 -0.02386
v 0.08281 0.05966 -0.02284
v 0.07492 0.07857 -0.02121
v 0.06438 0.09490 -0.01980
v -0.07279 0.08808 -0.03863
v -0.07663 0.08994 -0.04763
v -0.09266 0.04759 -0.04756
v -0.08699 0.06241 -0.04516
v -0.08037 0.07598 -0.04208
v 0.03911 0.11514 -0.01893
v 0.03944 0.12088 -0.02528
v 0.04160 0.12620 -0.04173
v 0.02475 0.12136 -0.01928
v 0.02413 0.12662 -0.02548
v 0.02457 0.13136 -0.04098
v 0.00982 0.12547 -0.02044
v 0.00869 0.13041 -0.02669
v 0.00797 0.13449 -0.04182
v 0.05229 0.10679 -0.01912
v 0.05409 0.11287 -0.02580
v 0.05798 0.11866 -0.04392
v 0.09075 0.09887 -0.06495
v 0.07670 0.11237 -0.06078
v 0.06063 0.12191 -0.05703
v -0.04547 0.12146 -0.04222
v -0.00682 0.13323 -0.03490
v 0.00811 0.13237 -0.03317
v 0.02404 0.12895 -0.03193
v 0.04013 0.12355 -0.03199
v 0.05556 0.11566 -0.03323
v 0.07003 0.10437 -0.03454
v 0.08235 0.08882 -0.03587
v 0.09173 0.07015 -0.03786
v 0.09871 0.04996 -0.04084
v 0.10343 0.03039 -0.04491
v 0.10568 0.01406 -0.04847
v -0.01807 0.12559 -0.02386
v -0.03081 0.12157 -0.02611
v -0.03261 0.12573 -0.03242
v -0.01974 0.12967 -0.03025
v -0.03341 0.12749 -0.03911
v -0.02059 0.13143 -0.03683
v -0.03386 0.12923 -0.04788
v -0.02111 0.13316 -0.04541
v 0.09757 0.00000 -0.02906
v 0.09729 0.01097 -0.02857
v 0.09592 0.02460 -0.02751
v 0.09224 0.04217 -0.02626
v 0.08605 0.06188 -0.02497
v 0.07763 0.08115 -0.02333
v 0.06650 0.09788 -0.02200
v 0.05355 0.11000 -0.02129
v 0.03960 0.11815 -0.02108
v 0.02477 0.12422 -0.02135
v 0.00955 0.12837 -0.02245
v -0.00505 0.12965 -0.02408
v -0.01877 0.12798 -0.02590
v -0.03172 0.12402 -0.02805
v -0.04379 0.11821 -0.03076
v -0.05505 0.11042 -0.03414
v -0.06581 0.10072 -0.03777
v -0.07533 0.08934 -0.04156
v -0.08320 0.07671 -0.04532
v -0.08997 0.06269 -0.04870
v -0.09563 0.04756 -0.05131
v 0.07428 -0.00000 -0.02823
v -0.04405 0.09813 -0.03413
v -0.03564 0.10388 -0.03179
v -0.05208 0.09072 -0.03668
v -0.05945 0.08180 -0.03956
v -0.07587 0.04808 -0.04709
v -0.07100 0.06066 -0.04479
v 0.07438 0.01263 -0.02808
v 0.07408 0.02663 -0.02780
v 0.07180 0.04217 -0.02704
v 0.06756 0.05855 -0.02558
v 0.06169 0.07458 -0.02349
v 0.05350 0.08785 -0.02211
v 0.04344 0.09657 -0.02223
v -0.06550 0.07189 -0.04230
v 0.02032 0.10786 -0.02326
v 0.03228 0.10301 -0.02274
v 0.00792 0.11113 -0.02408
v -0.00465 0.11274 -0.02536
v -0.02647 0.10865 -0.02933
v -0.01621 0.11198 -0.02704
v 0.05601 0.00000 -0.03429
v -0.03876 0.08701 -0.03688
v -0.03180 0.09116 -0.03519
v -0.04548 0.08185 -0.03868
v -0.05199 0.07746 -0.04031
v -0.06294 0.04720 -0.04734
v -0.05906 0.05907 -0.04502
v 0.05620 0.01485 -0.03410
v 0.05621 0.03019 -0.03343
v 0.05475 0.04512 -0.03191
v 0.05216 0.05911 -0.02948
v 0.04864 0.07238 -0.02677
v 0.04589 0.08247 -0.02486
v 0.03679 0.08610 -0.02615
v -0.05464 0.06942 -0.04250
v -0.06583 0.03357 -0.04909
v 0.01541 0.09309 -0.02879
v 0.02609 0.09009 -0.02760
v 0.00471 0.09510 -0.02985
v -0.00603 0.09620 -0.03090
v -0.02419 0.09432 -0.03344
v -0.01571 0.09607 -0.03197
v 0.08618 -0.00000 -0.02567
v 0.08612 0.01137 -0.02539
v 0.08530 0.02452 -0.02494
v 0.08239 0.04062 -0.02425
v 0.07723 0.05865 -0.02318
v 0.07006 0.07658 -0.02140
v 0.06027 0.09184 -0.01999
v 0.04908 0.10276 -0.01958
v 0.03681 0.11062 -0.01963
v 0.02335 0.11649 -0.02003
v 0.00932 0.12041 -0.02105
v -0.00442 0.12205 -0.02254
v -0.01731 0.12092 -0.02436
v -0.02913 0.11699 -0.02675
v -0.03983 0.11140 -0.02945
v -0.04972 0.10455 -0.03224
v -0.05915 0.09592 -0.03523
v -0.06765 0.08565 -0.03848
v -0.07469 0.07439 -0.04160
v -0.08089 0.06176 -0.04436
v -0.08635 0.04785 -0.04670
v -0.00016 -0.00000 -0.05410
v -0.00020 0.01784 -0.05324
v -0.00017 0.03471 -0.05074
v -0.00010 0.05013 -0.04673
v -0.01059 0.04997 -0.04758
v -0.01069 0.03471 -0.05132
v -0.01063 0.01782 -0.05373
v -0.01054 -0.00000 -0.05460
v -0.02070 0.01794 -0.05390
v -0.02056 0.03471 -0.05154
v -0.02021 0.04965 -0.04802
v 0.01140 0.04963 -0.04483
v 0.01139 0.03423 -0.04895
v 0.01104 0.01763 -0.05170
v 0.01087 -0.00000 -0.05263
v -0.02990 0.01780 -0.05362
v -0.02942 0.03424 -0.05133
v -0.02875 0.04897 -0.04802
v 0.02364 -0.00000 -0.04891
v 0.02392 0.01706 -0.04803
v 0.02441 0.03336 -0.04532
v 0.02424 0.04851 -0.04154
v 0.03855 0.04715 -0.03702
v 0.03923 0.03222 -0.03984
v 0.03892 0.01625 -0.04178
v 0.03865 -0.00000 -0.04238
v -0.03825 0.01746 -0.05284
v -0.03747 0.03361 -0.05082
v -0.03647 0.04818 -0.04785
v -0.03488 0.06209 -0.04410
v -0.02761 0.06307 -0.04386
v -0.01942 0.06367 -0.04360
v -0.01009 0.06398 -0.04298
v 0.00022 0.06414 -0.04199
v 0.01127 0.06372 -0.04025
v 0.02352 0.06249 -0.03740
v 0.03716 0.06088 -0.03355
v 0.03560 0.07379 -0.02991
v 0.02322 0.07587 -0.03281
v 0.01204 0.07739 -0.03501
v 0.00155 0.07823 -0.03650
v -0.00860 0.07856 -0.03754
v -0.01771 0.07863 -0.03825
v -0.02560 0.07808 -0.03884
v -0.03266 0.07646 -0.03962
v -0.03930 0.07391 -0.04056
v -0.04176 0.06067 -0.04445
v -0.04390 0.04735 -0.04768
v -0.04533 0.03310 -0.05021
v -0.05414 0.03311 -0.04961
v -0.05212 0.04696 -0.04753
v -0.04934 0.05938 -0.04480
v -0.04616 0.07097 -0.04163
v 0.07321 -0.10825 -0.04623
v 0.08632 -0.09373 -0.04857
v -0.06708 -0.10174 -0.04321
v -0.05614 -0.11180 -0.03901
v -0.04471 -0.11985 -0.03526
v 0.06788 -0.10102 -0.02659
v 0.07959 -0.08462 -0.02775
v -0.00603 -0.13149 -0.02837
v -0.00727 -0.13500 -0.04342
v 0.08842 -0.06545 -0.02953
v 0.09652 -0.07571 -0.05164
v 0.09498 -0.04527 -0.03142
v 0.10402 -0.05585 -0.05675
v 0.10925 -0.03567 -0.06373
v 0.09913 -0.02668 -0.03365
v 0.10085 -0.01196 -0.03562
v 0.11216 -0.01723 -0.06967
v -0.00452 -0.12697 -0.02206
v -0.04249 -0.11574 -0.02882
v -0.05330 -0.10829 -0.03191
v -0.06359 -0.09900 -0.03516
v 0.09296 -0.01080 -0.02533
v 0.09183 -0.02391 -0.02466
v 0.08851 -0.04066 -0.02386
v 0.08281 -0.05966 -0.02284
v 0.07492 -0.07857 -0.02121
v 0.06438 -0.09490 -0.01980
v -0.07279 -0.08808 -0.03863
v -0.07663 -0.08994 -0.04763
v -0.09266 -0.04759 -0.04756
v -0.08699 -0.06241 -0.04516
v -0.08037 -0.07598 -0.04208
v 0.03911 -0.11514 -0.01893
v 0.03944 -0.12088 -0.02528
v 0.04160 -0.12620 -0.04173
v 0.02475 -0.12136 -0.01928
v 0.02413 -0.12662 -0.02548
v 0.02457 -0.13136 -0.04098
v 0.00982 -0.12547 -0.02044
v 0.00869 -0.13041 -0.02669
v 0.00797 -0.13449 -0.04182
v 0.05229 -0.10679 -0.01912
v 0.05409 -0.11287 -0.02580
v 0.05798 -0.11866 -0.04392
v 0.09075 -0.09887 -0.06495
v 0.07670 -0.11237 -0.06078
v 0.06063 -0.12191 -0.05703
v -0.04547 -0.12146 -0.04222
v -0.00682 -0.13323 -0.03490
v 0.00811 -0.13237 -0.03317
v 0.02404 -0.12895 -0.03193
v 0.04013 -0.12355 -0.03199
v 0.05556 -0.11566 -0.03323
v 0.07003 -0.10437 -0.03454
v 0.08235 -0.08882 -0.03587
v 0.09173 -0.07015 -0.03786
v 0.09871 -0.04996 -0.04084
v 0.10343 -0.03039 -0.04491
v 0.10568 -0.01406 -0.04847
v -0.01807 -0.12559 -0.02386
v -0.03081 -0.12157 -0.02611
v -0.03261 -0.12573 -0.03242
v -0.01974 -0.12967 -0.03025
v -0.03341 -0.12749 -0.03911
v -0.02059 -0.13143 -0.03683
v -0.03386 -0.12923 -0.04788
v -0.02111 -0.13316 -0.04541
v 0.09729 -0.01097 -0.02857
v 0.09592 -0.02460 -0.02751
v 0.09224 -0.04217 -0.02626
v 0.08605 -0.06188 -0.02497
v 0.07763 -0.08115 -0.02333
v 0.06650 -0.09788 -0.02200
v 0.05355 -0.11000 -0.02129
v 0.03960 -0.11815 -0.02108
v 0.02477 -0.12422 -0.02135
v 0.00955 -0.12837 -0.02245
v -0.00505 -0.12965 -0.02408
v -0.01877 -0.12798 -0.02590
v -0.03172 -0.12402 -0.02805
v -0.04379 -0.11821 -0.03076
v -0.05505 -0.11042 -0.03414
v -0.06581 -0.10072 -0.03776
v -0.07533 -0.08934 -0.04156
v -0.08320 -0.07671 -0.04532
v -0.08997 -0.06269 -0.04870
v -0.09563 -0.04756 -0.05131
v -0.04405 -0.09813 -0.03413
v -0.03564 -0.10388 -0.03179
v -0.05208 -0.09072 -0.03668
v -0.05945 -0.08180 -0.03955
v -0.07587 -0.04808 -0.04709
v -0.07100 -0.06066 -0.04479
v 0.07438 -0.01263 -0.02808
v 0.07408 -0.02663 -0.02780
v 0.07180 -0.04217 -0.02704
v 0.06756 -0.05855 -0.02558
v 0.06169 -0.07458 -0.02349
v 0.05350 -0.08785 -0.02211
v 0.04344 -0.09657 -0.02223
v -0.06550 -0.07189 -0.04230
v 0.02032 -0.10786 -0.02326
v 0.03228 -0.10301 -0.02274
v 0.00792 -0.11113 -0.02408
v -0.00465 -0.11274 -0.02536
v -0.02647 -0.10865 -0.02933
v -0.01621 -0.11198 -0.02704
v -0.03876 -0.08701 -0.03688
v -0.03180 -0.09116 -0.03519
v -0.04548 -0.08185 -0.03868
v -0.05199 -0.07746 -0.04031
v -0.06294 -0.04720 -0.04734
v -0.05906 -0.05907 -0.04502
v 0.05620 -0.01485 -0.03410
v 0.05621 -0.03019 -0.03343
v 0.05475 -0.04512 -0.03191
v 0.05216 -0.05911 -0.02948
v 0.04864 -0.07238 -0.02677
v 0.04589 -0.08247 -0.02486
v 0.03679 -0.08610 -0.02615
v -0.05464 -0.06942 -0.04250
v -0.06583 -0.03357 -0.04909
v 0.01541 -0.09309 -0.02879
v 0.02609 -0.09009 -0.02760
v 0.00471 -0.09510 -0.02985
v -0.00603 -0.09620 -0.03090
v -0.02419 -0.09432 -0.03344
v -0.01571 -0.09607 -0.03197
v 0.08612 -0.01137 -0.02539
v 0.08530 -0.02452 -0.02494
v 0.08239 -0.04062 -0.02425
v 0.07723 -0.05865 -0.02318
v 0.07006 -0.07658 -0.02140
v 0.06027 -0.09184 -0.01999
v 0.04908 -0.10276 -0.01958
v 0.03681 -0.11062 -0.01963
v 0.02335 -0.11649 -0.02003
v 0.00932 -0.12041 -0.02105
v -0.00442 -0.12205 -0.02254
v -0.01731 -0.12092 -0.02436
v -0.02913 -0.11699 -0.02675
v -0.03983 -0.11140 -0.02945
v -0.04972 -0.10455 -0.03224
v -0.05915 -0.09592 -0.03523
v -0.06765 -0.08565 -0.03848
v -0.07469 -0.07439 -0.04160
v -0.08089 -0.06176 -0.04436
v -0.08635 -0.04785 -0.04670
v -0.00020 -0.01784 -0.05324
v -0.00017 -0.03471 -0.05074
v -0.00010 -0.05013 -0.04673
v -0.01059 -0.04997 -0.04758
v -0.01069 -0.03471 -0.05132
v -0.01063 -0.01782 -0.05373
v -0.02070 -0.01794 -0.05390
v -0.02056 -0.03471 -0.05154
v -0.02021 -0.04965 -0.04801
v 0.01140 -0.04963 -0.04483
v 0.01139 -0.03423 -0.04895
v 0.01104 -0.01763 -0.05170
v -0.02990 -0.01780 -0.05362
v -0.02942 -0.03424 -0.05133
v -0.02875 -0.04897 -0.04802
v 0.02392 -0.01706 -0.04803
v 0.02441 -0.03336 -0.04532
v 0.02424 -0.04851 -0.04154
v 0.03855 -0.04715 -0.03702
v 0.03923 -0.03222 -0.03984
v 0.03892 -0.01625 -0.04178
v -0.03825 -0.01746 -0.05284
v -0.03747 -0.03361 -0.05082
v -0.03647 -0.04818 -0.04785
v -0.03488 -0.06209 -0.04410
v -0.02761 -0.06307 -0.04386
v -0.01942 -0.06367 -0.04360
v -0.01009 -0.06398 -0.04298
v 0.00022 -0.06414 -0.04199
v 0.01127 -0.06372 -0.04025
v 0.02352 -0.06249 -0.03740
v 0.03716 -0.06088 -0.03355
v 0.03560 -0.07379 -0.02991
v 0.02322 -0.07587 -0.03281
v 0.01204 -0.07739 -0.03501
v 0.00155 -0.07823 -0.03650
v -0.00860 -0.07856 -0.03754
v -0.01771 -0.07863 -0.03825
v -0.02560 -0.07808 -0.03884
v -0.03266 -0.07646 -0.03962
v -0.03930 -0.07391 -0.04056
v -0.04176 -0.06067 -0.04445
v -0.04390 -0.04735 -0.04768
v -0.04533 -0.03310 -0.05021
v -0.05414 -0.03311 -0.04961
v -0.05212 -0.04696 -0.04753
v -0.04934 -0.05938 -0.04480
v -0.04616 -0.07097 -0.04163
vt 0.00000 0.00000
vt 0.00000 0.00000
vt 0.00000 0.00000
vt 0.00000 0.00000
vt 0.00000 0.00000
vt 0.00000 0.00000
vt 0.00000 0.00000
vt 0.00000 0.00000
vt 0.00000 0.00000
vt 0.00000 0.00000
vt 0.00000 0.00000
vt 0.00000 0.00000
vt 0.00000 0.00000
vt 0.00000 0.00000
vt 0.00000 0.00000
vt 0.00000 0.00000
vt 0.00000 0.00000
vt 0.00000 0.00000
vt 0.00000 0.00000
vt 0.00000 0.00000
vt 0.00000 0.00000
vt 0.00000 0.00000
vt 0.00000 0.00000
vt 0.00000 0.00000
vt 0.00000 0.00000
vt 0.00000 0.00000
vt 0.00000 0.00000
vt 0.00000 0.00000
vt 0.00000 0.00000
vt 0.00000 0.00000
vt 0.00000 0.00000
vt 0.00000 0.00000
vt 0.00000 0.00000
vt 0.00000 0.00000
vt 0.00000 0.00000
vt 0.00000 0.00000
vt 0.00000 0.00000
vt 0.00000 0.00000
vt 0.00000 0.00000
vt 0.00000 0.00000
vt 0.00000 0.00000
vt 0.00000 0.00000
vt 0.00000 0.00000
vt 0.00000 0.00000
vt 0.00000 0.00000
vt 0.00000 0.00000
vt 0.00000 0.00000
vt 0.00000 0.00000
vt 0.00000 0.00000
vt 0.00000 0.00000
vt 0.00000 0.00000
vt 0.00000 0.00000
vt 0.00000 0.00000
vt 0.00000 0.00000
vt 0.00000 0.00000
vt 0.00000 0.00000
vt 0.00000 0.00000
vt 0.00000 0.00000
vt 0.00000 0.00000
vt 0.00000 0.00000
vt 0.00000 0.00000
vt 0.00000 0.00000
vt 0.00000 0.00000
vt 0.00000 0.00000
vt 0.00000 0.00000
vt 0.00000 0.00000
vt 0.00000 0.00000
vt 0.00000 0.00000
vt 0.00000 0.00000
vt 0.00000 0.00000
vt 0.00000 0.00000
vt 0.00000 0.00000
vt 0.00000 0.00000
vt 0.00000 0.00000
vt 0.00000 0.00000
vt 0.00000 0.00000
vt 0.00000 0.00000
vt 0.00000 0.00000
vt 0.00000 0.00000
vt 0.00000 0.00000
vt 0.00000 0.00000
vt 0.00000 0.00000
vt 0.00000 0.00000
vt 0.00000 0.00000
vt 0.00000 0.00000
vt 0.00000 0.00000
vt 0.00000 0.00000
vt 0.00000 0.00000
vt 0.00000 0.00000
vt 0.00000 0.00000
vt 0.00000 0.00000
vt 0.00000 0.00000
vt 0.00000 0.00000
vt 0.00000 0.00000
vt 0.00000 0.00000
vt 0.00000 0.00000
vt 0.00000 0.00000
vt 0.00000 0.00000
vt 0.00000 0.00000
vt 0.00000 0.00000
vt 0.00000 0.00000
vt 0.00000 0.00000
vt 0.00000 0.00000
vt 0.00000 0.00000
vt 0.00000 0.00000
vt 0.00000 0.00000
vt 0.00000 0.00000
vt 0.00000 0.00000
vt 0.00000 0.00000
vt 0.00000 0.00000
vt 0.00000 0.00000
vt 0.00000 0.00000
vt 0.00000 0.00000
vt 0.00000 0.00000
vt 0.00000 0.00000
vt 0.00000 0.00000
vt 0.00000 0.00000
vt 0.00000 0.00000
vt 0.00000 0.00000
vt 0.00000 0.00000
vt 0.00000 0.00000
vt 0.00000 0.00000
vt 0.00000 0.00000
vt 0.00000 0.00000
vt 0.00000 0.00000
vt 0.00000 0.00000
vt 0.00000 0.00000
vt 0.00000 0.00000
vt 0.00000 0.00000
vt 0.00000 0.00000
vt 0.00000 0.00000
vt 0.00000 0.00000
vt 0.00000 0.00000
vt 0.00000 0.00000
vt 0.00000 0.00000
vt 0.00000 0.00000
vt 0.00000 0.00000
vt 0.00000 0.00000
vt 0.00000 0.00000
vt 0.00000 0.00000
vt 0.00000 0.00000
vt 0.00000 0.00000
vt 0.00000 0.00000
vt 0.00000 0.00000
vt 0.00000 0.00000
vt 0.00000 0.00000
vt 0.00000 0.00000
vt 0.00000 0.00000
vt 0.00000 0.00000
vt 0.00000 0.00000
vt 0.00000 0.00000
vt 0.00000 0.00000
vt 0.00000 0.00000
vt 0.00000 0.00000
vt 0.00000 0.00000
vt 0.00000 0.00000
vt 0.00000 0.00000
vt 0.00000 0.00000
vt 0.00000 0.00000
vt 0.00000 0.00000
vt 0.00000 0.00000
vt 0.00000 0.00000
vt 0.00000 0.00000
vt 0.00000 0.00000
vt 0.00000 0.00000
vt 0.00000 0.00000
vt 0.00000 0.00000
vt 0.00000 0.00000
vt 0.00000 0.00000
vt 0.00000 0.00000
vt 0.00000 0.00000
vt 0.00000 0.00000
vt 0.00000 0.00000
vt 0.00000 0.00000
vt 0.00000 0.00000
vt 0.00000 0.00000
vt 0.00000 0.00000
vt 0.00000 0.00000
vt 0.00000 0.00000
vt 0.00000 0.00000
vt 0.00000 0.00000
vt 0.00000 0.00000
vt 0.00000 0.00000
vt 0.00000 0.00000
vt 0.00000 0.00000
vt 0.00000 0.00000
vt 0.00000 0.00000
vt 0.00000 0.00000
vt 0.00000 0.00000
vt 0.00000 0.00000
vt 0.00000 0.00000
vt 0.00000 0.00000
vt 0.00000 0.00000
vt 0.00000 0.00000
vt 0.00000 0.00000
vt 0.00000 0.00000
vt 0.00000 0.00000
vt 0.00000 0.00000
vt 0.00000 0.00000
vt 0.00000 0.00000
vt 0.00000 0.00000
vt 0.00000 0.00000
vt 0.00000 0.00000
vt 0.00000 0.00000
vt 0.00000 0.00000
vt 0.00000 0.00000
vt 0.00000 0.00000
vt 0.00000 0.00000
vt 0.00000 0.00000
vt 0.00000 0.00000
vt 0.00000 0.00000
vt 0.00000 0.00000
vt 0.00000 0.00000
vt 0.00000 0.00000
vt 0.00000 0.00000
vt 0.00000 0.00000
vt 0.00000 0.00000
vt 0.00000 0.00000
vt 0.00000 0.00000
vt 0.00000 0.00000
vt 0.00000 0.00000
vt 0.00000 0.00000
vt 0.00000 0.00000
vt 0.00000 0.00000
vt 0.00000 0.00000
vt 0.00000 0.00000
vt 0.00000 0.00000
vt 0.00000 0.00000
vt 0.00000 0.00000
vt 0.00000 0.00000
vt 0.00000 0.00000
vt 0.00000 0.00000
vt 0.00000 0.00000
vt 0.00000 0.00000
vt 0.00000 0.00000
vt 0.00000 0.00000
vt 0.00000 0.00000
vt 0.00000 0.00000
vt 0.00000 0.00000
vt 0.00000 0.00000
vt 0.00000 0.00000
vt 0.00000 0.00000
vt 0.00000 0.00000
vt 0.00000 0.00000
vt 0.00000 0.00000
vt 0.00000 0.00000
vt 0.00000 0.00000
vt 0.00000 0.00000
vt 0.00000 0.00000
vt 0.00000 0.00000
vt 0.00000 0.00000
vt 0.00000 0.00000
vt 0.00000 0.00000
vt 0.00000 0.00000
vt 0.00000 0.00000
vt 0.00000 0.00000
vt 0.00000 0.00000
vt 0.00000 0.00000
vt 0.00000 0.00000
vt 0.00000 0.00000
vt 0.00000 0.00000
vt 0.00000 0.00000
vt 0.00000 0.00000
vt 0.00000 0.00000
vt 0.00000 0.00000
vt 0.00000 0.00000
vt 0.00000 0.00000
vt 0.00000 0.00000
vt 0.00000 0.00000
vt 0.00000 0.00000
vt 0.00000 0.00000
vt 0.00000 0.00000
vt 0.00000 0.00000
vt 0.00000 0.00000
vt 0.00000 0.00000
vt 0.00000 0.00000
vt 0.00000 0.00000
vt 0.00000 0.00000
vt 0.00000 0.00000
vt 0.00000 0.00000
vt 0.00000 0.00000
vt 0.00000 0.00000
vt 0.00000 0.00000
vt 0.00000 0.00000
vt 0.00000 0.00000
vt 0.00000 0.00000
vt 0.00000 0.00000
vt 0.00000 0.00000
vt 0.00000 0.00000
vt 0.00000 0.00000
vt 0.00000 0.00000
vt 0.00000 0.00000
vt 0.00000 0.00000
vt 0.00000 0.00000
vt 0.00000 0.00000
vt 0.00000 0.00000
vt 0.00000 0.00000
vt 0.00000 0.00000
vt 0.00000 0.00000
vt 0.00000 0.00000
vt 0.00000 0.00000
vt 0.00000 0.00000
vt 0.00000 0.00000
vt 0.00000 0.00000
vt 0.00000 0.00000
vt 0.00000 0.00000
vt 0.00000 0.00000
vt 0.00000 0.00000
vt 0.00000 0.00000
vt 0.00000 0.00000
vt 0.00000 0.00000
vt 0.00000 0.00000
vt 0.00000 0.00000
vt 0.00000 0.00000
vt 0.00000 0.00000
vt 0.00000 0.00000
vt 0.00000 0.00000
vt 0.00000 0.00000
vt 0.00000 0.00000
vt 0.00000 0.00000
vt 0.00000 0.00000
vt 0.00000 0.00000
vt 0.00000 0.00000
vt 0.00000 0.00000
vt 0.00000 0.00000
vt 0.00000 0.00000
vt 0.00000 0.00000
vt 0.00000 0.00000
vt 0.00000 0.00000
vt 0.00000 0.00000
vt 0.00000 0.00000
vt 0.00000 0.00000
vt 0.00000 0.00000
vt 0.00000 0.00000
vt 0.00000 0.00000
vt 0.00000 0.00000
vt 0.00000 0.00000
vt 0.00000 0.00000
vt 0.00000 0.00000
vt 0.00000 0.00000
vt 0.00000 0.00000
vt 0.00000 0.00000
vt 0.00000 0.00000
vt 0.00000 0.00000
vt 0.00000 0.00000
vt 0.00000 0.00000
vt 0.00000 0.00000
vt 0.00000 0.00000
vt 0.00000 0.00000
vt 0.00000 0.00000
vt 0.00000 0.00000
vt 0.00000 0.00000
vt 0.00000 0.00000
vt 0.00000 0.00000
vt 0.00000 0.00000
vt 0.00000 0.00000
vt 0.00000 0.00000
vt 0.00000 0.00000
vt 0.00000 0.00000
vt 0.00000 0.00000
vt 0.00000 0.00000
vt 0.00000 0.00000
vt 0.00000 0.00000
vt 0.00000 0.00000
vt 0.00000 0.00000
vt 0.00000 0.00000
vt 0.00000 0.00000
vt 0.00000 0.00000
vt 0.00000 0.00000
vt 0.00000 0.00000
vt 0.00000 0.00000
vt 0.00000 0.00000
vt 0.00000 0.00000
vt 0.00000 0.00000
vt 0.00000 0.00000
vt 0.00000 0.00000
vt 0.00000 0.00000
vt 0.00000 0.00000
vt 0.00000 0.00000
vt 0.00000 0.00000
vt 0.00000 0.00000
vt 0.00000 0.00000
vt 0.00000 0.00000
vt 0.00000 0.00000
vt 0.00000 0.00000
vt 0.00000 0.00000
vt 0.00000 0.00000
vt 0.00000 0.00000
vt 0.00000 0.00000
vt 0.00000 0.00000
vt 0.00000 0.00000
vt 0.00000 0.00000
vt 0.00000 0.00000
vt 0.00000 0.00000
vt 0.00000 0.00000
vt 0.00000 0.00000
vt 0.00000 0.00000
vt 0.00000 0.00000
vt 0.00000 0.00000
vt 0.00000 0.00000
vt 0.00000 0.00000
vt 0.00000 0.00000
vt 0.00000 0.00000
vt 0.00000 0.00000
vt 0.00000 0.00000
vt 0.00000 0.00000
vt 0.00000 0.00000
vt 0.00000 0.00000
vt 0.00000 0.00000
vt 0.00000 0.00000
vt 0.00000 0.00000
vt 0.00000 0.00000
vt 0.00000 0.00000
vt 0.00000 0.00000
vt 0.00000 0.00000
vt 0.00000 0.00000
vt 0.00000 0.00000
vt 0.00000 0.00000
vt 0.00000 0.00000
vt 0.00000 0.00000
vt 0.00000 0.00000
vt 0.00000 0.00000
vt 0.00000 0.00000
vt 0.00000 0.00000
vt 0.00000 0.00000
vt 0.00000 0.00000
vt 0.00000 0.00000
vt 0.00000 0.00000
vt 0.00000 0.00000
vt 0.00000 0.00000
vt 0.00000 0.00000
vt 0.00000 0.00000
vt 0.00000 0.00000
vt 0.00000 0.00000
vt 0.00000 0.00000
vt 0.00000 0.00000
vt 0.00000 0.00000
vt 0.00000 0.00000
vt 0.00000 0.00000
vt 0.00000 0.00000
vt 0.00000 0.00000
vt 0.00000 0.00000
vt 0.00000 0.00000
vt 0.00000 0.00000
vt 0.00000 0.00000
vt 0.00000 0.00000
vt 0.00000 0.00000
vt 0.00000 0.00000
vt 0.00000 0.00000
vt 0.00000 0.00000
vt 0.00000 0.00000
vt 0.00000 0.00000
vt 0.00000 0.00000
vt 0.00000 0.00000
vt 0.00000 0.00000
vt 0.00000 0.00000
vt 0.00000 0.00000
vt 0.00000 0.00000
vt 0.00000 0.00000
vt 0.00000 0.00000
vt 0.00000 0.00000
vt 0.00000 0.00000
vt 0.00000 0.00000
vt 0.00000 0.00000
vt 0.00000 0.00000
vt 0.00000 0.00000
vt 0.00000 0.00000
vt 0.00000 0.00000
vt 0.00000 0.00000
vt 0.00000 0.00000
vt 0.00000 0.00000
vt 0.00000 0.00000
vt 0.00000 0.00000
vt 0.00000 0.00000
vt 0.00000 0.00000
vt 0.00000 0.00000
vt 0.00000 0.00000
vt 0.00000 0.00000
vt 0.00000 0.00000
vt 0.00000 0.00000
vt 0.00000 0.00000
vt 0.00000 0.00000
vt 0.00000 0.00000
vt 0.00000 0.00000
vt 0.00000 0.00000
vt 0.00000 0.00000
vt 0.00000 0.00000
vt 0.00000 0.00000
vt 0.00000 0.00000
vt 0.00000 0.00000
vt 0.00000 0.00000
vt 0.00000 0.00000
vt 0.00000 0.00000
vt 0.00000 0.00000
vt 0.00000 0.00000
vt 0.00000 0.00000
vt 0.00000 0.00000
vt 0.00000 0.00000
vt 0.00000 0.00000
vt 0.00000 0.00000
vt 0.00000 0.00000
vt 0.00000 0.00000
vt 0.00000 0.00000
vt 0.00000 0.00000
vt 0.00000 0.00000
vt 0.00000 0.00000
vt 0.00000 0.00000
vt 0.00000 0.00000
vt 0.00000 0.00000
vt 0.00000 0.00000
vt 0.00000 0.00000
vt 0.00000 0.00000
vt 0.00000 0.00000
vt 0.00000 0.00000
vt 0.00000 0.00000
vt 0.00000 0.00000
vt 0.00000 0.00000
vt 0.00000 0.00000
vt 0.00000 0.00000
vt 0.00000 0.00000
vt 0.00000 0.00000
vt 0.00000 0.00000
vt 0.00000 0.00000
vt 0.00000 0.00000
vt 0.00000 0.00000
vt 0.00000 0.00000
vt 0.00000 0.00000
vt 0.00000 0.00000
vt 0.00000 0.00000
vt 0.00000 0.00000
vt 0.00000 0.00000
vt 0.00000 0.00000
vt 0.00000 0.00000
vt 0.00000 0.00000
vt 0.00000 0.00000
vt 0.00000 0.00000
vt 0.00000 0.00000
vt 0.00000 0.00000
vt 0.00000 0.00000
vt 0.00000 0.00000
vt 0.00000 0.00000
vt 0.00000 0.00000
vt 0.00000 0.00000
vt 0.00000 0.00000
vt 0.00000 0.00000
vt 0.00000 0.00000
vt 0.00000 0.00000
vt 0.00000 0.00000
vt 0.00000 0.00000
vt 0.00000 0.00000
vt 0.00000 0.00000
vt 0.00000 0.00000
vt 0.00000 0.00000
vt 0.00000 0.00000
vt 0.00000 0.00000
vt 0.00000 0.00000
vt 0.00000 0.00000
vt 0.00000 0.00000
vt 0.00000 0.00000
vt 0.00000 0.00000
vt 0.00000 0.00000
vt 0.00000 0.00000
vt 0.00000 0.00000
vt 0.00000 0.00000
vt 0.00000 0.00000
vt 0.00000 0.00000
vt 0.00000 0.00000
vt 0.00000 0.00000
vt 0.00000 0.00000
vt 0.00000 0.00000
vt 0.00000 0.00000
vt 0.00000 0.00000
vt 0.00000 0.00000
vt 0.00000 0.00000
vt 0.00000 0.00000
vt 0.00000 0.00000
vt 0.00000 0.00000
vt 0.00000 0.00000
vt 0.00000 0.00000
vt 0.00000 0.00000
vt 0.00000 0.00000
vt 0.00000 0.00000
vt 0.00000 0.00000
vt 0.00000 0.00000
vt 0.00000 0.00000
vt 0.00000 0.00000
vt 0.00000 0.00000
vt 0.00000 0.00000
vt 0.00000 0.00000
vt 0.00000 0.00000
vt 0.00000 0.00000
vt 0.00000 0.00000
vt 0.00000 0.00000
vt 0.00000 0.00000
vt 0.00000 0.00000
vt 0.00000 0.00000
vt 0.00000 0.00000
vt 0.00000 0.00000
vt 0.00000 0.00000
vt 0.00000 0.00000
vt 0.00000 0.00000
vt 0.00000 0.00000
vt 0.00000 0.00000
vt 0.00000 0.00000
vt 0.00000 0.00000
vt 0.00000 0.00000
vt 0.00000 0.00000
vt 0.00000 0.00000
vt 0.00000 0.00000
vt 0.00000 0.00000
vt 0.00000 0.00000
vt 0.00000 0.00000
vt 0.00000 0.00000
vt 0.00000 0.00000
vt 0.00000 0.00000
vt 0.00000 0.00000
vt 0.00000 0.00000
vt 0.00000 0.00000
vt 0.00000 0.00000
vt 0.00000 0.00000
vt 0.00000 0.00000
vt 0.00000 0.00000
vt 0.00000 0.00000
vt 0.00000 0.00000
vt 0.00000 0.00000
vt 0.00000 0.00000
vt 0.00000 0.00000
vt 0.00000 0.00000
vt 0.00000 0.00000
vt 0.00000 0.00000
vt 0.00000 0.00000
vt 0.00000 0.00000
vt 0.00000 0.00000
vt 0.00000 0.00000
vt 0.00000 0.00000
vt 0.00000 0.00000
vt 0.00000 0.00000
vt 0.00000 0.00000
vt 0.00000 0.00000
vt 0.00000 0.00000
vt 0.00000 0.00000
vt 0.00000 0.00000
vt 0.00000 0.00000
vt 0.00000 0.00000
vt 0.00000 0.00000
vt 0.00000 0.00000
vt 0.00000 0.00000
vt 0.00000 0.00000
vt 0.00000 0.00000
vt 0.00000 0.00000
vt 0.00000 0.00000
vt 0.00000 0.00000
vt 0.00000 0.00000
vt 0.00000 0.00000
vt 0.00000 0.00000
vt 0.00000 0.00000
vt 0.00000 0.00000
vt 0.00000 0.00000
vt 0.00000 0.00000
vt 0.00000 0.00000
vt 0.00000 0.00000
vt 0.00000 0.00000
vt 0.00000 0.00000
vt 0.00000 0.00000
vt 0.00000 0.00000
vt 0.00000 0.00000
vt 0.00000 0.00000
vt 0.00000 0.00000
vt 0.00000 0.00000
vt 0.00000 0.00000
vt 0.00000 0.00000
vt 0.00000 0.00000
vt 0.00000 0.00000
vt 0.00000 0.00000
vt 0.00000 0.00000
vt 0.00000 0.00000
vt 0.00000 0.00000
vt 0.00000 0.00000
vt 0.00000 0.00000
vt 0.00000 0.00000
vt 0.00000 0.00000
vt 0.00000 0.00000
vt 0.00000 0.00000
vt 0.00000 0.00000
vt 0.00000 0.00000
vt 0.00000 0.00000
vt 0.00000 0.00000
vt 0.00000 0.00000
vt 0.00000 0.00000
vt 0.00000 0.00000
vt 0.00000 0.00000
vt 0.00000 0.00000
vt 0.00000 0.00000
vt 0.00000 0.00000
vt 0.00000 0.00000
vt 0.00000 0.00000
vt 0.00000 0.00000
vt 0.00000 0.00000
vt 0.00000 0.00000
vt 0.00000 0.00000
vt 0.00000 0.00000
vt 0.00000 0.00000
vt 0.00000 0.00000
vt 0.00000 0.00000
vt 0.00000 0.00000
vt 0.00000 0.00000
vt 0.00000 0.00000
vt 0.00000 0.00000
vt 0.00000 0.00000
vt 0.00000 0.00000
vt 0.00000 0.00000
vt 0.00000 0.00000
vt 0.00000 0.00000
vt 0.00000 0.00000
vt 0.00000 0.00000
vt 0.00000 0.00000
vt 0.00000 0.00000
vt 0.00000 0.00000
vt 0.00000 0.00000
vt 0.00000 0.00000
vt 0.00000 0.00000
vt 0.00000 0.00000
vt 0.00000 0.00000
vt 0.00000 0.00000
vt 0.00000 0.00000
vt 0.00000 0.00000
vt 0.00000 0.00000
vt 0.00000 0.00000
vt 0.00000 0.00000
vt 0.00000 0.00000
vt 0.00000 0.00000
vt 0.00000 0.00000
vt 0.00000 0.00000
vt 0.00000 0.00000
vt 0.00000 0.00000
vt 0.00000 0.00000
vt 0.00000 0.00000
vt 0.00000 0.00000
vt 0.00000 0.00000
vt 0.00000 0.00000
vt 0.00000 0.00000
vt 0.00000 0.00000
vt 0.00000 0.00000
vt 0.00000 0.00000
vt 0.00000 0.00000
vt 0.00000 0.00000
vt 0.00000 0.00000
vt 0.00000 0.00000
vt 0.00000 0.00000
vt 0.00000 0.00000
vt 0.00000 0.00000
vt 0.00000 0.00000
vt 0.00000 0.00000
vt 0.00000 0.00000
vt 0.00000 0.00000
vt 0.00000 0.00000
vt 0.00000 0.00000
vt 0.00000 0.00000
vt 0.00000 0.00000
vt 0.00000 0.00000
vt 0.00000 0.00000
vt 0.00000 0.00000
vt 0.00000 0.00000
vt 0.00000 0.00000
vt 0.00000 0.00000
vt 0.00000 0.00000
vt 0.00000 0.00000
vt 0.00000 0.00000
vt 0.00000 0.00000
vt 0.00000 0.00000
vt 0.00000 0.00000
vt 0.00000 0.00000
vt 0.00000 0.00000
vt 0.00000 0.00000
vt 0.00000 0.00000
vt 0.00000 0.00000
vt 0.00000 0.00000
vt 0.00000 0.00000
vt 0.00000 0.00000
vt 0.00000 0.00000
vt 0.00000 0.00000
vt 0.00000 0.00000
vt 0.00000 0.00000
vt 0.00000 0.00000
vt 0.00000 0.00000
vt 0.00000 0.00000
vt 0.00000 0.00000
vt 0.00000 0.00000
vt 0.00000 0.00000
vt 0.00000 0.00000
vt 0.00000 0.00000
vt 0.00000 0.00000
vt 0.00000 0.00000
vt 0.00000 0.00000
vt 0.00000 0.00000
vt 0.00000 0.00000
vt 0.00000 0.00000
vt 0.00000 0.00000
vt 0.00000 0.00000
vt 0.00000 0.00000
vt 0.00000 0.00000
vt 0.00000 0.00000
vt 0.00000 0.00000
vt 0.00000 0.00000
vt 0.00000 0.00000
vt 0.00000 0.00000
vt 0.00000 0.00000
vt 0.00000 0.00000
vt 0.00000 0.00000
vt 0.00000 0.00000
vt 0.00000 0.00000
vt 0.00000 0.00000
vt 0.00000 0.00000
vt 0.00000 0.00000
vt 0.00000 0.00000
vt 0.00000 0.00000
vt 0.00000 0.00000
vt 0.00000 0.00000
vt 0.00000 0.00000
vt 0.00000 0.00000
vt 0.00000 0.00000
vt 0.00000 0.00000
vt 0.00000 0.00000
vt 0.00000 0.00000
vt 0.00000 0.00000
vt 0.00000 0.00000
vt 0.00000 0.00000
vt 0.00000 0.00000
vt 0.00000 0.00000
vt 0.00000 0.00000
vt 0.00000 0.00000
vt 0.00000 0.00000
vt 0.00000 0.00000
vt 0.00000 0.00000
vt 0.00000 0.00000
vt 0.00000 0.00000
vt 0.00000 0.00000
vt 0.00000 0.00000
vt 0.00000 0.00000
vt 0.00000 0.00000
vt 0.00000 0.00000
vt 0.00000 0.00000
vt 0.00000 0.00000
vt 0.00000 0.00000
vt 0.00000 0.00000
vt 0.00000 0.00000
vt 0.00000 0.00000
vt 0.00000 0.00000
vt 0.00000 0.00000
vt 0.00000 0.00000
vt 0.00000 0.00000
vt 0.00000 0.00000
vt 0.00000 0.00000
vt 0.00000 0.00000
vt 0.00000 0.00000
vt 0.00000 0.00000
vt 0.00000 0.00000
vt 0.00000 0.00000
vt 0.00000 0.00000
vt 0.00000 0.00000
vt 0.00000 0.00000
vt 0.00000 0.00000
vt 0.00000 0.00000
vt 0.00000 0.00000
vt 0.00000 0.00000
vt 0.00000 0.00000
vt 0.00000 0.00000
vt 0.00000 0.00000
vt 0.00000 0.00000
vt 0.00000 0.00000
vt 0.00000 0.00000
vt 0.00000 0.00000
vt 0.00000 0.00000
vt 0.00000 0.00000
vt 0.00000 0.00000
vt 0.00000 0.00000
vt 0.00000 0.00000
vt 0.00000 0.00000
vt 0.00000 0.00000
vt 0.00000 0.00000
vt 0.00000 0.00000
vt 0.00000 0.00000
vt 0.00000 0.00000
vt 0.00000 0.00000
vt 0.00000 0.00000
vt 0.00000 0.00000
vt 0.00000 0.00000
vt 0.00000 0.00000
vt 0.00000 0.00000
vt 0.00000 0.00000
vt 0.00000 0.00000
vt 0.00000 0.00000
vt 0.00000 0.00000
vt 0.00000 0.00000
vt 0.00000 0.00000
vt 0.00000 0.00000
vt 0.00000 0.00000
vt 0.00000 0.00000
vt 0.00000 0.00000
vt 0.00000 0.00000
vt 0.00000 0.00000
vt 0.00000 0.00000
vt 0.00000 0.00000
vt 0.00000 0.00000
vt 0.00000 0.00000
vt 0.00000 0.00000
vt 0.00000 0.00000
vt 0.00000 0.00000
vt 0.00000 0.00000
vt 0.00000 0.00000
vt 0.00000 0.00000
vt 0.00000 0.00000
vt 0.00000 0.00000
vt 0.00000 0.00000
vt 0.00000 0.00000
vt 0.00000 0.00000
vt 0.00000 0.00000
vt 0.00000 0.00000
vt 0.00000 0.00000
vt 0.00000 0.00000
vt 0.00000 0.00000
vt 0.00000 0.00000
vt 0.00000 0.00000
vt 0.00000 0.00000
vt 0.00000 0.00000
vt 0.00000 0.00000
vt 0.00000 0.00000
vt 0.00000 0.00000
vt 0.00000 0.00000
vt 0.00000 0.00000
vt 0.00000 0.00000
vt 0.00000 0.00000
vt 0.00000 0.00000
vt 0.00000 0.00000
vt 0.00000 0.00000
vt 0.00000 0.00000
vt 0.00000 0.00000
vt 0.00000 0.00000
vt 0.00000 0.00000
vt 0.00000 0.00000
vt 0.00000 0.00000
vt 0.00000 0.00000
vt 0.00000 0.00000
vt 0.00000 0.00000
vt 0.00000 0.00000
vt 0.00000 0.00000
vt 0.00000 0.00000
vt 0.00000 0.00000
vt 0.00000 0.00000
vt 0.00000 0.00000
vt 0.00000 0.00000
vt 0.00000 0.00000
vt 0.00000 0.00000
vt 0.00000 0.00000
vt 0.00000 0.00000
vt 0.00000 0.00000
vt 0.00000 0.00000
vt 0.00000 0.00000
vt 0.00000 0.00000
vt 0.00000 0.00000
vt 0.00000 0.00000
vt 0.00000 0.00000
vt 0.00000 0.00000
vt 0.00000 0.00000
vt 0.00000 0.00000
vt 0.00000 0.00000
vt 0.00000 0.00000
vt 0.00000 0.00000
vt 0.00000 0.00000
vt 0.00000 0.00000
vt 0.00000 0.00000
vt 0.00000 0.00000
vt 0.00000 0.00000
vt 0.00000 0.00000
vt 0.00000 0.00000
vt 0.00000 0.00000
vt 0.00000 0.00000
vt 0.00000 0.00000
vt 0.00000 0.00000
vt 0.00000 0.00000
vt 0.00000 0.00000
vt 0.00000 0.00000
vt 0.00000 0.00000
vt 0.00000 0.00000
vt 0.00000 0.00000
vt 0.00000 0.00000
vt 0.00000 0.00000
vt 0.00000 0.00000
vt 0.00000 0.00000
vt 0.00000 0.00000
vt 0.00000 0.00000
vt 0.00000 0.00000
vt 0.00000 0.00000
vt 0.00000 0.00000
vt 0.00000 0.00000
vt 0.00000 0.00000
vt 0.00000 0.00000
vt 0.00000 0.00000
vt 0.00000 0.00000
vt 0.00000 0.00000
vt 0.00000 0.00000
vt 0.00000 0.00000
vt 0.00000 0.00000
vt 0.00000 0.00000
vt 0.00000 0.00000
vt 0.00000 0.00000
vt 0.00000 0.00000
vt 0.00000 0.00000
vt 0.00000 0.00000
vt 0.00000 0.00000
vt 0.00000 0.00000
vt 0.00000 0.00000
vt 0.00000 0.00000
vt 0.00000 0.00000
vt 0.00000 0.00000
vt 0.00000 0.00000
vt 0.00000 0.00000
vt 0.00000 0.00000
vt 0.00000 0.00000
vt 0.00000 0.00000
vt 0.00000 0.00000
vt 0.00000 0.00000
vt 0.00000 0.00000
vt 0.00000 0.00000
vt 0.00000 0.00000
vt 0.00000 0.00000
vt 0.00000 0.00000
vt 0.00000 0.00000
vt 0.00000 0.00000
vt 0.00000 0.00000
vt 0.00000 0.00000
vt 0.00000 0.00000
vt 0.00000 0.00000
vt 0.00000 0.00000
vt 0.00000 0.00000
vt 0.00000 0.00000
vt 0.00000 0.00000
vt 0.00000 0.00000
vt 0.00000 0.00000
vt 0.00000 0.00000
vt 0.00000 0.00000
vt 0.00000 0.00000
vt 0.00000 0.00000
vt 0.00000 0.00000
vt 0.00000 0.00000
vt 0.00000 0.00000
vt 0.00000 0.00000
vt 0.00000 0.00000
vt 0.00000 0.00000
vt 0.00000 0.00000
vt 0.00000 0.00000
vt 0.00000 0.00000
vt 0.00000 0.00000
vt 0.00000 0.00000
vt 0.00000 0.00000
vt 0.00000 0.00000
vt 0.00000 0.00000
vt 0.00000 0.00000
vt 0.00000 0.00000
vt 0.00000 0.00000
vt 0.00000 0.00000
vt 0.00000 0.00000
vt 0.00000 0.00000
vt 0.00000 0.00000
vt 0.00000 0.00000
vt 0.00000 0.00000
vt 0.00000 0.00000
vt 0.00000 0.00000
vt 0.00000 0.00000
vt 0.00000 0.00000
vt 0.00000 0.00000
vt 0.00000 0.00000
vt 0.00000 0.00000
vt 0.00000 0.00000
vt 0.00000 0.00000
vt 0.00000 0.00000
vt 0.00000 0.00000
vt 0.00000 0.00000
vt 0.00000 0.00000
vt 0.00000 0.00000
vt 0.00000 0.00000
vt 0.00000 0.00000
vt 0.00000 0.00000
vt 0.00000 0.00000
vt 0.00000 0.00000
vt 0.00000 0.00000
vt 0.00000 0.00000
vt 0.00000 0.00000
vt 0.00000 0.00000
vt 0.00000 0.00000
vt 0.00000 0.00000
vt 0.00000 0.00000
vt 0.00000 0.00000
vt 0.00000 0.00000
vt 0.00000 0.00000
vt 0.00000 0.00000
vt 0.00000 0.00000
vt 0.00000 0.00000
vt 0.00000 0.00000
vt 0.00000 0.00000
vt 0.00000 0.00000
vt 0.00000 0.00000
vt 0.00000 0.00000
vt 0.00000 0.00000
vt 0.00000 0.00000
vt 0.00000 0.00000
vt 0.00000 0.00000
vt 0.00000 0.00000
vt 0.00000 0.00000
vt 0.00000 0.00000
vt 0.00000 0.00000
vt 0.00000 0.00000
vt 0.00000 0.00000
vt 0.00000 0.00000
vt 0.00000 0.00000
vt 0.00000 0.00000
vt 0.00000 0.00000
vt 0.00000 0.00000
vt 0.00000 0.00000
vt 0.00000 0.00000
vt 0.00000 0.00000
vt 0.00000 0.00000
vt 0.00000 0.00000
vt 0.00000 0.00000
vt 0.00000 0.00000
vt 0.00000 0.00000
vt 0.00000 0.00000
vt 0.00000 0.00000
vt 0.00000 0.00000
vt 0.00000 0.00000
vt 0.00000 0.00000
vt 0.00000 0.00000
vt 0.00000 0.00000
vt 0.00000 0.00000
vt 0.00000 0.00000
vt 0.00000 0.00000
vt 0.00000 0.00000
vt 0.00000 0.00000
vt 0.00000 0.00000
vt 0.00000 0.00000
vt 0.00000 0.00000
vt 0.00000 0.00000
vt 0.00000 0.00000
vt 0.00000 0.00000
vt 0.00000 0.00000
vt 0.00000 0.00000
vt 0.00000 0.00000
vt 0.00000 0.00000
vt 0.00000 0.00000
vt 0.00000 0.00000
vt 0.00000 0.00000
vt 0.00000 0.00000
vt 0.00000 0.00000
vt 0.00000 0.00000
vt 0.00000 0.00000
vt 0.00000 0.00000
vt 0.00000 0.00000
vt 0.00000 0.00000
vt 0.00000 0.00000
vt 0.00000 0.00000
vt 0.00000 0.00000
vt 0.00000 0.00000
vt 0.00000 0.00000
vt 0.00000 0.00000
vt 0.00000 0.00000
vt 0.00000 0.00000
vt 0.00000 0.00000
vt 0.00000 0.00000
vt 0.00000 0.00000
vt 0.00000 0.00000
vt 0.00000 0.00000
vt 0.00000 0.00000
vt 0.00000 0.00000
vt 0.00000 0.00000
vt 0.00000 0.00000
vt 0.00000 0.00000
vt 0.00000 0.00000
vt 0.00000 0.00000
vt 0.00000 0.00000
vt 0.00000 0.00000
vt 0.00000 0.00000
vt 0.00000 0.00000
vt 0.00000 0.00000
vt 0.00000 0.00000
vt 0.00000 0.00000
vt 0.00000 0.00000
vt 0.00000 0.00000
vt 0.00000 0.00000
vt 0.00000 0.00000
vt 0.00000 0.00000
vt 0.00000 0.00000
vt 0.00000 0.00000
vt 0.00000 0.00000
vt 0.00000 0.00000
vt 0.00000 0.00000
vt 0.00000 0.00000
vt 0.00000 0.00000
vt 0.00000 0.00000
vt 0.00000 0.00000
vt 0.00000 0.00000
vt 0.00000 0.00000
vt 0.00000 0.00000
vt 0.00000 0.00000
vt 0.00000 0.00000
vt 0.00000 0.00000
vt 0.00000 0.00000
vt 0.00000 0.00000
vt 0.00000 0.00000
vt 0.00000 0.00000
vt 0.00000 0.00000
vt 0.00000 0.00000
vt 0.00000 0.00000
vt 0.00000 0.00000
vt 0.00000 0.00000
vt 0.00000 0.00000
vt 0.00000 0.00000
vt 0.00000 0.00000
vt 0.00000 0.00000
vt 0.00000 0.00000
vt 0.00000 0.00000
vt 0.00000 0.00000
vt 0.00000 0.00000
vt 0.00000 0.00000
vt 0.00000 0.00000
vt 0.00000 0.00000
vt 0.00000 0.00000
vt 0.00000 0.00000
vt 0.00000 0.00000
vt 0.00000 0.00000
vt 0.00000 0.00000
vt 0.00000 0.00000
vt 0.00000 0.00000
vt 0.00000 0.00000
vt 0.00000 0.00000
vt 0.00000 0.00000
vt 0.00000 0.00000
vt 0.00000 0.00000
vt 0.00000 0.00000
vt 0.00000 0.00000
vt 0.00000 0.00000
vt 0.00000 0.00000
vt 0.00000 0.00000
vt 0.00000 0.00000
vt 0.00000 0.00000
vt 0.00000 0.00000
vt 0.00000 0.00000
vt 0.00000 0.00000
vt 0.00000 0.00000
vt 0.00000 0.00000
vt 0.00000 0.00000
vt 0.00000 0.00000
vt 0.00000 0.00000
vt 0.00000 0.00000
vt 0.00000 0.00000
vt 0.00000 0.00000
vt 0.00000 0.00000
vt 0.00000 0.00000
vt 0.00000 0.00000
vt 0.00000 0.00000
vt 0.00000 0.00000
vt 0.00000 0.00000
vt 0.00000 0.00000
vt 0.00000 0.00000
vt 0.00000 0.00000
vt 0.00000 0.00000
vt 0.00000 0.00000
vt 0.00000 0.00000
vt 0.00000 0.00000
vt 0.00000 0.00000
vt 0.00000 0.00000
vt 0.00000 0.00000
vt 0.00000 0.00000
vt 0.00000 0.00000
vt 0.00000 0.00000
vt 0.00000 0.00000
vt 0.00000 0.00000
vt 0.00000 0.00000
vt 0.00000 0.00000
vt 0.00000 0.00000
vt 0.00000 0.00000
vt 0.00000 0.00000
vt 0.00000 0.00000
vt 0.00000 0.00000
vt 0.00000 0.00000
vt 0.00000 0.00000
vt 0.00000 0.00000
vt 0.00000 0.00000
vt 0.00000 0.00000
vt 0.00000 0.00000
vt 0.00000 0.00000
vt 0.00000 0.00000
vt 0.00000 0.00000
vt 0.00000 0.00000
vt 0.00000 0.00000
vt 0.00000 0.00000
vt 0.00000 0.00000
vt 0.00000 0.00000
vt 0.00000 0.00000
vt 0.00000 0.00000
vt 0.00000 0.00000
vt 0.00000 0.00000
vt 0.00000 0.00000
vt 0.00000 0.00000
vt 0.00000 0.00000
vt 0.00000 0.00000
vt 0.00000 0.00000
vt 0.00000 0.00000
vt 0.00000 0.00000
vt 0.00000 0.00000
vt 0.00000 0.00000
vt 0.00000 0.00000
vt 0.00000 0.00000
vt 0.00000 0.00000
vt 0.00000 0.00000
vt 0.00000 0.00000
vt 0.00000 0.00000
vt 0.00000 0.00000
vt 0.00000 0.00000
vt 0.00000 0.00000
vt 0.00000 0.00000
vt 0.00000 0.00000
vt 0.00000 0.00000
vt 0.00000 0.00000
vt 0.00000 0.00000
vt 0.00000 0.00000
vt 0.00000 0.00000
vt 0.00000 0.00000
vt 0.00000 0.00000
vt 0.00000 0.00000
vt 0.00000 0.00000
vt 0.00000 0.00000
vt 0.00000 0.00000
vt 0.00000 0.00000
vt 0.00000 0.00000
vt 0.00000 0.00000
vt 0.00000 0.00000
vt 0.00000 0.00000
vt 0.00000 0.00000
vt 0.00000 0.00000
vt 0.00000 0.00000
vt 0.00000 0.00000
vt 0.00000 0.00000
vt 0.00000 0.00000
vt 0.00000 0.00000
vt 0.00000 0.00000
vt 0.00000 0.00000
vt 0.00000 0.00000
vt 0.00000 0.00000
vt 0.00000 0.00000
vt 0.00000 0.00000
vt 0.00000 0.00000
vt 0.00000 0.00000
vt 0.00000 0.00000
vt 0.00000 0.00000
vt 0.00000 0.00000
vt 0.00000 0.00000
vt 0.00000 0.00000
vt 0.00000 0.00000
vt 0.00000 0.00000
vt 0.00000 0.00000
vt 0.00000 0.00000
vt 0.00000 0.00000
vt 0.00000 0.00000
vt 0.00000 0.00000
vt 0.00000 0.00000
vt 0.00000 0.00000
vt 0.00000 0.00000
vt 0.00000 0.00000
vt 0.00000 0.00000
vt 0.00000 0.00000
vt 0.00000 0.00000
vt 0.00000 0.00000
vt 0.00000 0.00000
vt 0.00000 0.00000
vt 0.00000 0.00000
vt 0.00000 0.00000
vt 0.00000 0.00000
vt 0.00000 0.00000
vt 0.00000 0.00000
vt 0.00000 0.00000
vt 0.00000 0.00000
vt 0.00000 0.00000
vt 0.00000 0.00000
vt 0.00000 0.00000
vt 0.00000 0.00000
vt 0.00000 0.00000
vt 0.00000 0.00000
vt 0.00000 0.00000
vt 0.00000 0.00000
vt 0.00000 0.00000
vt 0.00000 0.00000
vt 0.00000 0.00000
vt 0.00000 0.00000
vt 0.00000 0.00000
vt 0.00000 0.00000
vt 0.00000 0.00000
vt 0.00000 0.00000
vt 0.00000 0.00000
vt 0.00000 0.00000
vt 0.00000 0.00000
vt 0.00000 0.00000
vt 0.00000 0.00000
vt 0.00000 0.00000
vt 0.00000 0.00000
vt 0.00000 0.00000
vt 0.00000 0.00000
vt 0.00000 0.00000
vt 0.00000 0.00000
vt 0.00000 0.00000
vt 0.00000 0.00000
vt 0.00000 0.00000
vt 0.00000 0.00000
vt 0.00000 0.00000
vt 0.00000 0.00000
vt 0.00000 0.00000
vt 0.00000 0.00000
vt 0.00000 0.00000
vt 0.00000 0.00000
vt 0.00000 0.00000
vt 0.00000 0.00000
vt 0.00000 0.00000
vt 0.00000 0.00000
vt 0.00000 0.00000
vt 0.00000 0.00000
vt 0.00000 0.00000
vt 0.00000 0.00000
vt 0.00000 0.00000
vt 0.00000 0.00000
vt 0.00000 0.00000
vt 0.00000 0.00000
vt 0.00000 0.00000
vt 0.00000 0.00000
vt 0.00000 0.00000
vt 0.00000 0.00000
vt 0.00000 0.00000
vt 0.00000 0.00000
vt 0.00000 0.00000
vt 0.00000 0.00000
vt 0.00000 0.00000
vt 0.00000 0.00000
vt 0.00000 0.00000
vt 0.00000 0.00000
vt 0.00000 0.00000
vt 0.00000 0.00000
vt 0.00000 0.00000
vt 0.00000 0.00000
vt 0.00000 0.00000
vt 0.00000 0.00000
vt 0.00000 0.00000
vt 0.00000 0.00000
vt 0.00000 0.00000
vt 0.00000 0.00000
vt 0.00000 0.00000
vt 0.00000 0.00000
vt 0.00000 0.00000
vt 0.00000 0.00000
vt 0.00000 0.00000
vt 0.00000 0.00000
vt 0.00000 0.00000
vt 0.00000 0.00000
vt 0.00000 0.00000
vt 0.00000 0.00000
vt 0.00000 0.00000
vt 0.00000 0.00000
vt 0.00000 0.00000
vt 0.00000 0.00000
vt 0.00000 0.00000
vt 0.00000 0.00000
vt 0.00000 0.00000
vt 0.00000 0.00000
vt 0.00000 0.00000
vt 0.00000 0.00000
vt 0.00000 0.00000
vt 0.00000 0.00000
vt 0.00000 0.00000
vt 0.00000 0.00000
vt 0.00000 0.00000
vt 0.00000 0.00000
vt 0.00000 0.00000
vt 0.00000 0.00000
vt 0.00000 0.00000
vt 0.00000 0.00000
vt 0.00000 0.00000
vt 0.00000 0.00000
vt 0.00000 0.00000
vt 0.00000 0.00000
vt 0.00000 0.00000
vt 0.00000 0.00000
vt 0.00000 0.00000
vt 0.00000 0.00000
vt 0.00000 0.00000
vt 0.00000 0.00000
vt 0.00000 0.00000
vt 0.00000 0.00000
vt 0.00000 0.00000
vt 0.00000 0.00000
vt 0.00000 0.00000
vt 0.00000 0.00000
vt 0.00000 0.00000
vt 0.00000 0.00000
vt 0.00000 0.00000
vt 0.00000 0.00000
vt 0.00000 0.00000
vt 0.00000 0.00000
vt 0.00000 0.00000
vt 0.00000 0.00000
vt 0.00000 0.00000
vt 0.00000 0.00000
vt 0.00000 0.00000
vt 0.00000 0.00000
vt 0.00000 0.00000
vt 0.00000 0.00000
vt 0.00000 0.00000
vt 0.00000 0.00000
vt 0.00000 0.00000
vt 0.00000 0.00000
vt 0.00000 0.00000
vt 0.00000 0.00000
vt 0.00000 0.00000
vt 0.00000 0.00000
vt 0.00000 0.00000
vt 0.00000 0.00000
vt 0.00000 0.00000
vt 0.00000 0.00000
vt 0.00000 0.00000
vt 0.00000 0.00000
vt 0.00000 0.00000
vt 0.00000 0.00000
vt 0.00000 0.00000
vt 0.00000 0.00000
vt 0.00000 0.00000
vt 0.00000 0.00000
vt 0.00000 0.00000
vt 0.00000 0.00000
vt 0.00000 0.00000
vt 0.00000 0.00000
vt 0.00000 0.00000
vt 0.00000 0.00000
vt 0.00000 0.00000
vt 0.00000 0.00000
vt 0.00000 0.00000
vt 0.00000 0.00000
vt 0.00000 0.00000
vt 0.00000 0.00000
vt 0.00000 0.00000
vt 0.00000 0.00000
vt 0.00000 0.00000
vt 0.00000 0.00000
vt 0.00000 0.00000
vt 0.00000 0.00000
vt 0.00000 0.00000
vt 0.00000 0.00000
vt 0.00000 0.00000
vt 0.00000 0.00000
vt 0.00000 0.00000
vt 0.00000 0.00000
vt 0.00000 0.00000
vt 0.00000 0.00000
vt 0.00000 0.00000
vt 0.00000 0.00000
vt 0.00000 0.00000
vt 0.00000 0.00000
vt 0.00000 0.00000
vt 0.00000 0.00000
vt 0.00000 0.00000
vt 0.00000 0.00000
vt 0.00000 0.00000
vt 0.00000 0.00000
vt 0.00000 0.00000
vt 0.00000 0.00000
vt 0.00000 0.00000
vt 0.00000 0.00000
vt 0.00000 0.00000
vt 0.00000 0.00000
vt 0.00000 0.00000
vt 0.00000 0.00000
vt 0.00000 0.00000
vt 0.00000 0.00000
vt 0.00000 0.00000
vt 0.00000 0.00000
vt 0.00000 0.00000
vt 0.00000 0.00000
vt 0.00000 0.00000
vt 0.00000 0.00000
vt 0.00000 0.00000
vt 0.00000 0.00000
vt 0.00000 0.00000
vt 0.00000 0.00000
vt 0.00000 0.00000
vt 0.00000 0.00000
vt 0.00000 0.00000
vt 0.00000 0.00000
vt 0.00000 0.00000
vt 0.00000 0.00000
vt 0.00000 0.00000
vt 0.00000 0.00000
vt 0.00000 0.00000
vt 0.00000 0.00000
vt 0.00000 0.00000
vt 0.00000 0.00000
vt 0.00000 0.00000
vt 0.00000 0.00000
vt 0.00000 0.00000
vt 0.00000 0.00000
vt 0.00000 0.00000
vt 0.00000 0.00000
vt 0.00000 0.00000
vt 0.00000 0.00000
vt 0.00000 0.00000
vt 0.00000 0.00000
vt 0.00000 0.00000
vt 0.00000 0.00000
vt 0.00000 0.00000
vt 0.00000 0.00000
vt 0.00000 0.00000
vt 0.00000 0.00000
vt 0.00000 0.00000
vt 0.00000 0.00000
vt 0.00000 0.00000
vt 0.00000 0.00000
vt 0.00000 0.00000
vt 0.00000 0.00000
vt 0.00000 0.00000
vt 0.00000 0.00000
vt 0.00000 0.00000
vt 0.00000 0.00000
vt 0.00000 0.00000
vt 0.00000 0.00000
vt 0.00000 0.00000
vt 0.00000 0.00000
vt 0.00000 0.00000
vt 0.00000 0.00000
vt 0.00000 0.00000
vt 0.00000 0.00000
vt 0.00000 0.00000
vt 0.00000 0.00000
vt 0.00000 0.00000
vt 0.00000 0.00000
vt 0.00000 0.00000
vt 0.00000 0.00000
vt 0.00000 0.00000
vt 0.00000 0.00000
vt 0.00000 0.00000
vt 0.00000 0.00000
vt 0.00000 0.00000
vt 0.00000 0.00000
vt 0.00000 0.00000
vt 0.00000 0.00000
vt 0.00000 0.00000
vt 0.00000 0.00000
vt 0.00000 0.00000
vt 0.00000 0.00000
vt 0.00000 0.00000
vt 0.00000 0.00000
vt 0.00000 0.00000
vt 0.00000 0.00000
vt 0.00000 0.00000
vt 0.00000 0.00000
vt 0.00000 0.00000
vt 0.00000 0.00000
vt 0.00000 0.00000
vt 0.00000 0.00000
vt 0.00000 0.00000
vt 0.00000 0.00000
vt 0.00000 0.00000
vt 0.00000 0.00000
vt 0.00000 0.00000
vt 0.00000 0.00000
vt 0.00000 0.00000
vt 0.00000 0.00000
vt 0.00000 0.00000
vt 0.00000 0.00000
vt 0.00000 0.00000
vt 0.00000 0.00000
vt 0.00000 0.00000
vt 0.00000 0.00000
vt 0.00000 0.00000
vt 0.00000 0.00000
vt 0.00000 0.00000
vt 0.00000 0.00000
vt 0.00000 0.00000
vt 0.00000 0.00000
vt 0.00000 0.00000
vt 0.00000 0.00000
vt 0.00000 0.00000
vt 0.00000 0.00000
vt 0.00000 0.00000
vt 0.00000 0.00000
vt 0.00000 0.00000
vt 0.00000 0.00000
vt 0.00000 0.00000
vt 0.00000 0.00000
vt 0.00000 0.00000
vt 0.00000 0.00000
vt 0.00000 0.00000
vt 0.00000 0.00000
vt 0.00000 0.00000
vt 0.00000 0.00000
vt 0.00000 0.00000
vt 0.00000 0.00000
vt 0.00000 0.00000
vt 0.00000 0.00000
vt 0.00000 0.00000
vt 0.00000 0.00000
vt 0.00000 0.00000
vt 0.00000 0.00000
vt 0.00000 0.00000
vt 0.00000 0.00000
vt 0.00000 0.00000
vt 0.00000 0.00000
vt 0.00000 0.00000
vt 0.00000 0.00000
vt 0.00000 0.00000
vt 0.00000 0.00000
vt 0.00000 0.00000
vt 0.00000 0.00000
vt 0.00000 0.00000
vt 0.00000 0.00000
vt 0.00000 0.00000
vt 0.00000 0.00000
vt 0.00000 0.00000
vt 0.00000 0.00000
vt 0.00000 0.00000
vt 0.00000 0.00000
vt 0.00000 0.00000
vt 0.00000 0.00000
vt 0.00000 0.00000
vt 0.00000 0.00000
vt 0.00000 0.00000
vt 0.00000 0.00000
vt 0.00000 0.00000
vt 0.00000 0.00000
vt 0.00000 0.00000
vt 0.00000 0.00000
vt 0.00000 0.00000
vt 0.00000 0.00000
vt 0.00000 0.00000
vt 0.00000 0.00000
vt 0.00000 0.00000
vt 0.00000 0.00000
vt 0.00000 0.00000
vt 0.00000 0.00000
vt 0.00000 0.00000
vt 0.00000 0.00000
vt 0.00000 0.00000
vt 0.00000 0.00000
vt 0.00000 0.00000
vt 0.00000 0.00000
vt 0.00000 0.00000
vt 0.00000 0.00000
vt 0.00000 0.00000
vt 0.00000 0.00000
vt 0.00000 0.00000
vt 0.00000 0.00000
vt 0.00000 0.00000
vt 0.00000 0.00000
vt 0.00000 0.00000
vt 0.00000 0.00000
vt 0.00000 0.00000
vt 0.00000 0.00000
vt 0.00000 0.00000
vt 0.00000 0.00000
vt 0.00000 0.00000
vt 0.00000 0.00000
vt 0.00000 0.00000
vt 0.00000 0.00000
vt 0.00000 0.00000
vt 0.00000 0.00000
vt 0.00000 0.00000
vt 0.00000 0.00000
vt 0.00000 0.00000
vt 0.00000 0.00000
vt 0.00000 0.00000
vt 0.00000 0.00000
vt 0.00000 0.00000
vt 0.00000 0.00000
vt 0.00000 0.00000
vt 0.00000 0.00000
vt 0.00000 0.00000
vt 0.00000 0.00000
vt 0.00000 0.00000
vt 0.00000 0.00000
vt 0.00000 0.00000
vt 0.00000 0.00000
vt 0.00000 0.00000
vt 0.00000 0.00000
vt 0.00000 0.00000
vt 0.00000 0.00000
vt 0.00000 0.00000
vt 0.00000 0.00000
vt 0.00000 0.00000
vt 0.00000 0.00000
vt 0.00000 0.00000
vt 0.00000 0.00000
vt 0.00000 0.00000
vt 0.00000 0.00000
vt 0.00000 0.00000
vt 0.00000 0.00000
vt 0.00000 0.00000
vt 0.00000 0.00000
vt 0.00000 0.00000
vt 0.00000 0.00000
vt 0.00000 0.00000
vt 0.00000 0.00000
vt 0.00000 0.00000
vt 0.00000 0.00000
vt 0.00000 0.00000
vt 0.00000 0.00000
vt 0.00000 0.00000
vt 0.00000 0.00000
vt 0.00000 0.00000
vt 0.00000 0.00000
vt 0.00000 0.00000
vt 0.00000 0.00000
vt 0.00000 0.00000
vt 0.00000 0.00000
vt 0.00000 0.00000
vt 0.00000 0.00000
vt 0.00000 0.00000
vt 0.00000 0.00000
vt 0.00000 0.00000
vt 0.00000 0.00000
vt 0.00000 0.00000
vt 0.00000 0.00000
vt 0.00000 0.00000
vt 0.00000 0.00000
vt 0.00000 0.00000
vt 0.00000 0.00000
vt 0.00000 0.00000
vt 0.00000 0.00000
vt 0.00000 0.00000
vt 0.00000 0.00000
vt 0.00000 0.00000
vt 0.00000 0.00000
vt 0.00000 0.00000
vt 0.00000 0.00000
vt 0.00000 0.00000
vt 0.00000 0.00000
vt 0.00000 0.00000
vt 0.00000 0.00000
vt 0.00000 0.00000
vt 0.00000 0.00000
vt 0.00000 0.00000
vt 0.00000 0.00000
vt 0.00000 0.00000
vt 0.00000 0.00000
vt 0.00000 0.00000
vt 0.00000 0.00000
vt 0.00000 0.00000
vt 0.00000 0.00000
vt 0.00000 0.00000
vt 0.00000 0.00000
vt 0.00000 0.00000
vt 0.00000 0.00000
vt 0.00000 0.00000
vt 0.00000 0.00000
vt 0.00000 0.00000
vt 0.00000 0.00000
vt 0.00000 0.00000
vt 0.00000 0.00000
vt 0.00000 0.00000
vt 0.00000 0.00000
vt 0.00000 0.00000
vt 0.00000 0.00000
vt 0.00000 0.00000
vt 0.00000 0.00000
vt 0.00000 0.00000
vt 0.00000 0.00000
vt 0.00000 0.00000
vt 0.00000 0.00000
vt 0.00000 0.00000
vt 0.00000 0.00000
vt 0.00000 0.00000
vt 0.00000 0.00000
vt 0.00000 0.00000
vt 0.00000 0.00000
vt 0.00000 0.00000
vt 0.00000 0.00000
vt 0.00000 0.00000
vt 0.00000 0.00000
vt 0.00000 0.00000
vt 0.00000 0.00000
vt 0.00000 0.00000
vt 0.00000 0.00000
vt 0.00000 0.00000
vt 0.00000 0.00000
vt 0.00000 0.00000
vt 0.00000 0.00000
vt 0.00000 0.00000
vt 0.00000 0.00000
vt 0.00000 0.00000
vt 0.00000 0.00000
vt 0.00000 0.00000
vt 0.00000 0.00000
vt 0.00000 0.00000
vt 0.00000 0.00000
vt 0.00000 0.00000
vt 0.00000 0.00000
vt 0.00000 0.00000
vt 0.00000 0.00000
vt 0.00000 0.00000
vt 0.00000 0.00000
vt 0.00000 0.00000
vt 0.00000 0.00000
vt 0.00000 0.00000
vt 0.00000 0.00000
vt 0.00000 0.00000
vt 0.00000 0.00000
vt 0.00000 0.00000
vt 0.00000 0.00000
vt 0.00000 0.00000
vt 0.00000 0.00000
vt 0.00000 0.00000
vt 0.00000 0.00000
vt 0.00000 0.00000
vt 0.00000 0.00000
vt 0.00000 0.00000
vt 0.00000 0.00000
vt 0.00000 0.00000
vt 0.00000 0.00000
vt 0.00000 0.00000
vt 0.00000 0.00000
vt 0.00000 0.00000
vt 0.00000 0.00000
vt 0.00000 0.00000
vt 0.00000 0.00000
vt 0.00000 0.00000
vt 0.00000 0.00000
vt 0.00000 0.00000
vt 0.00000 0.00000
vt 0.00000 0.00000
vt 0.00000 0.00000
vt 0.00000 0.00000
vt 0.00000 0.00000
vt 0.00000 0.00000
vt 0.00000 0.00000
vt 0.00000 0.00000
vt 0.00000 0.00000
vt 0.00000 0.00000
vt 0.00000 0.00000
vt 0.00000 0.00000
vt 0.00000 0.00000
vt 0.00000 0.00000
vt 0.00000 0.00000
vt 0.00000 0.00000
vt 0.00000 0.00000
vt 0.00000 0.00000
vt 0.00000 0.00000
vt 0.00000 0.00000
vt 0.00000 0.00000
vt 0.00000 0.00000
vt 0.00000 0.00000
vt 0.00000 0.00000
vt 0.00000 0.00000
vt 0.00000 0.00000
vt 0.00000 0.00000
vt 0.00000 0.00000
vt 0.00000 0.00000
vt 0.00000 0.00000
vt 0.00000 0.00000
vt 0.00000 0.00000
vt 0.00000 0.00000
vt 0.00000 0.00000
vt 0.00000 0.00000
vt 0.00000 0.00000
vt 0.00000 0.00000
vt 0.00000 0.00000
vt 0.00000 0.00000
vt 0.00000 0.00000
vt 0.00000 0.00000
vt 0.00000 0.00000
vt 0.00000 0.00000
vt 0.00000 0.00000
vt 0.00000 0.00000
vt 0.00000 0.00000
vt 0.00000 0.00000
vt 0.00000 0.00000
vt 0.00000 0.00000
vt 0.00000 0.00000
vt 0.00000 0.00000
vt 0.00000 0.00000
vt 0.00000 0.00000
vt 0.00000 0.00000
vt 0.00000 0.00000
vt 0.00000 0.00000
vt 0.00000 0.00000
vt 0.00000 0.00000
vt 0.00000 0.00000
vt 0.00000 0.00000
vt 0.00000 0.00000
vt 0.00000 0.00000
vt 0.00000 0.00000
vt 0.00000 0.00000
vt 0.00000 0.00000
vt 0.00000 0.00000
vt 0.00000 0.00000
vt 0.00000 0.00000
vt 0.00000 0.00000
vt 0.00000 0.00000
vt 0.00000 0.00000
vt 0.00000 0.00000
vt 0.00000 0.00000
vt 0.00000 0.00000
vt 0.00000 0.00000
vt 0.00000 0.00000
vt 0.00000 0.00000
vt 0.00000 0.00000
vt 0.00000 0.00000
vt 0.00000 0.00000
vt 0.00000 0.00000
vt 0.00000 0.00000
vt 0.00000 0.00000
vt 0.00000 0.00000
vt 0.00000 0.00000
vt 0.00000 0.00000
vt 0.00000 0.00000
vt 0.00000 0.00000
vt 0.00000 0.00000
vt 0.00000 0.00000
vt 0.00000 0.00000
vt 0.00000 0.00000
vt 0.00000 0.00000
vt 0.00000 0.00000
vt 0.00000 0.00000
vt 0.00000 0.00000
vt 0.00000 0.00000
vt 0.00000 0.00000
vt 0.00000 0.00000
vt 0.00000 0.00000
vt 0.00000 0.00000
vt 0.00000 0.00000
vt 0.00000 0.00000
vt 0.00000 0.00000
vt 0.00000 0.00000
vt 0.00000 0.00000
vt 0.00000 0.00000
vt 0.00000 0.00000
vt 0.00000 0.00000
vt 0.00000 0.00000
vt 0.00000 0.00000
vt 0.00000 0.00000
vt 0.00000 0.00000
vt 0.00000 0.00000
vt 0.00000 0.00000
vt 0.00000 0.00000
vt 0.00000 0.00000
vt 0.00000 0.00000
vt 0.00000 0.00000
vt 0.00000 0.00000
vt 0.00000 0.00000
vt 0.00000 0.00000
vt 0.00000 0.00000
vt 0.00000 0.00000
vt 0.00000 0.00000
vt 0.00000 0.00000
vt 0.00000 0.00000
vt 0.00000 0.00000
vt 0.00000 0.00000
vt 0.00000 0.00000
vt 0.00000 0.00000
vt 0.00000 0.00000
vt 0.00000 0.00000
vt 0.00000 0.00000
vt 0.00000 0.00000
vt 0.00000 0.00000
vt 0.00000 0.00000
vt 0.00000 0.00000
vt 0.00000 0.00000
vt 0.00000 0.00000
vt 0.00000 0.00000
vt 0.00000 0.00000
vt 0.00000 0.00000
vt 0.00000 0.00000
vt 0.00000 0.00000
vt 0.00000 0.00000
vt 0.00000 0.00000
vt 0.00000 0.00000
vt 0.00000 0.00000
vt 0.00000 0.00000
vt 0.00000 0.00000
vt 0.00000 0.00000
vt 0.00000 0.00000
vt 0.00000 0.00000
vt 0.00000 0.00000
vt 0.00000 0.00000
vt 0.00000 0.00000
vt 0.00000 0.00000
vt 0.00000 0.00000
vt 0.00000 0.00000
vt 0.00000 0.00000
vt 0.00000 0.00000
vt 0.00000 0.00000
vt 0.00000 0.00000
vt 0.00000 0.00000
vt 0.00000 0.00000
vt 0.00000 0.00000
vt 0.00000 0.00000
vt 0.00000 0.00000
vt 0.00000 0.00000
vt 0.00000 0.00000
vt 0.00000 0.00000
vt 0.00000 0.00000
vt 0.00000 0.00000
vt 0.00000 0.00000
vt 0.00000 0.00000
vt 0.00000 0.00000
vt 0.00000 0.00000
vt 0.00000 0.00000
vt 0.00000 0.00000
vt 0.00000 0.00000
vt 0.00000 0.00000
vt 0.00000 0.00000
vt 0.00000 0.00000
vt 0.00000 0.00000
vt 0.00000 0.00000
vt 0.00000 0.00000
vt 0.00000 0.00000
vt 0.00000 0.00000
vt 0.00000 0.00000
vt 0.00000 0.00000
vt 0.00000 0.00000
vt 0.00000 0.00000
vt 0.00000 0.00000
vt 0.00000 0.00000
vt 0.00000 0.00000
vt 0.00000 0.00000
vt 0.00000 0.00000
vt 0.00000 0.00000
vt 0.00000 0.00000
vt 0.00000 0.00000
vt 0.00000 0.00000
vt 0.00000 0.00000
vt 0.00000 0.00000
vt 0.00000 0.00000
vt 0.00000 0.00000
vt 0.00000 0.00000
vt 0.00000 0.00000
vt 0.00000 0.00000
vt 0.00000 0.00000
vt 0.00000 0.00000
vt 0.00000 0.00000
vt 0.00000 0.00000
vt 0.00000 0.00000
vt 0.00000 0.00000
vt 0.00000 0.00000
vt 0.00000 0.00000
vt 0.00000 0.00000
vt 0.00000 0.00000
vt 0.00000 0.00000
vt 0.00000 0.00000
vt 0.00000 0.00000
vt 0.00000 0.00000
vt 0.00000 0.00000
vt 0.00000 0.00000
vt 0.00000 0.00000
vt 0.00000 0.00000
vt 0.00000 0.00000
vt 0.00000 0.00000
vt 0.00000 0.00000
vt 0.00000 0.00000
vt 0.00000 0.00000
vt 0.00000 0.00000
vt 0.00000 0.00000
vt 0.00000 0.00000
vt 0.00000 0.00000
vt 0.00000 0.00000
vt 0.00000 0.00000
vt 0.00000 0.00000
vt 0.00000 0.00000
vt 0.00000 0.00000
vt 0.00000 0.00000
vt 0.00000 0.00000
vt 0.00000 0.00000
vt 0.00000 0.00000
vt 0.00000 0.00000
vt 0.00000 0.00000
vt 0.00000 0.00000
vt 0.00000 0.00000
vt 0.00000 0.00000
vt 0.00000 0.00000
vt 0.00000 0.00000
vt 0.00000 0.00000
vt 0.00000 0.00000
vt 0.00000 0.00000
vt 0.00000 0.00000
vt 0.00000 0.00000
vt 0.00000 0.00000
vt 0.00000 0.00000
vt 0.00000 0.00000
vt 0.00000 0.00000
vt 0.00000 0.00000
vt 0.00000 0.00000
vt 0.00000 0.00000
vt 0.00000 0.00000
vt 0.00000 0.00000
vt 0.00000 0.00000
vt 0.00000 0.00000
vt 0.00000 0.00000
vt 0.00000 0.00000
vt 0.00000 0.00000
vt 0.00000 0.00000
vt 0.00000 0.00000
vt 0.00000 0.00000
vt 0.00000 0.00000
vt 0.00000 0.00000
vt 0.00000 0.00000
vt 0.00000 0.00000
vt 0.00000 0.00000
vt 0.00000 0.00000
vt 0.00000 0.00000
vt 0.00000 0.00000
vt 0.00000 0.00000
vt 0.00000 0.00000
vt 0.00000 0.00000
vt 0.00000 0.00000
vt 0.00000 0.00000
vt 0.00000 0.00000
vt 0.00000 0.00000
vt 0.00000 0.00000
vt 0.00000 0.00000
vt 0.00000 0.00000
vt 0.00000 0.00000
vt 0.00000 0.00000
vt 0.00000 0.00000
vt 0.00000 0.00000
vt 0.00000 0.00000
vt 0.00000 0.00000
vt 0.00000 0.00000
vt 0.00000 0.00000
vt 0.00000 0.00000
vt 0.00000 0.00000
vt 0.00000 0.00000
vt 0.00000 0.00000
vt 0.00000 0.00000
vt 0.00000 0.00000
vt 0.00000 0.00000
vt 0.00000 0.00000
vt 0.00000 0.00000
vt 0.00000 0.00000
vt 0.00000 0.00000
vt 0.00000 0.00000
vt 0.00000 0.00000
vt 0.00000 0.00000
vt 0.00000 0.00000
vt 0.00000 0.00000
vt 0.00000 0.00000
vt 0.00000 0.00000
vt 0.00000 0.00000
vt 0.00000 0.00000
vt 0.00000 0.00000
vt 0.00000 0.00000
vt 0.00000 0.00000
vt 0.00000 0.00000
vt 0.00000 0.00000
vt 0.00000 0.00000
vt 0.00000 0.00000
vt 0.00000 0.00000
vt 0.00000 0.00000
vt 0.00000 0.00000
vt 0.00000 0.00000
vt 0.00000 0.00000
vt 0.00000 0.00000
vt 0.00000 0.00000
vt 0.00000 0.00000
vt 0.00000 0.00000
vt 0.00000 0.00000
vt 0.00000 0.00000
vt 0.00000 0.00000
vt 0.00000 0.00000
vt 0.00000 0.00000
vt 0.00000 0.00000
vt 0.00000 0.00000
vt 0.00000 0.00000
vt 0.00000 0.00000
vt 0.00000 0.00000
vt 0.00000 0.00000
vt 0.00000 0.00000
vt 0.00000 0.00000
vt 0.00000 0.00000
vt 0.00000 0.00000
vt 0.00000 0.00000
vt 0.00000 0.00000
vt 0.00000 0.00000
vt 0.00000 0.00000
vt 0.00000 0.00000
vt 0.00000 0.00000
vt 0.00000 0.00000
vt 0.00000 0.00000
vt 0.00000 0.00000
vt 0.00000 0.00000
vt 0.00000 0.00000
vt 0.00000 0.00000
vt 0.00000 0.00000
vt 0.00000 0.00000
vt 0.00000 0.00000
vt 0.00000 0.00000
vt 0.00000 0.00000
vt 0.00000 0.00000
vt 0.00000 0.00000
vt 0.00000 0.00000
vt 0.00000 0.00000
vt 0.00000 0.00000
vt 0.00000 0.00000
vt 0.00000 0.00000
vt 0.00000 0.00000
vt 0.00000 0.00000
vt 0.00000 0.00000
vt 0.00000 0.00000
vt 0.00000 0.00000
vt 0.00000 0.00000
vt 0.00000 0.00000
vt 0.00000 0.00000
vt 0.00000 0.00000
vt 0.00000 0.00000
vt 0.00000 0.00000
vt 0.00000 0.00000
vt 0.00000 0.00000
vt 0.00000 0.00000
vt 0.00000 0.00000
vt 0.00000 0.00000
vt 0.00000 0.00000
vt 0.00000 0.00000
vt 0.00000 0.00000
vt 0.00000 0.00000
vt 0.00000 0.00000
vt 0.00000 0.00000
vt 0.00000 0.00000
vt 0.00000 0.00000
vt 0.00000 0.00000
vt 0.00000 0.00000
vt 0.00000 0.00000
vt 0.00000 0.00000
vt 0.00000 0.00000
vt 0.00000 0.00000
vt 0.00000 0.00000
vt 0.00000 0.00000
vt 0.00000 0.00000
vt 0.00000 0.00000
vt 0.00000 0.00000
vt 0.00000 0.00000
vt 0.00000 0.00000
vt 0.00000 0.00000
vt 0.00000 0.00000
vt 0.00000 0.00000
vt 0.00000 0.00000
vt 0.00000 0.00000
vt 0.00000 0.00000
vt 0.00000 0.00000
vt 0.00000 0.00000
vt 0.00000 0.00000
vt 0.00000 0.00000
vt 0.00000 0.00000
vt 0.00000 0.00000
vt 0.00000 0.00000
vt 0.00000 0.00000
vt 0.00000 0.00000
vt 0.00000 0.00000
vt 0.00000 0.00000
vt 0.00000 0.00000
vt 0.00000 0.00000
vt 0.00000 0.00000
vt 0.00000 0.00000
vt 0.00000 0.00000
vt 0.00000 0.00000
vt 0.00000 0.00000
vt 0.00000 0.00000
vt 0.00000 0.00000
vt 0.00000 0.00000
vt 0.00000 0.00000
vt 0.00000 0.00000
vt 0.00000 0.00000
vt 0.00000 0.00000
vt 0.00000 0.00000
vt 0.00000 0.00000
vt 0.00000 0.00000
vt 0.00000 0.00000
vt 0.00000 0.00000
vt 0.00000 0.00000
vt 0.00000 0.00000
vt 0.00000 0.00000
vt 0.00000 0.00000
vt 0.00000 0.00000
vt 0.00000 0.00000
vt 0.00000 0.00000
vt 0.00000 0.00000
vt 0.00000 0.00000
vt 0.00000 0.00000
vt 0.00000 0.00000
vt 0.00000 0.00000
vt 0.00000 0.00000
vt 0.00000 0.00000
vt 0.00000 0.00000
vt 0.00000 0.00000
vt 0.00000 0.00000
vt 0.00000 0.00000
vt 0.00000 0.00000
vt 0.00000 0.00000
vt 0.00000 0.00000
vt 0.00000 0.00000
vt 0.00000 0.00000
vt 0.00000 0.00000
vt 0.00000 0.00000
vt 0.00000 0.00000
vt 0.00000 0.00000
vt 0.00000 0.00000
vt 0.00000 0.00000
vt 0.00000 0.00000
vt 0.00000 0.00000
vt 0.00000 0.00000
vt 0.00000 0.00000
vt 0.00000 0.00000
vt 0.00000 0.00000
vt 0.00000 0.00000
vt 0.00000 0.00000
vt 0.00000 0.00000
vt 0.00000 0.00000
vt 0.00000 0.00000
vt 0.00000 0.00000
vt 0.00000 0.00000
vt 0.00000 0.00000
vt 0.00000 0.00000
vt 0.00000 0.00000
vt 0.00000 0.00000
vt 0.00000 0.00000
vt 0.00000 0.00000
vt 0.00000 0.00000
vt 0.00000 0.00000
vt 0.00000 0.00000
vt 0.00000 0.00000
vt 0.00000 0.00000
vt 0.00000 0.00000
vt 0.00000 0.00000
vt 0.00000 0.00000
vt 0.00000 0.00000
vt 0.00000 0.00000
vt 0.00000 0.00000
vt 0.00000 0.00000
vt 0.00000 0.00000
vt 0.00000 0.00000
vt 0.00000 0.00000
vt 0.00000 0.00000
vt 0.00000 0.00000
vt 0.00000 0.00000
vt 0.00000 0.00000
vt 0.00000 0.00000
vt 0.00000 0.00000
vt 0.00000 0.00000
vt 0.00000 0.00000
vt 0.00000 0.00000
vt 0.00000 0.00000
vt 0.00000 0.00000
vt 0.00000 0.00000
vt 0.00000 0.00000
vt 0.00000 0.00000
vt 0.00000 0.00000
vt 0.00000 0.00000
vt 0.00000 0.00000
vt 0.00000 0.00000
vt 0.00000 0.00000
vt 0.00000 0.00000
vt 0.00000 0.00000
vt 0.00000 0.00000
vt 0.00000 0.00000
vt 0.00000 0.00000
vt 0.00000 0.00000
vt 0.00000 0.00000
vt 0.00000 0.00000
vt 0.00000 0.00000
vt 0.00000 0.00000
vt 0.00000 0.00000
vt 0.00000 0.00000
vt 0.00000 0.00000
vt 0.00000 0.00000
vt 0.00000 0.00000
vt 0.00000 0.00000
vt 0.00000 0.00000
vt 0.00000 0.00000
vt 0.00000 0.00000
vt 0.00000 0.00000
vt 0.00000 0.00000
vt 0.00000 0.00000
vt 0.00000 0.00000
vt 0.00000 0.00000
vt 0.00000 0.00000
vt 0.00000 0.00000
vt 0.00000 0.00000
vt 0.00000 0.00000
vt 0.00000 0.00000
vt 0.00000 0.00000
vt 0.00000 0.00000
vt 0.00000 0.00000
vt 0.00000 0.00000
vt 0.00000 0.00000
vt 0.00000 0.00000
vt 0.00000 0.00000
vt 0.00000 0.00000
vt 0.00000 0.00000
vt 0.00000 0.00000
vt 0.00000 0.00000
vt 0.00000 0.00000
vt 0.00000 0.00000
vt 0.00000 0.00000
vt 0.00000 0.00000
vt 0.00000 0.00000
vt 0.00000 0.00000
vt 0.00000 0.00000
vt 0.00000 0.00000
vt 0.00000 0.00000
vt 0.00000 0.00000
vt 0.00000 0.00000
vt 0.00000 0.00000
vt 0.00000 0.00000
vt 0.00000 0.00000
vt 0.00000 0.00000
vt 0.00000 0.00000
vt 0.00000 0.00000
vt 0.00000 0.00000
vt 0.00000 0.00000
vt 0.00000 0.00000
vt 0.00000 0.00000
vt 0.00000 0.00000
vt 0.00000 0.00000
vt 0.00000 0.00000
vt 0.00000 0.00000
vt 0.00000 0.00000
vt 0.00000 0.00000
vt 0.00000 0.00000
vt 0.00000 0.00000
vt 0.00000 0.00000
vt 0.00000 0.00000
vt 0.00000 0.00000
vt 0.00000 0.00000
vt 0.00000 0.00000
vt 0.00000 0.00000
vt 0.00000 0.00000
vt 0.00000 0.00000
vt 0.00000 0.00000
vt 0.00000 0.00000
vt 0.00000 0.00000
vt 0.00000 0.00000
vt 0.00000 0.00000
vt 0.00000 0.00000
vt 0.00000 0.00000
vt 0.00000 0.00000
vt 0.00000 0.00000
vt 0.00000 0.00000
vt 0.00000 0.00000
vt 0.00000 0.00000
vt 0.00000 0.00000
vt 0.00000 0.00000
vt 0.00000 0.00000
vt 0.00000 0.00000
vt 0.00000 0.00000
vt 0.00000 0.00000
vt 0.00000 0.00000
vt 0.00000 0.00000
vt 0.00000 0.00000
vt 0.00000 0.00000
vt 0.00000 0.00000
vt 0.00000 0.00000
vt 0.00000 0.00000
vt 0.00000 0.00000
vt 0.00000 0.00000
vt 0.00000 0.00000
vt 0.00000 0.00000
vt 0.00000 0.00000
vt 0.00000 0.00000
vt 0.00000 0.00000
vt 0.00000 0.00000
vt 0.00000 0.00000
vt 0.00000 0.00000
vt 0.00000 0.00000
vt 0.00000 0.00000
vt 0.00000 0.00000
vt 0.00000 0.00000
vt 0.00000 0.00000
vt 0.00000 0.00000
vt 0.00000 0.00000
vt 0.00000 0.00000
vt 0.00000 0.00000
vt 0.00000 0.00000
vt 0.00000 0.00000
vt 0.00000 0.00000
vt 0.00000 0.00000
vt 0.00000 0.00000
vt 0.00000 0.00000
vt 0.00000 0.00000
vt 0.00000 0.00000
vt 0.00000 0.00000
vt 0.00000 0.00000
vt 0.00000 0.00000
vt 0.00000 0.00000
vt 0.00000 0.00000
vt 0.00000 0.00000
vt 0.00000 0.00000
vt 0.00000 0.00000
vt 0.00000 0.00000
vt 0.00000 0.00000
vt 0.00000 0.00000
vt 0.00000 0.00000
vt 0.00000 0.00000
vt 0.00000 0.00000
vt 0.00000 0.00000
vt 0.00000 0.00000
vt 0.00000 0.00000
vt 0.00000 0.00000
vt 0.00000 0.00000
vt 0.00000 0.00000
vt 0.00000 0.00000
vt 0.00000 0.00000
vt 0.00000 0.00000
vt 0.00000 0.00000
vt 0.00000 0.00000
vt 0.00000 0.00000
vt 0.00000 0.00000
vt 0.00000 0.00000
vt 0.00000 0.00000
vt 0.00000 0.00000
vt 0.00000 0.00000
vt 0.00000 0.00000
vt 0.00000 0.00000
vt 0.00000 0.00000
vt 0.00000 0.00000
vt 0.00000 0.00000
vt 0.00000 0.00000
vt 0.00000 0.00000
vt 0.00000 0.00000
vt 0.00000 0.00000
vt 0.00000 0.00000
vt 0.00000 0.00000
vt 0.00000 0.00000
vt 0.00000 0.00000
vt 0.00000 0.00000
vt 0.00000 0.00000
vt 0.00000 0.00000
vt 0.00000 0.00000
vt 0.00000 0.00000
vt 0.00000 0.00000
vt 0.00000 0.00000
vt 0.00000 0.00000
vt 0.00000 0.00000
vt 0.00000 0.00000
vt 0.00000 0.00000
vt 0.00000 0.00000
vt 0.00000 0.00000
vt 0.00000 0.00000
vt 0.00000 0.00000
vt 0.00000 0.00000
vt 0.00000 0.00000
vt 0.00000 0.00000
vt 0.00000 0.00000
vt 0.00000 0.00000
vt 0.00000 0.00000
vt 0.00000 0.00000
vt 0.00000 0.00000
vt 0.00000 0.00000
vt 0.00000 0.00000
vt 0.00000 0.00000
vt 0.00000 0.00000
vt 0.00000 0.00000
vt 0.00000 0.00000
vt 0.00000 0.00000
vt 0.00000 0.00000
vt 0.00000 0.00000
vt 0.00000 0.00000
vt 0.00000 0.00000
vt 0.00000 0.00000
vt 0.00000 0.00000
vt 0.00000 0.00000
vt 0.00000 0.00000
vt 0.00000 0.00000
vt 0.00000 0.00000
vt 0.00000 0.00000
vt 0.00000 0.00000
vt 0.00000 0.00000
vt 0.00000 0.00000
vt 0.00000 0.00000
vt 0.00000 0.00000
vt 0.00000 0.00000
vt 0.00000 0.00000
vt 0.00000 0.00000
vt 0.00000 0.00000
vt 0.00000 0.00000
vt 0.00000 0.00000
vt 0.00000 0.00000
vt 0.00000 0.00000
vt 0.00000 0.00000
vt 0.00000 0.00000
vt 0.00000 0.00000
vt 0.00000 0.00000
vt 0.00000 0.00000
vt 0.00000 0.00000
vt 0.00000 0.00000
vt 0.00000 0.00000
vt 0.00000 0.00000
vt 0.00000 0.00000
vt 0.00000 0.00000
vt 0.00000 0.00000
vt 0.00000 0.00000
vt 0.00000 0.00000
vt 0.00000 0.00000
vt 0.00000 0.00000
vt 0.00000 0.00000
vt 0.00000 0.00000
vt 0.00000 0.00000
vt 0.00000 0.00000
vt 0.00000 0.00000
vt 0.00000 0.00000
vt 0.00000 0.00000
vt 0.00000 0.00000
vt 0.00000 0.00000
vt 0.00000 0.00000
vt 0.00000 0.00000
vt 0.00000 0.00000
vt 0.00000 0.00000
vt 0.00000 0.00000
vt 0.00000 0.00000
vt 0.00000 0.00000
vt 0.00000 0.00000
vt 0.00000 0.00000
vt 0.00000 0.00000
vt 0.00000 0.00000
vt 0.00000 0.00000
vt 0.00000 0.00000
vt 0.00000 0.00000
vt 0.00000 0.00000
vt 0.00000 0.00000
vt 0.00000 0.00000
vt 0.00000 0.00000
vt 0.00000 0.00000
vt 0.00000 0.00000
vt 0.00000 0.00000
vt 0.00000 0.00000
vt 0.00000 0.00000
vt 0.00000 0.00000
vt 0.00000 0.00000
vt 0.00000 0.00000
vt 0.00000 0.00000
vt 0.00000 0.00000
vt 0.00000 0.00000
vt 0.00000 0.00000
vt 0.00000 0.00000
vt 0.00000 0.00000
vt 0.00000 0.00000
vt 0.00000 0.00000
vt 0.00000 0.00000
vt 0.00000 0.00000
vt 0.00000 0.00000
vt 0.00000 0.00000
vt 0.00000 0.00000
vt 0.00000 0.00000
vt 0.00000 0.00000
vt 0.00000 0.00000
vt 0.00000 0.00000
vt 0.00000 0.00000
vt 0.00000 0.00000
vt 0.00000 0.00000
vt 0.00000 0.00000
vt 0.00000 0.00000
vt 0.00000 0.00000
vt 0.00000 0.00000
vt 0.00000 0.00000
vt 0.00000 0.00000
vt 0.00000 0.00000
vt 0.00000 0.00000
vt 0.00000 0.00000
vt 0.00000 0.00000
vt 0.00000 0.00000
vt 0.00000 0.00000
vt 0.00000 0.00000
vt 0.00000 0.00000
vt 0.00000 0.00000
vt 0.00000 0.00000
vt 0.00000 0.00000
vt 0.00000 0.00000
vt 0.00000 0.00000
vt 0.00000 0.00000
vt 0.00000 0.00000
vt 0.00000 0.00000
vt 0.00000 0.00000
vt 0.00000 0.00000
vt 0.00000 0.00000
vt 0.00000 0.00000
vt 0.00000 0.00000
vt 0.00000 0.00000
vt 0.00000 0.00000
vt 0.00000 0.00000
vt 0.00000 0.00000
vt 0.00000 0.00000
vt 0.00000 0.00000
vt 0.00000 0.00000
vt 0.00000 0.00000
vt 0.00000 0.00000
vt 0.00000 0.00000
vt 0.00000 0.00000
vt 0.00000 0.00000
vt 0.00000 0.00000
vt 0.00000 0.00000
vt 0.00000 0.00000
vt 0.00000 0.00000
vt 0.00000 0.00000
vt 0.00000 0.00000
vt 0.00000 0.00000
vt 0.00000 0.00000
vt 0.00000 0.00000
vt 0.00000 0.00000
vt 0.00000 0.00000
vt 0.00000 0.00000
vt 0.00000 0.00000
vt 0.00000 0.00000
vt 0.00000 0.00000
vt 0.00000 0.00000
vt 0.00000 0.00000
vt 0.00000 0.00000
vt 0.00000 0.00000
vt 0.00000 0.00000
vt 0.00000 0.00000
vt 0.00000 0.00000
vt 0.00000 0.00000
vt 0.00000 0.00000
vt 0.00000 0.00000
vt 0.00000 0.00000
vt 0.00000 0.00000
vt 0.00000 0.00000
vt 0.00000 0.00000
vt 0.00000 0.00000
vt 0.00000 0.00000
vt 0.00000 0.00000
vt 0.00000 0.00000
vt 0.00000 0.00000
vt 0.00000 0.00000
vt 0.00000 0.00000
vt 0.00000 0.00000
vt 0.00000 0.00000
vt 0.00000 0.00000
vt 0.00000 0.00000
vt 0.00000 0.00000
vt 0.00000 0.00000
vt 0.00000 0.00000
vt 0.00000 0.00000
vt 0.00000 0.00000
vt 0.00000 0.00000
vt 0.00000 0.00000
vt 0.00000 0.00000
vt 0.00000 0.00000
vt 0.00000 0.00000
vt 0.00000 0.00000
vt 0.00000 0.00000
vt 0.00000 0.00000
vt 0.00000 0.00000
vt 0.00000 0.00000
vt 0.00000 0.00000
vt 0.00000 0.00000
vt 0.00000 0.00000
vt 0.00000 0.00000
vt 0.00000 0.00000
vt 0.00000 0.00000
vt 0.00000 0.00000
vt 0.00000 0.00000
vt 0.00000 0.00000
vt 0.00000 0.00000
vt 0.00000 0.00000
vt 0.00000 0.00000
vt 0.00000 0.00000
vt 0.00000 0.00000
vt 0.00000 0.00000
vt 0.00000 0.00000
vt 0.00000 0.00000
vt 0.00000 0.00000
vt 0.00000 0.00000
vt 0.00000 0.00000
vt 0.00000 0.00000
vt 0.00000 0.00000
vt 0.00000 0.00000
vt 0.00000 0.00000
vt 0.00000 0.00000
vt 0.00000 0.00000
vt 0.00000 0.00000
vt 0.00000 0.00000
vt 0.00000 0.00000
vt 0.00000 0.00000
vt 0.00000 0.00000
vt 0.00000 0.00000
vt 0.00000 0.00000
vt 0.00000 0.00000
vt 0.00000 0.00000
vt 0.00000 0.00000
vt 0.00000 0.00000
vt 0.00000 0.00000
vt 0.00000 0.00000
vt 0.00000 0.00000
vt 0.00000 0.00000
vt 0.00000 0.00000
vt 0.00000 0.00000
vt 0.00000 0.00000
vt 0.00000 0.00000
vt 0.00000 0.00000
vt 0.00000 0.00000
vt 0.00000 0.00000
vt 0.00000 0.00000
vt 0.00000 0.00000
vt 0.00000 0.00000
vt 0.00000 0.00000
vt 0.00000 0.00000
vt 0.00000 0.00000
vt 0.00000 0.00000
vt 0.00000 0.00000
vt 0.00000 0.00000
vt 0.00000 0.00000
vt 0.00000 0.00000
vt 0.00000 0.00000
vt 0.00000 0.00000
vt 0.00000 0.00000
vt 0.00000 0.00000
vt 0.00000 0.00000
vt 0.00000 0.00000
vt 0.00000 0.00000
vt 0.00000 0.00000
vt 0.00000 0.00000
vt 0.00000 0.00000
vt 0.00000 0.00000
vt 0.00000 0.00000
vt 0.00000 0.00000
vt 0.00000 0.00000
vt 0.00000 0.00000
vt 0.00000 0.00000
vt 0.00000 0.00000
vt 0.00000 0.00000
vt 0.00000 0.00000
vt 0.00000 0.00000
vt 0.00000 0.00000
vt 0.00000 0.00000
vt 0.00000 0.00000
vt 0.00000 0.00000
vt 0.00000 0.00000
vt 0.00000 0.00000
vt 0.00000 0.00000
vt 0.00000 0.00000
vt 0.00000 0.00000
vt 0.00000 0.00000
vt 0.00000 0.00000
vt 0.00000 0.00000
vt 0.00000 0.00000
vt 0.00000 0.00000
vt 0.00000 0.00000
vt 0.00000 0.00000
vt 0.00000 0.00000
vt 0.00000 0.00000
vt 0.00000 0.00000
vt 0.00000 0.00000
vt 0.00000 0.00000
vt 0.00000 0.00000
vt 0.00000 0.00000
vt 0.00000 0.00000
vt 0.00000 0.00000
vt 0.00000 0.00000
vt 0.00000 0.00000
vt 0.00000 0.00000
vt 0.00000 0.00000
vt 0.00000 0.00000
vt 0.00000 0.00000
vt 0.00000 0.00000
vt 0.00000 0.00000
vt 0.00000 0.00000
vt 0.00000 0.00000
vt 0.00000 0.00000
vt 0.00000 0.00000
vt 0.00000 0.00000
vt 0.00000 0.00000
vt 0.00000 0.00000
vt 0.00000 0.00000
vt 0.00000 0.00000
vt 0.00000 0.00000
vt 0.00000 0.00000
vt 0.00000 0.00000
vt 0.00000 0.00000
vt 0.00000 0.00000
vt 0.00000 0.00000
vt 0.00000 0.00000
vt 0.00000 0.00000
vt 0.00000 0.00000
vt 0.00000 0.00000
vt 0.00000 0.00000
vt 0.00000 0.00000
vt 0.00000 0.00000
vt 0.00000 0.00000
vt 0.00000 0.00000
vt 0.00000 0.00000
vt 0.00000 0.00000
vt 0.00000 0.00000
vt 0.00000 0.00000
vt 0.00000 0.00000
vt 0.00000 0.00000
vt 0.00000 0.00000
vt 0.00000 0.00000
vt 0.00000 0.00000
vt 0.00000 0.00000
vt 0.00000 0.00000
vt 0.00000 0.00000
vt 0.00000 0.00000
vt 0.00000 0.00000
vt 0.00000 0.00000
vt 0.00000 0.00000
vt 0.00000 0.00000
vt 0.00000 0.00000
vt 0.00000 0.00000
vt 0.00000 0.00000
vt 0.00000 0.00000
vt 0.00000 0.00000
vt 0.00000 0.00000
vt 0.00000 0.00000
vt 0.00000 0.00000
vt 0.00000 0.00000
vt 0.00000 0.00000
vt 0.00000 0.00000
vt 0.00000 0.00000
vt 0.00000 0.00000
vt 0.00000 0.00000
vt 0.00000 0.00000
vt 0.00000 0.00000
vt 0.00000 0.00000
vt 0.00000 0.00000
vt 0.00000 0.00000
vt 0.00000 0.00000
vt 0.00000 0.00000
vt 0.00000 0.00000
vt 0.00000 0.00000
vt 0.00000 0.00000
vt 0.00000 0.00000
vt 0.00000 0.00000
vt 0.00000 0.00000
vt 0.00000 0.00000
vt 0.00000 0.00000
vt 0.00000 0.00000
vt 0.00000 0.00000
vt 0.00000 0.00000
vt 0.00000 0.00000
vt 0.00000 0.00000
vt 0.00000 0.00000
vt 0.00000 0.00000
vt 0.00000 0.00000
vt 0.00000 0.00000
vt 0.00000 0.00000
vt 0.00000 0.00000
vt 0.00000 0.00000
vt 0.00000 0.00000
vt 0.00000 0.00000
vt 0.00000 0.00000
vt 0.00000 0.00000
vt 0.00000 0.00000
vt 0.00000 0.00000
vt 0.00000 0.00000
vt 0.00000 0.00000
vt 0.00000 0.00000
vt 0.00000 0.00000
vt 0.00000 0.00000
vt 0.00000 0.00000
vt 0.00000 0.00000
vt 0.00000 0.00000
vt 0.00000 0.00000
vt 0.00000 0.00000
vt 0.00000 0.00000
vt 0.00000 0.00000
vt 0.00000 0.00000
vt 0.00000 0.00000
vt 0.00000 0.00000
vt 0.00000 0.00000
vt 0.00000 0.00000
vt 0.00000 0.00000
vt 0.00000 0.00000
vt 0.00000 0.00000
vt 0.00000 0.00000
vt 0.00000 0.00000
vt 0.00000 0.00000
vt 0.00000 0.00000
vt 0.00000 0.00000
vt 0.00000 0.00000
vt 0.00000 0.00000
vt 0.00000 0.00000
vt 0.00000 0.00000
vt 0.00000 0.00000
vt 0.00000 0.00000
vt 0.00000 0.00000
vt 0.00000 0.00000
vt 0.00000 0.00000
vt 0.00000 0.00000
vt 0.00000 0.00000
vt 0.00000 0.00000
vt 0.00000 0.00000
vt 0.00000 0.00000
vt 0.00000 0.00000
vt 0.00000 0.00000
vt 0.00000 0.00000
vt 0.00000 0.00000
vt 0.00000 0.00000
vt 0.00000 0.00000
vt 0.00000 0.00000
vt 0.00000 0.00000
vt 0.00000 0.00000
vt 0.00000 0.00000
vt 0.00000 0.00000
vt 0.00000 0.00000
vt 0.00000 0.00000
vt 0.00000 0.00000
vt 0.00000 0.00000
vt 0.00000 0.00000
vt 0.00000 0.00000
vt 0.00000 0.00000
vt 0.00000 0.00000
vt 0.00000 0.00000
vt 0.00000 0.00000
vt 0.00000 0.00000
vt 0.00000 0.00000
vt 0.00000 0.00000
vt 0.00000 0.00000
vt 0.00000 0.00000
vt 0.00000 0.00000
vt 0.00000 0.00000
vt 0.00000 0.00000
vt 0.00000 0.00000
vt 0.00000 0.00000
vt 0.00000 0.00000
vt 0.00000 0.00000
vt 0.00000 0.00000
vt 0.00000 0.00000
vt 0.00000 0.00000
vt 0.00000 0.00000
vt 0.00000 0.00000
vt 0.00000 0.00000
vt 0.00000 0.00000
vt 0.00000 0.00000
vt 0.00000 0.00000
vt 0.00000 0.00000
vt 0.00000 0.00000
vt 0.00000 0.00000
vt 0.00000 0.00000
vt 0.00000 0.00000
vt 0.00000 0.00000
vt 0.00000 0.00000
vt 0.00000 0.00000
vt 0.00000 0.00000
vt 0.00000 0.00000
vt 0.00000 0.00000
vt 0.00000 0.00000
vt 0.00000 0.00000
vt 0.00000 0.00000
vt 0.00000 0.00000
vt 0.00000 0.00000
vt 0.00000 0.00000
vt 0.00000 0.00000
vt 0.00000 0.00000
vt 0.00000 0.00000
vt 0.00000 0.00000
vt 0.00000 0.00000
vt 0.00000 0.00000
vt 0.00000 0.00000
vt 0.00000 0.00000
vt 0.00000 0.00000
vt 0.00000 0.00000
vt 0.00000 0.00000
vt 0.00000 0.00000
vt 0.00000 0.00000
vt 0.00000 0.00000
vt 0.00000 0.00000
vt 0.00000 0.00000
vt 0.00000 0.00000
vt 0.00000 0.00000
vt 0.00000 0.00000
vt 0.00000 0.00000
vt 0.00000 0.00000
vt 0.00000 0.00000
vt 0.00000 0.00000
vt 0.00000 0.00000
vt 0.00000 0.00000
vt 0.00000 0.00000
vt 0.00000 0.00000
vt 0.00000 0.00000
vt 0.00000 0.00000
vt 0.00000 0.00000
vt 0.00000 0.00000
vt 0.00000 0.00000
vt 0.00000 0.00000
vt 0.00000 0.00000
vt 0.00000 0.00000
vt 0.00000 0.00000
vt 0.00000 0.00000
vt 0.00000 0.00000
vt 0.00000 0.00000
vt 0.00000 0.00000
vt 0.00000 0.00000
vt 0.00000 0.00000
vt 0.00000 0.00000
vt 0.00000 0.00000
vt 0.00000 0.00000
vt 0.00000 0.00000
vt 0.00000 0.00000
vt 0.00000 0.00000
vt 0.00000 0.00000
vt 0.00000 0.00000
vt 0.00000 0.00000
vt 0.00000 0.00000
vt 0.00000 0.00000
vt 0.00000 0.00000
vt 0.00000 0.00000
vt 0.00000 0.00000
vt 0.00000 0.00000
vt 0.00000 0.00000
vt 0.00000 0.00000
vt 0.00000 0.00000
vt 0.00000 0.00000
vt 0.00000 0.00000
vt 0.00000 0.00000
vt 0.00000 0.00000
vt 0.00000 0.00000
vt 0.00000 0.00000
vt 0.00000 0.00000
vt 0.00000 0.00000
vt 0.00000 0.00000
vt 0.00000 0.00000
vt 0.00000 0.00000
vt 0.00000 0.00000
vt 0.00000 0.00000
vt 0.00000 0.00000
vt 0.00000 0.00000
vt 0.00000 0.00000
vt 0.00000 0.00000
vt 0.00000 0.00000
vt 0.00000 0.00000
vt 0.00000 0.00000
vt 0.00000 0.00000
vt 0.00000 0.00000
vt 0.00000 0.00000
vt 0.00000 0.00000
vt 0.00000 0.00000
vt 0.00000 0.00000
vt 0.00000 0.00000
vt 0.00000 0.00000
vt 0.00000 0.00000
vt 0.00000 0.00000
vt 0.00000 0.00000
vt 0.00000 0.00000
vt 0.00000 0.00000
vt 0.00000 0.00000
vt 0.00000 0.00000
vt 0.00000 0.00000
vt 0.00000 0.00000
vt 0.00000 0.00000
vt 0.00000 0.00000
vt 0.00000 0.00000
vt 0.00000 0.00000
vt 0.00000 0.00000
vt 0.00000 0.00000
vt 0.00000 0.00000
vt 0.00000 0.00000
vt 0.00000 0.00000
vt 0.00000 0.00000
vt 0.00000 0.00000
vt 0.00000 0.00000
vt 0.00000 0.00000
vt 0.00000 0.00000
vt 0.00000 0.00000
vt 0.00000 0.00000
vt 0.00000 0.00000
vt 0.00000 0.00000
vt 0.00000 0.00000
vt 0.00000 0.00000
vt 0.00000 0.00000
vt 0.00000 0.00000
vt 0.00000 0.00000
vt 0.00000 0.00000
vt 0.00000 0.00000
vt 0.00000 0.00000
vt 0.00000 0.00000
vt 0.00000 0.00000
vt 0.00000 0.00000
vt 0.00000 0.00000
vt 0.00000 0.00000
vt 0.00000 0.00000
vt 0.00000 0.00000
vt 0.00000 0.00000
vt 0.00000 0.00000
vt 0.00000 0.00000
vt 0.00000 0.00000
vt 0.00000 0.00000
vt 0.00000 0.00000
vt 0.00000 0.00000
vt 0.00000 0.00000
vt 0.00000 0.00000
vt 0.00000 0.00000
vt 0.00000 0.00000
vt 0.00000 0.00000
vt 0.00000 0.00000
vt 0.00000 0.00000
vt 0.00000 0.00000
vt 0.00000 0.00000
vt 0.00000 0.00000
vt 0.00000 0.00000
vt 0.00000 0.00000
vt 0.00000 0.00000
vt 0.00000 0.00000
vt 0.00000 0.00000
vt 0.00000 0.00000
vt 0.00000 0.00000
vt 0.00000 0.00000
vt 0.00000 0.00000
vt 0.00000 0.00000
vt 0.00000 0.00000
vt 0.00000 0.00000
vt 0.00000 0.00000
vt 0.00000 0.00000
vt 0.00000 0.00000
vt 0.00000 0.00000
vt 0.00000 0.00000
vt 0.00000 0.00000
vt 0.00000 0.00000
vt 0.00000 0.00000
vt 0.00000 0.00000
vt 0.00000 0.00000
vt 0.00000 0.00000
vt 0.00000 0.00000
vt 0.00000 0.00000
vt 0.00000 0.00000
vt 0.00000 0.00000
vt 0.00000 0.00000
vt 0.00000 0.00000
vt 0.00000 0.00000
vt 0.00000 0.00000
vt 0.00000 0.00000
vt 0.00000 0.00000
vt 0.00000 0.00000
vt 0.00000 0.00000
vt 0.00000 0.00000
vt 0.00000 0.00000
vt 0.00000 0.00000
vt 0.00000 0.00000
vt 0.00000 0.00000
vt 0.00000 0.00000
vt 0.00000 0.00000
vt 0.00000 0.00000
vt 0.00000 0.00000
vt 0.00000 0.00000
vt 0.00000 0.00000
vt 0.00000 0.00000
vt 0.00000 0.00000
vt 0.00000 0.00000
vt 0.00000 0.00000
vt 0.00000 0.00000
vt 0.00000 0.00000
vt 0.00000 0.00000
vt 0.00000 0.00000
vt 0.00000 0.00000
vt 0.00000 0.00000
vt 0.00000 0.00000
vt 0.00000 0.00000
vt 0.00000 0.00000
vt 0.00000 0.00000
vt 0.00000 0.00000
vt 0.00000 0.00000
vt 0.00000 0.00000
vt 0.00000 0.00000
vt 0.00000 0.00000
vt 0.00000 0.00000
vt 0.00000 0.00000
vt 0.00000 0.00000
vt 0.00000 0.00000
vt 0.00000 0.00000
vt 0.00000 0.00000
vt 0.00000 0.00000
vt 0.00000 0.00000
vt 0.00000 0.00000
vt 0.00000 0.00000
vt 0.00000 0.00000
vt 0.00000 0.00000
vt 0.00000 0.00000
vt 0.00000 0.00000
vt 0.00000 0.00000
vt 0.00000 0.00000
vt 0.00000 0.00000
vt 0.00000 0.00000
vt 0.00000 0.00000
vt 0.00000 0.00000
vt 0.00000 0.00000
vt 0.00000 0.00000
vt 0.00000 0.00000
vt 0.00000 0.00000
vt 0.00000 0.00000
vt 0.00000 0.00000
vt 0.00000 0.00000
vt 0.00000 0.00000
vt 0.00000 0.00000
vt 0.00000 0.00000
vt 0.00000 0.00000
vt 0.00000 0.00000
vt 0.00000 0.00000
vt 0.00000 0.00000
vt 0.00000 0.00000
vt 0.00000 0.00000
vt 0.00000 0.00000
vt 0.00000 0.00000
vt 0.00000 0.00000
vt 0.00000 0.00000
vt 0.00000 0.00000
vt 0.00000 0.00000
vt 0.00000 0.00000
vt 0.00000 0.00000
vt 0.00000 0.00000
vt 0.00000 0.00000
vt 0.00000 0.00000
vt 0.00000 0.00000
vt 0.00000 0.00000
vt 0.00000 0.00000
vt 0.00000 0.00000
vt 0.00000 0.00000
vt 0.00000 0.00000
vt 0.00000 0.00000
vt 0.00000 0.00000
vt 0.00000 0.00000
vt 0.00000 0.00000
vt 0.00000 0.00000
vt 0.00000 0.00000
vt 0.00000 0.00000
vt 0.00000 0.00000
vt 0.00000 0.00000
vt 0.00000 0.00000
vt 0.00000 0.00000
vt 0.00000 0.00000
vt 0.00000 0.00000
vt 0.00000 0.00000
vt 0.00000 0.00000
vt 0.00000 0.00000
vt 0.00000 0.00000
vt 0.00000 0.00000
vt 0.00000 0.00000
vt 0.00000 0.00000
vt 0.00000 0.00000
vt 0.00000 0.00000
vt 0.00000 0.00000
vt 0.00000 0.00000
vt 0.00000 0.00000
vt 0.00000 0.00000
vt 0.00000 0.00000
vt 0.00000 0.00000
vt 0.00000 0.00000
vt 0.00000 0.00000
vt 0.00000 0.00000
vt 0.00000 0.00000
vt 0.00000 0.00000
vt 0.00000 0.00000
vt 0.00000 0.00000
vt 0.00000 0.00000
vt 0.00000 0.00000
vt 0.00000 0.00000
vt 0.00000 0.00000
vt 0.00000 0.00000
vt 0.00000 0.00000
vt 0.00000 0.00000
vt 0.00000 0.00000
vt 0.00000 0.00000
vt 0.00000 0.00000
vt 0.00000 0.00000
vt 0.00000 0.00000
vt 0.00000 0.00000
vt 0.00000 0.00000
vt 0.00000 0.00000
vt 0.00000 0.00000
vt 0.00000 0.00000
vt 0.00000 0.00000
vt 0.00000 0.00000
vt 0.00000 0.00000
vt 0.00000 0.00000
vt 0.00000 0.00000
vt 0.00000 0.00000
vt 0.00000 0.00000
vt 0.00000 0.00000
vt 0.00000 0.00000
vt 0.00000 0.00000
vt 0.00000 0.00000
vt 0.00000 0.00000
vt 0.00000 0.00000
vt 0.00000 0.00000
vt 0.00000 0.00000
vt 0.00000 0.00000
vt 0.00000 0.00000
vt 0.00000 0.00000
vt 0.00000 0.00000
vt 0.00000 0.00000
vt 0.00000 0.00000
vt 0.00000 0.00000
vt 0.00000 0.00000
vt 0.00000 0.00000
vt 0.00000 0.00000
vt 0.00000 0.00000
vt 0.00000 0.00000
vt 0.00000 0.00000
vt 0.00000 0.00000
vt 0.00000 0.00000
vt 0.00000 0.00000
vt 0.00000 0.00000
vt 0.00000 0.00000
vt 0.00000 0.00000
vt 0.00000 0.00000
vt 0.00000 0.00000
vt 0.00000 0.00000
vt 0.00000 0.00000
vt 0.00000 0.00000
vt 0.00000 0.00000
vt 0.00000 0.00000
vt 0.00000 0.00000
vt 0.00000 0.00000
vt 0.00000 0.00000
vt 0.00000 0.00000
vt 0.00000 0.00000
vt 0.00000 0.00000
vt 0.00000 0.00000
vt 0.00000 0.00000
vt 0.00000 0.00000
vt 0.00000 0.00000
vt 0.00000 0.00000
vt 0.00000 0.00000
vt 0.00000 0.00000
vt 0.00000 0.00000
vt 0.00000 0.00000
vt 0.00000 0.00000
vt 0.00000 0.00000
vt 0.00000 0.00000
vt 0.00000 0.00000
vt 0.00000 0.00000
vt 0.00000 0.00000
vt 0.00000 0.00000
vt 0.00000 0.00000
vt 0.00000 0.00000
vt 0.00000 0.00000
vt 0.00000 0.00000
vt 0.00000 0.00000
vt 0.00000 0.00000
vt 0.00000 0.00000
vt 0.00000 0.00000
vt 0.00000 0.00000
vt 0.00000 0.00000
vt 0.00000 0.00000
vt 0.00000 0.00000
vt 0.00000 0.00000
vt 0.00000 0.00000
vt 0.00000 0.00000
vt 0.00000 0.00000
vt 0.00000 0.00000
vt 0.00000 0.00000
vt 0.00000 0.00000
vt 0.00000 0.00000
vt 0.00000 0.00000
vt 0.00000 0.00000
vt 0.00000 0.00000
vt 0.00000 0.00000
vt 0.00000 0.00000
vt 0.00000 0.00000
vt 0.00000 0.00000
vt 0.00000 0.00000
vt 0.00000 0.00000
vt 0.00000 0.00000
vt 0.00000 0.00000
vt 0.00000 0.00000
vt 0.00000 0.00000
vt 0.00000 0.00000
vt 0.00000 0.00000
vt 0.00000 0.00000
vt 0.00000 0.00000
vt 0.00000 0.00000
vt 0.00000 0.00000
vt 0.00000 0.00000
vt 0.00000 0.00000
vt 0.00000 0.00000
vt 0.00000 0.00000
vt 0.00000 0.00000
vt 0.00000 0.00000
vt 0.00000 0.00000
vt 0.00000 0.00000
vt 0.00000 0.00000
vt 0.00000 0.00000
vt 0.00000 0.00000
vt 0.00000 0.00000
vt 0.00000 0.00000
vt 0.00000 0.00000
vt 0.00000 0.00000
vt 0.00000 0.00000
vt 0.00000 0.00000
vt 0.00000 0.00000
vt 0.00000 0.00000
vt 0.00000 0.00000
vt 0.00000 0.00000
vt 0.00000 0.00000
vt 0.00000 0.00000
vt 0.00000 0.00000
vt 0.00000 0.00000
vt 0.00000 0.00000
vt 0.00000 0.00000
vt 0.00000 0.00000
vt 0.00000 0.00000
vt 0.00000 0.00000
vt 0.00000 0.00000
vt 0.00000 0.00000
vt 0.00000 0.00000
vt 0.00000 0.00000
vt 0.00000 0.00000
vt 0.00000 0.00000
vt 0.00000 0.00000
vt 0.00000 0.00000
vt 0.00000 0.00000
vt 0.00000 0.00000
vt 0.00000 0.00000
vt 0.00000 0.00000
vt 0.00000 0.00000
vt 0.00000 0.00000
vt 0.00000 0.00000
vt 0.00000 0.00000
vt 0.00000 0.00000
vt 0.00000 0.00000
vt 0.00000 0.00000
vt 0.00000 0.00000
vt 0.00000 0.00000
vt 0.00000 0.00000
vt 0.00000 0.00000
vt 0.00000 0.00000
vt 0.00000 0.00000
vt 0.00000 0.00000
vt 0.00000 0.00000
vt 0.00000 0.00000
vt 0.00000 0.00000
vt 0.00000 0.00000
vt 0.00000 0.00000
vt 0.00000 0.00000
vt 0.00000 0.00000
vt 0.00000 0.00000
vt 0.00000 0.00000
vt 0.00000 0.00000
vt 0.00000 0.00000
vt 0.00000 0.00000
vt 0.00000 0.00000
vt 0.00000 0.00000
vt 0.00000 0.00000
vt 0.00000 0.00000
vt 0.00000 0.00000
vt 0.00000 0.00000
vt 0.00000 0.00000
vt 0.00000 0.00000
vt 0.00000 0.00000
vt 0.00000 0.00000
vt 0.00000 0.00000
vt 0.00000 0.00000
vt 0.00000 0.00000
vt 0.00000 0.00000
vt 0.00000 0.00000
vt 0.00000 0.00000
vt 0.00000 0.00000
vt 0.00000 0.00000
vt 0.00000 0.00000
vt 0.00000 0.00000
vt 0.00000 0.00000
vt 0.00000 0.00000
vt 0.00000 0.00000
vt 0.00000 0.00000
vt 0.00000 0.00000
vt 0.00000 0.00000
vt 0.00000 0.00000
vt 0.00000 0.00000
vt 0.00000 0.00000
vt 0.00000 0.00000
vt 0.00000 0.00000
vt 0.00000 0.00000
vt 0.00000 0.00000
vt 0.00000 0.00000
vt 0.00000 0.00000
vt 0.00000 0.00000
vt 0.00000 0.00000
vt 0.00000 0.00000
vt 0.00000 0.00000
vt 0.00000 0.00000
vt 0.00000 0.00000
vt 0.00000 0.00000
vt 0.00000 0.00000
vt 0.00000 0.00000
vt 0.00000 0.00000
vt 0.00000 0.00000
vt 0.00000 0.00000
f 17/17 2/2 1/1
f 17/17 1/1 16/16
f 23/23 4/4 3/3
f 23/23 3/3 22/22
f 25/25 6/6 5/5
f 25/25 5/5 24/24
f 42/42 41/41 40/40
f 42/42 40/40 39/39
f 44/44 43/43 42/42
f 44/44 42/42 39/39
f 48/48 46/46 45/45
f 48/48 45/45 47/47
f 50/50 48/48 47/47
f 50/50 47/47 49/49
f 52/52 50/50 49/49
f 52/52 49/49 51/51
f 54/54 52/52 51/51
f 54/54 51/51 53/53
f 56/56 54/54 53/53
f 56/56 53/53 55/55
f 58/58 56/56 55/55
f 58/58 55/55 57/57
f 60/60 59/59 58/58
f 60/60 58/58 57/57
f 62/62 59/59 60/60
f 62/62 60/60 61/61
f 64/64 62/62 61/61
f 64/64 61/61 63/63
f 66/66 64/64 63/63
f 66/66 63/63 65/65
f 68/68 66/66 65/65
f 68/68 65/65 67/67
f 70/70 68/68 67/67
f 70/70 67/67 69/69
f 72/72 71/71 70/70
f 72/72 70/70 69/69
f 74/74 71/71 72/72
f 74/74 72/72 73/73
f 76/76 75/75 74/74
f 76/76 74/74 73/73
f 78/78 75/75 76/76
f 78/78 76/76 77/77
f 83/83 81/81 80/80
f 83/83 80/80 82/82
f 85/85 83/83 82/82
f 85/85 82/82 84/84
f 87/87 86/86 85/85
f 87/87 85/85 84/84
f 89/89 86/86 87/87
f 89/89 87/87 88/88
f 91/91 89/89 88/88
f 91/91 88/88 90/90
f 93/93 91/91 90/90
f 93/93 90/90 92/92
f 95/95 94/94 93/93
f 95/95 93/93 92/92
f 97/97 94/94 95/95
f 97/97 95/95 96/96
f 99/99 98/98 97/97
f 99/99 97/97 96/96
f 101/101 98/98 99/99
f 101/101 99/99 100/100
f 41/41 101/101 100/100
f 41/41 100/100 40/40
f 105/105 104/104 103/103
f 105/105 103/103 102/102
f 109/109 108/108 107/107
f 109/109 107/107 106/106
f 113/113 112/112 111/111
f 113/113 111/111 110/110
f 117/117 116/116 115/115
f 117/117 115/115 114/114
f 132/132 131/131 130/130
f 132/132 130/130 129/129
f 136/136 135/135 134/134
f 136/136 134/134 133/133
f 140/140 139/139 138/138
f 140/140 138/138 137/137
f 144/144 143/143 142/142
f 144/144 142/142 141/141
f 148/148 147/147 146/146
f 148/148 146/146 145/145
f 152/152 151/151 150/150
f 152/152 150/150 149/149
f 104/104 113/113 110/110
f 104/104 110/110 103/103
f 112/112 117/117 114/114
f 112/112 114/114 111/111
f 116/116 109/109 106/106
f 116/116 106/106 115/115
f 147/147 132/132 129/129
f 147/147 129/129 146/146
f 139/139 148/148 145/145
f 139/139 145/145 138/138
f 135/135 152/152 149/149
f 135/135 149/149 134/134
f 143/143 140/140 137/137
f 143/143 137/137 142/142
f 151/151 144/144 141/141
f 151/151 141/141 150/150
f 156/156 157/157 154/154
f 156/156 154/154 153/153
f 161/161 162/162 156/156
f 161/161 156/156 155/155
f 162/162 163/163 157/157
f 162/162 157/157 156/156
f 163/163 164/164 158/158
f 163/163 158/158 157/157
f 133/133 165/165 159/159
f 133/133 159/159 126/126
f 166/166 167/167 161/161
f 166/166 161/161 160/160
f 167/167 168/168 162/162
f 167/167 162/162 161/161
f 168/168 169/169 163/163
f 168/168 163/163 162/162
f 169/169 170/170 164/164
f 169/169 164/164 163/163
f 149/149 165/165 133/133
f 149/149 133/133 134/134
f 150/150 166/166 165/165
f 150/150 165/165 149/149
f 141/141 167/167 166/166
f 141/141 166/166 150/150
f 142/142 168/168 167/167
f 142/142 167/167 141/141
f 137/137 169/169 168/168
f 137/137 168/168 142/142
f 138/138 170/170 169/169
f 138/138 169/169 137/137
f 129/129 171/171 145/145
f 129/129 145/145 146/146
f 92/92 90/90 116/116
f 92/92 116/116 117/117
f 95/95 92/92 117/117
f 95/95 117/117 112/112
f 96/96 95/95 112/112
f 96/96 112/112 113/113
f 99/99 96/96 113/113
f 99/99 113/113 104/104
f 100/100 99/99 104/104
f 100/100 104/104 105/105
f 40/40 100/100 105/105
f 40/40 105/105 120/120
f 39/39 40/40 120/120
f 39/39 120/120 121/121
f 44/44 39/39 121/121
f 44/44 121/121 118/118
f 49/49 47/47 124/124
f 49/49 124/124 125/125
f 51/51 49/49 125/125
f 51/51 125/125 131/131
f 53/53 51/51 131/131
f 53/53 131/131 132/132
f 55/55 53/53 132/132
f 55/55 132/132 147/147
f 57/57 55/55 147/147
f 57/57 147/147 148/148
f 60/60 57/57 148/148
f 60/60 148/148 139/139
f 61/61 60/60 139/139
f 61/61 139/139 140/140
f 63/63 61/61 140/140
f 63/63 140/140 143/143
f 65/65 63/63 143/143
f 65/65 143/143 144/144
f 67/67 65/65 144/144
f 67/67 144/144 151/151
f 69/69 67/67 151/151
f 69/69 151/151 152/152
f 72/72 69/69 152/152
f 72/72 152/152 135/135
f 73/73 72/72 135/135
f 73/73 135/135 136/136
f 76/76 73/73 136/136
f 76/76 136/136 127/127
f 77/77 76/76 127/127
f 77/77 127/127 128/128
f 82/82 80/80 119/119
f 82/82 119/119 122/122
f 84/84 82/82 122/122
f 84/84 122/122 123/123
f 87/87 84/84 123/123
f 87/87 123/123 108/108
f 88/88 87/87 108/108
f 88/88 108/108 109/109
f 90/90 88/88 109/109
f 90/90 109/109 116/116
f 86/86 89/89 32/32
f 86/86 32/32 31/31
f 83/83 85/85 30/30
f 83/83 30/30 29/29
f 79/79 81/81 28/28
f 79/79 28/28 27/27
f 75/75 78/78 26/26
f 75/75 26/26 25/25
f 25/25 24/24 74/74
f 25/25 74/74 75/75
f 71/71 74/74 24/24
f 71/71 24/24 23/23
f 23/23 22/22 70/70
f 23/23 70/70 71/71
f 68/68 70/70 22/22
f 68/68 22/22 21/21
f 21/21 20/20 66/66
f 21/21 66/66 68/68
f 64/64 66/66 20/20
f 64/64 20/20 19/19
f 19/19 18/18 62/62
f 19/19 62/62 64/64
f 59/59 62/62 18/18
f 59/59 18/18 17/17
f 17/17 16/16 58/58
f 17/17 58/58 59/59
f 56/56 58/58 16/16
f 56/56 16/16 15/15
f 15/15 14/14 54/54
f 15/15 54/54 56/56
f 52/52 54/54 14/14
f 52/52 14/14 13/13
f 13/13 12/12 50/50
f 13/13 50/50 52/52
f 48/48 50/50 12/12
f 48/48 12/12 11/11
f 43/43 46/46 10/10
f 43/43 10/10 9/9
f 41/41 42/42 7/7
f 41/41 7/7 8/8
f 98/98 101/101 38/38
f 98/98 38/38 37/37
f 94/94 97/97 36/36
f 94/94 36/36 35/35
f 91/91 93/93 34/34
f 91/91 34/34 33/33
f 920/920 897/897 896/896
f 920/920 896/896 921/921
f 921/921 896/896 895/895
f 921/921 895/895 922/922
f 1024/1024 927/927 926/926
f 1024/1024 926/926 1025/1025
f 923/923 894/894 893/893
f 923/923 893/893 924/924
f 925/925 924/924 893/893
f 925/925 893/893 892/892
f 179/179 181/181 180/180
f 179/179 180/180 178/178
f 879/879 185/185 888/888
f 879/879 888/888 880/880
f 182/182 183/183 188/188
f 182/182 188/188 187/187
f 187/187 188/188 190/190
f 187/187 190/190 189/189
f 189/189 191/191 181/181
f 189/189 181/181 187/187
f 187/187 181/181 179/179
f 187/187 179/179 182/182
f 1005/1005 1012/1012 1011/1011
f 1005/1005 1011/1011 925/925
f 192/192 180/180 181/181
f 192/192 181/181 191/191
f 192/192 195/195 194/194
f 192/192 194/194 193/193
f 196/196 197/197 193/193
f 196/196 193/193 194/194
f 198/198 193/193 197/197
f 198/198 197/197 199/199
f 192/192 193/193 198/198
f 192/192 198/198 180/180
f 223/223 194/194 195/195
f 223/223 195/195 200/200
f 201/201 195/195 192/192
f 201/201 192/192 191/191
f 201/201 202/202 200/200
f 201/201 200/200 195/195
f 198/198 203/203 178/178
f 198/198 178/178 180/180
f 198/198 199/199 204/204
f 198/198 204/204 203/203
f 204/204 199/199 206/206
f 204/204 206/206 205/205
f 1234/1234 998/998 997/997
f 1234/1234 997/997 1235/1235
f 843/843 982/982 981/981
f 843/843 981/981 844/844
f 980/980 845/845 844/844
f 980/980 844/844 981/981
f 979/979 846/846 845/845
f 979/979 845/845 980/980
f 206/206 199/199 197/197
f 206/206 197/197 208/208
f 208/208 197/197 196/196
f 208/208 196/196 209/209
f 196/196 211/211 210/210
f 196/196 210/210 209/209
f 977/977 848/848 847/847
f 977/977 847/847 978/978
f 847/847 846/846 979/979
f 847/847 979/979 978/978
f 212/212 215/215 214/214
f 212/212 214/214 213/213
f 213/213 214/214 217/217
f 213/213 217/217 216/216
f 217/217 219/219 218/218
f 217/217 218/218 216/216
f 217/217 214/214 221/221
f 217/217 221/221 220/220
f 222/222 221/221 214/214
f 222/222 214/214 215/215
f 976/976 866/866 848/848
f 976/976 848/848 977/977
f 215/215 212/212 210/210
f 215/215 210/210 211/211
f 215/215 211/211 223/223
f 215/215 223/223 222/222
f 218/218 219/219 227/227
f 218/218 227/227 224/224
f 228/228 227/227 219/219
f 228/228 219/219 229/229
f 230/230 227/227 228/228
f 230/230 228/228 231/231
f 230/230 225/225 224/224
f 230/230 224/224 227/227
f 239/239 235/235 234/234
f 239/239 234/234 233/233
f 239/239 241/241 240/240
f 239/239 240/240 235/235
f 242/242 240/240 241/241
f 242/242 241/241 243/243
f 242/242 243/243 245/245
f 242/242 245/245 244/244
f 242/242 244/244 247/247
f 242/242 247/247 246/246
f 248/248 244/244 245/245
f 248/248 245/245 249/249
f 250/250 247/247 244/244
f 250/250 244/244 248/248
f 251/251 252/252 243/243
f 251/251 243/243 241/241
f 245/245 243/243 252/252
f 245/245 252/252 253/253
f 239/239 233/233 232/232
f 239/239 232/232 255/255
f 251/251 241/241 239/239
f 251/251 239/239 255/255
f 232/232 226/226 256/256
f 232/232 256/256 255/255
f 226/226 225/225 230/230
f 226/226 230/230 256/256
f 230/230 231/231 257/257
f 230/230 257/257 256/256
f 258/258 252/252 251/251
f 258/258 251/251 257/257
f 251/251 255/255 256/256
f 251/251 256/256 257/257
f 258/258 257/257 231/231
f 258/258 231/231 259/259
f 265/265 262/262 263/263
f 265/265 263/263 266/266
f 267/267 264/264 262/262
f 267/267 262/262 265/265
f 268/268 260/260 261/261
f 268/268 261/261 270/270
f 271/271 270/270 273/273
f 271/271 273/273 272/272
f 276/276 275/275 271/271
f 276/276 271/271 274/274
f 271/271 275/275 268/268
f 271/271 268/268 270/270
f 274/274 271/271 272/272
f 274/274 272/272 277/277
f 278/278 273/273 238/238
f 278/278 238/238 236/236
f 278/278 279/279 272/272
f 278/278 272/272 273/273
f 281/281 284/284 283/283
f 281/281 283/283 282/282
f 282/282 283/283 286/286
f 282/282 286/286 285/285
f 285/285 286/286 288/288
f 285/285 288/288 287/287
f 287/287 288/288 290/290
f 287/287 290/290 289/289
f 291/291 292/292 286/286
f 291/291 286/286 283/283
f 292/292 293/293 288/288
f 292/292 288/288 286/286
f 294/294 284/284 296/296
f 294/294 296/296 295/295
f 294/294 291/291 283/283
f 294/294 283/283 284/284
f 294/294 295/295 298/298
f 294/294 298/298 297/297
f 299/299 301/301 297/297
f 299/299 297/297 300/300
f 301/301 291/291 294/294
f 301/301 294/294 297/297
f 302/302 300/300 297/297
f 302/302 297/297 298/298
f 303/303 295/295 296/296
f 303/303 296/296 304/304
f 305/305 298/298 295/295
f 305/305 295/295 303/303
f 306/306 296/296 284/284
f 306/306 284/284 281/281
f 304/304 296/296 306/306
f 304/304 306/306 307/307
f 308/308 185/185 879/879
f 308/308 879/879 177/177
f 308/308 310/310 309/309
f 308/308 309/309 185/185
f 309/309 310/310 312/312
f 309/309 312/312 311/311
f 313/313 314/314 311/311
f 313/313 311/311 312/312
f 315/315 314/314 313/313
f 315/315 313/313 316/316
f 317/317 319/319 315/315
f 317/317 315/315 318/318
f 319/319 317/317 919/919
f 319/319 919/919 918/918
f 914/914 911/911 912/912
f 914/914 912/912 915/915
f 320/320 318/318 315/315
f 320/320 315/315 316/316
f 315/315 319/319 321/321
f 315/315 321/321 314/314
f 322/322 311/311 314/314
f 322/322 314/314 321/321
f 321/321 917/917 323/323
f 321/321 323/323 322/322
f 319/319 918/918 917/917
f 319/319 917/917 321/321
f 323/323 905/905 876/876
f 323/323 876/876 324/324
f 872/872 875/875 876/876
f 872/872 876/876 873/873
f 186/186 875/875 188/188
f 186/186 188/188 183/183
f 875/875 186/186 324/324
f 875/875 324/324 876/876
f 322/322 323/323 324/324
f 322/322 324/324 325/325
f 309/309 311/311 322/322
f 309/309 322/322 325/325
f 185/185 309/309 325/325
f 185/185 325/325 888/888
f 326/326 313/313 312/312
f 326/326 312/312 327/327
f 326/326 327/327 329/329
f 326/326 329/329 328/328
f 330/330 332/332 331/331
f 330/330 331/331 328/328
f 330/330 334/334 333/333
f 330/330 333/333 332/332
f 335/335 336/336 332/332
f 335/335 332/332 333/333
f 335/335 339/339 338/338
f 335/335 338/338 337/337
f 338/338 341/341 340/340
f 338/338 340/340 337/337
f 342/342 343/343 337/337
f 342/342 337/337 340/340
f 335/335 337/337 343/343
f 335/335 343/343 336/336
f 338/338 339/339 345/345
f 338/338 345/345 344/344
f 346/346 339/339 335/335
f 346/346 335/335 333/333
f 347/347 345/345 339/339
f 347/347 339/339 346/346
f 348/348 331/331 332/332
f 348/348 332/332 336/336
f 348/348 350/350 349/349
f 348/348 349/349 331/331
f 349/349 326/326 328/328
f 349/349 328/328 331/331
f 349/349 350/350 320/320
f 349/349 320/320 316/316
f 351/351 348/348 336/336
f 351/351 336/336 343/343
f 352/352 334/334 329/329
f 352/352 329/329 353/353
f 352/352 346/346 333/333
f 352/352 333/333 334/334
f 352/352 353/353 355/355
f 352/352 355/355 354/354
f 172/172 347/347 354/354
f 172/172 354/354 174/174
f 347/347 346/346 352/352
f 347/347 352/352 354/354
f 176/176 174/174 354/354
f 176/176 354/354 355/355
f 327/327 356/356 353/353
f 327/327 353/353 329/329
f 357/357 355/355 353/353
f 357/357 353/353 356/356
f 330/330 328/328 329/329
f 330/330 329/329 334/334
f 349/349 316/316 313/313
f 349/349 313/313 326/326
f 327/327 312/312 310/310
f 327/327 310/310 356/356
f 357/357 356/356 310/310
f 357/357 310/310 308/308
f 357/357 308/308 177/177
f 357/357 177/177 175/175
f 176/176 355/355 357/357
f 176/176 357/357 175/175
f 359/359 361/361 360/360
f 359/359 360/360 358/358
f 359/359 358/358 280/280
f 359/359 280/280 362/362
f 267/267 265/265 362/362
f 267/267 362/362 280/280
f 265/265 266/266 363/363
f 265/265 363/363 362/362
f 359/359 362/362 363/363
f 359/359 363/363 364/364
f 365/365 367/367 366/366
f 365/365 366/366 364/364
f 365/365 364/364 363/363
f 365/365 363/363 368/368
f 266/266 369/369 368/368
f 266/266 368/368 363/363
f 369/369 269/269 371/371
f 369/369 371/371 370/370
f 372/372 370/370 371/371
f 372/372 371/371 373/373
f 373/373 374/374 375/375
f 373/373 375/375 372/372
f 372/372 375/375 377/377
f 372/372 377/377 376/376
f 376/376 378/378 370/370
f 376/376 370/370 372/372
f 369/369 370/370 378/378
f 369/369 378/378 368/368
f 266/266 263/263 269/269
f 266/266 269/269 369/369
f 365/365 368/368 378/378
f 365/365 378/378 379/379
f 380/380 367/367 365/365
f 380/380 365/365 379/379
f 380/380 382/382 381/381
f 380/380 381/381 367/367
f 366/366 367/367 381/381
f 366/366 381/381 383/383
f 305/305 381/381 382/382
f 305/305 382/382 384/384
f 385/385 382/382 380/380
f 385/385 380/380 386/386
f 387/387 384/384 382/382
f 387/387 382/382 385/385
f 386/386 380/380 379/379
f 386/386 379/379 388/388
f 388/388 379/379 378/378
f 388/388 378/378 376/376
f 376/376 377/377 389/389
f 376/376 389/389 388/388
f 388/388 389/389 390/390
f 388/388 390/390 386/386
f 366/366 361/361 359/359
f 366/366 359/359 364/364
f 360/360 361/361 392/392
f 360/360 392/392 391/391
f 304/304 307/307 391/391
f 304/304 391/391 392/392
f 303/303 304/304 392/392
f 303/303 392/392 383/383
f 366/366 383/383 392/392
f 366/366 392/392 361/361
f 393/393 396/396 395/395
f 393/393 395/395 394/394
f 394/394 395/395 821/821
f 394/394 821/821 820/820
f 397/397 398/398 821/821
f 397/397 821/821 395/395
f 397/397 399/399 841/841
f 397/397 841/841 398/398
f 398/398 841/841 936/936
f 398/398 936/936 935/935
f 936/936 841/841 403/403
f 936/936 403/403 842/842
f 929/929 401/401 932/932
f 929/929 932/932 931/931
f 405/405 404/404 407/407
f 405/405 407/407 406/406
f 402/402 400/400 404/404
f 402/402 404/404 405/405
f 404/404 403/403 408/408
f 404/404 408/408 407/407
f 409/409 408/408 399/399
f 409/409 399/399 410/410
f 411/411 410/410 399/399
f 411/411 399/399 397/397
f 411/411 397/397 395/395
f 411/411 395/395 396/396
f 412/412 411/411 396/396
f 412/412 396/396 290/290
f 412/412 413/413 410/410
f 412/412 410/410 411/411
f 414/414 416/416 413/413
f 414/414 413/413 415/415
f 414/414 415/415 418/418
f 414/414 418/418 417/417
f 419/419 414/414 417/417
f 419/419 417/417 420/420
f 421/421 416/416 414/414
f 421/421 414/414 419/419
f 422/422 419/419 420/420
f 422/422 420/420 423/423
f 424/424 421/421 419/419
f 424/424 419/419 422/422
f 299/299 417/417 418/418
f 299/299 418/418 301/301
f 292/292 418/418 415/415
f 292/292 415/415 293/293
f 301/301 418/418 292/292
f 301/301 292/292 291/291
f 420/420 417/417 299/299
f 420/420 299/299 425/425
f 425/425 299/299 300/300
f 425/425 300/300 426/426
f 427/427 425/425 426/426
f 427/427 426/426 428/428
f 423/423 420/420 425/425
f 423/423 425/425 427/427
f 416/416 409/409 410/410
f 416/416 410/410 413/413
f 293/293 415/415 413/413
f 293/293 413/413 412/412
f 293/293 412/412 290/290
f 293/293 290/290 288/288
f 289/289 290/290 396/396
f 289/289 396/396 393/393
f 432/432 433/433 435/435
f 432/432 435/435 434/434
f 374/374 432/432 434/434
f 374/374 434/434 375/375
f 436/436 434/434 435/435
f 436/436 435/435 437/437
f 436/436 437/437 439/439
f 436/436 439/439 438/438
f 377/377 436/436 438/438
f 377/377 438/438 389/389
f 439/439 441/441 440/440
f 439/439 440/440 438/438
f 439/439 437/437 443/443
f 439/439 443/443 442/442
f 444/444 445/445 442/442
f 444/444 442/442 443/443
f 444/444 448/448 447/447
f 444/444 447/447 446/446
f 444/444 446/446 449/449
f 444/444 449/449 445/445
f 450/450 448/448 444/444
f 450/450 444/444 443/443
f 451/451 442/442 445/445
f 451/451 445/445 452/452
f 451/451 452/452 454/454
f 451/451 454/454 453/453
f 451/451 453/453 455/455
f 451/451 455/455 441/441
f 439/439 442/442 451/451
f 439/439 451/451 441/441
f 450/450 443/443 437/437
f 450/450 437/437 435/435
f 433/433 456/456 450/450
f 433/433 450/450 435/435
f 457/457 458/458 390/390
f 457/457 390/390 440/440
f 457/457 455/455 459/459
f 457/457 459/459 458/458
f 459/459 387/387 385/385
f 459/459 385/385 458/458
f 386/386 390/390 458/458
f 386/386 458/458 385/385
f 457/457 440/440 441/441
f 457/457 441/441 455/455
f 390/390 389/389 438/438
f 390/390 438/438 440/440
f 377/377 375/375 434/434
f 377/377 434/434 436/436
f 431/431 462/462 461/461
f 431/431 461/461 460/460
f 460/460 461/461 464/464
f 460/460 464/464 463/463
f 465/465 466/466 463/463
f 465/465 463/463 464/464
f 465/465 468/468 467/467
f 465/465 467/467 466/466
f 471/471 465/465 464/464
f 471/471 464/464 472/472
f 471/471 473/473 468/468
f 471/471 468/468 465/465
f 475/475 473/473 471/471
f 475/475 471/471 474/474
f 471/471 472/472 476/476
f 471/471 476/476 474/474
f 477/477 476/476 472/472
f 477/477 472/472 478/478
f 479/479 476/476 477/477
f 479/479 477/477 480/480
f 479/479 481/481 474/474
f 479/479 474/474 476/476
f 464/464 461/461 478/478
f 464/464 478/478 472/472
f 482/482 478/478 461/461
f 482/482 461/461 462/462
f 483/483 462/462 431/431
f 483/483 431/431 429/429
f 483/483 429/429 430/430
f 483/483 430/430 484/484
f 274/274 484/484 430/430
f 274/274 430/430 276/276
f 277/277 485/485 484/484
f 277/277 484/484 274/274
f 487/487 486/486 485/485
f 487/487 485/485 277/277
f 489/489 488/488 486/486
f 489/489 486/486 487/487
f 490/490 488/488 492/492
f 490/490 492/492 491/491
f 486/486 488/488 490/490
f 486/486 490/490 493/493
f 250/250 492/492 488/488
f 250/250 488/488 489/489
f 277/277 272/272 279/279
f 277/277 279/279 487/487
f 487/487 279/279 494/494
f 487/487 494/494 489/489
f 485/485 486/486 493/493
f 485/485 493/493 495/495
f 482/482 462/462 483/483
f 482/482 483/483 495/495
f 483/483 484/484 485/485
f 483/483 485/485 495/495
f 482/482 495/495 493/493
f 482/482 493/493 496/496
f 449/449 497/497 452/452
f 449/449 452/452 445/445
f 497/497 500/500 499/499
f 497/497 499/499 498/498
f 498/498 499/499 423/423
f 498/498 423/423 427/427
f 500/500 849/849 501/501
f 500/500 501/501 499/499
f 501/501 502/502 424/424
f 501/501 424/424 422/422
f 849/849 850/850 853/853
f 849/849 853/853 852/852
f 850/850 851/851 854/854
f 850/850 854/854 853/853
f 858/858 855/855 856/856
f 858/858 856/856 859/859
f 851/851 505/505 504/504
f 851/851 504/504 854/854
f 504/504 508/508 507/507
f 504/504 507/507 506/506
f 509/509 508/508 504/504
f 509/509 504/504 505/505
f 510/510 851/851 850/850
f 510/510 850/850 511/511
f 510/510 518/518 505/505
f 510/510 505/505 851/851
f 500/500 511/511 850/850
f 500/500 850/850 849/849
f 512/512 406/406 513/513
f 512/512 513/513 503/503
f 513/513 424/424 502/502
f 513/513 502/502 503/503
f 406/406 407/407 514/514
f 406/406 514/514 513/513
f 513/513 514/514 421/421
f 513/513 421/421 424/424
f 516/516 402/402 405/405
f 516/516 405/405 515/515
f 530/530 528/528 928/928
f 530/530 928/928 930/930
f 928/928 929/929 931/931
f 928/928 931/931 930/930
f 405/405 406/406 512/512
f 405/405 512/512 515/515
f 501/501 422/422 423/423
f 501/501 423/423 499/499
f 518/518 510/510 446/446
f 518/518 446/446 447/447
f 509/509 505/505 518/518
f 509/509 518/518 519/519
f 469/469 519/519 518/518
f 469/469 518/518 447/447
f 449/449 446/446 510/510
f 449/449 510/510 511/511
f 449/449 511/511 500/500
f 449/449 500/500 497/497
f 498/498 427/427 428/428
f 498/498 428/428 454/454
f 497/497 498/498 454/454
f 497/497 454/454 452/452
f 453/453 454/454 428/428
f 453/453 428/428 522/522
f 428/428 426/426 523/523
f 428/428 523/523 522/522
f 426/426 300/300 302/302
f 426/426 302/302 523/523
f 523/523 302/302 384/384
f 523/523 384/384 387/387
f 522/522 523/523 387/387
f 522/522 387/387 459/459
f 453/453 522/522 459/459
f 453/453 459/459 455/455
f 302/302 298/298 305/305
f 302/302 305/305 384/384
f 305/305 303/303 383/383
f 305/305 383/383 381/381
f 524/524 1025/1025 926/926
f 524/524 926/926 525/525
f 524/524 344/344 345/345
f 524/524 345/345 173/173
f 526/526 344/344 524/524
f 526/526 524/524 525/525
f 526/526 525/525 528/528
f 526/526 528/528 527/527
f 528/528 530/530 529/529
f 528/528 529/529 527/527
f 531/531 532/532 527/527
f 531/531 527/527 529/529
f 526/526 527/527 532/532
f 526/526 532/532 341/341
f 338/338 344/344 526/526
f 338/338 526/526 341/341
f 533/533 201/201 191/191
f 533/533 191/191 189/189
f 533/533 535/535 534/534
f 533/533 534/534 536/536
f 538/538 537/537 202/202
f 538/538 202/202 536/536
f 540/540 539/539 537/537
f 540/540 537/537 538/538
f 542/542 541/541 544/544
f 542/542 544/544 543/543
f 542/542 543/543 546/546
f 542/542 546/546 545/545
f 547/547 545/545 546/546
f 547/547 546/546 548/548
f 547/547 548/548 550/550
f 547/547 550/550 549/549
f 551/551 547/547 549/549
f 551/551 549/549 552/552
f 553/553 545/545 547/547
f 553/553 547/547 551/551
f 554/554 546/546 543/543
f 554/554 543/543 555/555
f 556/556 548/548 546/546
f 556/556 546/546 554/554
f 540/540 542/542 545/545
f 540/540 545/545 553/553
f 538/538 541/541 542/542
f 538/538 542/542 540/540
f 553/553 557/557 539/539
f 553/553 539/539 540/540
f 544/544 541/541 534/534
f 544/544 534/534 558/558
f 544/544 558/558 559/559
f 544/544 559/559 560/560
f 536/536 534/534 541/541
f 536/536 541/541 538/538
f 555/555 560/560 561/561
f 555/555 561/561 562/562
f 555/555 543/543 544/544
f 555/555 544/544 560/560
f 563/563 564/564 537/537
f 563/563 537/537 539/539
f 563/563 221/221 222/222
f 563/563 222/222 564/564
f 200/200 202/202 537/537
f 200/200 537/537 564/564
f 200/200 564/564 222/222
f 200/200 222/222 223/223
f 565/565 563/563 539/539
f 565/565 539/539 557/557
f 565/565 220/220 221/221
f 565/565 221/221 563/563
f 566/566 565/565 557/557
f 566/566 557/557 567/567
f 566/566 229/229 220/220
f 566/566 220/220 565/565
f 566/566 567/567 569/569
f 566/566 569/569 568/568
f 228/228 568/568 259/259
f 228/228 259/259 231/231
f 228/228 229/229 566/566
f 228/228 566/566 568/568
f 570/570 259/259 568/568
f 570/570 568/568 569/569
f 572/572 571/571 570/570
f 572/572 570/570 573/573
f 570/570 571/571 258/258
f 570/570 258/258 259/259
f 573/573 570/570 569/569
f 573/573 569/569 552/552
f 552/552 569/569 567/567
f 552/552 567/567 551/551
f 551/551 567/567 557/557
f 551/551 557/557 553/553
f 536/536 202/202 201/201
f 536/536 201/201 533/533
f 189/189 190/190 535/535
f 189/189 535/535 533/533
f 868/868 916/916 575/575
f 868/868 575/575 574/574
f 576/576 578/578 575/575
f 576/576 575/575 916/916
f 585/585 1212/1212 577/577
f 585/585 577/577 622/622
f 585/585 578/578 576/576
f 585/585 576/576 1212/1212
f 575/575 578/578 580/580
f 575/575 580/580 579/579
f 575/575 579/579 581/581
f 575/575 581/581 574/574
f 561/561 574/574 581/581
f 561/561 581/581 562/562
f 580/580 583/583 582/582
f 580/580 582/582 579/579
f 580/580 578/578 585/585
f 580/580 585/585 584/584
f 580/580 584/584 586/586
f 580/580 586/586 583/583
f 587/587 588/588 582/582
f 587/587 582/582 583/583
f 589/589 582/582 588/588
f 589/589 588/588 590/590
f 589/589 581/581 579/579
f 589/589 579/579 582/582
f 586/586 591/591 587/587
f 586/586 587/587 583/583
f 586/586 593/593 592/592
f 586/586 592/592 591/591
f 592/592 593/593 595/595
f 592/592 595/595 594/594
f 596/596 597/597 594/594
f 596/596 594/594 595/595
f 596/596 595/595 599/599
f 596/596 599/599 598/598
f 596/596 598/598 601/601
f 596/596 601/601 600/600
f 602/602 600/600 604/604
f 602/602 604/604 603/603
f 602/602 606/606 605/605
f 602/602 605/605 597/597
f 602/602 597/597 596/596
f 602/602 596/596 600/600
f 607/607 594/594 597/597
f 607/607 597/597 605/605
f 607/607 605/605 609/609
f 607/607 609/609 608/608
f 609/609 611/611 610/610
f 609/609 610/610 608/608
f 612/612 613/613 608/608
f 612/612 608/608 610/610
f 607/607 608/608 613/613
f 607/607 613/613 614/614
f 609/609 605/605 606/606
f 609/609 606/606 615/615
f 592/592 594/594 607/607
f 592/592 607/607 614/614
f 616/616 606/606 602/602
f 616/616 602/602 603/603
f 616/616 491/491 615/615
f 616/616 615/615 606/606
f 616/616 603/603 480/480
f 616/616 480/480 617/617
f 490/490 617/617 496/496
f 490/490 496/496 493/493
f 490/490 491/491 616/616
f 490/490 616/616 617/617
f 477/477 496/496 617/617
f 477/477 617/617 480/480
f 479/479 480/480 603/603
f 479/479 603/603 604/604
f 618/618 481/481 479/479
f 618/618 479/479 604/604
f 618/618 604/604 600/600
f 618/618 600/600 601/601
f 599/599 620/620 619/619
f 599/599 619/619 598/598
f 599/599 595/595 593/593
f 599/599 593/593 621/621
f 622/622 621/621 584/584
f 622/622 584/584 585/585
f 599/599 621/621 622/622
f 599/599 622/622 620/620
f 619/619 673/673 672/672
f 619/619 672/672 623/623
f 624/624 673/673 619/619
f 624/624 619/619 620/620
f 586/586 584/584 621/621
f 586/586 621/621 593/593
f 623/623 601/601 598/598
f 623/623 598/598 619/619
f 592/592 614/614 625/625
f 592/592 625/625 591/591
f 626/626 625/625 614/614
f 626/626 614/614 613/613
f 626/626 627/627 549/549
f 626/626 549/549 550/550
f 552/552 549/549 627/627
f 552/552 627/627 573/573
f 612/612 627/627 626/626
f 612/612 626/626 613/613
f 573/573 627/627 612/612
f 573/573 612/612 572/572
f 626/626 550/550 628/628
f 626/626 628/628 625/625
f 628/628 550/550 548/548
f 628/628 548/548 556/556
f 628/628 556/556 588/588
f 628/628 588/588 587/587
f 628/628 587/587 591/591
f 628/628 591/591 625/625
f 609/609 615/615 629/629
f 609/609 629/629 611/611
f 629/629 615/615 491/491
f 629/629 491/491 492/492
f 248/248 629/629 492/492
f 248/248 492/492 250/250
f 249/249 611/611 629/629
f 249/249 629/629 248/248
f 630/630 610/610 611/611
f 630/630 611/611 249/249
f 630/630 253/253 571/571
f 630/630 571/571 572/572
f 572/572 612/612 610/610
f 572/572 610/610 630/630
f 249/249 245/245 253/253
f 249/249 253/253 630/630
f 489/489 494/494 247/247
f 489/489 247/247 250/250
f 494/494 254/254 246/246
f 494/494 246/246 247/247
f 494/494 279/279 278/278
f 494/494 278/278 254/254
f 278/278 236/236 237/237
f 278/278 237/237 254/254
f 450/450 456/456 470/470
f 450/450 470/470 448/448
f 469/469 447/447 448/448
f 469/469 448/448 470/470
f 923/923 922/922 895/895
f 923/923 895/895 894/894
f 624/624 620/620 622/622
f 624/624 622/622 577/577
f 631/631 521/521 468/468
f 631/631 468/468 473/473
f 631/631 473/473 475/475
f 631/631 475/475 669/669
f 632/632 670/670 669/669
f 632/632 669/669 475/475
f 475/475 474/474 481/481
f 475/475 481/481 632/632
f 618/618 633/633 632/632
f 618/618 632/632 481/481
f 670/670 632/632 633/633
f 670/670 633/633 671/671
f 671/671 633/633 623/623
f 671/671 623/623 672/672
f 623/623 633/633 618/618
f 623/623 618/618 601/601
f 477/477 478/478 482/482
f 477/477 482/482 496/496
f 514/514 409/409 416/416
f 514/514 416/416 421/421
f 407/407 408/408 409/409
f 407/407 409/409 514/514
f 172/172 173/173 345/345
f 172/172 345/345 347/347
f 342/342 634/634 351/351
f 342/342 351/351 343/343
f 865/865 861/861 638/638
f 865/865 638/638 639/639
f 860/860 861/861 865/865
f 860/860 865/865 864/864
f 642/642 640/640 531/531
f 642/642 531/531 529/529
f 506/506 507/507 638/638
f 506/506 638/638 861/861
f 643/643 636/636 644/644
f 643/643 644/644 641/641
f 342/342 637/637 635/635
f 342/342 635/635 634/634
f 645/645 637/637 342/342
f 645/645 342/342 340/340
f 645/645 644/644 636/636
f 645/645 636/636 637/637
f 645/645 340/340 341/341
f 645/645 341/341 532/532
f 531/531 644/644 645/645
f 531/531 645/645 532/532
f 642/642 529/529 530/530
f 642/642 530/530 517/517
f 521/521 520/520 467/467
f 521/521 467/467 468/468
f 258/258 571/571 253/253
f 258/258 253/253 252/252
f 556/556 554/554 590/590
f 556/556 590/590 588/588
f 554/554 555/555 562/562
f 554/554 562/562 590/590
f 196/196 194/194 223/223
f 196/196 223/223 211/211
f 217/217 220/220 229/229
f 217/217 229/229 219/219
f 589/589 590/590 562/562
f 589/589 562/562 581/581
f 520/520 521/521 646/646
f 520/520 646/646 647/647
f 771/771 772/772 801/801
f 771/771 801/801 647/647
f 507/507 508/508 802/802
f 507/507 802/802 648/648
f 638/638 507/507 648/648
f 638/638 648/648 649/649
f 639/639 638/638 649/649
f 639/639 649/649 651/651
f 643/643 639/639 651/651
f 643/643 651/651 652/652
f 636/636 643/643 652/652
f 636/636 652/652 653/653
f 635/635 637/637 636/636
f 635/635 636/636 653/653
f 1200/1200 700/700 674/674
f 646/646 674/674 700/700
f 646/646 700/700 699/699
f 649/649 650/650 656/656
f 649/649 656/656 651/651
f 651/651 656/656 657/657
f 651/651 657/657 652/652
f 652/652 657/657 658/658
f 652/652 658/658 653/653
f 635/635 653/653 658/658
f 635/635 658/658 659/659
f 634/634 635/635 659/659
f 634/634 659/659 660/660
f 351/351 634/634 660/660
f 351/351 660/660 661/661
f 351/351 661/661 662/662
f 351/351 662/662 348/348
f 350/350 348/348 662/662
f 350/350 662/662 663/663
f 664/664 320/320 350/350
f 664/664 350/350 663/663
f 665/665 318/318 320/320
f 665/665 320/320 664/664
f 666/666 317/317 318/318
f 666/666 318/318 665/665
f 919/919 317/317 666/666
f 919/919 666/666 904/904
f 669/669 1200/1200 674/674
f 669/669 674/674 631/631
f 646/646 521/521 631/631
f 646/646 631/631 674/674
f 708/708 654/654 1199/1199
f 708/708 1199/1199 709/709
f 707/707 655/655 654/654
f 707/707 654/654 708/708
f 655/655 707/707 706/706
f 655/655 706/706 668/668
f 668/668 706/706 705/705
f 668/668 705/705 650/650
f 650/650 705/705 704/704
f 650/650 704/704 656/656
f 656/656 704/704 703/703
f 656/656 703/703 657/657
f 657/657 703/703 702/702
f 657/657 702/702 658/658
f 658/658 702/702 701/701
f 658/658 701/701 659/659
f 659/659 701/701 724/724
f 659/659 724/724 660/660
f 660/660 724/724 723/723
f 660/660 723/723 661/661
f 661/661 723/723 722/722
f 661/661 722/722 662/662
f 662/662 722/722 721/721
f 662/662 721/721 663/663
f 663/663 721/721 720/720
f 663/663 720/720 664/664
f 664/664 720/720 719/719
f 664/664 719/719 665/665
f 665/665 719/719 718/718
f 665/665 718/718 666/666
f 650/650 649/649 648/648
f 650/650 648/648 772/772
f 650/650 772/772 771/771
f 650/650 771/771 668/668
f 700/700 654/654 655/655
f 700/700 655/655 699/699
f 685/685 686/686 701/701
f 685/685 701/701 702/702
f 684/684 685/685 702/702
f 684/684 702/702 703/703
f 683/683 684/684 703/703
f 683/683 703/703 704/704
f 682/682 683/683 704/704
f 682/682 704/704 705/705
f 681/681 682/682 705/705
f 681/681 705/705 706/706
f 680/680 681/681 706/706
f 680/680 706/706 707/707
f 679/679 680/680 707/707
f 679/679 707/707 708/708
f 678/678 679/679 708/708
f 678/678 708/708 709/709
f 675/675 678/678 709/709
f 675/675 709/709 710/710
f 676/676 675/675 710/710
f 676/676 710/710 711/711
f 677/677 676/676 711/711
f 677/677 711/711 712/712
f 698/698 677/677 712/712
f 698/698 712/712 713/713
f 697/697 698/698 713/713
f 697/697 713/713 714/714
f 696/696 697/697 714/714
f 696/696 714/714 715/715
f 695/695 696/696 715/715
f 695/695 715/715 716/716
f 692/692 693/693 718/718
f 692/692 718/718 719/719
f 691/691 692/692 719/719
f 691/691 719/719 720/720
f 690/690 691/691 720/720
f 690/690 720/720 721/721
f 689/689 690/690 721/721
f 689/689 721/721 722/722
f 688/688 689/689 722/722
f 688/688 722/722 723/723
f 687/687 688/688 723/723
f 687/687 723/723 724/724
f 686/686 687/687 724/724
f 686/686 724/724 701/701
f 676/676 726/726 725/725
f 676/676 725/725 675/675
f 677/677 727/727 726/726
f 677/677 726/726 676/676
f 678/678 728/728 729/729
f 678/678 729/729 679/679
f 679/679 729/729 730/730
f 679/679 730/730 680/680
f 680/680 730/730 731/731
f 680/680 731/731 681/681
f 681/681 731/731 732/732
f 681/681 732/732 682/682
f 682/682 732/732 733/733
f 682/682 733/733 683/683
f 683/683 733/733 734/734
f 683/683 734/734 684/684
f 684/684 734/734 735/735
f 684/684 735/735 685/685
f 685/685 735/735 736/736
f 685/685 736/736 686/686
f 686/686 736/736 737/737
f 686/686 737/737 687/687
f 687/687 737/737 738/738
f 687/687 738/738 688/688
f 688/688 738/738 739/739
f 688/688 739/739 689/689
f 689/689 739/739 740/740
f 689/689 740/740 690/690
f 690/690 740/740 741/741
f 690/690 741/741 691/691
f 691/691 741/741 742/742
f 691/691 742/742 692/692
f 692/692 742/742 743/743
f 692/692 743/743 693/693
f 695/695 745/745 746/746
f 695/695 746/746 696/696
f 696/696 746/746 747/747
f 696/696 747/747 697/697
f 697/697 747/747 748/748
f 697/697 748/748 698/698
f 698/698 748/748 727/727
f 698/698 727/727 677/677
f 675/675 725/725 728/728
f 675/675 728/728 678/678
f 726/726 750/750 749/749
f 726/726 749/749 725/725
f 727/727 751/751 750/750
f 727/727 750/750 726/726
f 728/728 752/752 753/753
f 728/728 753/753 729/729
f 729/729 753/753 754/754
f 729/729 754/754 730/730
f 730/730 754/754 755/755
f 730/730 755/755 731/731
f 731/731 755/755 756/756
f 731/731 756/756 732/732
f 732/732 756/756 757/757
f 732/732 757/757 733/733
f 733/733 757/757 758/758
f 733/733 758/758 734/734
f 734/734 758/758 759/759
f 734/734 759/759 735/735
f 735/735 759/759 760/760
f 735/735 760/760 736/736
f 736/736 760/760 761/761
f 736/736 761/761 737/737
f 737/737 761/761 762/762
f 737/737 762/762 738/738
f 738/738 762/762 763/763
f 738/738 763/763 739/739
f 739/739 763/763 764/764
f 739/739 764/764 740/740
f 740/740 764/764 765/765
f 740/740 765/765 741/741
f 765/765 1228/1228 1227/1227
f 765/765 1227/1227 1232/1232
f 1227/1227 1226/1226 1233/1233
f 1227/1227 1233/1233 1232/1232
f 744/744 1223/1223 1221/1221
f 744/744 1221/1221 1219/1219
f 745/745 767/767 768/768
f 745/745 768/768 746/746
f 746/746 768/768 769/769
f 746/746 769/769 747/747
f 747/747 769/769 770/770
f 747/747 770/770 748/748
f 748/748 770/770 751/751
f 748/748 751/751 727/727
f 725/725 749/749 752/752
f 725/725 752/752 728/728
f 699/699 655/655 668/668
f 699/699 668/668 771/771
f 647/647 646/646 699/699
f 647/647 699/699 771/771
f 773/773 777/777 778/778
f 773/773 778/778 774/774
f 775/775 779/779 780/780
f 775/775 780/780 776/776
f 779/779 782/782 781/781
f 779/779 781/781 780/780
f 783/783 781/781 782/782
f 783/783 782/782 784/784
f 784/784 785/785 786/786
f 784/784 786/786 783/783
f 785/785 787/787 788/788
f 785/785 788/788 786/786
f 787/787 789/789 790/790
f 787/787 790/790 788/788
f 789/789 791/791 792/792
f 789/789 792/792 790/790
f 791/791 798/798 797/797
f 791/791 797/797 792/792
f 793/793 797/797 798/798
f 793/793 798/798 794/794
f 794/794 796/796 795/795
f 794/794 795/795 793/793
f 796/796 799/799 800/800
f 796/796 800/800 795/795
f 799/799 801/801 802/802
f 799/799 802/802 800/800
f 773/773 776/776 263/263
f 773/773 263/263 262/262
f 775/775 260/260 268/268
f 775/775 268/268 779/779
f 776/776 780/780 269/269
f 776/776 269/269 263/263
f 780/780 781/781 371/371
f 780/780 371/371 269/269
f 373/373 371/371 781/781
f 373/373 781/781 783/783
f 783/783 786/786 374/374
f 783/783 374/374 373/373
f 429/429 787/787 785/785
f 429/429 785/785 430/430
f 429/429 431/431 789/789
f 429/429 789/789 787/787
f 432/432 788/788 790/790
f 432/432 790/790 433/433
f 374/374 786/786 788/788
f 374/374 788/788 432/432
f 431/431 460/460 791/791
f 431/431 791/791 789/789
f 467/467 796/796 794/794
f 467/467 794/794 466/466
f 469/469 793/793 795/795
f 469/469 795/795 519/519
f 797/797 793/793 469/469
f 797/797 469/469 470/470
f 798/798 463/463 466/466
f 798/798 466/466 794/794
f 460/460 463/463 798/798
f 460/460 798/798 791/791
f 797/797 470/470 456/456
f 797/797 456/456 792/792
f 433/433 790/790 792/792
f 433/433 792/792 456/456
f 276/276 430/430 785/785
f 276/276 785/785 784/784
f 795/795 800/800 509/509
f 795/795 509/509 519/519
f 509/509 800/800 802/802
f 509/509 802/802 508/508
f 796/796 467/467 520/520
f 796/796 520/520 799/799
f 779/779 268/268 275/275
f 779/779 275/275 782/782
f 784/784 782/782 275/275
f 784/784 275/275 276/276
f 799/799 520/520 647/647
f 799/799 647/647 801/801
f 772/772 648/648 802/802
f 772/772 802/802 801/801
f 996/996 1236/1236 1235/1235
f 996/996 1235/1235 997/997
f 821/821 934/934 933/933
f 821/821 933/933 820/820
f 398/398 935/935 934/934
f 398/398 934/934 821/821
f 1045/1045 825/825 824/824
f 1045/1045 824/824 1046/1046
f 1042/1042 828/828 827/827
f 1042/1042 827/827 1043/1043
f 840/840 828/828 1042/1042
f 840/840 1042/1042 1041/1041
f 1033/1033 831/831 830/830
f 1033/1033 830/830 1034/1034
f 1032/1032 832/832 831/831
f 1032/1032 831/831 1033/1033
f 1032/1032 1031/1031 833/833
f 1032/1032 833/833 832/832
f 834/834 835/835 1029/1029
f 834/834 1029/1029 1028/1028
f 1026/1026 1239/1239 1238/1238
f 1026/1026 1238/1238 994/994
f 1043/1043 827/827 826/826
f 1043/1043 826/826 1044/1044
f 1044/1044 826/826 825/825
f 1044/1044 825/825 1045/1045
f 1047/1047 823/823 1257/1257
f 1047/1047 1257/1257 1256/1256
f 1046/1046 824/824 823/823
f 1046/1046 823/823 1047/1047
f 1029/1029 835/835 836/836
f 1029/1029 836/836 1030/1030
f 823/823 822/822 1258/1258
f 823/823 1258/1258 1257/1257
f 824/824 814/814 822/822
f 824/824 822/822 823/823
f 825/825 815/815 814/814
f 825/825 814/814 824/824
f 826/826 816/816 815/815
f 826/826 815/815 825/825
f 827/827 817/817 816/816
f 827/827 816/816 826/826
f 828/828 818/818 817/817
f 828/828 817/817 827/827
f 819/819 818/818 828/828
f 819/819 828/828 840/840
f 831/831 808/808 807/807
f 831/831 807/807 830/830
f 832/832 809/809 808/808
f 832/832 808/808 831/831
f 833/833 810/810 809/809
f 833/833 809/809 832/832
f 835/835 812/812 811/811
f 835/835 811/811 836/836
f 812/812 835/835 834/834
f 812/812 834/834 813/813
f 1238/1238 1237/1237 995/995
f 1238/1238 995/995 994/994
f 985/985 986/986 813/813
f 985/985 813/813 834/834
f 1027/1027 985/985 834/834
f 1027/1027 834/834 1028/1028
f 1031/1031 1030/1030 836/836
f 1031/1031 836/836 833/833
f 811/811 810/810 833/833
f 811/811 833/833 836/836
f 838/838 805/805 806/806
f 838/838 806/806 837/837
f 1039/1039 838/838 837/837
f 1039/1039 837/837 1040/1040
f 839/839 804/804 805/805
f 839/839 805/805 838/838
f 1038/1038 839/839 838/838
f 1038/1038 838/838 1039/1039
f 829/829 803/803 804/804
f 829/829 804/804 839/839
f 1037/1037 829/829 839/839
f 1037/1037 839/839 1038/1038
f 837/837 806/806 819/819
f 837/837 819/819 840/840
f 1040/1040 837/837 840/840
f 1040/1040 840/840 1041/1041
f 399/399 408/408 403/403
f 399/399 403/403 841/841
f 401/401 808/808 809/809
f 401/401 809/809 932/932
f 842/842 403/403 404/404
f 842/842 404/404 400/400
f 844/844 1264/1264 1263/1263
f 844/844 1263/1263 843/843
f 845/845 1265/1265 1264/1264
f 845/845 1264/1264 844/844
f 846/846 1266/1266 1265/1265
f 846/846 1265/1265 845/845
f 847/847 1267/1267 1266/1266
f 847/847 1266/1266 846/846
f 848/848 1268/1268 1267/1267
f 848/848 1267/1267 847/847
f 849/849 852/852 502/502
f 849/849 502/502 501/501
f 852/852 855/855 503/503
f 852/852 503/503 502/502
f 853/853 856/856 855/855
f 853/853 855/855 852/852
f 854/854 857/857 856/856
f 854/854 856/856 853/853
f 504/504 506/506 857/857
f 504/504 857/857 854/854
f 858/858 512/512 503/503
f 858/858 503/503 855/855
f 857/857 860/860 859/859
f 857/857 859/859 856/856
f 506/506 861/861 860/860
f 506/506 860/860 857/857
f 858/858 862/862 515/515
f 858/858 515/515 512/512
f 863/863 862/862 858/858
f 863/863 858/858 859/859
f 860/860 864/864 863/863
f 860/860 863/863 859/859
f 516/516 515/515 862/862
f 516/516 862/862 517/517
f 863/863 642/642 517/517
f 863/863 517/517 862/862
f 864/864 640/640 642/642
f 864/864 642/642 863/863
f 641/641 640/640 864/864
f 641/641 864/864 865/865
f 639/639 643/643 641/641
f 639/639 641/641 865/865
f 641/641 644/644 531/531
f 641/641 531/531 640/640
f 866/866 1269/1269 1268/1268
f 866/866 1268/1268 848/848
f 867/867 561/561 560/560
f 867/867 560/560 559/559
f 868/868 574/574 561/561
f 868/868 561/561 867/867
f 869/869 558/558 534/534
f 869/869 534/534 535/535
f 870/870 559/559 558/558
f 870/870 558/558 869/869
f 871/871 867/867 559/559
f 871/871 559/559 870/870
f 869/869 535/535 190/190
f 869/869 190/190 872/872
f 873/873 870/870 869/869
f 873/873 869/869 872/872
f 871/871 870/870 873/873
f 871/871 873/873 874/874
f 872/872 190/190 188/188
f 872/872 188/188 875/875
f 207/207 889/889 877/877
f 207/207 877/877 881/881
f 889/889 890/890 891/891
f 889/889 891/891 877/877
f 878/878 891/891 890/890
f 878/878 890/890 184/184
f 184/184 879/879 880/880
f 184/184 880/880 878/878
f 881/881 882/882 883/883
f 881/881 883/883 207/207
f 882/882 884/884 885/885
f 882/882 885/885 883/883
f 983/983 887/887 886/886
f 983/983 886/886 984/984
f 1261/1261 886/886 887/887
f 1261/1261 887/887 1262/1262
f 891/891 179/179 178/178
f 891/891 178/178 877/877
f 182/182 179/179 891/891
f 182/182 891/891 878/878
f 878/878 880/880 183/183
f 878/878 183/183 182/182
f 877/877 178/178 203/203
f 877/877 203/203 881/881
f 1016/1016 1001/1001 1000/1000
f 1016/1016 1000/1000 1017/1017
f 983/983 982/982 843/843
f 983/983 843/843 887/887
f 204/204 205/205 884/884
f 204/204 884/884 882/882
f 204/204 882/882 881/881
f 204/204 881/881 203/203
f 1014/1014 1013/1013 1004/1004
f 1014/1014 1004/1004 1003/1003
f 1002/1002 1015/1015 1014/1014
f 1002/1002 1014/1014 1003/1003
f 1017/1017 1000/1000 1260/1260
f 1017/1017 1260/1260 1259/1259
f 843/843 1263/1263 1262/1262
f 843/843 1262/1262 887/887
f 880/880 888/888 186/186
f 880/880 186/186 183/183
f 186/186 888/888 325/325
f 186/186 325/325 324/324
f 1004/1004 1013/1013 1012/1012
f 1004/1004 1012/1012 1005/1005
f 893/893 175/175 177/177
f 893/893 177/177 892/892
f 894/894 176/176 175/175
f 894/894 175/175 893/893
f 895/895 174/174 176/176
f 895/895 176/176 894/894
f 896/896 172/172 174/174
f 896/896 174/174 895/895
f 892/892 177/177 879/879
f 892/892 879/879 184/184
f 897/897 173/173 172/172
f 897/897 172/172 896/896
f 898/898 909/909 904/904
f 898/898 904/904 899/899
f 899/899 900/900 901/901
f 899/899 901/901 898/898
f 900/900 902/902 903/903
f 900/900 903/903 901/901
f 901/901 694/694 717/717
f 901/901 717/717 898/898
f 693/693 900/900 899/899
f 693/693 899/899 718/718
f 693/693 743/743 902/902
f 693/693 902/902 900/900
f 901/901 903/903 744/744
f 901/901 744/744 694/694
f 666/666 718/718 899/899
f 666/666 899/899 904/904
f 874/874 873/873 876/876
f 874/874 876/876 905/905
f 910/910 874/874 905/905
f 910/910 905/905 906/906
f 910/910 906/906 907/907
f 910/910 907/907 911/911
f 911/911 907/907 908/908
f 911/911 908/908 912/912
f 667/667 912/912 908/908
f 667/667 908/908 909/909
f 898/898 717/717 667/667
f 898/898 667/667 909/909
f 910/910 913/913 871/871
f 910/910 871/871 874/874
f 914/914 913/913 910/910
f 914/914 910/910 911/911
f 913/913 868/868 867/867
f 913/913 867/867 871/871
f 915/915 576/576 916/916
f 915/915 916/916 914/914
f 868/868 913/913 914/914
f 868/868 914/914 916/916
f 917/917 906/906 905/905
f 917/917 905/905 323/323
f 918/918 907/907 906/906
f 918/918 906/906 917/917
f 908/908 907/907 918/918
f 908/908 918/918 919/919
f 908/908 919/919 904/904
f 908/908 904/904 909/909
f 1023/1023 1018/1018 927/927
f 1023/1023 927/927 1024/1024
f 1006/1006 920/920 921/921
f 1006/1006 921/921 1007/1007
f 1007/1007 921/921 922/922
f 1007/1007 922/922 1008/1008
f 1009/1009 1008/1008 922/922
f 1009/1009 922/922 923/923
f 1009/1009 923/923 924/924
f 1009/1009 924/924 1010/1010
f 1011/1011 1010/1010 924/924
f 1011/1011 924/924 925/925
f 928/928 528/528 525/525
f 928/928 525/525 926/926
f 929/929 928/928 926/926
f 929/929 926/926 927/927
f 516/516 517/517 530/530
f 516/516 530/530 930/930
f 931/931 402/402 516/516
f 931/931 516/516 930/930
f 931/931 932/932 400/400
f 931/931 400/400 402/402
f 809/809 842/842 400/400
f 809/809 400/400 932/932
f 995/995 1237/1237 1236/1236
f 995/995 1236/1236 996/996
f 934/934 812/812 813/813
f 934/934 813/813 933/933
f 935/935 811/811 812/812
f 935/935 812/812 934/934
f 936/936 810/810 811/811
f 936/936 811/811 935/935
f 810/810 936/936 842/842
f 810/810 842/842 809/809
f 937/937 939/939 940/940
f 937/937 940/940 938/938
f 938/938 866/866 976/976
f 938/938 976/976 937/937
f 939/939 942/942 941/941
f 939/939 941/941 940/940
f 942/942 943/943 944/944
f 942/942 944/944 941/941
f 943/943 946/946 945/945
f 943/943 945/945 944/944
f 946/946 948/948 947/947
f 946/946 947/947 945/945
f 948/948 949/949 950/950
f 948/948 950/950 947/947
f 949/949 951/951 952/952
f 949/949 952/952 950/950
f 953/953 956/956 955/955
f 953/953 955/955 954/954
f 956/956 958/958 957/957
f 956/956 957/957 955/955
f 958/958 960/960 959/959
f 958/958 959/959 957/957
f 960/960 961/961 962/962
f 960/960 962/962 959/959
f 961/961 964/964 963/963
f 961/961 963/963 962/962
f 964/964 974/974 975/975
f 964/964 975/975 963/963
f 965/965 968/968 967/967
f 965/965 967/967 966/966
f 966/966 993/993 971/971
f 966/966 971/971 965/965
f 968/968 973/973 972/972
f 968/968 972/972 967/967
f 969/969 992/992 991/991
f 969/969 991/991 970/970
f 971/971 993/993 992/992
f 971/971 992/992 969/969
f 999/999 1290/1290 1289/1289
f 999/999 1289/1289 970/970
f 973/973 975/975 974/974
f 973/973 974/974 972/972
f 1234/1234 1290/1290 999/999
f 1234/1234 999/999 998/998
f 937/937 216/216 218/218
f 937/937 218/218 939/939
f 941/941 1272/1272 1271/1271
f 941/941 1271/1271 940/940
f 1271/1271 1270/1270 938/938
f 1271/1271 938/938 940/940
f 938/938 1270/1270 1269/1269
f 938/938 1269/1269 866/866
f 939/939 218/218 224/224
f 939/939 224/224 942/942
f 942/942 224/224 225/225
f 942/942 225/225 943/943
f 943/943 225/225 226/226
f 943/943 226/226 946/946
f 945/945 1274/1274 1273/1273
f 945/945 1273/1273 944/944
f 944/944 1273/1273 1272/1272
f 944/944 1272/1272 941/941
f 947/947 1275/1275 1274/1274
f 947/947 1274/1274 945/945
f 946/946 226/226 232/232
f 946/946 232/232 948/948
f 948/948 232/232 233/233
f 948/948 233/233 949/949
f 949/949 233/233 234/234
f 949/949 234/234 951/951
f 950/950 1276/1276 1275/1275
f 950/950 1275/1275 947/947
f 955/955 1278/1278 1277/1277
f 955/955 1277/1277 954/954
f 957/957 1279/1279 1278/1278
f 957/957 1278/1278 955/955
f 959/959 1280/1280 1279/1279
f 959/959 1279/1279 957/957
f 953/953 264/264 267/267
f 953/953 267/267 956/956
f 956/956 267/267 280/280
f 956/956 280/280 958/958
f 962/962 1281/1281 1280/1280
f 962/962 1280/1280 959/959
f 963/963 1282/1282 1281/1281
f 963/963 1281/1281 962/962
f 965/965 1286/1286 1285/1285
f 965/965 1285/1285 968/968
f 967/967 281/281 282/282
f 967/967 282/282 966/966
f 972/972 306/306 281/281
f 972/972 281/281 967/967
f 974/974 307/307 306/306
f 974/974 306/306 972/972
f 968/968 1285/1285 1284/1284
f 968/968 1284/1284 973/973
f 973/973 1284/1284 1283/1283
f 973/973 1283/1283 975/975
f 971/971 1287/1287 1286/1286
f 971/971 1286/1286 965/965
f 969/969 1288/1288 1287/1287
f 969/969 1287/1287 971/971
f 970/970 1289/1289 1288/1288
f 970/970 1288/1288 969/969
f 958/958 280/280 358/358
f 958/958 358/358 960/960
f 961/961 360/360 391/391
f 961/961 391/391 964/964
f 964/964 391/391 307/307
f 964/964 307/307 974/974
f 960/960 358/358 360/360
f 960/960 360/360 961/961
f 975/975 1283/1283 1282/1282
f 975/975 1282/1282 963/963
f 976/976 213/213 216/216
f 976/976 216/216 937/937
f 976/976 977/977 212/212
f 976/976 212/212 213/213
f 978/978 210/210 212/212
f 978/978 212/212 977/977
f 979/979 209/209 210/210
f 979/979 210/210 978/978
f 980/980 208/208 209/209
f 980/980 209/209 979/979
f 981/981 206/206 208/208
f 981/981 208/208 980/980
f 982/982 205/205 206/206
f 982/982 206/206 981/981
f 983/983 884/884 205/205
f 983/983 205/205 982/982
f 884/884 983/983 984/984
f 884/884 984/984 885/885
f 1015/1015 1002/1002 1001/1001
f 1015/1015 1001/1001 1016/1016
f 933/933 813/813 986/986
f 933/933 986/986 987/987
f 820/820 933/933 987/987
f 820/820 987/987 988/988
f 989/989 394/394 820/820
f 989/989 820/820 988/988
f 393/393 394/394 989/989
f 393/393 989/989 990/990
f 289/289 393/393 990/990
f 289/289 990/990 991/991
f 991/991 992/992 287/287
f 991/991 287/287 289/289
f 993/993 285/285 287/287
f 993/993 287/287 992/992
f 966/966 282/282 285/285
f 966/966 285/285 993/993
f 994/994 985/985 1027/1027
f 994/994 1027/1027 1026/1026
f 995/995 986/986 985/985
f 995/995 985/985 994/994
f 987/987 986/986 995/995
f 987/987 995/995 996/996
f 988/988 987/987 996/996
f 988/988 996/996 997/997
f 997/997 998/998 989/989
f 997/997 989/989 988/988
f 989/989 998/998 999/999
f 989/989 999/999 990/990
f 990/990 999/999 970/970
f 990/990 970/970 991/991
f 184/184 890/890 925/925
f 184/184 925/925 892/892
f 1000/1000 886/886 1261/1261
f 1000/1000 1261/1261 1260/1260
f 1001/1001 984/984 886/886
f 1001/1001 886/886 1000/1000
f 1002/1002 885/885 984/984
f 1002/1002 984/984 1001/1001
f 885/885 1002/1002 1003/1003
f 885/885 1003/1003 883/883
f 1004/1004 207/207 883/883
f 1004/1004 883/883 1003/1003
f 207/207 1004/1004 1005/1005
f 207/207 1005/1005 889/889
f 890/890 889/889 1005/1005
f 890/890 1005/1005 925/925
f 807/807 1018/1018 1023/1023
f 807/807 1023/1023 1019/1019
f 803/803 1007/1007 1008/1008
f 803/803 1008/1008 804/804
f 805/805 804/804 1008/1008
f 805/805 1008/1008 1009/1009
f 805/805 1009/1009 1010/1010
f 805/805 1010/1010 806/806
f 819/819 806/806 1010/1010
f 819/819 1010/1010 1011/1011
f 1012/1012 818/818 819/819
f 1012/1012 819/819 1011/1011
f 1013/1013 817/817 818/818
f 1013/1013 818/818 1012/1012
f 816/816 817/817 1013/1013
f 816/816 1013/1013 1014/1014
f 1015/1015 815/815 816/816
f 1015/1015 816/816 1014/1014
f 815/815 1015/1015 1016/1016
f 815/815 1016/1016 814/814
f 814/814 1016/1016 1017/1017
f 814/814 1017/1017 822/822
f 822/822 1017/1017 1259/1259
f 822/822 1259/1259 1258/1258
f 1018/1018 401/401 929/929
f 1018/1018 929/929 927/927
f 401/401 1018/1018 807/807
f 401/401 807/807 808/808
f 1020/1020 1006/1006 1007/1007
f 1020/1020 1007/1007 803/803
f 1020/1020 1021/1021 1022/1022
f 1020/1020 1022/1022 1019/1019
f 1021/1021 1036/1036 1035/1035
f 1021/1021 1035/1035 1022/1022
f 1036/1036 1021/1021 829/829
f 1036/1036 829/829 1037/1037
f 1034/1034 830/830 1022/1022
f 1034/1034 1022/1022 1035/1035
f 1021/1021 1020/1020 803/803
f 1021/1021 803/803 829/829
f 830/830 807/807 1019/1019
f 830/830 1019/1019 1022/1022
f 1020/1020 1019/1019 1023/1023
f 1020/1020 1023/1023 1006/1006
f 1024/1024 920/920 1006/1006
f 1024/1024 1006/1006 1023/1023
f 1025/1025 897/897 920/920
f 1025/1025 920/920 1024/1024
f 524/524 173/173 897/897
f 524/524 897/897 1025/1025
f 1026/1026 1183/1183 1240/1240
f 1026/1026 1240/1240 1239/1239
f 1027/1027 1184/1184 1183/1183
f 1027/1027 1183/1183 1026/1026
f 1028/1028 1185/1185 1184/1184
f 1028/1028 1184/1184 1027/1027
f 1029/1029 1186/1186 1185/1185
f 1029/1029 1185/1185 1028/1028
f 1030/1030 1187/1187 1186/1186
f 1030/1030 1186/1186 1029/1029
f 1031/1031 1188/1188 1187/1187
f 1031/1031 1187/1187 1030/1030
f 1032/1032 1189/1189 1188/1188
f 1032/1032 1188/1188 1031/1031
f 1033/1033 1190/1190 1189/1189
f 1033/1033 1189/1189 1032/1032
f 1034/1034 1191/1191 1190/1190
f 1034/1034 1190/1190 1033/1033
f 1035/1035 1192/1192 1191/1191
f 1035/1035 1191/1191 1034/1034
f 1036/1036 1193/1193 1192/1192
f 1036/1036 1192/1192 1035/1035
f 1037/1037 1194/1194 1193/1193
f 1037/1037 1193/1193 1036/1036
f 1038/1038 1195/1195 1194/1194
f 1038/1038 1194/1194 1037/1037
f 1039/1039 1196/1196 1195/1195
f 1039/1039 1195/1195 1038/1038
f 1040/1040 1175/1175 1196/1196
f 1040/1040 1196/1196 1039/1039
f 1041/1041 1176/1176 1175/1175
f 1041/1041 1175/1175 1040/1040
f 1042/1042 1177/1177 1176/1176
f 1042/1042 1176/1176 1041/1041
f 1043/1043 1178/1178 1177/1177
f 1043/1043 1177/1177 1042/1042
f 1044/1044 1179/1179 1178/1178
f 1044/1044 1178/1178 1043/1043
f 1045/1045 1180/1180 1179/1179
f 1045/1045 1179/1179 1044/1044
f 1046/1046 1181/1181 1180/1180
f 1046/1046 1180/1180 1045/1045
f 1047/1047 1182/1182 1181/1181
f 1047/1047 1181/1181 1046/1046
f 1256/1256 1255/1255 1182/1182
f 1256/1256 1182/1182 1047/1047
f 1071/1071 1060/1060 1059/1059
f 1071/1071 1059/1059 1070/1070
f 1072/1072 1061/1061 1060/1060
f 1072/1072 1060/1060 1071/1071
f 1073/1073 1062/1062 1061/1061
f 1073/1073 1061/1061 1072/1072
f 1074/1074 1063/1063 1062/1062
f 1074/1074 1062/1062 1073/1073
f 1075/1075 1064/1064 1063/1063
f 1075/1075 1063/1063 1074/1074
f 1076/1076 1065/1065 1064/1064
f 1076/1076 1064/1064 1075/1075
f 1077/1077 1066/1066 1065/1065
f 1077/1077 1065/1065 1076/1076
f 1078/1078 1067/1067 1066/1066
f 1078/1078 1066/1066 1077/1077
f 1079/1079 1068/1068 1067/1067
f 1079/1079 1067/1067 1078/1078
f 1080/1080 1069/1069 1068/1068
f 1080/1080 1068/1068 1079/1079
f 1254/1254 1253/1253 1069/1069
f 1254/1254 1069/1069 1080/1080
f 1081/1081 1048/1048 1242/1242
f 1081/1081 1242/1242 1241/1241
f 1082/1082 1049/1049 1048/1048
f 1082/1082 1048/1048 1081/1081
f 1083/1083 1050/1050 1049/1049
f 1083/1083 1049/1049 1082/1082
f 1084/1084 1051/1051 1050/1050
f 1084/1084 1050/1050 1083/1083
f 1085/1085 1052/1052 1051/1051
f 1085/1085 1051/1051 1084/1084
f 1086/1086 1053/1053 1052/1052
f 1086/1086 1052/1052 1085/1085
f 1087/1087 1054/1054 1053/1053
f 1087/1087 1053/1053 1086/1086
f 1088/1088 1055/1055 1054/1054
f 1088/1088 1054/1054 1087/1087
f 1089/1089 1056/1056 1055/1055
f 1089/1089 1055/1055 1088/1088
f 1090/1090 1057/1057 1056/1056
f 1090/1090 1056/1056 1089/1089
f 1091/1091 1058/1058 1057/1057
f 1091/1091 1057/1057 1090/1090
f 1070/1070 1059/1059 1058/1058
f 1070/1070 1058/1058 1091/1091
f 1102/1102 1099/1099 1098/1098
f 1102/1102 1098/1098 1103/1103
f 1103/1103 1098/1098 1247/1247
f 1103/1103 1247/1247 1246/1246
f 1110/1110 1100/1100 1101/1101
f 1110/1110 1101/1101 1111/1111
f 1101/1101 1100/1100 1099/1099
f 1101/1101 1099/1099 1102/1102
f 1097/1097 1104/1104 1250/1250
f 1097/1097 1250/1250 1249/1249
f 1096/1096 1105/1105 1104/1104
f 1096/1096 1104/1104 1097/1097
f 1095/1095 1106/1106 1105/1105
f 1095/1095 1105/1105 1096/1096
f 1107/1107 1106/1106 1095/1095
f 1107/1107 1095/1095 1108/1108
f 1108/1108 1095/1095 1094/1094
f 1108/1108 1094/1094 1109/1109
f 1094/1094 1095/1095 1096/1096
f 1094/1094 1096/1096 1093/1093
f 1093/1093 1096/1096 1097/1097
f 1093/1093 1097/1097 1092/1092
f 1092/1092 1097/1097 1249/1249
f 1092/1092 1249/1249 1248/1248
f 1098/1098 1092/1092 1248/1248
f 1098/1098 1248/1248 1247/1247
f 1099/1099 1093/1093 1092/1092
f 1099/1099 1092/1092 1098/1098
f 1100/1100 1094/1094 1093/1093
f 1100/1100 1093/1093 1099/1099
f 1109/1109 1094/1094 1100/1100
f 1109/1109 1100/1100 1110/1110
f 1133/1133 1130/1130 1129/1129
f 1133/1133 1129/1129 1134/1134
f 1134/1134 1129/1129 1128/1128
f 1134/1134 1128/1128 1135/1135
f 1135/1135 1128/1128 1127/1127
f 1135/1135 1127/1127 1136/1136
f 1136/1136 1127/1127 1245/1245
f 1136/1136 1245/1245 1244/1244
f 1126/1126 1069/1069 1253/1253
f 1126/1126 1253/1253 1252/1252
f 1125/1125 1068/1068 1069/1069
f 1125/1125 1069/1069 1126/1126
f 1124/1124 1067/1067 1068/1068
f 1124/1124 1068/1068 1125/1125
f 1066/1066 1067/1067 1124/1124
f 1066/1066 1124/1124 1123/1123
f 1063/1063 1064/1064 1065/1065
f 1063/1063 1065/1065 1122/1122
f 1060/1060 1061/1061 1116/1116
f 1060/1060 1116/1116 1115/1115
f 1059/1059 1060/1060 1115/1115
f 1059/1059 1115/1115 1114/1114
f 1058/1058 1059/1059 1114/1114
f 1058/1058 1114/1114 1113/1113
f 1057/1057 1058/1058 1113/1113
f 1057/1057 1113/1113 1112/1112
f 1055/1055 1056/1056 1131/1131
f 1055/1055 1131/1131 1132/1132
f 1132/1132 1131/1131 1130/1130
f 1132/1132 1130/1130 1133/1133
f 1113/1113 1110/1110 1111/1111
f 1113/1113 1111/1111 1112/1112
f 1114/1114 1109/1109 1110/1110
f 1114/1114 1110/1110 1113/1113
f 1115/1115 1108/1108 1109/1109
f 1115/1115 1109/1109 1114/1114
f 1116/1116 1107/1107 1108/1108
f 1116/1116 1108/1108 1115/1115
f 1065/1065 1066/1066 1123/1123
f 1065/1065 1123/1123 1122/1122
f 1061/1061 1062/1062 1117/1117
f 1061/1061 1117/1117 1116/1116
f 1118/1118 1107/1107 1116/1116
f 1118/1118 1116/1116 1117/1117
f 1119/1119 1106/1106 1107/1107
f 1119/1119 1107/1107 1118/1118
f 1106/1106 1119/1119 1120/1120
f 1106/1106 1120/1120 1105/1105
f 1105/1105 1120/1120 1121/1121
f 1105/1105 1121/1121 1104/1104
f 1104/1104 1121/1121 1251/1251
f 1104/1104 1251/1251 1250/1250
f 1062/1062 1063/1063 1122/1122
f 1062/1062 1122/1122 1117/1117
f 1123/1123 1118/1118 1117/1117
f 1123/1123 1117/1117 1122/1122
f 1124/1124 1119/1119 1118/1118
f 1124/1124 1118/1118 1123/1123
f 1119/1119 1124/1124 1125/1125
f 1119/1119 1125/1125 1120/1120
f 1120/1120 1125/1125 1126/1126
f 1120/1120 1126/1126 1121/1121
f 1121/1121 1126/1126 1252/1252
f 1121/1121 1252/1252 1251/1251
f 1127/1127 1103/1103 1246/1246
f 1127/1127 1246/1246 1245/1245
f 1128/1128 1102/1102 1103/1103
f 1128/1128 1103/1103 1127/1127
f 1129/1129 1101/1101 1102/1102
f 1129/1129 1102/1102 1128/1128
f 1130/1130 1111/1111 1101/1101
f 1130/1130 1101/1101 1129/1129
f 1131/1131 1112/1112 1111/1111
f 1131/1131 1111/1111 1130/1130
f 1056/1056 1057/1057 1112/1112
f 1056/1056 1112/1112 1131/1131
f 1052/1052 1053/1053 1054/1054
f 1052/1052 1054/1054 1141/1141
f 1051/1051 1052/1052 1141/1141
f 1051/1051 1141/1141 1140/1140
f 1050/1050 1051/1051 1140/1140
f 1050/1050 1140/1140 1139/1139
f 1049/1049 1050/1050 1139/1139
f 1049/1049 1139/1139 1138/1138
f 1048/1048 1049/1049 1138/1138
f 1048/1048 1138/1138 1137/1137
f 1242/1242 1048/1048 1137/1137
f 1242/1242 1137/1137 1243/1243
f 1137/1137 1136/1136 1244/1244
f 1137/1137 1244/1244 1243/1243
f 1138/1138 1135/1135 1136/1136
f 1138/1138 1136/1136 1137/1137
f 1139/1139 1134/1134 1135/1135
f 1139/1139 1135/1135 1138/1138
f 1140/1140 1133/1133 1134/1134
f 1140/1140 1134/1134 1139/1139
f 1141/1141 1132/1132 1133/1133
f 1141/1141 1133/1133 1140/1140
f 1054/1054 1055/1055 1132/1132
f 1054/1054 1132/1132 1141/1141
f 750/750 1168/1168 1167/1167
f 750/750 1167/1167 749/749
f 1166/1166 752/752 749/749
f 1166/1166 749/749 1167/1167
f 1165/1165 753/753 752/752
f 1165/1165 752/752 1166/1166
f 751/751 770/770 769/769
f 751/751 769/769 1169/1169
f 755/755 754/754 753/753
f 755/755 753/753 1165/1165
f 750/750 751/751 1169/1169
f 750/750 1169/1169 1168/1168
f 758/758 757/757 1151/1151
f 758/758 1151/1151 1152/1152
f 1152/1152 1151/1151 1150/1150
f 1152/1152 1150/1150 1153/1153
f 1153/1153 1150/1150 1149/1149
f 1153/1153 1149/1149 1154/1154
f 1148/1148 1155/1155 1154/1154
f 1148/1148 1154/1154 1149/1149
f 1147/1147 1156/1156 1155/1155
f 1147/1147 1155/1155 1148/1148
f 767/767 766/766 1156/1156
f 767/767 1156/1156 1147/1147
f 768/768 767/767 1147/1147
f 768/768 1147/1147 1146/1146
f 1146/1146 1147/1147 1148/1148
f 1146/1146 1148/1148 1145/1145
f 1145/1145 1148/1148 1149/1149
f 1145/1145 1149/1149 1144/1144
f 1150/1150 1143/1143 1144/1144
f 1150/1150 1144/1144 1149/1149
f 1151/1151 1142/1142 1143/1143
f 1151/1151 1143/1143 1150/1150
f 757/757 756/756 1142/1142
f 757/757 1142/1142 1151/1151
f 760/760 759/759 1160/1160
f 760/760 1160/1160 1161/1161
f 1161/1161 1160/1160 1159/1159
f 1161/1161 1159/1159 1162/1162
f 1162/1162 1159/1159 1158/1158
f 1162/1162 1158/1158 1163/1163
f 1157/1157 1164/1164 1163/1163
f 1157/1157 1163/1163 1158/1158
f 1224/1224 1170/1170 1171/1171
f 1224/1224 1171/1171 1164/1164
f 1155/1155 1157/1157 1158/1158
f 1155/1155 1158/1158 1154/1154
f 1159/1159 1153/1153 1154/1154
f 1159/1159 1154/1154 1158/1158
f 1160/1160 1152/1152 1153/1153
f 1160/1160 1153/1153 1159/1159
f 759/759 758/758 1152/1152
f 759/759 1152/1152 1160/1160
f 762/762 761/761 1174/1174
f 762/762 1174/1174 1231/1231
f 763/763 762/762 1231/1231
f 763/763 1231/1231 1230/1230
f 764/764 763/763 1230/1230
f 764/764 1230/1230 1229/1229
f 1228/1228 765/765 764/764
f 1228/1228 764/764 1229/1229
f 756/756 755/755 1165/1165
f 756/756 1165/1165 1142/1142
f 1142/1142 1165/1165 1166/1166
f 1142/1142 1166/1166 1143/1143
f 1143/1143 1166/1166 1167/1167
f 1143/1143 1167/1167 1144/1144
f 1168/1168 1145/1145 1144/1144
f 1168/1168 1144/1144 1167/1167
f 1169/1169 1146/1146 1145/1145
f 1169/1169 1145/1145 1168/1168
f 769/769 768/768 1146/1146
f 769/769 1146/1146 1169/1169
f 1164/1164 1171/1171 1172/1172
f 1164/1164 1172/1172 1163/1163
f 1173/1173 1162/1162 1163/1163
f 1173/1173 1163/1163 1172/1172
f 1174/1174 1161/1161 1162/1162
f 1174/1174 1162/1162 1173/1173
f 761/761 760/760 1161/1161
f 761/761 1161/1161 1174/1174
f 1176/1176 1074/1074 1073/1073
f 1176/1176 1073/1073 1175/1175
f 1177/1177 1075/1075 1074/1074
f 1177/1177 1074/1074 1176/1176
f 1178/1178 1076/1076 1075/1075
f 1178/1178 1075/1075 1177/1177
f 1179/1179 1077/1077 1076/1076
f 1179/1179 1076/1076 1178/1178
f 1180/1180 1078/1078 1077/1077
f 1180/1180 1077/1077 1179/1179
f 1181/1181 1079/1079 1078/1078
f 1181/1181 1078/1078 1180/1180
f 1182/1182 1080/1080 1079/1079
f 1182/1182 1079/1079 1181/1181
f 1255/1255 1254/1254 1080/1080
f 1255/1255 1080/1080 1182/1182
f 1183/1183 1081/1081 1241/1241
f 1183/1183 1241/1241 1240/1240
f 1184/1184 1082/1082 1081/1081
f 1184/1184 1081/1081 1183/1183
f 1185/1185 1083/1083 1082/1082
f 1185/1185 1082/1082 1184/1184
f 1186/1186 1084/1084 1083/1083
f 1186/1186 1083/1083 1185/1185
f 1187/1187 1085/1085 1084/1084
f 1187/1187 1084/1084 1186/1186
f 1188/1188 1086/1086 1085/1085
f 1188/1188 1085/1085 1187/1187
f 1189/1189 1087/1087 1086/1086
f 1189/1189 1086/1086 1188/1188
f 1190/1190 1088/1088 1087/1087
f 1190/1190 1087/1087 1189/1189
f 1191/1191 1089/1089 1088/1088
f 1191/1191 1088/1088 1190/1190
f 1192/1192 1090/1090 1089/1089
f 1192/1192 1089/1089 1191/1191
f 1193/1193 1091/1091 1090/1090
f 1193/1193 1090/1090 1192/1192
f 1194/1194 1070/1070 1091/1091
f 1194/1194 1091/1091 1193/1193
f 1195/1195 1071/1071 1070/1070
f 1195/1195 1070/1070 1194/1194
f 1196/1196 1072/1072 1071/1071
f 1196/1196 1071/1071 1195/1195
f 1175/1175 1073/1073 1072/1072
f 1175/1175 1072/1072 1196/1196
f 669/669 670/670 1197/1197
f 669/669 1197/1197 1200/1200
f 577/577 1201/1201 1203/1203
f 577/577 1203/1203 624/624
f 1210/1210 1197/1197 670/670
f 1210/1210 670/670 671/671
f 1210/1210 671/671 672/672
f 1210/1210 672/672 1211/1211
f 673/673 1207/1207 1211/1211
f 673/673 1211/1211 672/672
f 624/624 1203/1203 1207/1207
f 624/624 1207/1207 673/673
f 1205/1205 711/711 710/710
f 1205/1205 710/710 1198/1198
f 1206/1206 712/712 711/711
f 1206/1206 711/711 1205/1205
f 1209/1209 716/716 715/715
f 1209/1209 715/715 1202/1202
f 1202/1202 715/715 714/714
f 1202/1202 714/714 1204/1204
f 1204/1204 714/714 713/713
f 1204/1204 713/713 1208/1208
f 1208/1208 713/713 712/712
f 1208/1208 712/712 1206/1206
f 1198/1198 710/710 709/709
f 1198/1198 709/709 1199/1199
f 1201/1201 577/577 1212/1212
f 1198/1198 1199/1199 1200/1200
f 1198/1198 1200/1200 1197/1197
f 1210/1210 1205/1205 1198/1198
f 1210/1210 1198/1198 1197/1197
f 1211/1211 1206/1206 1205/1205
f 1211/1211 1205/1205 1210/1210
f 1207/1207 1208/1208 1206/1206
f 1207/1207 1206/1206 1211/1211
f 1204/1204 1208/1208 1207/1207
f 1204/1204 1207/1207 1203/1203
f 1202/1202 1204/1204 1203/1203
f 1202/1202 1203/1203 1201/1201
f 1212/1212 1209/1209 1202/1202
f 1212/1212 1202/1202 1201/1201
f 1200/1200 1199/1199 654/654
f 1200/1200 654/654 700/700
f 576/576 1213/1213 1209/1209
f 576/576 1209/1209 1212/1212
f 766/766 767/767 745/745
f 766/766 745/745 1220/1220
f 1214/1214 1215/1215 1216/1216
f 1214/1214 1216/1216 1213/1213
f 1215/1215 1217/1217 1218/1218
f 1215/1215 1218/1218 1216/1216
f 1217/1217 1219/1219 1220/1220
f 1217/1217 1220/1220 1218/1218
f 667/667 717/717 1215/1215
f 667/667 1215/1215 1214/1214
f 716/716 1209/1209 1213/1213
f 716/716 1213/1213 1216/1216
f 1218/1218 695/695 716/716
f 1218/1218 716/716 1216/1216
f 694/694 1217/1217 1215/1215
f 694/694 1215/1215 717/717
f 694/694 744/744 1219/1219
f 694/694 1219/1219 1217/1217
f 1218/1218 1220/1220 745/745
f 1218/1218 745/745 695/695
f 576/576 915/915 1214/1214
f 576/576 1214/1214 1213/1213
f 915/915 912/912 667/667
f 915/915 667/667 1214/1214
f 766/766 1220/1220 1219/1219
f 766/766 1219/1219 1221/1221
f 1156/1156 766/766 1221/1221
f 1156/1156 1221/1221 1222/1222
f 1157/1157 1155/1155 1156/1156
f 1157/1157 1156/1156 1222/1222
f 1221/1221 1223/1223 1224/1224
f 1221/1221 1224/1224 1222/1222
f 1222/1222 1224/1224 1164/1164
f 1222/1222 1164/1164 1157/1157
f 903/903 1225/1225 1223/1223
f 903/903 1223/1223 744/744
f 1170/1170 1224/1224 1223/1223
f 1170/1170 1223/1223 1225/1225
f 1225/1225 903/903 902/902
f 1225/1225 902/902 1226/1226
f 1225/1225 1226/1226 1227/1227
f 1225/1225 1227/1227 1170/1170
f 1170/1170 1227/1227 1228/1228
f 1170/1170 1228/1228 1171/1171
f 1171/1171 1228/1228 1229/1229
f 1171/1171 1229/1229 1172/1172
f 1230/1230 1173/1173 1172/1172
f 1230/1230 1172/1172 1229/1229
f 1231/1231 1174/1174 1173/1173
f 1231/1231 1173/1173 1230/1230
f 741/741 765/765 1232/1232
f 741/741 1232/1232 742/742
f 742/742 1232/1232 1233/1233
f 742/742 1233/1233 743/743
f 902/902 743/743 1233/1233
f 902/902 1233/1233 1226/1226
f 2039/2039 2040/2040 2015/2015
f 2039/2039 2015/2015 2016/2016
f 2040/2040 2041/2041 2014/2014
f 2040/2040 2014/2014 2015/2015
f 2143/2143 2144/2144 2045/2045
f 2143/2143 2045/2045 2046/2046
f 2042/2042 2043/2043 2012/2012
f 2042/2042 2012/2012 2013/2013
f 2044/2044 2011/2011 2012/2012
f 2044/2044 2012/2012 2043/2043
f 1298/1298 1297/1297 1299/1299
f 1298/1298 1299/1299 1300/1300
f 1998/1998 1999/1999 2007/2007
f 1998/1998 2007/2007 1304/1304
f 1301/1301 1306/1306 1307/1307
f 1301/1301 1307/1307 1302/1302
f 1306/1306 1308/1308 1309/1309
f 1306/1306 1309/1309 1307/1307
f 1308/1308 1306/1306 1300/1300
f 1308/1308 1300/1300 1310/1310
f 1306/1306 1301/1301 1298/1298
f 1306/1306 1298/1298 1300/1300
f 2124/2124 2044/2044 2130/2130
f 2124/2124 2130/2130 2131/2131
f 1311/1311 1310/1310 1300/1300
f 1311/1311 1300/1300 1299/1299
f 1311/1311 1312/1312 1313/1313
f 1311/1311 1313/1313 1314/1314
f 1315/1315 1313/1313 1312/1312
f 1315/1315 1312/1312 1316/1316
f 1317/1317 1318/1318 1316/1316
f 1317/1317 1316/1316 1312/1312
f 1311/1311 1299/1299 1317/1317
f 1311/1311 1317/1317 1312/1312
f 1342/1342 1319/1319 1314/1314
f 1342/1342 1314/1314 1313/1313
f 1320/1320 1310/1310 1311/1311
f 1320/1320 1311/1311 1314/1314
f 1320/1320 1314/1314 1319/1319
f 1320/1320 1319/1319 1321/1321
f 1317/1317 1299/1299 1297/1297
f 1317/1317 1297/1297 1322/1322
f 1317/1317 1322/1322 1323/1323
f 1317/1317 1323/1323 1318/1318
f 1323/1323 1324/1324 1325/1325
f 1323/1323 1325/1325 1318/1318
f 1234/1234 1235/1235 2116/2116
f 1234/1234 2116/2116 2117/2117
f 1962/1962 1963/1963 2100/2100
f 1962/1962 2100/2100 2101/2101
f 2099/2099 2100/2100 1963/1963
f 2099/2099 1963/1963 1964/1964
f 2098/2098 2099/2099 1964/1964
f 2098/2098 1964/1964 1965/1965
f 1325/1325 1327/1327 1316/1316
f 1325/1325 1316/1316 1318/1318
f 1327/1327 1328/1328 1315/1315
f 1327/1327 1315/1315 1316/1316
f 1315/1315 1328/1328 1329/1329
f 1315/1315 1329/1329 1330/1330
f 2096/2096 2097/2097 1966/1966
f 2096/2096 1966/1966 1967/1967
f 1966/1966 2097/2097 2098/2098
f 1966/1966 2098/2098 1965/1965
f 1331/1331 1332/1332 1333/1333
f 1331/1331 1333/1333 1334/1334
f 1332/1332 1335/1335 1336/1336
f 1332/1332 1336/1336 1333/1333
f 1336/1336 1335/1335 1337/1337
f 1336/1336 1337/1337 1338/1338
f 1336/1336 1339/1339 1340/1340
f 1336/1336 1340/1340 1333/1333
f 1341/1341 1334/1334 1333/1333
f 1341/1341 1333/1333 1340/1340
f 2095/2095 2096/2096 1967/1967
f 2095/2095 1967/1967 1985/1985
f 1334/1334 1330/1330 1329/1329
f 1334/1334 1329/1329 1331/1331
f 1334/1334 1341/1341 1342/1342
f 1334/1334 1342/1342 1330/1330
f 1337/1337 1343/1343 1346/1346
f 1337/1337 1346/1346 1338/1338
f 1347/1347 1348/1348 1338/1338
f 1347/1347 1338/1338 1346/1346
f 1349/1349 1350/1350 1347/1347
f 1349/1349 1347/1347 1346/1346
f 1349/1349 1346/1346 1343/1343
f 1349/1349 1343/1343 1344/1344
f 1358/1358 1352/1352 1353/1353
f 1358/1358 1353/1353 1354/1354
f 1358/1358 1354/1354 1359/1359
f 1358/1358 1359/1359 1360/1360
f 1361/1361 1362/1362 1360/1360
f 1361/1361 1360/1360 1359/1359
f 1361/1361 1363/1363 1364/1364
f 1361/1361 1364/1364 1362/1362
f 1361/1361 1365/1365 1366/1366
f 1361/1361 1366/1366 1363/1363
f 1367/1367 1368/1368 1364/1364
f 1367/1367 1364/1364 1363/1363
f 1369/1369 1367/1367 1363/1363
f 1369/1369 1363/1363 1366/1366
f 1370/1370 1360/1360 1362/1362
f 1370/1370 1362/1362 1371/1371
f 1364/1364 1372/1372 1371/1371
f 1364/1364 1371/1371 1362/1362
f 1358/1358 1374/1374 1351/1351
f 1358/1358 1351/1351 1352/1352
f 1370/1370 1374/1374 1358/1358
f 1370/1370 1358/1358 1360/1360
f 1351/1351 1374/1374 1375/1375
f 1351/1351 1375/1375 1345/1345
f 1345/1345 1375/1375 1349/1349
f 1345/1345 1349/1349 1344/1344
f 1349/1349 1375/1375 1376/1376
f 1349/1349 1376/1376 1350/1350
f 1377/1377 1376/1376 1370/1370
f 1377/1377 1370/1370 1371/1371
f 1370/1370 1376/1376 1375/1375
f 1370/1370 1375/1375 1374/1374
f 1377/1377 1378/1378 1350/1350
f 1377/1377 1350/1350 1376/1376
f 1384/1384 1385/1385 1382/1382
f 1384/1384 1382/1382 1381/1381
f 1386/1386 1384/1384 1381/1381
f 1386/1386 1381/1381 1383/1383
f 1387/1387 1389/1389 1380/1380
f 1387/1387 1380/1380 1379/1379
f 1390/1390 1391/1391 1392/1392
f 1390/1390 1392/1392 1389/1389
f 1395/1395 1393/1393 1390/1390
f 1395/1395 1390/1390 1394/1394
f 1390/1390 1389/1389 1387/1387
f 1390/1390 1387/1387 1394/1394
f 1393/1393 1396/1396 1391/1391
f 1393/1393 1391/1391 1390/1390
f 1397/1397 1355/1355 1357/1357
f 1397/1397 1357/1357 1392/1392
f 1397/1397 1392/1392 1391/1391
f 1397/1397 1391/1391 1398/1398
f 1400/1400 1401/1401 1402/1402
f 1400/1400 1402/1402 1403/1403
f 1401/1401 1404/1404 1405/1405
f 1401/1401 1405/1405 1402/1402
f 1404/1404 1406/1406 1407/1407
f 1404/1404 1407/1407 1405/1405
f 1406/1406 1408/1408 1409/1409
f 1406/1406 1409/1409 1407/1407
f 1410/1410 1402/1402 1405/1405
f 1410/1410 1405/1405 1411/1411
f 1411/1411 1405/1405 1407/1407
f 1411/1411 1407/1407 1412/1412
f 1413/1413 1414/1414 1415/1415
f 1413/1413 1415/1415 1403/1403
f 1413/1413 1403/1403 1402/1402
f 1413/1413 1402/1402 1410/1410
f 1413/1413 1416/1416 1417/1417
f 1413/1413 1417/1417 1414/1414
f 1418/1418 1419/1419 1416/1416
f 1418/1418 1416/1416 1420/1420
f 1420/1420 1416/1416 1413/1413
f 1420/1420 1413/1413 1410/1410
f 1421/1421 1417/1417 1416/1416
f 1421/1421 1416/1416 1419/1419
f 1422/1422 1423/1423 1415/1415
f 1422/1422 1415/1415 1414/1414
f 1424/1424 1422/1422 1414/1414
f 1424/1424 1414/1414 1417/1417
f 1425/1425 1400/1400 1403/1403
f 1425/1425 1403/1403 1415/1415
f 1423/1423 1426/1426 1425/1425
f 1423/1423 1425/1425 1415/1415
f 1427/1427 1296/1296 1998/1998
f 1427/1427 1998/1998 1304/1304
f 1427/1427 1304/1304 1428/1428
f 1427/1427 1428/1428 1429/1429
f 1428/1428 1430/1430 1431/1431
f 1428/1428 1431/1431 1429/1429
f 1432/1432 1431/1431 1430/1430
f 1432/1432 1430/1430 1433/1433
f 1434/1434 1435/1435 1432/1432
f 1434/1434 1432/1432 1433/1433
f 1436/1436 1437/1437 1434/1434
f 1436/1436 1434/1434 1438/1438
f 1438/1438 2037/2037 2038/2038
f 1438/1438 2038/2038 1436/1436
f 2033/2033 2034/2034 2031/2031
f 2033/2033 2031/2031 2030/2030
f 1439/1439 1435/1435 1434/1434
f 1439/1439 1434/1434 1437/1437
f 1434/1434 1433/1433 1440/1440
f 1434/1434 1440/1440 1438/1438
f 1441/1441 1440/1440 1433/1433
f 1441/1441 1433/1433 1430/1430
f 1440/1440 1441/1441 1442/1442
f 1440/1440 1442/1442 2036/2036
f 1438/1438 1440/1440 2036/2036
f 1438/1438 2036/2036 2037/2037
f 1442/1442 1443/1443 1995/1995
f 1442/1442 1995/1995 2024/2024
f 1991/1991 1992/1992 1995/1995
f 1991/1991 1995/1995 1994/1994
f 1305/1305 1302/1302 1307/1307
f 1305/1305 1307/1307 1994/1994
f 1994/1994 1995/1995 1443/1443
f 1994/1994 1443/1443 1305/1305
f 1441/1441 1444/1444 1443/1443
f 1441/1441 1443/1443 1442/1442
f 1428/1428 1444/1444 1441/1441
f 1428/1428 1441/1441 1430/1430
f 1304/1304 2007/2007 1444/1444
f 1304/1304 1444/1444 1428/1428
f 1445/1445 1446/1446 1431/1431
f 1445/1445 1431/1431 1432/1432
f 1445/1445 1447/1447 1448/1448
f 1445/1445 1448/1448 1446/1446
f 1449/1449 1447/1447 1450/1450
f 1449/1449 1450/1450 1451/1451
f 1449/1449 1451/1451 1452/1452
f 1449/1449 1452/1452 1453/1453
f 1454/1454 1452/1452 1451/1451
f 1454/1454 1451/1451 1455/1455
f 1454/1454 1456/1456 1457/1457
f 1454/1454 1457/1457 1458/1458
f 1457/1457 1456/1456 1459/1459
f 1457/1457 1459/1459 1460/1460
f 1461/1461 1459/1459 1456/1456
f 1461/1461 1456/1456 1462/1462
f 1454/1454 1455/1455 1462/1462
f 1454/1454 1462/1462 1456/1456
f 1457/1457 1463/1463 1464/1464
f 1457/1457 1464/1464 1458/1458
f 1465/1465 1452/1452 1454/1454
f 1465/1465 1454/1454 1458/1458
f 1466/1466 1465/1465 1458/1458
f 1466/1466 1458/1458 1464/1464
f 1467/1467 1455/1455 1451/1451
f 1467/1467 1451/1451 1450/1450
f 1467/1467 1450/1450 1468/1468
f 1467/1467 1468/1468 1469/1469
f 1468/1468 1450/1450 1447/1447
f 1468/1468 1447/1447 1445/1445
f 1468/1468 1435/1435 1439/1439
f 1468/1468 1439/1439 1469/1469
f 1470/1470 1462/1462 1455/1455
f 1470/1470 1455/1455 1467/1467
f 1471/1471 1472/1472 1448/1448
f 1471/1471 1448/1448 1453/1453
f 1471/1471 1453/1453 1452/1452
f 1471/1471 1452/1452 1465/1465
f 1471/1471 1473/1473 1474/1474
f 1471/1471 1474/1474 1472/1472
f 1291/1291 1293/1293 1473/1473
f 1291/1291 1473/1473 1466/1466
f 1466/1466 1473/1473 1471/1471
f 1466/1466 1471/1471 1465/1465
f 1295/1295 1474/1474 1473/1473
f 1295/1295 1473/1473 1293/1293
f 1446/1446 1448/1448 1472/1472
f 1446/1446 1472/1472 1475/1475
f 1476/1476 1475/1475 1472/1472
f 1476/1476 1472/1472 1474/1474
f 1449/1449 1453/1453 1448/1448
f 1449/1449 1448/1448 1447/1447
f 1468/1468 1445/1445 1432/1432
f 1468/1468 1432/1432 1435/1435
f 1446/1446 1475/1475 1429/1429
f 1446/1446 1429/1429 1431/1431
f 1476/1476 1427/1427 1429/1429
f 1476/1476 1429/1429 1475/1475
f 1476/1476 1294/1294 1296/1296
f 1476/1476 1296/1296 1427/1427
f 1295/1295 1294/1294 1476/1476
f 1295/1295 1476/1476 1474/1474
f 1478/1478 1477/1477 1479/1479
f 1478/1478 1479/1479 1480/1480
f 1478/1478 1481/1481 1399/1399
f 1478/1478 1399/1399 1477/1477
f 1386/1386 1399/1399 1481/1481
f 1386/1386 1481/1481 1384/1384
f 1384/1384 1481/1481 1482/1482
f 1384/1384 1482/1482 1385/1385
f 1478/1478 1483/1483 1482/1482
f 1478/1478 1482/1482 1481/1481
f 1484/1484 1483/1483 1485/1485
f 1484/1484 1485/1485 1486/1486
f 1484/1484 1487/1487 1482/1482
f 1484/1484 1482/1482 1483/1483
f 1385/1385 1482/1482 1487/1487
f 1385/1385 1487/1487 1488/1488
f 1488/1488 1489/1489 1490/1490
f 1488/1488 1490/1490 1388/1388
f 1491/1491 1492/1492 1490/1490
f 1491/1491 1490/1490 1489/1489
f 1492/1492 1491/1491 1494/1494
f 1492/1492 1494/1494 1493/1493
f 1491/1491 1495/1495 1496/1496
f 1491/1491 1496/1496 1494/1494
f 1495/1495 1491/1491 1489/1489
f 1495/1495 1489/1489 1497/1497
f 1488/1488 1487/1487 1497/1497
f 1488/1488 1497/1497 1489/1489
f 1385/1385 1488/1488 1388/1388
f 1385/1385 1388/1388 1382/1382
f 1484/1484 1498/1498 1497/1497
f 1484/1484 1497/1497 1487/1487
f 1499/1499 1498/1498 1484/1484
f 1499/1499 1484/1484 1486/1486
f 1499/1499 1486/1486 1500/1500
f 1499/1499 1500/1500 1501/1501
f 1485/1485 1502/1502 1500/1500
f 1485/1485 1500/1500 1486/1486
f 1424/1424 1503/1503 1501/1501
f 1424/1424 1501/1501 1500/1500
f 1504/1504 1505/1505 1499/1499
f 1504/1504 1499/1499 1501/1501
f 1506/1506 1504/1504 1501/1501
f 1506/1506 1501/1501 1503/1503
f 1505/1505 1507/1507 1498/1498
f 1505/1505 1498/1498 1499/1499
f 1507/1507 1495/1495 1497/1497
f 1507/1507 1497/1497 1498/1498
f 1495/1495 1507/1507 1508/1508
f 1495/1495 1508/1508 1496/1496
f 1507/1507 1505/1505 1509/1509
f 1507/1507 1509/1509 1508/1508
f 1485/1485 1483/1483 1478/1478
f 1485/1485 1478/1478 1480/1480
f 1479/1479 1510/1510 1511/1511
f 1479/1479 1511/1511 1480/1480
f 1423/1423 1511/1511 1510/1510
f 1423/1423 1510/1510 1426/1426
f 1422/1422 1502/1502 1511/1511
f 1422/1422 1511/1511 1423/1423
f 1485/1485 1480/1480 1511/1511
f 1485/1485 1511/1511 1502/1502
f 1512/1512 1513/1513 1514/1514
f 1512/1512 1514/1514 1515/1515
f 1513/1513 1939/1939 1940/1940
f 1513/1513 1940/1940 1514/1514
f 1516/1516 1514/1514 1940/1940
f 1516/1516 1940/1940 1517/1517
f 1516/1516 1517/1517 1960/1960
f 1516/1516 1960/1960 1518/1518
f 1517/1517 2054/2054 2055/2055
f 1517/1517 2055/2055 1960/1960
f 2055/2055 1961/1961 1522/1522
f 2055/2055 1522/1522 1960/1960
f 2048/2048 2050/2050 2051/2051
f 2048/2048 2051/2051 1520/1520
f 1524/1524 1525/1525 1526/1526
f 1524/1524 1526/1526 1523/1523
f 1521/1521 1524/1524 1523/1523
f 1521/1521 1523/1523 1519/1519
f 1523/1523 1526/1526 1527/1527
f 1523/1523 1527/1527 1522/1522
f 1528/1528 1529/1529 1518/1518
f 1528/1528 1518/1518 1527/1527
f 1530/1530 1516/1516 1518/1518
f 1530/1530 1518/1518 1529/1529
f 1530/1530 1515/1515 1514/1514
f 1530/1530 1514/1514 1516/1516
f 1531/1531 1409/1409 1515/1515
f 1531/1531 1515/1515 1530/1530
f 1531/1531 1530/1530 1529/1529
f 1531/1531 1529/1529 1532/1532
f 1533/1533 1534/1534 1532/1532
f 1533/1533 1532/1532 1535/1535
f 1533/1533 1536/1536 1537/1537
f 1533/1533 1537/1537 1534/1534
f 1538/1538 1539/1539 1536/1536
f 1538/1538 1536/1536 1533/1533
f 1540/1540 1538/1538 1533/1533
f 1540/1540 1533/1533 1535/1535
f 1541/1541 1542/1542 1539/1539
f 1541/1541 1539/1539 1538/1538
f 1543/1543 1541/1541 1538/1538
f 1543/1543 1538/1538 1540/1540
f 1418/1418 1420/1420 1537/1537
f 1418/1418 1537/1537 1536/1536
f 1411/1411 1412/1412 1534/1534
f 1411/1411 1534/1534 1537/1537
f 1420/1420 1410/1410 1411/1411
f 1420/1420 1411/1411 1537/1537
f 1539/1539 1544/1544 1418/1418
f 1539/1539 1418/1418 1536/1536
f 1544/1544 1545/1545 1419/1419
f 1544/1544 1419/1419 1418/1418
f 1546/1546 1547/1547 1545/1545
f 1546/1546 1545/1545 1544/1544
f 1542/1542 1546/1546 1544/1544
f 1542/1542 1544/1544 1539/1539
f 1535/1535 1532/1532 1529/1529
f 1535/1535 1529/1529 1528/1528
f 1412/1412 1531/1531 1532/1532
f 1412/1412 1532/1532 1534/1534
f 1412/1412 1407/1407 1409/1409
f 1412/1412 1409/1409 1531/1531
f 1408/1408 1512/1512 1515/1515
f 1408/1408 1515/1515 1409/1409
f 1551/1551 1553/1553 1554/1554
f 1551/1551 1554/1554 1552/1552
f 1493/1493 1494/1494 1553/1553
f 1493/1493 1553/1553 1551/1551
f 1555/1555 1556/1556 1554/1554
f 1555/1555 1554/1554 1553/1553
f 1555/1555 1557/1557 1558/1558
f 1555/1555 1558/1558 1556/1556
f 1496/1496 1508/1508 1557/1557
f 1496/1496 1557/1557 1555/1555
f 1558/1558 1557/1557 1559/1559
f 1558/1558 1559/1559 1560/1560
f 1558/1558 1561/1561 1562/1562
f 1558/1558 1562/1562 1556/1556
f 1563/1563 1562/1562 1561/1561
f 1563/1563 1561/1561 1564/1564
f 1563/1563 1565/1565 1566/1566
f 1563/1563 1566/1566 1567/1567
f 1563/1563 1564/1564 1568/1568
f 1563/1563 1568/1568 1565/1565
f 1569/1569 1562/1562 1563/1563
f 1569/1569 1563/1563 1567/1567
f 1570/1570 1571/1571 1564/1564
f 1570/1570 1564/1564 1561/1561
f 1570/1570 1572/1572 1573/1573
f 1570/1570 1573/1573 1571/1571
f 1570/1570 1560/1560 1574/1574
f 1570/1570 1574/1574 1572/1572
f 1558/1558 1560/1560 1570/1570
f 1558/1558 1570/1570 1561/1561
f 1569/1569 1554/1554 1556/1556
f 1569/1569 1556/1556 1562/1562
f 1552/1552 1554/1554 1569/1569
f 1552/1552 1569/1569 1575/1575
f 1576/1576 1559/1559 1509/1509
f 1576/1576 1509/1509 1577/1577
f 1576/1576 1577/1577 1578/1578
f 1576/1576 1578/1578 1574/1574
f 1578/1578 1577/1577 1504/1504
f 1578/1578 1504/1504 1506/1506
f 1505/1505 1504/1504 1577/1577
f 1505/1505 1577/1577 1509/1509
f 1576/1576 1574/1574 1560/1560
f 1576/1576 1560/1560 1559/1559
f 1509/1509 1559/1559 1557/1557
f 1509/1509 1557/1557 1508/1508
f 1496/1496 1555/1555 1553/1553
f 1496/1496 1553/1553 1494/1494
f 1550/1550 1579/1579 1580/1580
f 1550/1550 1580/1580 1581/1581
f 1579/1579 1582/1582 1583/1583
f 1579/1579 1583/1583 1580/1580
f 1584/1584 1583/1583 1582/1582
f 1584/1584 1582/1582 1585/1585
f 1584/1584 1585/1585 1586/1586
f 1584/1584 1586/1586 1587/1587
f 1590/1590 1591/1591 1583/1583
f 1590/1590 1583/1583 1584/1584
f 1590/1590 1584/1584 1587/1587
f 1590/1590 1587/1587 1592/1592
f 1594/1594 1593/1593 1590/1590
f 1594/1594 1590/1590 1592/1592
f 1590/1590 1593/1593 1595/1595
f 1590/1590 1595/1595 1591/1591
f 1596/1596 1597/1597 1591/1591
f 1596/1596 1591/1591 1595/1595
f 1598/1598 1599/1599 1596/1596
f 1598/1598 1596/1596 1595/1595
f 1598/1598 1595/1595 1593/1593
f 1598/1598 1593/1593 1600/1600
f 1583/1583 1591/1591 1597/1597
f 1583/1583 1597/1597 1580/1580
f 1601/1601 1581/1581 1580/1580
f 1601/1601 1580/1580 1597/1597
f 1602/1602 1548/1548 1550/1550
f 1602/1602 1550/1550 1581/1581
f 1602/1602 1603/1603 1549/1549
f 1602/1602 1549/1549 1548/1548
f 1393/1393 1395/1395 1549/1549
f 1393/1393 1549/1549 1603/1603
f 1396/1396 1393/1393 1603/1603
f 1396/1396 1603/1603 1604/1604
f 1606/1606 1396/1396 1604/1604
f 1606/1606 1604/1604 1605/1605
f 1608/1608 1606/1606 1605/1605
f 1608/1608 1605/1605 1607/1607
f 1609/1609 1610/1610 1611/1611
f 1609/1609 1611/1611 1607/1607
f 1605/1605 1612/1612 1609/1609
f 1605/1605 1609/1609 1607/1607
f 1369/1369 1608/1608 1607/1607
f 1369/1369 1607/1607 1611/1611
f 1396/1396 1606/1606 1398/1398
f 1396/1396 1398/1398 1391/1391
f 1606/1606 1608/1608 1613/1613
f 1606/1606 1613/1613 1398/1398
f 1604/1604 1614/1614 1612/1612
f 1604/1604 1612/1612 1605/1605
f 1601/1601 1614/1614 1602/1602
f 1601/1601 1602/1602 1581/1581
f 1602/1602 1614/1614 1604/1604
f 1602/1602 1604/1604 1603/1603
f 1601/1601 1615/1615 1612/1612
f 1601/1601 1612/1612 1614/1614
f 1568/1568 1564/1564 1571/1571
f 1568/1568 1571/1571 1616/1616
f 1616/1616 1617/1617 1618/1618
f 1616/1616 1618/1618 1619/1619
f 1617/1617 1546/1546 1542/1542
f 1617/1617 1542/1542 1618/1618
f 1619/1619 1618/1618 1620/1620
f 1619/1619 1620/1620 1968/1968
f 1620/1620 1541/1541 1543/1543
f 1620/1620 1543/1543 1621/1621
f 1968/1968 1971/1971 1972/1972
f 1968/1968 1972/1972 1969/1969
f 1969/1969 1972/1972 1973/1973
f 1969/1969 1973/1973 1970/1970
f 1977/1977 1978/1978 1975/1975
f 1977/1977 1975/1975 1974/1974
f 1970/1970 1973/1973 1623/1623
f 1970/1970 1623/1623 1624/1624
f 1623/1623 1625/1625 1626/1626
f 1623/1623 1626/1626 1627/1627
f 1628/1628 1624/1624 1623/1623
f 1628/1628 1623/1623 1627/1627
f 1629/1629 1630/1630 1969/1969
f 1629/1629 1969/1969 1970/1970
f 1629/1629 1970/1970 1624/1624
f 1629/1629 1624/1624 1637/1637
f 1619/1619 1968/1968 1969/1969
f 1619/1619 1969/1969 1630/1630
f 1631/1631 1622/1622 1632/1632
f 1631/1631 1632/1632 1525/1525
f 1632/1632 1622/1622 1621/1621
f 1632/1632 1621/1621 1543/1543
f 1525/1525 1632/1632 1633/1633
f 1525/1525 1633/1633 1526/1526
f 1632/1632 1543/1543 1540/1540
f 1632/1632 1540/1540 1633/1633
f 1635/1635 1634/1634 1524/1524
f 1635/1635 1524/1524 1521/1521
f 1649/1649 2049/2049 2047/2047
f 1649/1649 2047/2047 1647/1647
f 2047/2047 2049/2049 2050/2050
f 2047/2047 2050/2050 2048/2048
f 1524/1524 1634/1634 1631/1631
f 1524/1524 1631/1631 1525/1525
f 1620/1620 1618/1618 1542/1542
f 1620/1620 1542/1542 1541/1541
f 1637/1637 1566/1566 1565/1565
f 1637/1637 1565/1565 1629/1629
f 1628/1628 1638/1638 1637/1637
f 1628/1628 1637/1637 1624/1624
f 1588/1588 1566/1566 1637/1637
f 1588/1588 1637/1637 1638/1638
f 1568/1568 1630/1630 1629/1629
f 1568/1568 1629/1629 1565/1565
f 1568/1568 1616/1616 1619/1619
f 1568/1568 1619/1619 1630/1630
f 1617/1617 1573/1573 1547/1547
f 1617/1617 1547/1547 1546/1546
f 1616/1616 1571/1571 1573/1573
f 1616/1616 1573/1573 1617/1617
f 1572/1572 1641/1641 1547/1547
f 1572/1572 1547/1547 1573/1573
f 1547/1547 1641/1641 1642/1642
f 1547/1547 1642/1642 1545/1545
f 1545/1545 1642/1642 1421/1421
f 1545/1545 1421/1421 1419/1419
f 1642/1642 1506/1506 1503/1503
f 1642/1642 1503/1503 1421/1421
f 1641/1641 1578/1578 1506/1506
f 1641/1641 1506/1506 1642/1642
f 1572/1572 1574/1574 1578/1578
f 1572/1572 1578/1578 1641/1641
f 1421/1421 1503/1503 1424/1424
f 1421/1421 1424/1424 1417/1417
f 1424/1424 1500/1500 1502/1502
f 1424/1424 1502/1502 1422/1422
f 1643/1643 1644/1644 2045/2045
f 1643/1643 2045/2045 2144/2144
f 1643/1643 1292/1292 1464/1464
f 1643/1643 1464/1464 1463/1463
f 1645/1645 1644/1644 1643/1643
f 1645/1645 1643/1643 1463/1463
f 1645/1645 1646/1646 1647/1647
f 1645/1645 1647/1647 1644/1644
f 1647/1647 1646/1646 1648/1648
f 1647/1647 1648/1648 1649/1649
f 1650/1650 1648/1648 1646/1646
f 1650/1650 1646/1646 1651/1651
f 1645/1645 1460/1460 1651/1651
f 1645/1645 1651/1651 1646/1646
f 1457/1457 1460/1460 1645/1645
f 1457/1457 1645/1645 1463/1463
f 1652/1652 1308/1308 1310/1310
f 1652/1652 1310/1310 1320/1320
f 1652/1652 1655/1655 1653/1653
f 1652/1652 1653/1653 1654/1654
f 1657/1657 1655/1655 1321/1321
f 1657/1657 1321/1321 1656/1656
f 1659/1659 1657/1657 1656/1656
f 1659/1659 1656/1656 1658/1658
f 1661/1661 1662/1662 1663/1663
f 1661/1661 1663/1663 1660/1660
f 1661/1661 1664/1664 1665/1665
f 1661/1661 1665/1665 1662/1662
f 1666/1666 1667/1667 1665/1665
f 1666/1666 1665/1665 1664/1664
f 1666/1666 1668/1668 1669/1669
f 1666/1666 1669/1669 1667/1667
f 1670/1670 1671/1671 1668/1668
f 1670/1670 1668/1668 1666/1666
f 1672/1672 1670/1670 1666/1666
f 1672/1672 1666/1666 1664/1664
f 1673/1673 1674/1674 1662/1662
f 1673/1673 1662/1662 1665/1665
f 1675/1675 1673/1673 1665/1665
f 1675/1675 1665/1665 1667/1667
f 1659/1659 1672/1672 1664/1664
f 1659/1659 1664/1664 1661/1661
f 1657/1657 1659/1659 1661/1661
f 1657/1657 1661/1661 1660/1660
f 1672/1672 1659/1659 1658/1658
f 1672/1672 1658/1658 1676/1676
f 1663/1663 1677/1677 1653/1653
f 1663/1663 1653/1653 1660/1660
f 1663/1663 1679/1679 1678/1678
f 1663/1663 1678/1678 1677/1677
f 1655/1655 1657/1657 1660/1660
f 1655/1655 1660/1660 1653/1653
f 1674/1674 1681/1681 1680/1680
f 1674/1674 1680/1680 1679/1679
f 1674/1674 1679/1679 1663/1663
f 1674/1674 1663/1663 1662/1662
f 1682/1682 1658/1658 1656/1656
f 1682/1682 1656/1656 1683/1683
f 1682/1682 1683/1683 1341/1341
f 1682/1682 1341/1341 1340/1340
f 1319/1319 1683/1683 1656/1656
f 1319/1319 1656/1656 1321/1321
f 1319/1319 1342/1342 1341/1341
f 1319/1319 1341/1341 1683/1683
f 1684/1684 1676/1676 1658/1658
f 1684/1684 1658/1658 1682/1682
f 1684/1684 1682/1682 1340/1340
f 1684/1684 1340/1340 1339/1339
f 1685/1685 1686/1686 1676/1676
f 1685/1685 1676/1676 1684/1684
f 1685/1685 1684/1684 1339/1339
f 1685/1685 1339/1339 1348/1348
f 1685/1685 1687/1687 1688/1688
f 1685/1685 1688/1688 1686/1686
f 1347/1347 1350/1350 1378/1378
f 1347/1347 1378/1378 1687/1687
f 1347/1347 1687/1687 1685/1685
f 1347/1347 1685/1685 1348/1348
f 1689/1689 1688/1688 1687/1687
f 1689/1689 1687/1687 1378/1378
f 1691/1691 1692/1692 1689/1689
f 1691/1691 1689/1689 1690/1690
f 1689/1689 1378/1378 1377/1377
f 1689/1689 1377/1377 1690/1690
f 1692/1692 1671/1671 1688/1688
f 1692/1692 1688/1688 1689/1689
f 1671/1671 1670/1670 1686/1686
f 1671/1671 1686/1686 1688/1688
f 1670/1670 1672/1672 1676/1676
f 1670/1670 1676/1676 1686/1686
f 1655/1655 1652/1652 1320/1320
f 1655/1655 1320/1320 1321/1321
f 1308/1308 1652/1652 1654/1654
f 1308/1308 1654/1654 1309/1309
f 1987/1987 1693/1693 1694/1694
f 1987/1987 1694/1694 2035/2035
f 1695/1695 2035/2035 1694/1694
f 1695/1695 1694/1694 1697/1697
f 1704/1704 1741/1741 1696/1696
f 1704/1704 1696/1696 2331/2331
f 1704/1704 2331/2331 1695/1695
f 1704/1704 1695/1695 1697/1697
f 1694/1694 1698/1698 1699/1699
f 1694/1694 1699/1699 1697/1697
f 1694/1694 1693/1693 1700/1700
f 1694/1694 1700/1700 1698/1698
f 1680/1680 1681/1681 1700/1700
f 1680/1680 1700/1700 1693/1693
f 1699/1699 1698/1698 1701/1701
f 1699/1699 1701/1701 1702/1702
f 1699/1699 1703/1703 1704/1704
f 1699/1699 1704/1704 1697/1697
f 1699/1699 1702/1702 1705/1705
f 1699/1699 1705/1705 1703/1703
f 1706/1706 1702/1702 1701/1701
f 1706/1706 1701/1701 1707/1707
f 1708/1708 1709/1709 1707/1707
f 1708/1708 1707/1707 1701/1701
f 1708/1708 1701/1701 1698/1698
f 1708/1708 1698/1698 1700/1700
f 1705/1705 1702/1702 1706/1706
f 1705/1705 1706/1706 1710/1710
f 1705/1705 1710/1710 1711/1711
f 1705/1705 1711/1711 1712/1712
f 1711/1711 1713/1713 1714/1714
f 1711/1711 1714/1714 1712/1712
f 1715/1715 1714/1714 1713/1713
f 1715/1715 1713/1713 1716/1716
f 1715/1715 1717/1717 1718/1718
f 1715/1715 1718/1718 1714/1714
f 1715/1715 1719/1719 1720/1720
f 1715/1715 1720/1720 1717/1717
f 1721/1721 1722/1722 1723/1723
f 1721/1721 1723/1723 1719/1719
f 1721/1721 1716/1716 1724/1724
f 1721/1721 1724/1724 1725/1725
f 1721/1721 1719/1719 1715/1715
f 1721/1721 1715/1715 1716/1716
f 1726/1726 1724/1724 1716/1716
f 1726/1726 1716/1716 1713/1713
f 1726/1726 1727/1727 1728/1728
f 1726/1726 1728/1728 1724/1724
f 1728/1728 1727/1727 1729/1729
f 1728/1728 1729/1729 1730/1730
f 1731/1731 1729/1729 1727/1727
f 1731/1731 1727/1727 1732/1732
f 1726/1726 1733/1733 1732/1732
f 1726/1726 1732/1732 1727/1727
f 1728/1728 1734/1734 1725/1725
f 1728/1728 1725/1725 1724/1724
f 1711/1711 1733/1733 1726/1726
f 1711/1711 1726/1726 1713/1713
f 1735/1735 1722/1722 1721/1721
f 1735/1735 1721/1721 1725/1725
f 1735/1735 1725/1725 1734/1734
f 1735/1735 1734/1734 1610/1610
f 1735/1735 1736/1736 1599/1599
f 1735/1735 1599/1599 1722/1722
f 1609/1609 1612/1612 1615/1615
f 1609/1609 1615/1615 1736/1736
f 1609/1609 1736/1736 1735/1735
f 1609/1609 1735/1735 1610/1610
f 1596/1596 1599/1599 1736/1736
f 1596/1596 1736/1736 1615/1615
f 1598/1598 1723/1723 1722/1722
f 1598/1598 1722/1722 1599/1599
f 1737/1737 1723/1723 1598/1598
f 1737/1737 1598/1598 1600/1600
f 1737/1737 1720/1720 1719/1719
f 1737/1737 1719/1719 1723/1723
f 1718/1718 1717/1717 1738/1738
f 1718/1718 1738/1738 1739/1739
f 1718/1718 1740/1740 1712/1712
f 1718/1718 1712/1712 1714/1714
f 1741/1741 1704/1704 1703/1703
f 1741/1741 1703/1703 1740/1740
f 1718/1718 1739/1739 1741/1741
f 1718/1718 1741/1741 1740/1740
f 1738/1738 1742/1742 1791/1791
f 1738/1738 1791/1791 1792/1792
f 1743/1743 1739/1739 1738/1738
f 1743/1743 1738/1738 1792/1792
f 1705/1705 1712/1712 1740/1740
f 1705/1705 1740/1740 1703/1703
f 1742/1742 1738/1738 1717/1717
f 1742/1742 1717/1717 1720/1720
f 1711/1711 1710/1710 1744/1744
f 1711/1711 1744/1744 1733/1733
f 1745/1745 1732/1732 1733/1733
f 1745/1745 1733/1733 1744/1744
f 1745/1745 1669/1669 1668/1668
f 1745/1745 1668/1668 1746/1746
f 1671/1671 1692/1692 1746/1746
f 1671/1671 1746/1746 1668/1668
f 1731/1731 1732/1732 1745/1745
f 1731/1731 1745/1745 1746/1746
f 1692/1692 1691/1691 1731/1731
f 1692/1692 1731/1731 1746/1746
f 1745/1745 1744/1744 1747/1747
f 1745/1745 1747/1747 1669/1669
f 1747/1747 1675/1675 1667/1667
f 1747/1747 1667/1667 1669/1669
f 1747/1747 1706/1706 1707/1707
f 1747/1747 1707/1707 1675/1675
f 1747/1747 1744/1744 1710/1710
f 1747/1747 1710/1710 1706/1706
f 1728/1728 1730/1730 1748/1748
f 1728/1728 1748/1748 1734/1734
f 1748/1748 1611/1611 1610/1610
f 1748/1748 1610/1610 1734/1734
f 1367/1367 1369/1369 1611/1611
f 1367/1367 1611/1611 1748/1748
f 1368/1368 1367/1367 1748/1748
f 1368/1368 1748/1748 1730/1730
f 1749/1749 1368/1368 1730/1730
f 1749/1749 1730/1730 1729/1729
f 1749/1749 1691/1691 1690/1690
f 1749/1749 1690/1690 1372/1372
f 1691/1691 1749/1749 1729/1729
f 1691/1691 1729/1729 1731/1731
f 1368/1368 1749/1749 1372/1372
f 1368/1368 1372/1372 1364/1364
f 1608/1608 1369/1369 1366/1366
f 1608/1608 1366/1366 1613/1613
f 1613/1613 1366/1366 1365/1365
f 1613/1613 1365/1365 1373/1373
f 1613/1613 1373/1373 1397/1397
f 1613/1613 1397/1397 1398/1398
f 1397/1397 1373/1373 1356/1356
f 1397/1397 1356/1356 1355/1355
f 1569/1569 1567/1567 1589/1589
f 1569/1569 1589/1589 1575/1575
f 1588/1588 1589/1589 1567/1567
f 1588/1588 1567/1567 1566/1566
f 2042/2042 2013/2013 2014/2014
f 2042/2042 2014/2014 2041/2041
f 1743/1743 1696/1696 1741/1741
f 1743/1743 1741/1741 1739/1739
f 1750/1750 1592/1592 1587/1587
f 1750/1750 1587/1587 1640/1640
f 1750/1750 1788/1788 1594/1594
f 1750/1750 1594/1594 1592/1592
f 1751/1751 1594/1594 1788/1788
f 1751/1751 1788/1788 1789/1789
f 1594/1594 1751/1751 1600/1600
f 1594/1594 1600/1600 1593/1593
f 1737/1737 1600/1600 1751/1751
f 1737/1737 1751/1751 1752/1752
f 1789/1789 1790/1790 1752/1752
f 1789/1789 1752/1752 1751/1751
f 1790/1790 1791/1791 1742/1742
f 1790/1790 1742/1742 1752/1752
f 1742/1742 1720/1720 1737/1737
f 1742/1742 1737/1737 1752/1752
f 1596/1596 1615/1615 1601/1601
f 1596/1596 1601/1601 1597/1597
f 1633/1633 1540/1540 1535/1535
f 1633/1633 1535/1535 1528/1528
f 1526/1526 1633/1633 1528/1528
f 1526/1526 1528/1528 1527/1527
f 1291/1291 1466/1466 1464/1464
f 1291/1291 1464/1464 1292/1292
f 1461/1461 1462/1462 1470/1470
f 1461/1461 1470/1470 1753/1753
f 1984/1984 1758/1758 1757/1757
f 1984/1984 1757/1757 1980/1980
f 1979/1979 1983/1983 1984/1984
f 1979/1979 1984/1984 1980/1980
f 1761/1761 1648/1648 1650/1650
f 1761/1761 1650/1650 1759/1759
f 1625/1625 1980/1980 1757/1757
f 1625/1625 1757/1757 1626/1626
f 1762/1762 1760/1760 1763/1763
f 1762/1762 1763/1763 1755/1755
f 1461/1461 1753/1753 1754/1754
f 1461/1461 1754/1754 1756/1756
f 1764/1764 1459/1459 1461/1461
f 1764/1764 1461/1461 1756/1756
f 1764/1764 1756/1756 1755/1755
f 1764/1764 1755/1755 1763/1763
f 1764/1764 1651/1651 1460/1460
f 1764/1764 1460/1460 1459/1459
f 1650/1650 1651/1651 1764/1764
f 1650/1650 1764/1764 1763/1763
f 1761/1761 1636/1636 1649/1649
f 1761/1761 1649/1649 1648/1648
f 1640/1640 1587/1587 1586/1586
f 1640/1640 1586/1586 1639/1639
f 1377/1377 1371/1371 1372/1372
f 1377/1377 1372/1372 1690/1690
f 1675/1675 1707/1707 1709/1709
f 1675/1675 1709/1709 1673/1673
f 1673/1673 1709/1709 1681/1681
f 1673/1673 1681/1681 1674/1674
f 1315/1315 1330/1330 1342/1342
f 1315/1315 1342/1342 1313/1313
f 1336/1336 1338/1338 1348/1348
f 1336/1336 1348/1348 1339/1339
f 1708/1708 1700/1700 1681/1681
f 1708/1708 1681/1681 1709/1709
f 1639/1639 1766/1766 1765/1765
f 1639/1639 1765/1765 1640/1640
f 1890/1890 1766/1766 1920/1920
f 1890/1890 1920/1920 1891/1891
f 1626/1626 1767/1767 1921/1921
f 1626/1626 1921/1921 1627/1627
f 1757/1757 1768/1768 1767/1767
f 1757/1757 1767/1767 1626/1626
f 1758/1758 1770/1770 1768/1768
f 1758/1758 1768/1768 1757/1757
f 1762/1762 1771/1771 1770/1770
f 1762/1762 1770/1770 1758/1758
f 1755/1755 1772/1772 1771/1771
f 1755/1755 1771/1771 1762/1762
f 1754/1754 1772/1772 1755/1755
f 1754/1754 1755/1755 1756/1756
f 2319/2319 1793/1793 1819/1819
f 1765/1765 1818/1818 1819/1819
f 1765/1765 1819/1819 1793/1793
f 1768/1768 1770/1770 1775/1775
f 1768/1768 1775/1775 1769/1769
f 1770/1770 1771/1771 1776/1776
f 1770/1770 1776/1776 1775/1775
f 1771/1771 1772/1772 1777/1777
f 1771/1771 1777/1777 1776/1776
f 1754/1754 1778/1778 1777/1777
f 1754/1754 1777/1777 1772/1772
f 1753/1753 1779/1779 1778/1778
f 1753/1753 1778/1778 1754/1754
f 1470/1470 1780/1780 1779/1779
f 1470/1470 1779/1779 1753/1753
f 1470/1470 1467/1467 1781/1781
f 1470/1470 1781/1781 1780/1780
f 1469/1469 1782/1782 1781/1781
f 1469/1469 1781/1781 1467/1467
f 1783/1783 1782/1782 1469/1469
f 1783/1783 1469/1469 1439/1439
f 1784/1784 1783/1783 1439/1439
f 1784/1784 1439/1439 1437/1437
f 1785/1785 1784/1784 1437/1437
f 1785/1785 1437/1437 1436/1436
f 2038/2038 2023/2023 1785/1785
f 2038/2038 1785/1785 1436/1436
f 1788/1788 1750/1750 1793/1793
f 1788/1788 1793/1793 2319/2319
f 1765/1765 1793/1793 1750/1750
f 1765/1765 1750/1750 1640/1640
f 1827/1827 1828/1828 2318/2318
f 1827/1827 2318/2318 1773/1773
f 1826/1826 1827/1827 1773/1773
f 1826/1826 1773/1773 1774/1774
f 1774/1774 1787/1787 1825/1825
f 1774/1774 1825/1825 1826/1826
f 1787/1787 1769/1769 1824/1824
f 1787/1787 1824/1824 1825/1825
f 1769/1769 1775/1775 1823/1823
f 1769/1769 1823/1823 1824/1824
f 1775/1775 1776/1776 1822/1822
f 1775/1775 1822/1822 1823/1823
f 1776/1776 1777/1777 1821/1821
f 1776/1776 1821/1821 1822/1822
f 1777/1777 1778/1778 1820/1820
f 1777/1777 1820/1820 1821/1821
f 1778/1778 1779/1779 1843/1843
f 1778/1778 1843/1843 1820/1820
f 1779/1779 1780/1780 1842/1842
f 1779/1779 1842/1842 1843/1843
f 1780/1780 1781/1781 1841/1841
f 1780/1780 1841/1841 1842/1842
f 1781/1781 1782/1782 1840/1840
f 1781/1781 1840/1840 1841/1841
f 1782/1782 1783/1783 1839/1839
f 1782/1782 1839/1839 1840/1840
f 1783/1783 1784/1784 1838/1838
f 1783/1783 1838/1838 1839/1839
f 1784/1784 1785/1785 1837/1837
f 1784/1784 1837/1837 1838/1838
f 1769/1769 1891/1891 1767/1767
f 1769/1769 1767/1767 1768/1768
f 1769/1769 1787/1787 1890/1890
f 1769/1769 1890/1890 1891/1891
f 1819/1819 1818/1818 1774/1774
f 1819/1819 1774/1774 1773/1773
f 1804/1804 1821/1821 1820/1820
f 1804/1804 1820/1820 1805/1805
f 1803/1803 1822/1822 1821/1821
f 1803/1803 1821/1821 1804/1804
f 1802/1802 1823/1823 1822/1822
f 1802/1802 1822/1822 1803/1803
f 1801/1801 1824/1824 1823/1823
f 1801/1801 1823/1823 1802/1802
f 1800/1800 1825/1825 1824/1824
f 1800/1800 1824/1824 1801/1801
f 1799/1799 1826/1826 1825/1825
f 1799/1799 1825/1825 1800/1800
f 1798/1798 1827/1827 1826/1826
f 1798/1798 1826/1826 1799/1799
f 1797/1797 1828/1828 1827/1827
f 1797/1797 1827/1827 1798/1798
f 1794/1794 1829/1829 1828/1828
f 1794/1794 1828/1828 1797/1797
f 1795/1795 1830/1830 1829/1829
f 1795/1795 1829/1829 1794/1794
f 1796/1796 1831/1831 1830/1830
f 1796/1796 1830/1830 1795/1795
f 1817/1817 1832/1832 1831/1831
f 1817/1817 1831/1831 1796/1796
f 1816/1816 1833/1833 1832/1832
f 1816/1816 1832/1832 1817/1817
f 1815/1815 1834/1834 1833/1833
f 1815/1815 1833/1833 1816/1816
f 1814/1814 1835/1835 1834/1834
f 1814/1814 1834/1834 1815/1815
f 1811/1811 1838/1838 1837/1837
f 1811/1811 1837/1837 1812/1812
f 1810/1810 1839/1839 1838/1838
f 1810/1810 1838/1838 1811/1811
f 1809/1809 1840/1840 1839/1839
f 1809/1809 1839/1839 1810/1810
f 1808/1808 1841/1841 1840/1840
f 1808/1808 1840/1840 1809/1809
f 1807/1807 1842/1842 1841/1841
f 1807/1807 1841/1841 1808/1808
f 1806/1806 1843/1843 1842/1842
f 1806/1806 1842/1842 1807/1807
f 1805/1805 1820/1820 1843/1843
f 1805/1805 1843/1843 1806/1806
f 1795/1795 1794/1794 1844/1844
f 1795/1795 1844/1844 1845/1845
f 1796/1796 1795/1795 1845/1845
f 1796/1796 1845/1845 1846/1846
f 1797/1797 1798/1798 1848/1848
f 1797/1797 1848/1848 1847/1847
f 1798/1798 1799/1799 1849/1849
f 1798/1798 1849/1849 1848/1848
f 1799/1799 1800/1800 1850/1850
f 1799/1799 1850/1850 1849/1849
f 1800/1800 1801/1801 1851/1851
f 1800/1800 1851/1851 1850/1850
f 1801/1801 1802/1802 1852/1852
f 1801/1801 1852/1852 1851/1851
f 1802/1802 1803/1803 1853/1853
f 1802/1802 1853/1853 1852/1852
f 1803/1803 1804/1804 1854/1854
f 1803/1803 1854/1854 1853/1853
f 1804/1804 1805/1805 1855/1855
f 1804/1804 1855/1855 1854/1854
f 1805/1805 1806/1806 1856/1856
f 1805/1805 1856/1856 1855/1855
f 1806/1806 1807/1807 1857/1857
f 1806/1806 1857/1857 1856/1856
f 1807/1807 1808/1808 1858/1858
f 1807/1807 1858/1858 1857/1857
f 1808/1808 1809/1809 1859/1859
f 1808/1808 1859/1859 1858/1858
f 1809/1809 1810/1810 1860/1860
f 1809/1809 1860/1860 1859/1859
f 1810/1810 1811/1811 1861/1861
f 1810/1810 1861/1861 1860/1860
f 1811/1811 1812/1812 1862/1862
f 1811/1811 1862/1862 1861/1861
f 1814/1814 1815/1815 1865/1865
f 1814/1814 1865/1865 1864/1864
f 1815/1815 1816/1816 1866/1866
f 1815/1815 1866/1866 1865/1865
f 1816/1816 1817/1817 1867/1867
f 1816/1816 1867/1867 1866/1866
f 1817/1817 1796/1796 1846/1846
f 1817/1817 1846/1846 1867/1867
f 1794/1794 1797/1797 1847/1847
f 1794/1794 1847/1847 1844/1844
f 1845/1845 1844/1844 1868/1868
f 1845/1845 1868/1868 1869/1869
f 1846/1846 1845/1845 1869/1869
f 1846/1846 1869/1869 1870/1870
f 1847/1847 1848/1848 1872/1872
f 1847/1847 1872/1872 1871/1871
f 1848/1848 1849/1849 1873/1873
f 1848/1848 1873/1873 1872/1872
f 1849/1849 1850/1850 1874/1874
f 1849/1849 1874/1874 1873/1873
f 1850/1850 1851/1851 1875/1875
f 1850/1850 1875/1875 1874/1874
f 1851/1851 1852/1852 1876/1876
f 1851/1851 1876/1876 1875/1875
f 1852/1852 1853/1853 1877/1877
f 1852/1852 1877/1877 1876/1876
f 1853/1853 1854/1854 1878/1878
f 1853/1853 1878/1878 1877/1877
f 1854/1854 1855/1855 1879/1879
f 1854/1854 1879/1879 1878/1878
f 1855/1855 1856/1856 1880/1880
f 1855/1855 1880/1880 1879/1879
f 1856/1856 1857/1857 1881/1881
f 1856/1856 1881/1881 1880/1880
f 1857/1857 1858/1858 1882/1882
f 1857/1857 1882/1882 1881/1881
f 1858/1858 1859/1859 1883/1883
f 1858/1858 1883/1883 1882/1882
f 1859/1859 1860/1860 1884/1884
f 1859/1859 1884/1884 1883/1883
f 1884/1884 2351/2351 2346/2346
f 1884/1884 2346/2346 2347/2347
f 2346/2346 2351/2351 2352/2352
f 2346/2346 2352/2352 2345/2345
f 1863/1863 2338/2338 2340/2340
f 1863/1863 2340/2340 2342/2342
f 1864/1864 1865/1865 1887/1887
f 1864/1864 1887/1887 1886/1886
f 1865/1865 1866/1866 1888/1888
f 1865/1865 1888/1888 1887/1887
f 1866/1866 1867/1867 1889/1889
f 1866/1866 1889/1889 1888/1888
f 1867/1867 1846/1846 1870/1870
f 1867/1867 1870/1870 1889/1889
f 1844/1844 1847/1847 1871/1871
f 1844/1844 1871/1871 1868/1868
f 1818/1818 1890/1890 1787/1787
f 1818/1818 1787/1787 1774/1774
f 1766/1766 1890/1890 1818/1818
f 1766/1766 1818/1818 1765/1765
f 1892/1892 1893/1893 1897/1897
f 1892/1892 1897/1897 1896/1896
f 1894/1894 1895/1895 1899/1899
f 1894/1894 1899/1899 1898/1898
f 1898/1898 1899/1899 1900/1900
f 1898/1898 1900/1900 1901/1901
f 1902/1902 1903/1903 1901/1901
f 1902/1902 1901/1901 1900/1900
f 1903/1903 1902/1902 1905/1905
f 1903/1903 1905/1905 1904/1904
f 1904/1904 1905/1905 1907/1907
f 1904/1904 1907/1907 1906/1906
f 1906/1906 1907/1907 1909/1909
f 1906/1906 1909/1909 1908/1908
f 1908/1908 1909/1909 1911/1911
f 1908/1908 1911/1911 1910/1910
f 1910/1910 1911/1911 1916/1916
f 1910/1910 1916/1916 1917/1917
f 1912/1912 1913/1913 1917/1917
f 1912/1912 1917/1917 1916/1916
f 1913/1913 1912/1912 1914/1914
f 1913/1913 1914/1914 1915/1915
f 1915/1915 1914/1914 1919/1919
f 1915/1915 1919/1919 1918/1918
f 1918/1918 1919/1919 1921/1921
f 1918/1918 1921/1921 1920/1920
f 1892/1892 1381/1381 1382/1382
f 1892/1892 1382/1382 1895/1895
f 1894/1894 1898/1898 1387/1387
f 1894/1894 1387/1387 1379/1379
f 1895/1895 1382/1382 1388/1388
f 1895/1895 1388/1388 1899/1899
f 1899/1899 1388/1388 1490/1490
f 1899/1899 1490/1490 1900/1900
f 1492/1492 1902/1902 1900/1900
f 1492/1492 1900/1900 1490/1490
f 1902/1902 1492/1492 1493/1493
f 1902/1902 1493/1493 1905/1905
f 1548/1548 1549/1549 1904/1904
f 1548/1548 1904/1904 1906/1906
f 1548/1548 1906/1906 1908/1908
f 1548/1548 1908/1908 1550/1550
f 1551/1551 1552/1552 1909/1909
f 1551/1551 1909/1909 1907/1907
f 1493/1493 1551/1551 1907/1907
f 1493/1493 1907/1907 1905/1905
f 1550/1550 1908/1908 1910/1910
f 1550/1550 1910/1910 1579/1579
f 1586/1586 1585/1585 1913/1913
f 1586/1586 1913/1913 1915/1915
f 1588/1588 1638/1638 1914/1914
f 1588/1588 1914/1914 1912/1912
f 1916/1916 1589/1589 1588/1588
f 1916/1916 1588/1588 1912/1912
f 1917/1917 1913/1913 1585/1585
f 1917/1917 1585/1585 1582/1582
f 1579/1579 1910/1910 1917/1917
f 1579/1579 1917/1917 1582/1582
f 1916/1916 1911/1911 1575/1575
f 1916/1916 1575/1575 1589/1589
f 1552/1552 1575/1575 1911/1911
f 1552/1552 1911/1911 1909/1909
f 1395/1395 1903/1903 1904/1904
f 1395/1395 1904/1904 1549/1549
f 1914/1914 1638/1638 1628/1628
f 1914/1914 1628/1628 1919/1919
f 1628/1628 1627/1627 1921/1921
f 1628/1628 1921/1921 1919/1919
f 1915/1915 1918/1918 1639/1639
f 1915/1915 1639/1639 1586/1586
f 1898/1898 1901/1901 1394/1394
f 1898/1898 1394/1394 1387/1387
f 1903/1903 1395/1395 1394/1394
f 1903/1903 1394/1394 1901/1901
f 1918/1918 1920/1920 1766/1766
f 1918/1918 1766/1766 1639/1639
f 1891/1891 1920/1920 1921/1921
f 1891/1891 1921/1921 1767/1767
f 2115/2115 2116/2116 1235/1235
f 2115/2115 1235/1235 1236/1236
f 1940/1940 1939/1939 2052/2052
f 1940/1940 2052/2052 2053/2053
f 1517/1517 1940/1940 2053/2053
f 1517/1517 2053/2053 2054/2054
f 2164/2164 2165/2165 1943/1943
f 2164/2164 1943/1943 1944/1944
f 2161/2161 2162/2162 1946/1946
f 2161/2161 1946/1946 1947/1947
f 1959/1959 2160/2160 2161/2161
f 1959/1959 2161/2161 1947/1947
f 2152/2152 2153/2153 1949/1949
f 2152/2152 1949/1949 1950/1950
f 2151/2151 2152/2152 1950/1950
f 2151/2151 1950/1950 1951/1951
f 2151/2151 1951/1951 1952/1952
f 2151/2151 1952/1952 2150/2150
f 1953/1953 2147/2147 2148/2148
f 1953/1953 2148/2148 1954/1954
f 2145/2145 2113/2113 1238/1238
f 2145/2145 1238/1238 1239/1239
f 2162/2162 2163/2163 1945/1945
f 2162/2162 1945/1945 1946/1946
f 2163/2163 2164/2164 1944/1944
f 2163/2163 1944/1944 1945/1945
f 2166/2166 1256/1256 1257/1257
f 2166/2166 1257/1257 1942/1942
f 2165/2165 2166/2166 1942/1942
f 2165/2165 1942/1942 1943/1943
f 2148/2148 2149/2149 1955/1955
f 2148/2148 1955/1955 1954/1954
f 1942/1942 1257/1257 1258/1258
f 1942/1942 1258/1258 1941/1941
f 1943/1943 1942/1942 1941/1941
f 1943/1943 1941/1941 1933/1933
f 1944/1944 1943/1943 1933/1933
f 1944/1944 1933/1933 1934/1934
f 1945/1945 1944/1944 1934/1934
f 1945/1945 1934/1934 1935/1935
f 1946/1946 1945/1945 1935/1935
f 1946/1946 1935/1935 1936/1936
f 1947/1947 1946/1946 1936/1936
f 1947/1947 1936/1936 1937/1937
f 1938/1938 1959/1959 1947/1947
f 1938/1938 1947/1947 1937/1937
f 1950/1950 1949/1949 1926/1926
f 1950/1950 1926/1926 1927/1927
f 1951/1951 1950/1950 1927/1927
f 1951/1951 1927/1927 1928/1928
f 1952/1952 1951/1951 1928/1928
f 1952/1952 1928/1928 1929/1929
f 1954/1954 1955/1955 1930/1930
f 1954/1954 1930/1930 1931/1931
f 1931/1931 1932/1932 1953/1953
f 1931/1931 1953/1953 1954/1954
f 1238/1238 2113/2113 2114/2114
f 1238/1238 2114/2114 1237/1237
f 2104/2104 1953/1953 1932/1932
f 2104/2104 1932/1932 2105/2105
f 2146/2146 2147/2147 1953/1953
f 2146/2146 1953/1953 2104/2104
f 2150/2150 1952/1952 1955/1955
f 2150/2150 1955/1955 2149/2149
f 1930/1930 1955/1955 1952/1952
f 1930/1930 1952/1952 1929/1929
f 1957/1957 1956/1956 1925/1925
f 1957/1957 1925/1925 1924/1924
f 2158/2158 2159/2159 1956/1956
f 2158/2158 1956/1956 1957/1957
f 1958/1958 1957/1957 1924/1924
f 1958/1958 1924/1924 1923/1923
f 2157/2157 2158/2158 1957/1957
f 2157/2157 1957/1957 1958/1958
f 1948/1948 1958/1958 1923/1923
f 1948/1948 1923/1923 1922/1922
f 2156/2156 2157/2157 1958/1958
f 2156/2156 1958/1958 1948/1948
f 1956/1956 1959/1959 1938/1938
f 1956/1956 1938/1938 1925/1925
f 2159/2159 2160/2160 1959/1959
f 2159/2159 1959/1959 1956/1956
f 1518/1518 1960/1960 1522/1522
f 1518/1518 1522/1522 1527/1527
f 1520/1520 2051/2051 1928/1928
f 1520/1520 1928/1928 1927/1927
f 1961/1961 1519/1519 1523/1523
f 1961/1961 1523/1523 1522/1522
f 1963/1963 1962/1962 1263/1263
f 1963/1963 1263/1263 1264/1264
f 1964/1964 1963/1963 1264/1264
f 1964/1964 1264/1264 1265/1265
f 1965/1965 1964/1964 1265/1265
f 1965/1965 1265/1265 1266/1266
f 1966/1966 1965/1965 1266/1266
f 1966/1966 1266/1266 1267/1267
f 1967/1967 1966/1966 1267/1267
f 1967/1967 1267/1267 1268/1268
f 1968/1968 1620/1620 1621/1621
f 1968/1968 1621/1621 1971/1971
f 1971/1971 1621/1621 1622/1622
f 1971/1971 1622/1622 1974/1974
f 1972/1972 1971/1971 1974/1974
f 1972/1972 1974/1974 1975/1975
f 1973/1973 1972/1972 1975/1975
f 1973/1973 1975/1975 1976/1976
f 1623/1623 1973/1973 1976/1976
f 1623/1623 1976/1976 1625/1625
f 1977/1977 1974/1974 1622/1622
f 1977/1977 1622/1622 1631/1631
f 1976/1976 1975/1975 1978/1978
f 1976/1976 1978/1978 1979/1979
f 1625/1625 1976/1976 1979/1979
f 1625/1625 1979/1979 1980/1980
f 1977/1977 1631/1631 1634/1634
f 1977/1977 1634/1634 1981/1981
f 1982/1982 1978/1978 1977/1977
f 1982/1982 1977/1977 1981/1981
f 1979/1979 1978/1978 1982/1982
f 1979/1979 1982/1982 1983/1983
f 1635/1635 1636/1636 1981/1981
f 1635/1635 1981/1981 1634/1634
f 1982/1982 1981/1981 1636/1636
f 1982/1982 1636/1636 1761/1761
f 1983/1983 1982/1982 1761/1761
f 1983/1983 1761/1761 1759/1759
f 1760/1760 1984/1984 1983/1983
f 1760/1760 1983/1983 1759/1759
f 1758/1758 1984/1984 1760/1760
f 1758/1758 1760/1760 1762/1762
f 1760/1760 1759/1759 1650/1650
f 1760/1760 1650/1650 1763/1763
f 1985/1985 1967/1967 1268/1268
f 1985/1985 1268/1268 1269/1269
f 1986/1986 1678/1678 1679/1679
f 1986/1986 1679/1679 1680/1680
f 1987/1987 1986/1986 1680/1680
f 1987/1987 1680/1680 1693/1693
f 1988/1988 1654/1654 1653/1653
f 1988/1988 1653/1653 1677/1677
f 1989/1989 1988/1988 1677/1677
f 1989/1989 1677/1677 1678/1678
f 1990/1990 1989/1989 1678/1678
f 1990/1990 1678/1678 1986/1986
f 1988/1988 1991/1991 1309/1309
f 1988/1988 1309/1309 1654/1654
f 1992/1992 1991/1991 1988/1988
f 1992/1992 1988/1988 1989/1989
f 1990/1990 1993/1993 1992/1992
f 1990/1990 1992/1992 1989/1989
f 1991/1991 1994/1994 1307/1307
f 1991/1991 1307/1307 1309/1309
f 1326/1326 2000/2000 1996/1996
f 1326/1326 1996/1996 2008/2008
f 2008/2008 1996/1996 2010/2010
f 2008/2008 2010/2010 2009/2009
f 1997/1997 1303/1303 2009/2009
f 1997/1997 2009/2009 2010/2010
f 1303/1303 1997/1997 1999/1999
f 1303/1303 1999/1999 1998/1998
f 2000/2000 1326/1326 2002/2002
f 2000/2000 2002/2002 2001/2001
f 2001/2001 2002/2002 2004/2004
f 2001/2001 2004/2004 2003/2003
f 2102/2102 2103/2103 2005/2005
f 2102/2102 2005/2005 2006/2006
f 1261/1261 1262/1262 2006/2006
f 1261/1261 2006/2006 2005/2005
f 2010/2010 1996/1996 1297/1297
f 2010/2010 1297/1297 1298/1298
f 1301/1301 1997/1997 2010/2010
f 1301/1301 2010/2010 1298/1298
f 1997/1997 1301/1301 1302/1302
f 1997/1997 1302/1302 1999/1999
f 1996/1996 2000/2000 1322/1322
f 1996/1996 1322/1322 1297/1297
f 2135/2135 2136/2136 2119/2119
f 2135/2135 2119/2119 2120/2120
f 2102/2102 2006/2006 1962/1962
f 2102/2102 1962/1962 2101/2101
f 1323/1323 2001/2001 2003/2003
f 1323/1323 2003/2003 1324/1324
f 1323/1323 1322/1322 2000/2000
f 1323/1323 2000/2000 2001/2001
f 2133/2133 2122/2122 2123/2123
f 2133/2133 2123/2123 2132/2132
f 2121/2121 2122/2122 2133/2133
f 2121/2121 2133/2133 2134/2134
f 2136/2136 1259/1259 1260/1260
f 2136/2136 1260/1260 2119/2119
f 1962/1962 2006/2006 1262/1262
f 1962/1962 1262/1262 1263/1263
f 1999/1999 1302/1302 1305/1305
f 1999/1999 1305/1305 2007/2007
f 1305/1305 1443/1443 1444/1444
f 1305/1305 1444/1444 2007/2007
f 2123/2123 2124/2124 2131/2131
f 2123/2123 2131/2131 2132/2132
f 2012/2012 2011/2011 1296/1296
f 2012/2012 1296/1296 1294/1294
f 2013/2013 2012/2012 1294/1294
f 2013/2013 1294/1294 1295/1295
f 2014/2014 2013/2013 1295/1295
f 2014/2014 1295/1295 1293/1293
f 2015/2015 2014/2014 1293/1293
f 2015/2015 1293/1293 1291/1291
f 2011/2011 1303/1303 1998/1998
f 2011/2011 1998/1998 1296/1296
f 2016/2016 2015/2015 1291/1291
f 2016/2016 1291/1291 1292/1292
f 2017/2017 2018/2018 2023/2023
f 2017/2017 2023/2023 2028/2028
f 2018/2018 2017/2017 2020/2020
f 2018/2018 2020/2020 2019/2019
f 2019/2019 2020/2020 2022/2022
f 2019/2019 2022/2022 2021/2021
f 2020/2020 2017/2017 1836/1836
f 2020/2020 1836/1836 1813/1813
f 1812/1812 1837/1837 2018/2018
f 1812/1812 2018/2018 2019/2019
f 1812/1812 2019/2019 2021/2021
f 1812/1812 2021/2021 1862/1862
f 2020/2020 1813/1813 1863/1863
f 2020/2020 1863/1863 2022/2022
f 1785/1785 2023/2023 2018/2018
f 1785/1785 2018/2018 1837/1837
f 1993/1993 2024/2024 1995/1995
f 1993/1993 1995/1995 1992/1992
f 2029/2029 2025/2025 2024/2024
f 2029/2029 2024/2024 1993/1993
f 2029/2029 2030/2030 2026/2026
f 2029/2029 2026/2026 2025/2025
f 2030/2030 2031/2031 2027/2027
f 2030/2030 2027/2027 2026/2026
f 1786/1786 2028/2028 2027/2027
f 1786/1786 2027/2027 2031/2031
f 2017/2017 2028/2028 1786/1786
f 2017/2017 1786/1786 1836/1836
f 2029/2029 1993/1993 1990/1990
f 2029/2029 1990/1990 2032/2032
f 2033/2033 2030/2030 2029/2029
f 2033/2033 2029/2029 2032/2032
f 2032/2032 1990/1990 1986/1986
f 2032/2032 1986/1986 1987/1987
f 2034/2034 2033/2033 2035/2035
f 2034/2034 2035/2035 1695/1695
f 1987/1987 2035/2035 2033/2033
f 1987/1987 2033/2033 2032/2032
f 2036/2036 1442/1442 2024/2024
f 2036/2036 2024/2024 2025/2025
f 2037/2037 2036/2036 2025/2025
f 2037/2037 2025/2025 2026/2026
f 2027/2027 2038/2038 2037/2037
f 2027/2027 2037/2037 2026/2026
f 2027/2027 2028/2028 2023/2023
f 2027/2027 2023/2023 2038/2038
f 2142/2142 2143/2143 2046/2046
f 2142/2142 2046/2046 2137/2137
f 2125/2125 2126/2126 2040/2040
f 2125/2125 2040/2040 2039/2039
f 2126/2126 2127/2127 2041/2041
f 2126/2126 2041/2041 2040/2040
f 2128/2128 2042/2042 2041/2041
f 2128/2128 2041/2041 2127/2127
f 2128/2128 2129/2129 2043/2043
f 2128/2128 2043/2043 2042/2042
f 2130/2130 2044/2044 2043/2043
f 2130/2130 2043/2043 2129/2129
f 2047/2047 2045/2045 1644/1644
f 2047/2047 1644/1644 1647/1647
f 2048/2048 2046/2046 2045/2045
f 2048/2048 2045/2045 2047/2047
f 1635/1635 2049/2049 1649/1649
f 1635/1635 1649/1649 1636/1636
f 2050/2050 2049/2049 1635/1635
f 2050/2050 1635/1635 1521/1521
f 2050/2050 1521/1521 1519/1519
f 2050/2050 1519/1519 2051/2051
f 1928/1928 2051/2051 1519/1519
f 1928/1928 1519/1519 1961/1961
f 2114/2114 2115/2115 1236/1236
f 2114/2114 1236/1236 1237/1237
f 2053/2053 2052/2052 1932/1932
f 2053/2053 1932/1932 1931/1931
f 2054/2054 2053/2053 1931/1931
f 2054/2054 1931/1931 1930/1930
f 2055/2055 2054/2054 1930/1930
f 2055/2055 1930/1930 1929/1929
f 1929/1929 1928/1928 1961/1961
f 1929/1929 1961/1961 2055/2055
f 2056/2056 2057/2057 2059/2059
f 2056/2056 2059/2059 2058/2058
f 2057/2057 2056/2056 2095/2095
f 2057/2057 2095/2095 1985/1985
f 2058/2058 2059/2059 2060/2060
f 2058/2058 2060/2060 2061/2061
f 2061/2061 2060/2060 2063/2063
f 2061/2061 2063/2063 2062/2062
f 2062/2062 2063/2063 2064/2064
f 2062/2062 2064/2064 2065/2065
f 2065/2065 2064/2064 2066/2066
f 2065/2065 2066/2066 2067/2067
f 2067/2067 2066/2066 2069/2069
f 2067/2067 2069/2069 2068/2068
f 2068/2068 2069/2069 2071/2071
f 2068/2068 2071/2071 2070/2070
f 2072/2072 2073/2073 2074/2074
f 2072/2072 2074/2074 2075/2075
f 2075/2075 2074/2074 2076/2076
f 2075/2075 2076/2076 2077/2077
f 2077/2077 2076/2076 2078/2078
f 2077/2077 2078/2078 2079/2079
f 2079/2079 2078/2078 2081/2081
f 2079/2079 2081/2081 2080/2080
f 2080/2080 2081/2081 2082/2082
f 2080/2080 2082/2082 2083/2083
f 2083/2083 2082/2082 2094/2094
f 2083/2083 2094/2094 2093/2093
f 2084/2084 2085/2085 2086/2086
f 2084/2084 2086/2086 2087/2087
f 2085/2085 2084/2084 2090/2090
f 2085/2085 2090/2090 2112/2112
f 2087/2087 2086/2086 2091/2091
f 2087/2087 2091/2091 2092/2092
f 2088/2088 2089/2089 2110/2110
f 2088/2088 2110/2110 2111/2111
f 2090/2090 2088/2088 2111/2111
f 2090/2090 2111/2111 2112/2112
f 2118/2118 2089/2089 1289/1289
f 2118/2118 1289/1289 1290/1290
f 2092/2092 2091/2091 2093/2093
f 2092/2092 2093/2093 2094/2094
f 1234/1234 2117/2117 2118/2118
f 1234/1234 2118/2118 1290/1290
f 2056/2056 2058/2058 1337/1337
f 2056/2056 1337/1337 1335/1335
f 2060/2060 2059/2059 1271/1271
f 2060/2060 1271/1271 1272/1272
f 1271/1271 2059/2059 2057/2057
f 1271/1271 2057/2057 1270/1270
f 2057/2057 1985/1985 1269/1269
f 2057/2057 1269/1269 1270/1270
f 2058/2058 2061/2061 1343/1343
f 2058/2058 1343/1343 1337/1337
f 2061/2061 2062/2062 1344/1344
f 2061/2061 1344/1344 1343/1343
f 2062/2062 2065/2065 1345/1345
f 2062/2062 1345/1345 1344/1344
f 2064/2064 2063/2063 1273/1273
f 2064/2064 1273/1273 1274/1274
f 2063/2063 2060/2060 1272/1272
f 2063/2063 1272/1272 1273/1273
f 2066/2066 2064/2064 1274/1274
f 2066/2066 1274/1274 1275/1275
f 2065/2065 2067/2067 1351/1351
f 2065/2065 1351/1351 1345/1345
f 2067/2067 2068/2068 1352/1352
f 2067/2067 1352/1352 1351/1351
f 2068/2068 2070/2070 1353/1353
f 2068/2068 1353/1353 1352/1352
f 2069/2069 2066/2066 1275/1275
f 2069/2069 1275/1275 1276/1276
f 2074/2074 2073/2073 1277/1277
f 2074/2074 1277/1277 1278/1278
f 2076/2076 2074/2074 1278/1278
f 2076/2076 1278/1278 1279/1279
f 2078/2078 2076/2076 1279/1279
f 2078/2078 1279/1279 1280/1280
f 2072/2072 2075/2075 1386/1386
f 2072/2072 1386/1386 1383/1383
f 2075/2075 2077/2077 1399/1399
f 2075/2075 1399/1399 1386/1386
f 2081/2081 2078/2078 1280/1280
f 2081/2081 1280/1280 1281/1281
f 2082/2082 2081/2081 1281/1281
f 2082/2082 1281/1281 1282/1282
f 2084/2084 2087/2087 1285/1285
f 2084/2084 1285/1285 1286/1286
f 2086/2086 2085/2085 1401/1401
f 2086/2086 1401/1401 1400/1400
f 2091/2091 2086/2086 1400/1400
f 2091/2091 1400/1400 1425/1425
f 2093/2093 2091/2091 1425/1425
f 2093/2093 1425/1425 1426/1426
f 2087/2087 2092/2092 1284/1284
f 2087/2087 1284/1284 1285/1285
f 2092/2092 2094/2094 1283/1283
f 2092/2092 1283/1283 1284/1284
f 2090/2090 2084/2084 1286/1286
f 2090/2090 1286/1286 1287/1287
f 2088/2088 2090/2090 1287/1287
f 2088/2088 1287/1287 1288/1288
f 2089/2089 2088/2088 1288/1288
f 2089/2089 1288/1288 1289/1289
f 2077/2077 2079/2079 1477/1477
f 2077/2077 1477/1477 1399/1399
f 2080/2080 2083/2083 1510/1510
f 2080/2080 1510/1510 1479/1479
f 2083/2083 2093/2093 1426/1426
f 2083/2083 1426/1426 1510/1510
f 2079/2079 2080/2080 1479/1479
f 2079/2079 1479/1479 1477/1477
f 2094/2094 2082/2082 1282/1282
f 2094/2094 1282/1282 1283/1283
f 2095/2095 2056/2056 1335/1335
f 2095/2095 1335/1335 1332/1332
f 2095/2095 1332/1332 1331/1331
f 2095/2095 1331/1331 2096/2096
f 2097/2097 2096/2096 1331/1331
f 2097/2097 1331/1331 1329/1329
f 2098/2098 2097/2097 1329/1329
f 2098/2098 1329/1329 1328/1328
f 2099/2099 2098/2098 1328/1328
f 2099/2099 1328/1328 1327/1327
f 2100/2100 2099/2099 1327/1327
f 2100/2100 1327/1327 1325/1325
f 2101/2101 2100/2100 1325/1325
f 2101/2101 1325/1325 1324/1324
f 2102/2102 2101/2101 1324/1324
f 2102/2102 1324/1324 2003/2003
f 2003/2003 2004/2004 2103/2103
f 2003/2003 2103/2103 2102/2102
f 2134/2134 2135/2135 2120/2120
f 2134/2134 2120/2120 2121/2121
f 2052/2052 2106/2106 2105/2105
f 2052/2052 2105/2105 1932/1932
f 1939/1939 2107/2107 2106/2106
f 1939/1939 2106/2106 2052/2052
f 2108/2108 2107/2107 1939/1939
f 2108/2108 1939/1939 1513/1513
f 1512/1512 2109/2109 2108/2108
f 1512/1512 2108/2108 1513/1513
f 1408/1408 2110/2110 2109/2109
f 1408/1408 2109/2109 1512/1512
f 2110/2110 1408/1408 1406/1406
f 2110/2110 1406/1406 2111/2111
f 2112/2112 2111/2111 1406/1406
f 2112/2112 1406/1406 1404/1404
f 2085/2085 2112/2112 1404/1404
f 2085/2085 1404/1404 1401/1401
f 2113/2113 2145/2145 2146/2146
f 2113/2113 2146/2146 2104/2104
f 2114/2114 2113/2113 2104/2104
f 2114/2114 2104/2104 2105/2105
f 2106/2106 2115/2115 2114/2114
f 2106/2106 2114/2114 2105/2105
f 2107/2107 2116/2116 2115/2115
f 2107/2107 2115/2115 2106/2106
f 2116/2116 2107/2107 2108/2108
f 2116/2116 2108/2108 2117/2117
f 2108/2108 2109/2109 2118/2118
f 2108/2108 2118/2118 2117/2117
f 2109/2109 2110/2110 2089/2089
f 2109/2109 2089/2089 2118/2118
f 1303/1303 2011/2011 2044/2044
f 1303/1303 2044/2044 2009/2009
f 2119/2119 1260/1260 1261/1261
f 2119/2119 1261/1261 2005/2005
f 2120/2120 2119/2119 2005/2005
f 2120/2120 2005/2005 2103/2103
f 2121/2121 2120/2120 2103/2103
f 2121/2121 2103/2103 2004/2004
f 2004/2004 2002/2002 2122/2122
f 2004/2004 2122/2122 2121/2121
f 2123/2123 2122/2122 2002/2002
f 2123/2123 2002/2002 1326/1326
f 1326/1326 2008/2008 2124/2124
f 1326/1326 2124/2124 2123/2123
f 2009/2009 2044/2044 2124/2124
f 2009/2009 2124/2124 2008/2008
f 1926/1926 2138/2138 2142/2142
f 1926/1926 2142/2142 2137/2137
f 1922/1922 1923/1923 2127/2127
f 1922/1922 2127/2127 2126/2126
f 1924/1924 2128/2128 2127/2127
f 1924/1924 2127/2127 1923/1923
f 1924/1924 1925/1925 2129/2129
f 1924/1924 2129/2129 2128/2128
f 1938/1938 2130/2130 2129/2129
f 1938/1938 2129/2129 1925/1925
f 2131/2131 2130/2130 1938/1938
f 2131/2131 1938/1938 1937/1937
f 2132/2132 2131/2131 1937/1937
f 2132/2132 1937/1937 1936/1936
f 1935/1935 2133/2133 2132/2132
f 1935/1935 2132/2132 1936/1936
f 2134/2134 2133/2133 1935/1935
f 2134/2134 1935/1935 1934/1934
f 1934/1934 1933/1933 2135/2135
f 1934/1934 2135/2135 2134/2134
f 1933/1933 1941/1941 2136/2136
f 1933/1933 2136/2136 2135/2135
f 1941/1941 1258/1258 1259/1259
f 1941/1941 1259/1259 2136/2136
f 2137/2137 2046/2046 2048/2048
f 2137/2137 2048/2048 1520/1520
f 1520/1520 1927/1927 1926/1926
f 1520/1520 1926/1926 2137/2137
f 2139/2139 1922/1922 2126/2126
f 2139/2139 2126/2126 2125/2125
f 2139/2139 2138/2138 2141/2141
f 2139/2139 2141/2141 2140/2140
f 2140/2140 2141/2141 2154/2154
f 2140/2140 2154/2154 2155/2155
f 2155/2155 2156/2156 1948/1948
f 2155/2155 1948/1948 2140/2140
f 2153/2153 2154/2154 2141/2141
f 2153/2153 2141/2141 1949/1949
f 2140/2140 1948/1948 1922/1922
f 2140/2140 1922/1922 2139/2139
f 1949/1949 2141/2141 2138/2138
f 1949/1949 2138/2138 1926/1926
f 2139/2139 2125/2125 2142/2142
f 2139/2139 2142/2142 2138/2138
f 2143/2143 2142/2142 2125/2125
f 2143/2143 2125/2125 2039/2039
f 2144/2144 2143/2143 2039/2039
f 2144/2144 2039/2039 2016/2016
f 1643/1643 2144/2144 2016/2016
f 1643/1643 2016/2016 1292/1292
f 2145/2145 1239/1239 1240/1240
f 2145/2145 1240/1240 2302/2302
f 2146/2146 2145/2145 2302/2302
f 2146/2146 2302/2302 2303/2303
f 2147/2147 2146/2146 2303/2303
f 2147/2147 2303/2303 2304/2304
f 2148/2148 2147/2147 2304/2304
f 2148/2148 2304/2304 2305/2305
f 2149/2149 2148/2148 2305/2305
f 2149/2149 2305/2305 2306/2306
f 2150/2150 2149/2149 2306/2306
f 2150/2150 2306/2306 2307/2307
f 2151/2151 2150/2150 2307/2307
f 2151/2151 2307/2307 2308/2308
f 2152/2152 2151/2151 2308/2308
f 2152/2152 2308/2308 2309/2309
f 2153/2153 2152/2152 2309/2309
f 2153/2153 2309/2309 2310/2310
f 2154/2154 2153/2153 2310/2310
f 2154/2154 2310/2310 2311/2311
f 2155/2155 2154/2154 2311/2311
f 2155/2155 2311/2311 2312/2312
f 2156/2156 2155/2155 2312/2312
f 2156/2156 2312/2312 2313/2313
f 2157/2157 2156/2156 2313/2313
f 2157/2157 2313/2313 2314/2314
f 2158/2158 2157/2157 2314/2314
f 2158/2158 2314/2314 2315/2315
f 2159/2159 2158/2158 2315/2315
f 2159/2159 2315/2315 2294/2294
f 2160/2160 2159/2159 2294/2294
f 2160/2160 2294/2294 2295/2295
f 2161/2161 2160/2160 2295/2295
f 2161/2161 2295/2295 2296/2296
f 2162/2162 2161/2161 2296/2296
f 2162/2162 2296/2296 2297/2297
f 2163/2163 2162/2162 2297/2297
f 2163/2163 2297/2297 2298/2298
f 2164/2164 2163/2163 2298/2298
f 2164/2164 2298/2298 2299/2299
f 2165/2165 2164/2164 2299/2299
f 2165/2165 2299/2299 2300/2300
f 2166/2166 2165/2165 2300/2300
f 2166/2166 2300/2300 2301/2301
f 1256/1256 2166/2166 2301/2301
f 1256/1256 2301/2301 1255/1255
f 2190/2190 2189/2189 2178/2178
f 2190/2190 2178/2178 2179/2179
f 2191/2191 2190/2190 2179/2179
f 2191/2191 2179/2179 2180/2180
f 2192/2192 2191/2191 2180/2180
f 2192/2192 2180/2180 2181/2181
f 2193/2193 2192/2192 2181/2181
f 2193/2193 2181/2181 2182/2182
f 2194/2194 2193/2193 2182/2182
f 2194/2194 2182/2182 2183/2183
f 2195/2195 2194/2194 2183/2183
f 2195/2195 2183/2183 2184/2184
f 2196/2196 2195/2195 2184/2184
f 2196/2196 2184/2184 2185/2185
f 2197/2197 2196/2196 2185/2185
f 2197/2197 2185/2185 2186/2186
f 2198/2198 2197/2197 2186/2186
f 2198/2198 2186/2186 2187/2187
f 2199/2199 2198/2198 2187/2187
f 2199/2199 2187/2187 2188/2188
f 1254/1254 2199/2199 2188/2188
f 1254/1254 2188/2188 1253/1253
f 2200/2200 1241/1241 1242/1242
f 2200/2200 1242/1242 2167/2167
f 2201/2201 2200/2200 2167/2167
f 2201/2201 2167/2167 2168/2168
f 2202/2202 2201/2201 2168/2168
f 2202/2202 2168/2168 2169/2169
f 2203/2203 2202/2202 2169/2169
f 2203/2203 2169/2169 2170/2170
f 2204/2204 2203/2203 2170/2170
f 2204/2204 2170/2170 2171/2171
f 2205/2205 2204/2204 2171/2171
f 2205/2205 2171/2171 2172/2172
f 2206/2206 2205/2205 2172/2172
f 2206/2206 2172/2172 2173/2173
f 2207/2207 2206/2206 2173/2173
f 2207/2207 2173/2173 2174/2174
f 2208/2208 2207/2207 2174/2174
f 2208/2208 2174/2174 2175/2175
f 2209/2209 2208/2208 2175/2175
f 2209/2209 2175/2175 2176/2176
f 2210/2210 2209/2209 2176/2176
f 2210/2210 2176/2176 2177/2177
f 2189/2189 2210/2210 2177/2177
f 2189/2189 2177/2177 2178/2178
f 2221/2221 2222/2222 2217/2217
f 2221/2221 2217/2217 2218/2218
f 2222/2222 1246/1246 1247/1247
f 2222/2222 1247/1247 2217/2217
f 2229/2229 2230/2230 2220/2220
f 2229/2229 2220/2220 2219/2219
f 2220/2220 2221/2221 2218/2218
f 2220/2220 2218/2218 2219/2219
f 2216/2216 1249/1249 1250/1250
f 2216/2216 1250/1250 2223/2223
f 2215/2215 2216/2216 2223/2223
f 2215/2215 2223/2223 2224/2224
f 2214/2214 2215/2215 2224/2224
f 2214/2214 2224/2224 2225/2225
f 2226/2226 2227/2227 2214/2214
f 2226/2226 2214/2214 2225/2225
f 2227/2227 2228/2228 2213/2213
f 2227/2227 2213/2213 2214/2214
f 2213/2213 2212/2212 2215/2215
f 2213/2213 2215/2215 2214/2214
f 2212/2212 2211/2211 2216/2216
f 2212/2212 2216/2216 2215/2215
f 2211/2211 1248/1248 1249/1249
f 2211/2211 1249/1249 2216/2216
f 2217/2217 1247/1247 1248/1248
f 2217/2217 1248/1248 2211/2211
f 2218/2218 2217/2217 2211/2211
f 2218/2218 2211/2211 2212/2212
f 2219/2219 2218/2218 2212/2212
f 2219/2219 2212/2212 2213/2213
f 2228/2228 2229/2229 2219/2219
f 2228/2228 2219/2219 2213/2213
f 2252/2252 2253/2253 2248/2248
f 2252/2252 2248/2248 2249/2249
f 2253/2253 2254/2254 2247/2247
f 2253/2253 2247/2247 2248/2248
f 2254/2254 2255/2255 2246/2246
f 2254/2254 2246/2246 2247/2247
f 2255/2255 1244/1244 1245/1245
f 2255/2255 1245/1245 2246/2246
f 2245/2245 1252/1252 1253/1253
f 2245/2245 1253/1253 2188/2188
f 2244/2244 2245/2245 2188/2188
f 2244/2244 2188/2188 2187/2187
f 2243/2243 2244/2244 2187/2187
f 2243/2243 2187/2187 2186/2186
f 2185/2185 2242/2242 2243/2243
f 2185/2185 2243/2243 2186/2186
f 2182/2182 2241/2241 2184/2184
f 2182/2182 2184/2184 2183/2183
f 2179/2179 2234/2234 2235/2235
f 2179/2179 2235/2235 2180/2180
f 2178/2178 2233/2233 2234/2234
f 2178/2178 2234/2234 2179/2179
f 2177/2177 2232/2232 2233/2233
f 2177/2177 2233/2233 2178/2178
f 2176/2176 2231/2231 2232/2232
f 2176/2176 2232/2232 2177/2177
f 2174/2174 2251/2251 2250/2250
f 2174/2174 2250/2250 2175/2175
f 2251/2251 2252/2252 2249/2249
f 2251/2251 2249/2249 2250/2250
f 2232/2232 2231/2231 2230/2230
f 2232/2232 2230/2230 2229/2229
f 2233/2233 2232/2232 2229/2229
f 2233/2233 2229/2229 2228/2228
f 2234/2234 2233/2233 2228/2228
f 2234/2234 2228/2228 2227/2227
f 2235/2235 2234/2234 2227/2227
f 2235/2235 2227/2227 2226/2226
f 2184/2184 2241/2241 2242/2242
f 2184/2184 2242/2242 2185/2185
f 2180/2180 2235/2235 2236/2236
f 2180/2180 2236/2236 2181/2181
f 2237/2237 2236/2236 2235/2235
f 2237/2237 2235/2235 2226/2226
f 2238/2238 2237/2237 2226/2226
f 2238/2238 2226/2226 2225/2225
f 2225/2225 2224/2224 2239/2239
f 2225/2225 2239/2239 2238/2238
f 2224/2224 2223/2223 2240/2240
f 2224/2224 2240/2240 2239/2239
f 2223/2223 1250/1250 1251/1251
f 2223/2223 1251/1251 2240/2240
f 2181/2181 2236/2236 2241/2241
f 2181/2181 2241/2241 2182/2182
f 2242/2242 2241/2241 2236/2236
f 2242/2242 2236/2236 2237/2237
f 2243/2243 2242/2242 2237/2237
f 2243/2243 2237/2237 2238/2238
f 2238/2238 2239/2239 2244/2244
f 2238/2238 2244/2244 2243/2243
f 2239/2239 2240/2240 2245/2245
f 2239/2239 2245/2245 2244/2244
f 2240/2240 1251/1251 1252/1252
f 2240/2240 1252/1252 2245/2245
f 2246/2246 1245/1245 1246/1246
f 2246/2246 1246/1246 2222/2222
f 2247/2247 2246/2246 2222/2222
f 2247/2247 2222/2222 2221/2221
f 2248/2248 2247/2247 2221/2221
f 2248/2248 2221/2221 2220/2220
f 2249/2249 2248/2248 2220/2220
f 2249/2249 2220/2220 2230/2230
f 2250/2250 2249/2249 2230/2230
f 2250/2250 2230/2230 2231/2231
f 2175/2175 2250/2250 2231/2231
f 2175/2175 2231/2231 2176/2176
f 2171/2171 2260/2260 2173/2173
f 2171/2171 2173/2173 2172/2172
f 2170/2170 2259/2259 2260/2260
f 2170/2170 2260/2260 2171/2171
f 2169/2169 2258/2258 2259/2259
f 2169/2169 2259/2259 2170/2170
f 2168/2168 2257/2257 2258/2258
f 2168/2168 2258/2258 2169/2169
f 2167/2167 2256/2256 2257/2257
f 2167/2167 2257/2257 2168/2168
f 1242/1242 1243/1243 2256/2256
f 1242/1242 2256/2256 2167/2167
f 2256/2256 1243/1243 1244/1244
f 2256/2256 1244/1244 2255/2255
f 2257/2257 2256/2256 2255/2255
f 2257/2257 2255/2255 2254/2254
f 2258/2258 2257/2257 2254/2254
f 2258/2258 2254/2254 2253/2253
f 2259/2259 2258/2258 2253/2253
f 2259/2259 2253/2253 2252/2252
f 2260/2260 2259/2259 2252/2252
f 2260/2260 2252/2252 2251/2251
f 2173/2173 2260/2260 2251/2251
f 2173/2173 2251/2251 2174/2174
f 1869/1869 1868/1868 2286/2286
f 1869/1869 2286/2286 2287/2287
f 2285/2285 2286/2286 1868/1868
f 2285/2285 1868/1868 1871/1871
f 2284/2284 2285/2285 1871/1871
f 2284/2284 1871/1871 1872/1872
f 1870/1870 2288/2288 1888/1888
f 1870/1870 1888/1888 1889/1889
f 1874/1874 2284/2284 1872/1872
f 1874/1874 1872/1872 1873/1873
f 1869/1869 2287/2287 2288/2288
f 1869/1869 2288/2288 1870/1870
f 1877/1877 2271/2271 2270/2270
f 1877/1877 2270/2270 1876/1876
f 2271/2271 2272/2272 2269/2269
f 2271/2271 2269/2269 2270/2270
f 2272/2272 2273/2273 2268/2268
f 2272/2272 2268/2268 2269/2269
f 2267/2267 2268/2268 2273/2273
f 2267/2267 2273/2273 2274/2274
f 2266/2266 2267/2267 2274/2274
f 2266/2266 2274/2274 2275/2275
f 1886/1886 2266/2266 2275/2275
f 1886/1886 2275/2275 1885/1885
f 1887/1887 2265/2265 2266/2266
f 1887/1887 2266/2266 1886/1886
f 2265/2265 2264/2264 2267/2267
f 2265/2265 2267/2267 2266/2266
f 2264/2264 2263/2263 2268/2268
f 2264/2264 2268/2268 2267/2267
f 2269/2269 2268/2268 2263/2263
f 2269/2269 2263/2263 2262/2262
f 2270/2270 2269/2269 2262/2262
f 2270/2270 2262/2262 2261/2261
f 1876/1876 2270/2270 2261/2261
f 1876/1876 2261/2261 1875/1875
f 1879/1879 2280/2280 2279/2279
f 1879/1879 2279/2279 1878/1878
f 2280/2280 2281/2281 2278/2278
f 2280/2280 2278/2278 2279/2279
f 2281/2281 2282/2282 2277/2277
f 2281/2281 2277/2277 2278/2278
f 2276/2276 2277/2277 2282/2282
f 2276/2276 2282/2282 2283/2283
f 2343/2343 2283/2283 2290/2290
f 2343/2343 2290/2290 2289/2289
f 2274/2274 2273/2273 2277/2277
f 2274/2274 2277/2277 2276/2276
f 2278/2278 2277/2277 2273/2273
f 2278/2278 2273/2273 2272/2272
f 2279/2279 2278/2278 2272/2272
f 2279/2279 2272/2272 2271/2271
f 1878/1878 2279/2279 2271/2271
f 1878/1878 2271/2271 1877/1877
f 1881/1881 2350/2350 2293/2293
f 1881/1881 2293/2293 1880/1880
f 1882/1882 2349/2349 2350/2350
f 1882/1882 2350/2350 1881/1881
f 1883/1883 2348/2348 2349/2349
f 1883/1883 2349/2349 1882/1882
f 2347/2347 2348/2348 1883/1883
f 2347/2347 1883/1883 1884/1884
f 1875/1875 2261/2261 2284/2284
f 1875/1875 2284/2284 1874/1874
f 2261/2261 2262/2262 2285/2285
f 2261/2261 2285/2285 2284/2284
f 2262/2262 2263/2263 2286/2286
f 2262/2262 2286/2286 2285/2285
f 2287/2287 2286/2286 2263/2263
f 2287/2287 2263/2263 2264/2264
f 2288/2288 2287/2287 2264/2264
f 2288/2288 2264/2264 2265/2265
f 1888/1888 2288/2288 2265/2265
f 1888/1888 2265/2265 1887/1887
f 2283/2283 2282/2282 2291/2291
f 2283/2283 2291/2291 2290/2290
f 2292/2292 2291/2291 2282/2282
f 2292/2292 2282/2282 2281/2281
f 2293/2293 2292/2292 2281/2281
f 2293/2293 2281/2281 2280/2280
f 1880/1880 2293/2293 2280/2280
f 1880/1880 2280/2280 1879/1879
f 2295/2295 2294/2294 2192/2192
f 2295/2295 2192/2192 2193/2193
f 2296/2296 2295/2295 2193/2193
f 2296/2296 2193/2193 2194/2194
f 2297/2297 2296/2296 2194/2194
f 2297/2297 2194/2194 2195/2195
f 2298/2298 2297/2297 2195/2195
f 2298/2298 2195/2195 2196/2196
f 2299/2299 2298/2298 2196/2196
f 2299/2299 2196/2196 2197/2197
f 2300/2300 2299/2299 2197/2197
f 2300/2300 2197/2197 2198/2198
f 2301/2301 2300/2300 2198/2198
f 2301/2301 2198/2198 2199/2199
f 1255/1255 2301/2301 2199/2199
f 1255/1255 2199/2199 1254/1254
f 2302/2302 1240/1240 1241/1241
f 2302/2302 1241/1241 2200/2200
f 2303/2303 2302/2302 2200/2200
f 2303/2303 2200/2200 2201/2201
f 2304/2304 2303/2303 2201/2201
f 2304/2304 2201/2201 2202/2202
f 2305/2305 2304/2304 2202/2202
f 2305/2305 2202/2202 2203/2203
f 2306/2306 2305/2305 2203/2203
f 2306/2306 2203/2203 2204/2204
f 2307/2307 2306/2306 2204/2204
f 2307/2307 2204/2204 2205/2205
f 2308/2308 2307/2307 2205/2205
f 2308/2308 2205/2205 2206/2206
f 2309/2309 2308/2308 2206/2206
f 2309/2309 2206/2206 2207/2207
f 2310/2310 2309/2309 2207/2207
f 2310/2310 2207/2207 2208/2208
f 2311/2311 2310/2310 2208/2208
f 2311/2311 2208/2208 2209/2209
f 2312/2312 2311/2311 2209/2209
f 2312/2312 2209/2209 2210/2210
f 2313/2313 2312/2312 2210/2210
f 2313/2313 2210/2210 2189/2189
f 2314/2314 2313/2313 2189/2189
f 2314/2314 2189/2189 2190/2190
f 2315/2315 2314/2314 2190/2190
f 2315/2315 2190/2190 2191/2191
f 2294/2294 2315/2315 2191/2191
f 2294/2294 2191/2191 2192/2192
f 1788/1788 2319/2319 2316/2316
f 1788/1788 2316/2316 1789/1789
f 1696/1696 1743/1743 2322/2322
f 1696/1696 2322/2322 2320/2320
f 2329/2329 1790/1790 1789/1789
f 2329/2329 1789/1789 2316/2316
f 2329/2329 2330/2330 1791/1791
f 2329/2329 1791/1791 1790/1790
f 1792/1792 1791/1791 2330/2330
f 1792/1792 2330/2330 2326/2326
f 1743/1743 1792/1792 2326/2326
f 1743/1743 2326/2326 2322/2322
f 2324/2324 2317/2317 1829/1829
f 2324/2324 1829/1829 1830/1830
f 2325/2325 2324/2324 1830/1830
f 2325/2325 1830/1830 1831/1831
f 2328/2328 2321/2321 1834/1834
f 2328/2328 1834/1834 1835/1835
f 2321/2321 2323/2323 1833/1833
f 2321/2321 1833/1833 1834/1834
f 2323/2323 2327/2327 1832/1832
f 2323/2323 1832/1832 1833/1833
f 2327/2327 2325/2325 1831/1831
f 2327/2327 1831/1831 1832/1832
f 2317/2317 2318/2318 1828/1828
f 2317/2317 1828/1828 1829/1829
f 2320/2320 2331/2331 1696/1696
f 2317/2317 2316/2316 2319/2319
f 2317/2317 2319/2319 2318/2318
f 2329/2329 2316/2316 2317/2317
f 2329/2329 2317/2317 2324/2324
f 2330/2330 2329/2329 2324/2324
f 2330/2330 2324/2324 2325/2325
f 2326/2326 2330/2330 2325/2325
f 2326/2326 2325/2325 2327/2327
f 2323/2323 2322/2322 2326/2326
f 2323/2323 2326/2326 2327/2327
f 2321/2321 2320/2320 2322/2322
f 2321/2321 2322/2322 2323/2323
f 2331/2331 2320/2320 2321/2321
f 2331/2331 2321/2321 2328/2328
f 2319/2319 1819/1819 1773/1773
f 2319/2319 1773/1773 2318/2318
f 1695/1695 2331/2331 2328/2328
f 1695/1695 2328/2328 2332/2332
f 1885/1885 2339/2339 1864/1864
f 1885/1885 1864/1864 1886/1886
f 2333/2333 2332/2332 2335/2335
f 2333/2333 2335/2335 2334/2334
f 2334/2334 2335/2335 2337/2337
f 2334/2334 2337/2337 2336/2336
f 2336/2336 2337/2337 2339/2339
f 2336/2336 2339/2339 2338/2338
f 1786/1786 2333/2333 2334/2334
f 1786/1786 2334/2334 1836/1836
f 1835/1835 2335/2335 2332/2332
f 1835/1835 2332/2332 2328/2328
f 2337/2337 2335/2335 1835/1835
f 2337/2337 1835/1835 1814/1814
f 1813/1813 1836/1836 2334/2334
f 1813/1813 2334/2334 2336/2336
f 1813/1813 2336/2336 2338/2338
f 1813/1813 2338/2338 1863/1863
f 2337/2337 1814/1814 1864/1864
f 2337/2337 1864/1864 2339/2339
f 1695/1695 2332/2332 2333/2333
f 1695/1695 2333/2333 2034/2034
f 2034/2034 2333/2333 1786/1786
f 2034/2034 1786/1786 2031/2031
f 1885/1885 2340/2340 2338/2338
f 1885/1885 2338/2338 2339/2339
f 2275/2275 2341/2341 2340/2340
f 2275/2275 2340/2340 1885/1885
f 2276/2276 2341/2341 2275/2275
f 2276/2276 2275/2275 2274/2274
f 2340/2340 2341/2341 2343/2343
f 2340/2340 2343/2343 2342/2342
f 2341/2341 2276/2276 2283/2283
f 2341/2341 2283/2283 2343/2343
f 2022/2022 1863/1863 2342/2342
f 2022/2022 2342/2342 2344/2344
f 2289/2289 2344/2344 2342/2342
f 2289/2289 2342/2342 2343/2343
f 2344/2344 2345/2345 2021/2021
f 2344/2344 2021/2021 2022/2022
f 2344/2344 2289/2289 2346/2346
f 2344/2344 2346/2346 2345/2345
f 2289/2289 2290/2290 2347/2347
f 2289/2289 2347/2347 2346/2346
f 2290/2290 2291/2291 2348/2348
f 2290/2290 2348/2348 2347/2347
f 2349/2349 2348/2348 2291/2291
f 2349/2349 2291/2291 2292/2292
f 2350/2350 2349/2349 2292/2292
f 2350/2350 2292/2292 2293/2293
f 1860/1860 1861/1861 2351/2351
f 1860/1860 2351/2351 1884/1884
f 1861/1861 1862/1862 2352/2352
f 1861/1861 2352/2352 2351/2351
f 2021/2021 2345/2345 2352/2352
f 2021/2021 2352/2352 1862/1862
f 2539/2539 2538/2538 2471/2471
f 2539/2539 2471/2471 2470/2470
f 2539/2539 2470/2470 2469/2469
f 2539/2539 2469/2469 2540/2540
f 2540/2540 2469/2469 2468/2468
f 2540/2540 2468/2468 2541/2541
f 2525/2525 2524/2524 2463/2463
f 2525/2525 2463/2463 2462/2462
f 2461/2461 2526/2526 2525/2525
f 2461/2461 2525/2525 2462/2462
f 2529/2529 2528/2528 2459/2459
f 2529/2529 2459/2459 2458/2458
f 2444/2444 2366/2366 2367/2367
f 2444/2444 2367/2367 2445/2445
f 2443/2443 2365/2365 2366/2366
f 2443/2443 2366/2366 2444/2444
f 2443/2443 2442/2442 2397/2397
f 2443/2443 2397/2397 2365/2365
f 2454/2454 2388/2388 2391/2391
f 2454/2454 2391/2391 2455/2455
f 2369/2369 2452/2452 2451/2451
f 2369/2369 2451/2451 2368/2368
f 2418/2418 2368/2368 2451/2451
f 2418/2418 2451/2451 2450/2450
f 2474/2474 2473/2473 2536/2536
f 2474/2474 2536/2536 2535/2535
f 2403/2403 2440/2440 2439/2439
f 2403/2403 2439/2439 2400/2400
f 2533/2533 2532/2532 2364/2364
f 2533/2533 2364/2364 2483/2483
f 2480/2480 2361/2361 2354/2354
f 2480/2480 2354/2354 2481/2481
f 2527/2527 2526/2526 2461/2461
f 2527/2527 2461/2461 2460/2460
f 2452/2452 2369/2369 2385/2385
f 2452/2452 2385/2385 2453/2453
f 2528/2528 2527/2527 2460/2460
f 2528/2528 2460/2460 2459/2459
f 2385/2385 2388/2388 2454/2454
f 2385/2385 2454/2454 2453/2453
f 2394/2394 2353/2353 2362/2362
f 2394/2394 2362/2362 2456/2456
f 2531/2531 2530/2530 2457/2457
f 2531/2531 2457/2457 2363/2363
f 2530/2530 2529/2529 2458/2458
f 2530/2530 2458/2458 2457/2457
f 2391/2391 2394/2394 2456/2456
f 2391/2391 2456/2456 2455/2455
f 2576/2576 2512/2512 2511/2511
f 2576/2576 2511/2511 2577/2577
f 2575/2575 2513/2513 2512/2512
f 2575/2575 2512/2512 2576/2576
f 2514/2514 2513/2513 2575/2575
f 2514/2514 2575/2575 2574/2574
f 2517/2517 2516/2516 2572/2572
f 2517/2517 2572/2572 2571/2571
f 2498/2498 2497/2497 2591/2591
f 2498/2498 2591/2591 2590/2590
f 2499/2499 2498/2498 2590/2590
f 2499/2499 2590/2590 2589/2589
f 2588/2588 2500/2500 2499/2499
f 2588/2588 2499/2499 2589/2589
f 2501/2501 2500/2500 2588/2588
f 2501/2501 2588/2588 2587/2587
f 2586/2586 2502/2502 2501/2501
f 2586/2586 2501/2501 2587/2587
f 2502/2502 2586/2586 2585/2585
f 2502/2502 2585/2585 2503/2503
f 2504/2504 2503/2503 2585/2585
f 2504/2504 2585/2585 2584/2584
f 2537/2537 2536/2536 2473/2473
f 2537/2537 2473/2473 2472/2472
f 2440/2440 2403/2403 2406/2406
f 2440/2440 2406/2406 2441/2441
f 2572/2572 2516/2516 2515/2515
f 2572/2572 2515/2515 2573/2573
f 2535/2535 2534/2534 2477/2477
f 2535/2535 2477/2477 2474/2474
f 2438/2438 2475/2475 2400/2400
f 2438/2438 2400/2400 2439/2439
f 2515/2515 2514/2514 2574/2574
f 2515/2515 2574/2574 2573/2573
f 2442/2442 2441/2441 2406/2406
f 2442/2442 2406/2406 2397/2397
f 2538/2538 2537/2537 2472/2472
f 2538/2538 2472/2472 2471/2471
f 2523/2523 2522/2522 2465/2465
f 2523/2523 2465/2465 2464/2464
f 2448/2448 2412/2412 2409/2409
f 2448/2448 2409/2409 2449/2449
f 2582/2582 2506/2506 2505/2505
f 2582/2582 2505/2505 2583/2583
f 2522/2522 2521/2521 2466/2466
f 2522/2522 2466/2466 2465/2465
f 2447/2447 2415/2415 2412/2412
f 2447/2447 2412/2412 2448/2448
f 2581/2581 2507/2507 2506/2506
f 2581/2581 2506/2506 2582/2582
f 2544/2544 2467/2467 2466/2466
f 2544/2544 2466/2466 2521/2521
f 2381/2381 2415/2415 2447/2447
f 2381/2381 2447/2447 2446/2446
f 2508/2508 2507/2507 2581/2581
f 2508/2508 2581/2581 2580/2580
f 2524/2524 2523/2523 2464/2464
f 2524/2524 2464/2464 2463/2463
f 2449/2449 2409/2409 2418/2418
f 2449/2449 2418/2418 2450/2450
f 2583/2583 2505/2505 2504/2504
f 2583/2583 2504/2504 2584/2584
f 2481/2481 2354/2354 2359/2359
f 2481/2481 2359/2359 2482/2482
f 2400/2400 2475/2475 2476/2476
f 2400/2400 2476/2476 2420/2420
f 2421/2421 2403/2403 2400/2400
f 2421/2421 2400/2400 2420/2420
f 2406/2406 2403/2403 2421/2421
f 2406/2406 2421/2421 2422/2422
f 2397/2397 2406/2406 2422/2422
f 2397/2397 2422/2422 2423/2423
f 2365/2365 2397/2397 2423/2423
f 2365/2365 2423/2423 2424/2424
f 2365/2365 2424/2424 2425/2425
f 2365/2365 2425/2425 2366/2366
f 2366/2366 2425/2425 2426/2426
f 2366/2366 2426/2426 2367/2367
f 2415/2415 2381/2381 2427/2427
f 2415/2415 2427/2427 2428/2428
f 2412/2412 2415/2415 2428/2428
f 2412/2412 2428/2428 2429/2429
f 2409/2409 2412/2412 2429/2429
f 2409/2409 2429/2429 2430/2430
f 2418/2418 2409/2409 2430/2430
f 2418/2418 2430/2430 2431/2431
f 2368/2368 2418/2418 2431/2431
f 2368/2368 2431/2431 2432/2432
f 2433/2433 2369/2369 2368/2368
f 2433/2433 2368/2368 2432/2432
f 2385/2385 2369/2369 2433/2433
f 2385/2385 2433/2433 2434/2434
f 2388/2388 2385/2385 2434/2434
f 2388/2388 2434/2434 2435/2435
f 2391/2391 2388/2388 2435/2435
f 2391/2391 2435/2435 2436/2436
f 2394/2394 2391/2391 2436/2436
f 2394/2394 2436/2436 2437/2437
f 2353/2353 2394/2394 2437/2437
f 2353/2353 2437/2437 2360/2360
f 2479/2479 2357/2357 2361/2361
f 2479/2479 2361/2361 2480/2480
f 2401/2401 2383/2383 2438/2438
f 2401/2401 2438/2438 2439/2439
f 2440/2440 2404/2404 2401/2401
f 2440/2440 2401/2401 2439/2439
f 2404/2404 2440/2440 2441/2441
f 2404/2404 2441/2441 2405/2405
f 2398/2398 2405/2405 2441/2441
f 2398/2398 2441/2441 2442/2442
f 2377/2377 2398/2398 2442/2442
f 2377/2377 2442/2442 2443/2443
f 2377/2377 2443/2443 2444/2444
f 2377/2377 2444/2444 2376/2376
f 2376/2376 2444/2444 2445/2445
f 2376/2376 2445/2445 2375/2375
f 2447/2447 2416/2416 2382/2382
f 2447/2447 2382/2382 2446/2446
f 2416/2416 2447/2447 2448/2448
f 2416/2416 2448/2448 2413/2413
f 2413/2413 2448/2448 2449/2449
f 2413/2413 2449/2449 2410/2410
f 2410/2410 2449/2449 2450/2450
f 2410/2410 2450/2450 2419/2419
f 2451/2451 2379/2379 2419/2419
f 2451/2451 2419/2419 2450/2450
f 2452/2452 2378/2378 2379/2379
f 2452/2452 2379/2379 2451/2451
f 2378/2378 2452/2452 2453/2453
f 2378/2378 2453/2453 2386/2386
f 2454/2454 2389/2389 2386/2386
f 2454/2454 2386/2386 2453/2453
f 2389/2389 2454/2454 2455/2455
f 2389/2389 2455/2455 2390/2390
f 2456/2456 2395/2395 2390/2390
f 2456/2456 2390/2390 2455/2455
f 2362/2362 2358/2358 2395/2395
f 2362/2362 2395/2395 2456/2456
f 2363/2363 2457/2457 2393/2393
f 2363/2363 2393/2393 2356/2356
f 2458/2458 2392/2392 2393/2393
f 2458/2458 2393/2393 2457/2457
f 2459/2459 2387/2387 2392/2392
f 2459/2459 2392/2392 2458/2458
f 2460/2460 2384/2384 2387/2387
f 2460/2460 2387/2387 2459/2459
f 2461/2461 2370/2370 2384/2384
f 2461/2461 2384/2384 2460/2460
f 2370/2370 2461/2461 2462/2462
f 2370/2370 2462/2462 2371/2371
f 2463/2463 2417/2417 2371/2371
f 2463/2463 2371/2371 2462/2462
f 2464/2464 2408/2408 2417/2417
f 2464/2464 2417/2417 2463/2463
f 2465/2465 2411/2411 2408/2408
f 2465/2465 2408/2408 2464/2464
f 2466/2466 2414/2414 2411/2411
f 2466/2466 2411/2411 2465/2465
f 2467/2467 2380/2380 2414/2414
f 2467/2467 2414/2414 2466/2466
f 2469/2469 2373/2373 2372/2372
f 2469/2469 2372/2372 2468/2468
f 2470/2470 2374/2374 2373/2373
f 2470/2470 2373/2373 2469/2469
f 2471/2471 2396/2396 2374/2374
f 2471/2471 2374/2374 2470/2470
f 2472/2472 2407/2407 2396/2396
f 2472/2472 2396/2396 2471/2471
f 2473/2473 2402/2402 2407/2407
f 2473/2473 2407/2407 2472/2472
f 2399/2399 2402/2402 2473/2473
f 2399/2399 2473/2473 2474/2474
f 2474/2474 2477/2477 2478/2478
f 2474/2474 2478/2478 2399/2399
f 2364/2364 2355/2355 2484/2484
f 2364/2364 2484/2484 2483/2483
f 2519/2519 2518/2518 2570/2570
f 2519/2519 2570/2570 2569/2569
f 2438/2438 2383/2383 2479/2479
f 2438/2438 2479/2479 2480/2480
f 2475/2475 2438/2438 2480/2480
f 2475/2475 2480/2480 2481/2481
f 2476/2476 2475/2475 2481/2481
f 2476/2476 2481/2481 2482/2482
f 2483/2483 2477/2477 2534/2534
f 2483/2483 2534/2534 2533/2533
f 2484/2484 2478/2478 2477/2477
f 2484/2484 2477/2477 2483/2483
f 2486/2486 2487/2487 2488/2488
f 2486/2486 2488/2488 2485/2485
f 2487/2487 2543/2543 2542/2542
f 2487/2487 2542/2542 2488/2488
f 2489/2489 2495/2495 2496/2496
f 2489/2489 2496/2496 2490/2490
f 2490/2490 2492/2492 2491/2491
f 2490/2490 2491/2491 2489/2489
f 2492/2492 2494/2494 2493/2493
f 2492/2492 2493/2493 2491/2491
f 2509/2509 2579/2579 2578/2578
f 2509/2509 2578/2578 2510/2510
f 2544/2544 2543/2543 2487/2487
f 2544/2544 2487/2487 2467/2467
f 2490/2490 2381/2381 2446/2446
f 2490/2490 2446/2446 2492/2492
f 2542/2542 2541/2541 2468/2468
f 2542/2542 2468/2468 2488/2488
f 2445/2445 2367/2367 2489/2489
f 2445/2445 2489/2489 2491/2491
f 2509/2509 2508/2508 2580/2580
f 2509/2509 2580/2580 2579/2579
f 2577/2577 2511/2511 2510/2510
f 2577/2577 2510/2510 2578/2578
f 2489/2489 2367/2367 2426/2426
f 2489/2489 2426/2426 2495/2495
f 2381/2381 2490/2490 2496/2496
f 2381/2381 2496/2496 2427/2427
f 2375/2375 2445/2445 2491/2491
f 2375/2375 2491/2491 2493/2493
f 2446/2446 2382/2382 2494/2494
f 2446/2446 2494/2494 2492/2492
f 2487/2487 2486/2486 2380/2380
f 2487/2487 2380/2380 2467/2467
f 2468/2468 2372/2372 2485/2485
f 2468/2468 2485/2485 2488/2488
f 2395/2395 2358/2358 2568/2568
f 2395/2395 2568/2568 2567/2567
f 2390/2390 2395/2395 2567/2567
f 2390/2390 2567/2567 2566/2566
f 2565/2565 2389/2389 2390/2390
f 2565/2565 2390/2390 2566/2566
f 2386/2386 2389/2389 2565/2565
f 2386/2386 2565/2565 2564/2564
f 2563/2563 2378/2378 2386/2386
f 2563/2563 2386/2386 2564/2564
f 2378/2378 2563/2563 2562/2562
f 2378/2378 2562/2562 2379/2379
f 2419/2419 2379/2379 2562/2562
f 2419/2419 2562/2562 2561/2561
f 2560/2560 2410/2410 2419/2419
f 2560/2560 2419/2419 2561/2561
f 2559/2559 2413/2413 2410/2410
f 2559/2559 2410/2410 2560/2560
f 2558/2558 2416/2416 2413/2413
f 2558/2558 2413/2413 2559/2559
f 2382/2382 2416/2416 2558/2558
f 2382/2382 2558/2558 2557/2557
f 2494/2494 2382/2382 2557/2557
f 2494/2494 2557/2557 2556/2556
f 2494/2494 2556/2556 2555/2555
f 2494/2494 2555/2555 2493/2493
f 2554/2554 2375/2375 2493/2493
f 2554/2554 2493/2493 2555/2555
f 2553/2553 2376/2376 2375/2375
f 2553/2553 2375/2375 2554/2554
f 2552/2552 2377/2377 2376/2376
f 2552/2552 2376/2376 2553/2553
f 2398/2398 2377/2377 2552/2552
f 2398/2398 2552/2552 2551/2551
f 2405/2405 2398/2398 2551/2551
f 2405/2405 2551/2551 2550/2550
f 2549/2549 2404/2404 2405/2405
f 2549/2549 2405/2405 2550/2550
f 2401/2401 2404/2404 2549/2549
f 2401/2401 2549/2549 2548/2548
f 2547/2547 2383/2383 2401/2401
f 2547/2547 2401/2401 2548/2548
f 2479/2479 2383/2383 2547/2547
f 2479/2479 2547/2547 2546/2546
f 2545/2545 2357/2357 2479/2479
f 2545/2545 2479/2479 2546/2546
f 2429/2429 2428/2428 2521/2521
f 2429/2429 2521/2521 2522/2522
f 2430/2430 2429/2429 2522/2522
f 2430/2430 2522/2522 2523/2523
f 2431/2431 2430/2430 2523/2523
f 2431/2431 2523/2523 2524/2524
f 2432/2432 2431/2431 2524/2524
f 2432/2432 2524/2524 2525/2525
f 2526/2526 2433/2433 2432/2432
f 2526/2526 2432/2432 2525/2525
f 2434/2434 2433/2433 2526/2526
f 2434/2434 2526/2526 2527/2527
f 2435/2435 2434/2434 2527/2527
f 2435/2435 2527/2527 2528/2528
f 2436/2436 2435/2435 2528/2528
f 2436/2436 2528/2528 2529/2529
f 2437/2437 2436/2436 2529/2529
f 2437/2437 2529/2529 2530/2530
f 2360/2360 2437/2437 2530/2530
f 2360/2360 2530/2530 2531/2531
f 2482/2482 2359/2359 2532/2532
f 2482/2482 2532/2532 2533/2533
f 2534/2534 2476/2476 2482/2482
f 2534/2534 2482/2482 2533/2533
f 2420/2420 2476/2476 2534/2534
f 2420/2420 2534/2534 2535/2535
f 2536/2536 2421/2421 2420/2420
f 2536/2536 2420/2420 2535/2535
f 2422/2422 2421/2421 2536/2536
f 2422/2422 2536/2536 2537/2537
f 2423/2423 2422/2422 2537/2537
f 2423/2423 2537/2537 2538/2538
f 2424/2424 2423/2423 2538/2538
f 2424/2424 2538/2538 2539/2539
f 2424/2424 2539/2539 2540/2540
f 2424/2424 2540/2540 2425/2425
f 2425/2425 2540/2540 2541/2541
f 2425/2425 2541/2541 2426/2426
f 2495/2495 2426/2426 2541/2541
f 2495/2495 2541/2541 2542/2542
f 2543/2543 2496/2496 2495/2495
f 2543/2543 2495/2495 2542/2542
f 2427/2427 2496/2496 2543/2543
f 2427/2427 2543/2543 2544/2544
f 2428/2428 2427/2427 2544/2544
f 2428/2428 2544/2544 2521/2521
f 2520/2520 2545/2545 2546/2546
f 2520/2520 2546/2546 2519/2519
f 2547/2547 2518/2518 2519/2519
f 2547/2547 2519/2519 2546/2546
f 2518/2518 2547/2547 2548/2548
f 2518/2518 2548/2548 2517/2517
f 2549/2549 2516/2516 2517/2517
f 2549/2549 2517/2517 2548/2548
f 2516/2516 2549/2549 2550/2550
f 2516/2516 2550/2550 2515/2515
f 2551/2551 2514/2514 2515/2515
f 2551/2551 2515/2515 2550/2550
f 2552/2552 2513/2513 2514/2514
f 2552/2552 2514/2514 2551/2551
f 2513/2513 2552/2552 2553/2553
f 2513/2513 2553/2553 2512/2512
f 2512/2512 2553/2553 2554/2554
f 2512/2512 2554/2554 2511/2511
f 2511/2511 2554/2554 2555/2555
f 2511/2511 2555/2555 2510/2510
f 2556/2556 2509/2509 2510/2510
f 2556/2556 2510/2510 2555/2555
f 2557/2557 2508/2508 2509/2509
f 2557/2557 2509/2509 2556/2556
f 2558/2558 2507/2507 2508/2508
f 2558/2558 2508/2508 2557/2557
f 2507/2507 2558/2558 2559/2559
f 2507/2507 2559/2559 2506/2506
f 2506/2506 2559/2559 2560/2560
f 2506/2506 2560/2560 2505/2505
f 2505/2505 2560/2560 2561/2561
f 2505/2505 2561/2561 2504/2504
f 2562/2562 2503/2503 2504/2504
f 2562/2562 2504/2504 2561/2561
f 2563/2563 2502/2502 2503/2503
f 2563/2563 2503/2503 2562/2562
f 2502/2502 2563/2563 2564/2564
f 2502/2502 2564/2564 2501/2501
f 2565/2565 2500/2500 2501/2501
f 2565/2565 2501/2501 2564/2564
f 2500/2500 2565/2565 2566/2566
f 2500/2500 2566/2566 2499/2499
f 2567/2567 2498/2498 2499/2499
f 2567/2567 2499/2499 2566/2566
f 2568/2568 2497/2497 2498/2498
f 2568/2568 2498/2498 2567/2567
f 2571/2571 2817/2817 2816/2816
f 2571/2571 2816/2816 2570/2570
f 2572/2572 2818/2818 2817/2817
f 2572/2572 2817/2817 2571/2571
f 2573/2573 2819/2819 2818/2818
f 2573/2573 2818/2818 2572/2572
f 2574/2574 2820/2820 2819/2819
f 2574/2574 2819/2819 2573/2573
f 2575/2575 2821/2821 2820/2820
f 2575/2575 2820/2820 2574/2574
f 2576/2576 2822/2822 2821/2821
f 2576/2576 2821/2821 2575/2575
f 2577/2577 2823/2823 2822/2822
f 2577/2577 2822/2822 2576/2576
f 2578/2578 2824/2824 2823/2823
f 2578/2578 2823/2823 2577/2577
f 2579/2579 2825/2825 2824/2824
f 2579/2579 2824/2824 2578/2578
f 2580/2580 2826/2826 2825/2825
f 2580/2580 2825/2825 2579/2579
f 2581/2581 2827/2827 2826/2826
f 2581/2581 2826/2826 2580/2580
f 2582/2582 2828/2828 2827/2827
f 2582/2582 2827/2827 2581/2581
f 2583/2583 2829/2829 2828/2828
f 2583/2583 2828/2828 2582/2582
f 2584/2584 2830/2830 2829/2829
f 2584/2584 2829/2829 2583/2583
f 2585/2585 2831/2831 2830/2830
f 2585/2585 2830/2830 2584/2584
f 2586/2586 2832/2832 2831/2831
f 2586/2586 2831/2831 2585/2585
f 2587/2587 2833/2833 2832/2832
f 2587/2587 2832/2832 2586/2586
f 2588/2588 2834/2834 2833/2833
f 2588/2588 2833/2833 2587/2587
f 2589/2589 2835/2835 2834/2834
f 2589/2589 2834/2834 2588/2588
f 2590/2590 2836/2836 2835/2835
f 2590/2590 2835/2835 2589/2589
f 2591/2591 2837/2837 2836/2836
f 2591/2591 2836/2836 2590/2590
f 2593/2593 2615/2615 2614/2614
f 2593/2593 2614/2614 2592/2592
f 2594/2594 2616/2616 2615/2615
f 2594/2594 2615/2615 2593/2593
f 2595/2595 2617/2617 2616/2616
f 2595/2595 2616/2616 2594/2594
f 2596/2596 2618/2618 2617/2617
f 2596/2596 2617/2617 2595/2595
f 2597/2597 2619/2619 2618/2618
f 2597/2597 2618/2618 2596/2596
f 2598/2598 2620/2620 2619/2619
f 2598/2598 2619/2619 2597/2597
f 2599/2599 2621/2621 2620/2620
f 2599/2599 2620/2620 2598/2598
f 2600/2600 2622/2622 2621/2621
f 2600/2600 2621/2621 2599/2599
f 2601/2601 2623/2623 2622/2622
f 2601/2601 2622/2622 2600/2600
f 2602/2602 2624/2624 2623/2623
f 2602/2602 2623/2623 2601/2601
f 2603/2603 2625/2625 2624/2624
f 2603/2603 2624/2624 2602/2602
f 2604/2604 2626/2626 2625/2625
f 2604/2604 2625/2625 2603/2603
f 2605/2605 2627/2627 2626/2626
f 2605/2605 2626/2626 2604/2604
f 2606/2606 2628/2628 2627/2627
f 2606/2606 2627/2627 2605/2605
f 2607/2607 2629/2629 2628/2628
f 2607/2607 2628/2628 2606/2606
f 2608/2608 2630/2630 2629/2629
f 2608/2608 2629/2629 2607/2607
f 2609/2609 2631/2631 2630/2630
f 2609/2609 2630/2630 2608/2608
f 2610/2610 2632/2632 2631/2631
f 2610/2610 2631/2631 2609/2609
f 2611/2611 2633/2633 2632/2632
f 2611/2611 2632/2632 2610/2610
f 2612/2612 2634/2634 2633/2633
f 2612/2612 2633/2633 2611/2611
f 2613/2613 2635/2635 2634/2634
f 2613/2613 2634/2634 2612/2612
f 2686/2686 2698/2698 2697/2697
f 2686/2686 2697/2697 2687/2687
f 2684/2684 2700/2700 2699/2699
f 2684/2684 2699/2699 2685/2685
f 2685/2685 2699/2699 2698/2698
f 2685/2685 2698/2698 2686/2686
f 2711/2711 2700/2700 2684/2684
f 2711/2711 2684/2684 2712/2712
f 2387/2387 2800/2800 2799/2799
f 2387/2387 2799/2799 2392/2392
f 2371/2371 2803/2803 2802/2802
f 2371/2371 2802/2802 2370/2370
f 2417/2417 2804/2804 2803/2803
f 2417/2417 2803/2803 2371/2371
f 2373/2373 2812/2812 2811/2811
f 2373/2373 2811/2811 2372/2372
f 2374/2374 2813/2813 2812/2812
f 2374/2374 2812/2812 2373/2373
f 2396/2396 2814/2814 2813/2813
f 2396/2396 2813/2813 2374/2374
f 2399/2399 2793/2793 2792/2792
f 2399/2399 2792/2792 2402/2402
f 2355/2355 2796/2796 2795/2795
f 2355/2355 2795/2795 2484/2484
f 2370/2370 2802/2802 2801/2801
f 2370/2370 2801/2801 2384/2384
f 2384/2384 2801/2801 2800/2800
f 2384/2384 2800/2800 2387/2387
f 2393/2393 2798/2798 2797/2797
f 2393/2393 2797/2797 2356/2356
f 2392/2392 2799/2799 2798/2798
f 2392/2392 2798/2798 2393/2393
f 2402/2402 2792/2792 2815/2815
f 2402/2402 2815/2815 2407/2407
f 2478/2478 2794/2794 2793/2793
f 2478/2478 2793/2793 2399/2399
f 2407/2407 2815/2815 2814/2814
f 2407/2407 2814/2814 2396/2396
f 2411/2411 2806/2806 2805/2805
f 2411/2411 2805/2805 2408/2408
f 2414/2414 2807/2807 2806/2806
f 2414/2414 2806/2806 2411/2411
f 2380/2380 2808/2808 2807/2807
f 2380/2380 2807/2807 2414/2414
f 2408/2408 2805/2805 2804/2804
f 2408/2408 2804/2804 2417/2417
f 2484/2484 2795/2795 2794/2794
f 2484/2484 2794/2794 2478/2478
f 2485/2485 2810/2810 2809/2809
f 2485/2485 2809/2809 2486/2486
f 2486/2486 2809/2809 2808/2808
f 2486/2486 2808/2808 2380/2380
f 2372/2372 2811/2811 2810/2810
f 2372/2372 2810/2810 2485/2485
f 2661/2661 2651/2651 2637/2637
f 2661/2661 2637/2637 2660/2660
f 2662/2662 2639/2639 2651/2651
f 2662/2662 2651/2651 2661/2661
f 2663/2663 2638/2638 2639/2639
f 2663/2663 2639/2639 2662/2662
f 2664/2664 2650/2650 2638/2638
f 2664/2664 2638/2638 2663/2663
f 2665/2665 2641/2641 2650/2650
f 2665/2665 2650/2650 2664/2664
f 2666/2666 2640/2640 2641/2641
f 2666/2666 2641/2641 2665/2665
f 2667/2667 2642/2642 2640/2640
f 2667/2667 2640/2640 2666/2666
f 2668/2668 2655/2655 2642/2642
f 2668/2668 2642/2642 2667/2667
f 2669/2669 2654/2654 2655/2655
f 2669/2669 2655/2655 2668/2668
f 2670/2670 2656/2656 2654/2654
f 2670/2670 2654/2654 2669/2669
f 2671/2671 2657/2657 2656/2656
f 2671/2671 2656/2656 2670/2670
f 2672/2672 2659/2659 2657/2657
f 2672/2672 2657/2657 2671/2671
f 2673/2673 2658/2658 2659/2659
f 2673/2673 2659/2659 2672/2672
f 2674/2674 2644/2644 2658/2658
f 2674/2674 2658/2658 2673/2673
f 2675/2675 2643/2643 2644/2644
f 2675/2675 2644/2644 2674/2674
f 2676/2676 2645/2645 2643/2643
f 2676/2676 2643/2643 2675/2675
f 2677/2677 2646/2646 2645/2645
f 2677/2677 2645/2645 2676/2676
f 2678/2678 2652/2652 2646/2646
f 2678/2678 2646/2646 2677/2677
f 2679/2679 2648/2648 2652/2652
f 2679/2679 2652/2652 2678/2678
f 2680/2680 2647/2647 2648/2648
f 2680/2680 2648/2648 2679/2679
f 2681/2681 2653/2653 2647/2647
f 2681/2681 2647/2647 2680/2680
f 2682/2682 2649/2649 2653/2653
f 2682/2682 2653/2653 2681/2681
f 2683/2683 2636/2636 2649/2649
f 2683/2683 2649/2649 2682/2682
f 2738/2738 2733/2733 2732/2732
f 2738/2738 2732/2732 2739/2739
f 2736/2736 2735/2735 2734/2734
f 2736/2736 2734/2734 2737/2737
f 2737/2737 2734/2734 2733/2733
f 2737/2737 2733/2733 2738/2738
f 2656/2656 2657/2657 2769/2769
f 2656/2656 2769/2769 2768/2768
f 2713/2713 2690/2690 2691/2691
f 2713/2713 2691/2691 2714/2714
f 2691/2691 2690/2690 2689/2689
f 2691/2691 2689/2689 2692/2692
f 2689/2689 2685/2685 2686/2686
f 2689/2689 2686/2686 2688/2688
f 2690/2690 2684/2684 2685/2685
f 2690/2690 2685/2685 2689/2689
f 2712/2712 2684/2684 2690/2690
f 2712/2712 2690/2690 2713/2713
f 2715/2715 2694/2694 2695/2695
f 2715/2715 2695/2695 2716/2716
f 2695/2695 2694/2694 2693/2693
f 2695/2695 2693/2693 2696/2696
f 2694/2694 2691/2691 2692/2692
f 2694/2694 2692/2692 2693/2693
f 2714/2714 2691/2691 2694/2694
f 2714/2714 2694/2694 2715/2715
f 2726/2726 2716/2716 2695/2695
f 2726/2726 2695/2695 2727/2727
f 2727/2727 2695/2695 2696/2696
f 2727/2727 2696/2696 2728/2728
f 2703/2703 2706/2706 2705/2705
f 2703/2703 2705/2705 2704/2704
f 2702/2702 2707/2707 2706/2706
f 2702/2702 2706/2706 2703/2703
f 2701/2701 2708/2708 2707/2707
f 2701/2701 2707/2707 2702/2702
f 2709/2709 2708/2708 2701/2701
f 2709/2709 2701/2701 2710/2710
f 2710/2710 2701/2701 2700/2700
f 2710/2710 2700/2700 2711/2711
f 2700/2700 2701/2701 2702/2702
f 2700/2700 2702/2702 2699/2699
f 2699/2699 2702/2702 2703/2703
f 2699/2699 2703/2703 2698/2698
f 2698/2698 2703/2703 2704/2704
f 2698/2698 2704/2704 2697/2697
f 2706/2706 2634/2634 2635/2635
f 2706/2706 2635/2635 2705/2705
f 2707/2707 2633/2633 2634/2634
f 2707/2707 2634/2634 2706/2706
f 2708/2708 2632/2632 2633/2633
f 2708/2708 2633/2633 2707/2707
f 2631/2631 2632/2632 2708/2708
f 2631/2631 2708/2708 2709/2709
f 2630/2630 2631/2631 2709/2709
f 2630/2630 2709/2709 2717/2717
f 2717/2717 2709/2709 2710/2710
f 2717/2717 2710/2710 2718/2718
f 2718/2718 2710/2710 2711/2711
f 2718/2718 2711/2711 2719/2719
f 2719/2719 2711/2711 2712/2712
f 2719/2719 2712/2712 2720/2720
f 2720/2720 2712/2712 2713/2713
f 2720/2720 2713/2713 2721/2721
f 2721/2721 2713/2713 2714/2714
f 2721/2721 2714/2714 2722/2722
f 2722/2722 2714/2714 2715/2715
f 2722/2722 2715/2715 2723/2723
f 2723/2723 2715/2715 2716/2716
f 2723/2723 2716/2716 2724/2724
f 2725/2725 2724/2724 2716/2716
f 2725/2725 2716/2716 2726/2726
f 2628/2628 2629/2629 2630/2630
f 2628/2628 2630/2630 2717/2717
f 2627/2627 2628/2628 2717/2717
f 2627/2627 2717/2717 2718/2718
f 2626/2626 2627/2627 2718/2718
f 2626/2626 2718/2718 2719/2719
f 2625/2625 2626/2626 2719/2719
f 2625/2625 2719/2719 2720/2720
f 2624/2624 2625/2625 2720/2720
f 2624/2624 2720/2720 2721/2721
f 2623/2623 2624/2624 2721/2721
f 2623/2623 2721/2721 2722/2722
f 2622/2622 2623/2623 2722/2722
f 2622/2622 2722/2722 2723/2723
f 2621/2621 2622/2622 2723/2723
f 2621/2621 2723/2723 2724/2724
f 2620/2620 2621/2621 2724/2724
f 2620/2620 2724/2724 2725/2725
f 2617/2617 2618/2618 2619/2619
f 2617/2617 2619/2619 2731/2731
f 2616/2616 2617/2617 2731/2731
f 2616/2616 2731/2731 2730/2730
f 2730/2730 2726/2726 2727/2727
f 2730/2730 2727/2727 2729/2729
f 2731/2731 2725/2725 2726/2726
f 2731/2731 2726/2726 2730/2730
f 2619/2619 2620/2620 2725/2725
f 2619/2619 2725/2725 2731/2731
f 2746/2746 2749/2749 2748/2748
f 2746/2746 2748/2748 2747/2747
f 2745/2745 2750/2750 2749/2749
f 2745/2745 2749/2749 2746/2746
f 2744/2744 2751/2751 2750/2750
f 2744/2744 2750/2750 2745/2745
f 2659/2659 2658/2658 2771/2771
f 2659/2659 2771/2771 2770/2770
f 2655/2655 2654/2654 2767/2767
f 2655/2655 2767/2767 2766/2766
f 2752/2752 2743/2743 2742/2742
f 2752/2752 2742/2742 2753/2753
f 2753/2753 2742/2742 2741/2741
f 2753/2753 2741/2741 2754/2754
f 2754/2754 2741/2741 2740/2740
f 2754/2754 2740/2740 2755/2755
f 2741/2741 2738/2738 2739/2739
f 2741/2741 2739/2739 2740/2740
f 2742/2742 2737/2737 2738/2738
f 2742/2742 2738/2738 2741/2741
f 2743/2743 2736/2736 2737/2737
f 2743/2743 2737/2737 2742/2742
f 2654/2654 2656/2656 2768/2768
f 2654/2654 2768/2768 2767/2767
f 2657/2657 2659/2659 2770/2770
f 2657/2657 2770/2770 2769/2769
f 2735/2735 2744/2744 2745/2745
f 2735/2735 2745/2745 2734/2734
f 2734/2734 2745/2745 2746/2746
f 2734/2734 2746/2746 2733/2733
f 2733/2733 2746/2746 2747/2747
f 2733/2733 2747/2747 2732/2732
f 2749/2749 2773/2773 2772/2772
f 2749/2749 2772/2772 2748/2748
f 2750/2750 2774/2774 2773/2773
f 2750/2750 2773/2773 2749/2749
f 2751/2751 2775/2775 2774/2774
f 2751/2751 2774/2774 2750/2750
f 2658/2658 2644/2644 2776/2776
f 2658/2658 2776/2776 2771/2771
f 2640/2640 2642/2642 2765/2765
f 2640/2640 2765/2765 2764/2764
f 2760/2760 2759/2759 2758/2758
f 2760/2760 2758/2758 2761/2761
f 2761/2761 2758/2758 2757/2757
f 2761/2761 2757/2757 2762/2762
f 2762/2762 2757/2757 2756/2756
f 2762/2762 2756/2756 2763/2763
f 2757/2757 2754/2754 2755/2755
f 2757/2757 2755/2755 2756/2756
f 2758/2758 2753/2753 2754/2754
f 2758/2758 2754/2754 2757/2757
f 2759/2759 2752/2752 2753/2753
f 2759/2759 2753/2753 2758/2758
f 2642/2642 2655/2655 2766/2766
f 2642/2642 2766/2766 2765/2765
f 2650/2650 2641/2641 2640/2640
f 2650/2650 2640/2640 2764/2764
f 2639/2639 2638/2638 2760/2760
f 2639/2639 2760/2760 2761/2761
f 2651/2651 2639/2639 2761/2761
f 2651/2651 2761/2761 2762/2762
f 2637/2637 2651/2651 2762/2762
f 2637/2637 2762/2762 2763/2763
f 2638/2638 2650/2650 2764/2764
f 2638/2638 2764/2764 2760/2760
f 2765/2765 2759/2759 2760/2760
f 2765/2765 2760/2760 2764/2764
f 2766/2766 2752/2752 2759/2759
f 2766/2766 2759/2759 2765/2765
f 2767/2767 2743/2743 2752/2752
f 2767/2767 2752/2752 2766/2766
f 2768/2768 2736/2736 2743/2743
f 2768/2768 2743/2743 2767/2767
f 2769/2769 2735/2735 2736/2736
f 2769/2769 2736/2736 2768/2768
f 2770/2770 2744/2744 2735/2735
f 2770/2770 2735/2735 2769/2769
f 2771/2771 2751/2751 2744/2744
f 2771/2771 2744/2744 2770/2770
f 2775/2775 2751/2751 2771/2771
f 2775/2775 2771/2771 2776/2776
f 2780/2780 2783/2783 2782/2782
f 2780/2780 2782/2782 2781/2781
f 2779/2779 2784/2784 2783/2783
f 2779/2779 2783/2783 2780/2780
f 2778/2778 2785/2785 2784/2784
f 2778/2778 2784/2784 2779/2779
f 2785/2785 2778/2778 2777/2777
f 2785/2785 2777/2777 2786/2786
f 2643/2643 2645/2645 2786/2786
f 2643/2643 2786/2786 2777/2777
f 2644/2644 2643/2643 2777/2777
f 2644/2644 2777/2777 2776/2776
f 2778/2778 2775/2775 2776/2776
f 2778/2778 2776/2776 2777/2777
f 2775/2775 2778/2778 2779/2779
f 2775/2775 2779/2779 2774/2774
f 2774/2774 2779/2779 2780/2780
f 2774/2774 2780/2780 2773/2773
f 2773/2773 2780/2780 2781/2781
f 2773/2773 2781/2781 2772/2772
f 2790/2790 2649/2649 2636/2636
f 2790/2790 2636/2636 2791/2791
f 2789/2789 2653/2653 2649/2649
f 2789/2789 2649/2649 2790/2790
f 2788/2788 2647/2647 2653/2653
f 2788/2788 2653/2653 2789/2789
f 2648/2648 2647/2647 2788/2788
f 2648/2648 2788/2788 2787/2787
f 2646/2646 2652/2652 2648/2648
f 2646/2646 2648/2648 2787/2787
f 2645/2645 2646/2646 2787/2787
f 2645/2645 2787/2787 2786/2786
f 2788/2788 2785/2785 2786/2786
f 2788/2788 2786/2786 2787/2787
f 2785/2785 2788/2788 2789/2789
f 2785/2785 2789/2789 2784/2784
f 2784/2784 2789/2789 2790/2790
f 2784/2784 2790/2790 2783/2783
f 2783/2783 2790/2790 2791/2791
f 2783/2783 2791/2791 2782/2782
f 2793/2793 2680/2680 2679/2679
f 2793/2793 2679/2679 2792/2792
f 2794/2794 2681/2681 2680/2680
f 2794/2794 2680/2680 2793/2793
f 2795/2795 2682/2682 2681/2681
f 2795/2795 2681/2681 2794/2794
f 2796/2796 2683/2683 2682/2682
f 2796/2796 2682/2682 2795/2795
f 2798/2798 2661/2661 2660/2660
f 2798/2798 2660/2660 2797/2797
f 2799/2799 2662/2662 2661/2661
f 2799/2799 2661/2661 2798/2798
f 2800/2800 2663/2663 2662/2662
f 2800/2800 2662/2662 2799/2799
f 2801/2801 2664/2664 2663/2663
f 2801/2801 2663/2663 2800/2800
f 2802/2802 2665/2665 2664/2664
f 2802/2802 2664/2664 2801/2801
f 2803/2803 2666/2666 2665/2665
f 2803/2803 2665/2665 2802/2802
f 2804/2804 2667/2667 2666/2666
f 2804/2804 2666/2666 2803/2803
f 2805/2805 2668/2668 2667/2667
f 2805/2805 2667/2667 2804/2804
f 2806/2806 2669/2669 2668/2668
f 2806/2806 2668/2668 2805/2805
f 2807/2807 2670/2670 2669/2669
f 2807/2807 2669/2669 2806/2806
f 2808/2808 2671/2671 2670/2670
f 2808/2808 2670/2670 2807/2807
f 2809/2809 2672/2672 2671/2671
f 2809/2809 2671/2671 2808/2808
f 2810/2810 2673/2673 2672/2672
f 2810/2810 2672/2672 2809/2809
f 2811/2811 2674/2674 2673/2673
f 2811/2811 2673/2673 2810/2810
f 2812/2812 2675/2675 2674/2674
f 2812/2812 2674/2674 2811/2811
f 2813/2813 2676/2676 2675/2675
f 2813/2813 2675/2675 2812/2812
f 2814/2814 2677/2677 2676/2676
f 2814/2814 2676/2676 2813/2813
f 2815/2815 2678/2678 2677/2677
f 2815/2815 2677/2677 2814/2814
f 2792/2792 2679/2679 2678/2678
f 2792/2792 2678/2678 2815/2815
f 2817/2817 2593/2593 2592/2592
f 2817/2817 2592/2592 2816/2816
f 2818/2818 2594/2594 2593/2593
f 2818/2818 2593/2593 2817/2817
f 2819/2819 2595/2595 2594/2594
f 2819/2819 2594/2594 2818/2818
f 2820/2820 2596/2596 2595/2595
f 2820/2820 2595/2595 2819/2819
f 2821/2821 2597/2597 2596/2596
f 2821/2821 2596/2596 2820/2820
f 2822/2822 2598/2598 2597/2597
f 2822/2822 2597/2597 2821/2821
f 2823/2823 2599/2599 2598/2598
f 2823/2823 2598/2598 2822/2822
f 2824/2824 2600/2600 2599/2599
f 2824/2824 2599/2599 2823/2823
f 2825/2825 2601/2601 2600/2600
f 2825/2825 2600/2600 2824/2824
f 2826/2826 2602/2602 2601/2601
f 2826/2826 2601/2601 2825/2825
f 2827/2827 2603/2603 2602/2602
f 2827/2827 2602/2602 2826/2826
f 2828/2828 2604/2604 2603/2603
f 2828/2828 2603/2603 2827/2827
f 2829/2829 2605/2605 2604/2604
f 2829/2829 2604/2604 2828/2828
f 2830/2830 2606/2606 2605/2605
f 2830/2830 2605/2605 2829/2829
f 2831/2831 2607/2607 2606/2606
f 2831/2831 2606/2606 2830/2830
f 2832/2832 2608/2608 2607/2607
f 2832/2832 2607/2607 2831/2831
f 2833/2833 2609/2609 2608/2608
f 2833/2833 2608/2608 2832/2832
f 2834/2834 2610/2610 2609/2609
f 2834/2834 2609/2609 2833/2833
f 2835/2835 2611/2611 2610/2610
f 2835/2835 2610/2610 2834/2834
f 2836/2836 2612/2612 2611/2611
f 2836/2836 2611/2611 2835/2835
f 2837/2837 2613/2613 2612/2612
f 2837/2837 2612/2612 2836/2836
f 3008/3008 2943/2943 2944/2944
f 3008/3008 2944/2944 3007/3007
f 3008/3008 3009/3009 2942/2942
f 3008/3008 2942/2942 2943/2943
f 3009/3009 3010/3010 2941/2941
f 3009/3009 2941/2941 2942/2942
f 2996/2996 2935/2935 2936/2936
f 2996/2996 2936/2936 2995/2995
f 2934/2934 2935/2935 2996/2996
f 2934/2934 2996/2996 2997/2997
f 3000/3000 2931/2931 2932/2932
f 3000/3000 2932/2932 2999/2999
f 2917/2917 2918/2918 2840/2840
f 2917/2917 2840/2840 2839/2839
f 2916/2916 2917/2917 2839/2839
f 2916/2916 2839/2839 2838/2838
f 2916/2916 2838/2838 2870/2870
f 2916/2916 2870/2870 2915/2915
f 2927/2927 2928/2928 2864/2864
f 2927/2927 2864/2864 2861/2861
f 2842/2842 2841/2841 2924/2924
f 2842/2842 2924/2924 2925/2925
f 2891/2891 2923/2923 2924/2924
f 2891/2891 2924/2924 2841/2841
f 2947/2947 3004/3004 3005/3005
f 2947/2947 3005/3005 2946/2946
f 2876/2876 2873/2873 2912/2912
f 2876/2876 2912/2912 2913/2913
f 3002/3002 2956/2956 2364/2364
f 3002/3002 2364/2364 2532/2532
f 2953/2953 2954/2954 2354/2354
f 2953/2953 2354/2354 2361/2361
f 2998/2998 2933/2933 2934/2934
f 2998/2998 2934/2934 2997/2997
f 2925/2925 2926/2926 2858/2858
f 2925/2925 2858/2858 2842/2842
f 2999/2999 2932/2932 2933/2933
f 2999/2999 2933/2933 2998/2998
f 2858/2858 2926/2926 2927/2927
f 2858/2858 2927/2927 2861/2861
f 2867/2867 2929/2929 2362/2362
f 2867/2867 2362/2362 2353/2353
f 2531/2531 2363/2363 2930/2930
f 2531/2531 2930/2930 3001/3001
f 3001/3001 2930/2930 2931/2931
f 3001/3001 2931/2931 3000/3000
f 2864/2864 2928/2928 2929/2929
f 2864/2864 2929/2929 2867/2867
f 3043/3043 3044/3044 2983/2983
f 3043/3043 2983/2983 2984/2984
f 3042/3042 3043/3043 2984/2984
f 3042/3042 2984/2984 2985/2985
f 2986/2986 3041/3041 3042/3042
f 2986/2986 3042/3042 2985/2985
f 2989/2989 3038/3038 3039/3039
f 2989/2989 3039/3039 2988/2988
f 2970/2970 3057/3057 2591/2591
f 2970/2970 2591/2591 2497/2497
f 2971/2971 3056/3056 3057/3057
f 2971/2971 3057/3057 2970/2970
f 3055/3055 3056/3056 2971/2971
f 3055/3055 2971/2971 2972/2972
f 2973/2973 3054/3054 3055/3055
f 2973/2973 3055/3055 2972/2972
f 3053/3053 3054/3054 2973/2973
f 3053/3053 2973/2973 2974/2974
f 2974/2974 2975/2975 3052/3052
f 2974/2974 3052/3052 3053/3053
f 2976/2976 3051/3051 3052/3052
f 2976/2976 3052/3052 2975/2975
f 3006/3006 2945/2945 2946/2946
f 3006/3006 2946/2946 3005/3005
f 2913/2913 2914/2914 2879/2879
f 2913/2913 2879/2879 2876/2876
f 3039/3039 3040/3040 2987/2987
f 3039/3039 2987/2987 2988/2988
f 3004/3004 2947/2947 2950/2950
f 3004/3004 2950/2950 3003/3003
f 2911/2911 2912/2912 2873/2873
f 2911/2911 2873/2873 2948/2948
f 2987/2987 3040/3040 3041/3041
f 2987/2987 3041/3041 2986/2986
f 2915/2915 2870/2870 2879/2879
f 2915/2915 2879/2879 2914/2914
f 3007/3007 2944/2944 2945/2945
f 3007/3007 2945/2945 3006/3006
f 2994/2994 2937/2937 2938/2938
f 2994/2994 2938/2938 2993/2993
f 2921/2921 2922/2922 2882/2882
f 2921/2921 2882/2882 2885/2885
f 3049/3049 3050/3050 2977/2977
f 3049/3049 2977/2977 2978/2978
f 2993/2993 2938/2938 2939/2939
f 2993/2993 2939/2939 2992/2992
f 2920/2920 2921/2921 2885/2885
f 2920/2920 2885/2885 2888/2888
f 3048/3048 3049/3049 2978/2978
f 3048/3048 2978/2978 2979/2979
f 3013/3013 2992/2992 2939/2939
f 3013/3013 2939/2939 2940/2940
f 2854/2854 2919/2919 2920/2920
f 2854/2854 2920/2920 2888/2888
f 2980/2980 3047/3047 3048/3048
f 2980/2980 3048/3048 2979/2979
f 2995/2995 2936/2936 2937/2937
f 2995/2995 2937/2937 2994/2994
f 2922/2922 2923/2923 2891/2891
f 2922/2922 2891/2891 2882/2882
f 3050/3050 3051/3051 2976/2976
f 3050/3050 2976/2976 2977/2977
f 2954/2954 2955/2955 2359/2359
f 2954/2954 2359/2359 2354/2354
f 2873/2873 2893/2893 2949/2949
f 2873/2873 2949/2949 2948/2948
f 2894/2894 2893/2893 2873/2873
f 2894/2894 2873/2873 2876/2876
f 2879/2879 2895/2895 2894/2894
f 2879/2879 2894/2894 2876/2876
f 2870/2870 2896/2896 2895/2895
f 2870/2870 2895/2895 2879/2879
f 2838/2838 2897/2897 2896/2896
f 2838/2838 2896/2896 2870/2870
f 2838/2838 2839/2839 2898/2898
f 2838/2838 2898/2898 2897/2897
f 2839/2839 2840/2840 2899/2899
f 2839/2839 2899/2899 2898/2898
f 2888/2888 2901/2901 2900/2900
f 2888/2888 2900/2900 2854/2854
f 2885/2885 2902/2902 2901/2901
f 2885/2885 2901/2901 2888/2888
f 2882/2882 2903/2903 2902/2902
f 2882/2882 2902/2902 2885/2885
f 2891/2891 2904/2904 2903/2903
f 2891/2891 2903/2903 2882/2882
f 2841/2841 2905/2905 2904/2904
f 2841/2841 2904/2904 2891/2891
f 2906/2906 2905/2905 2841/2841
f 2906/2906 2841/2841 2842/2842
f 2858/2858 2907/2907 2906/2906
f 2858/2858 2906/2906 2842/2842
f 2861/2861 2908/2908 2907/2907
f 2861/2861 2907/2907 2858/2858
f 2864/2864 2909/2909 2908/2908
f 2864/2864 2908/2908 2861/2861
f 2867/2867 2910/2910 2909/2909
f 2867/2867 2909/2909 2864/2864
f 2353/2353 2360/2360 2910/2910
f 2353/2353 2910/2910 2867/2867
f 2952/2952 2953/2953 2361/2361
f 2952/2952 2361/2361 2357/2357
f 2874/2874 2912/2912 2911/2911
f 2874/2874 2911/2911 2856/2856
f 2913/2913 2912/2912 2874/2874
f 2913/2913 2874/2874 2877/2877
f 2877/2877 2878/2878 2914/2914
f 2877/2877 2914/2914 2913/2913
f 2871/2871 2915/2915 2914/2914
f 2871/2871 2914/2914 2878/2878
f 2850/2850 2916/2916 2915/2915
f 2850/2850 2915/2915 2871/2871
f 2850/2850 2849/2849 2917/2917
f 2850/2850 2917/2917 2916/2916
f 2849/2849 2848/2848 2918/2918
f 2849/2849 2918/2918 2917/2917
f 2920/2920 2919/2919 2855/2855
f 2920/2920 2855/2855 2889/2889
f 2889/2889 2886/2886 2921/2921
f 2889/2889 2921/2921 2920/2920
f 2886/2886 2883/2883 2922/2922
f 2886/2886 2922/2922 2921/2921
f 2883/2883 2892/2892 2923/2923
f 2883/2883 2923/2923 2922/2922
f 2924/2924 2923/2923 2892/2892
f 2924/2924 2892/2892 2852/2852
f 2925/2925 2924/2924 2852/2852
f 2925/2925 2852/2852 2851/2851
f 2851/2851 2859/2859 2926/2926
f 2851/2851 2926/2926 2925/2925
f 2927/2927 2926/2926 2859/2859
f 2927/2927 2859/2859 2862/2862
f 2862/2862 2863/2863 2928/2928
f 2862/2862 2928/2928 2927/2927
f 2929/2929 2928/2928 2863/2863
f 2929/2929 2863/2863 2868/2868
f 2362/2362 2929/2929 2868/2868
f 2362/2362 2868/2868 2358/2358
f 2363/2363 2356/2356 2866/2866
f 2363/2363 2866/2866 2930/2930
f 2931/2931 2930/2930 2866/2866
f 2931/2931 2866/2866 2865/2865
f 2932/2932 2931/2931 2865/2865
f 2932/2932 2865/2865 2860/2860
f 2933/2933 2932/2932 2860/2860
f 2933/2933 2860/2860 2857/2857
f 2934/2934 2933/2933 2857/2857
f 2934/2934 2857/2857 2843/2843
f 2843/2843 2844/2844 2935/2935
f 2843/2843 2935/2935 2934/2934
f 2936/2936 2935/2935 2844/2844
f 2936/2936 2844/2844 2890/2890
f 2937/2937 2936/2936 2890/2890
f 2937/2937 2890/2890 2881/2881
f 2938/2938 2937/2937 2881/2881
f 2938/2938 2881/2881 2884/2884
f 2939/2939 2938/2938 2884/2884
f 2939/2939 2884/2884 2887/2887
f 2940/2940 2939/2939 2887/2887
f 2940/2940 2887/2887 2853/2853
f 2942/2942 2941/2941 2845/2845
f 2942/2942 2845/2845 2846/2846
f 2943/2943 2942/2942 2846/2846
f 2943/2943 2846/2846 2847/2847
f 2944/2944 2943/2943 2847/2847
f 2944/2944 2847/2847 2869/2869
f 2945/2945 2944/2944 2869/2869
f 2945/2945 2869/2869 2880/2880
f 2946/2946 2945/2945 2880/2880
f 2946/2946 2880/2880 2875/2875
f 2872/2872 2947/2947 2946/2946
f 2872/2872 2946/2946 2875/2875
f 2947/2947 2872/2872 2951/2951
f 2947/2947 2951/2951 2950/2950
f 2364/2364 2956/2956 2957/2957
f 2364/2364 2957/2957 2355/2355
f 2991/2991 3036/3036 3037/3037
f 2991/2991 3037/3037 2990/2990
f 2911/2911 2953/2953 2952/2952
f 2911/2911 2952/2952 2856/2856
f 2948/2948 2954/2954 2953/2953
f 2948/2948 2953/2953 2911/2911
f 2949/2949 2955/2955 2954/2954
f 2949/2949 2954/2954 2948/2948
f 2956/2956 3002/3002 3003/3003
f 2956/2956 3003/3003 2950/2950
f 2957/2957 2956/2956 2950/2950
f 2957/2957 2950/2950 2951/2951
f 2959/2959 2958/2958 2961/2961
f 2959/2959 2961/2961 2960/2960
f 2960/2960 2961/2961 3011/3011
f 2960/2960 3011/3011 3012/3012
f 2962/2962 2963/2963 2969/2969
f 2962/2962 2969/2969 2968/2968
f 2963/2963 2962/2962 2964/2964
f 2963/2963 2964/2964 2965/2965
f 2965/2965 2964/2964 2966/2966
f 2965/2965 2966/2966 2967/2967
f 2981/2981 2982/2982 3045/3045
f 2981/2981 3045/3045 3046/3046
f 3013/3013 2940/2940 2960/2960
f 3013/3013 2960/2960 3012/3012
f 2963/2963 2965/2965 2919/2919
f 2963/2963 2919/2919 2854/2854
f 3011/3011 2961/2961 2941/2941
f 3011/3011 2941/2941 3010/3010
f 2918/2918 2964/2964 2962/2962
f 2918/2918 2962/2962 2840/2840
f 2981/2981 3046/3046 3047/3047
f 2981/2981 3047/3047 2980/2980
f 3044/3044 3045/3045 2982/2982
f 3044/3044 2982/2982 2983/2983
f 2962/2962 2968/2968 2899/2899
f 2962/2962 2899/2899 2840/2840
f 2854/2854 2900/2900 2969/2969
f 2854/2854 2969/2969 2963/2963
f 2848/2848 2966/2966 2964/2964
f 2848/2848 2964/2964 2918/2918
f 2919/2919 2965/2965 2967/2967
f 2919/2919 2967/2967 2855/2855
f 2960/2960 2940/2940 2853/2853
f 2960/2960 2853/2853 2959/2959
f 2941/2941 2961/2961 2958/2958
f 2941/2941 2958/2958 2845/2845
f 2868/2868 3035/3035 2568/2568
f 2868/2868 2568/2568 2358/2358
f 2863/2863 3034/3034 3035/3035
f 2863/2863 3035/3035 2868/2868
f 3033/3033 3034/3034 2863/2863
f 3033/3033 2863/2863 2862/2862
f 2859/2859 3032/3032 3033/3033
f 2859/2859 3033/3033 2862/2862
f 3031/3031 3032/3032 2859/2859
f 3031/3031 2859/2859 2851/2851
f 2851/2851 2852/2852 3030/3030
f 2851/2851 3030/3030 3031/3031
f 2892/2892 3029/3029 3030/3030
f 2892/2892 3030/3030 2852/2852
f 3028/3028 3029/3029 2892/2892
f 3028/3028 2892/2892 2883/2883
f 3027/3027 3028/3028 2883/2883
f 3027/3027 2883/2883 2886/2886
f 3026/3026 3027/3027 2886/2886
f 3026/3026 2886/2886 2889/2889
f 2855/2855 3025/3025 3026/3026
f 2855/2855 3026/3026 2889/2889
f 2967/2967 3024/3024 3025/3025
f 2967/2967 3025/3025 2855/2855
f 2967/2967 2966/2966 3023/3023
f 2967/2967 3023/3023 3024/3024
f 3022/3022 3023/3023 2966/2966
f 3022/3022 2966/2966 2848/2848
f 3021/3021 3022/3022 2848/2848
f 3021/3021 2848/2848 2849/2849
f 3020/3020 3021/3021 2849/2849
f 3020/3020 2849/2849 2850/2850
f 2871/2871 3019/3019 3020/3020
f 2871/2871 3020/3020 2850/2850
f 2878/2878 3018/3018 3019/3019
f 2878/2878 3019/3019 2871/2871
f 3017/3017 3018/3018 2878/2878
f 3017/3017 2878/2878 2877/2877
f 2874/2874 3016/3016 3017/3017
f 2874/2874 3017/3017 2877/2877
f 3015/3015 3016/3016 2874/2874
f 3015/3015 2874/2874 2856/2856
f 2952/2952 3014/3014 3015/3015
f 2952/2952 3015/3015 2856/2856
f 2545/2545 3014/3014 2952/2952
f 2545/2545 2952/2952 2357/2357
f 2902/2902 2993/2993 2992/2992
f 2902/2902 2992/2992 2901/2901
f 2903/2903 2994/2994 2993/2993
f 2903/2903 2993/2993 2902/2902
f 2904/2904 2995/2995 2994/2994
f 2904/2904 2994/2994 2903/2903
f 2905/2905 2996/2996 2995/2995
f 2905/2905 2995/2995 2904/2904
f 2997/2997 2996/2996 2905/2905
f 2997/2997 2905/2905 2906/2906
f 2907/2907 2998/2998 2997/2997
f 2907/2907 2997/2997 2906/2906
f 2908/2908 2999/2999 2998/2998
f 2908/2908 2998/2998 2907/2907
f 2909/2909 3000/3000 2999/2999
f 2909/2909 2999/2999 2908/2908
f 2910/2910 3001/3001 3000/3000
f 2910/2910 3000/3000 2909/2909
f 2360/2360 2531/2531 3001/3001
f 2360/2360 3001/3001 2910/2910
f 2955/2955 3002/3002 2532/2532
f 2955/2955 2532/2532 2359/2359
f 3003/3003 3002/3002 2955/2955
f 3003/3003 2955/2955 2949/2949
f 2893/2893 3004/3004 3003/3003
f 2893/2893 3003/3003 2949/2949
f 3005/3005 3004/3004 2893/2893
f 3005/3005 2893/2893 2894/2894
f 2895/2895 3006/3006 3005/3005
f 2895/2895 3005/3005 2894/2894
f 2896/2896 3007/3007 3006/3006
f 2896/2896 3006/3006 2895/2895
f 2897/2897 3008/3008 3007/3007
f 2897/2897 3007/3007 2896/2896
f 2897/2897 2898/2898 3009/3009
f 2897/2897 3009/3009 3008/3008
f 2898/2898 2899/2899 3010/3010
f 2898/2898 3010/3010 3009/3009
f 2968/2968 3011/3011 3010/3010
f 2968/2968 3010/3010 2899/2899
f 3012/3012 3011/3011 2968/2968
f 3012/3012 2968/2968 2969/2969
f 2900/2900 3013/3013 3012/3012
f 2900/2900 3012/3012 2969/2969
f 2901/2901 2992/2992 3013/3013
f 2901/2901 3013/3013 2900/2900
f 2520/2520 2991/2991 3014/3014
f 2520/2520 3014/3014 2545/2545
f 3015/3015 3014/3014 2991/2991
f 3015/3015 2991/2991 2990/2990
f 2990/2990 2989/2989 3016/3016
f 2990/2990 3016/3016 3015/3015
f 3017/3017 3016/3016 2989/2989
f 3017/3017 2989/2989 2988/2988
f 2988/2988 2987/2987 3018/3018
f 2988/2988 3018/3018 3017/3017
f 3019/3019 3018/3018 2987/2987
f 3019/3019 2987/2987 2986/2986
f 3020/3020 3019/3019 2986/2986
f 3020/3020 2986/2986 2985/2985
f 2985/2985 2984/2984 3021/3021
f 2985/2985 3021/3021 3020/3020
f 2984/2984 2983/2983 3022/3022
f 2984/2984 3022/3022 3021/3021
f 2983/2983 2982/2982 3023/3023
f 2983/2983 3023/3023 3022/3022
f 3024/3024 3023/3023 2982/2982
f 3024/3024 2982/2982 2981/2981
f 3025/3025 3024/3024 2981/2981
f 3025/3025 2981/2981 2980/2980
f 3026/3026 3025/3025 2980/2980
f 3026/3026 2980/2980 2979/2979
f 2979/2979 2978/2978 3027/3027
f 2979/2979 3027/3027 3026/3026
f 2978/2978 2977/2977 3028/3028
f 2978/2978 3028/3028 3027/3027
f 2977/2977 2976/2976 3029/3029
f 2977/2977 3029/3029 3028/3028
f 3030/3030 3029/3029 2976/2976
f 3030/3030 2976/2976 2975/2975
f 3031/3031 3030/3030 2975/2975
f 3031/3031 2975/2975 2974/2974
f 2974/2974 2973/2973 3032/3032
f 2974/2974 3032/3032 3031/3031
f 3033/3033 3032/3032 2973/2973
f 3033/3033 2973/2973 2972/2972
f 2972/2972 2971/2971 3034/3034
f 2972/2972 3034/3034 3033/3033
f 3035/3035 3034/3034 2971/2971
f 3035/3035 2971/2971 2970/2970
f 2568/2568 3035/3035 2970/2970
f 2568/2568 2970/2970 2497/2497
f 3038/3038 3037/3037 3258/3258
f 3038/3038 3258/3258 3259/3259
f 3039/3039 3038/3038 3259/3259
f 3039/3039 3259/3259 3260/3260
f 3040/3040 3039/3039 3260/3260
f 3040/3040 3260/3260 3261/3261
f 3041/3041 3040/3040 3261/3261
f 3041/3041 3261/3261 3262/3262
f 3042/3042 3041/3041 3262/3262
f 3042/3042 3262/3262 3263/3263
f 3043/3043 3042/3042 3263/3263
f 3043/3043 3263/3263 3264/3264
f 3044/3044 3043/3043 3264/3264
f 3044/3044 3264/3264 3265/3265
f 3045/3045 3044/3044 3265/3265
f 3045/3045 3265/3265 3266/3266
f 3046/3046 3045/3045 3266/3266
f 3046/3046 3266/3266 3267/3267
f 3047/3047 3046/3046 3267/3267
f 3047/3047 3267/3267 3268/3268
f 3048/3048 3047/3047 3268/3268
f 3048/3048 3268/3268 3269/3269
f 3049/3049 3048/3048 3269/3269
f 3049/3049 3269/3269 3270/3270
f 3050/3050 3049/3049 3270/3270
f 3050/3050 3270/3270 3271/3271
f 3051/3051 3050/3050 3271/3271
f 3051/3051 3271/3271 3272/3272
f 3052/3052 3051/3051 3272/3272
f 3052/3052 3272/3272 3273/3273
f 3053/3053 3052/3052 3273/3273
f 3053/3053 3273/3273 3274/3274
f 3054/3054 3053/3053 3274/3274
f 3054/3054 3274/3274 3275/3275
f 3055/3055 3054/3054 3275/3275
f 3055/3055 3275/3275 3276/3276
f 3056/3056 3055/3055 3276/3276
f 3056/3056 3276/3276 3277/3277
f 3057/3057 3056/3056 3277/3277
f 3057/3057 3277/3277 3278/3278
f 2591/2591 3057/3057 3278/3278
f 2591/2591 3278/3278 2837/2837
f 3059/3059 3058/3058 3079/3079
f 3059/3059 3079/3079 3080/3080
f 3060/3060 3059/3059 3080/3080
f 3060/3060 3080/3080 3081/3081
f 3061/3061 3060/3060 3081/3081
f 3061/3061 3081/3081 3082/3082
f 3062/3062 3061/3061 3082/3082
f 3062/3062 3082/3082 3083/3083
f 3063/3063 3062/3062 3083/3083
f 3063/3063 3083/3083 3084/3084
f 3064/3064 3063/3063 3084/3084
f 3064/3064 3084/3084 3085/3085
f 3065/3065 3064/3064 3085/3085
f 3065/3065 3085/3085 3086/3086
f 3066/3066 3065/3065 3086/3086
f 3066/3066 3086/3086 3087/3087
f 3067/3067 3066/3066 3087/3087
f 3067/3067 3087/3087 3088/3088
f 3068/3068 3067/3067 3088/3088
f 3068/3068 3088/3088 3089/3089
f 3069/3069 3068/3068 3089/3089
f 3069/3069 3089/3089 3090/3090
f 3070/3070 3069/3069 3090/3090
f 3070/3070 3090/3090 3091/3091
f 3071/3071 3070/3070 3091/3091
f 3071/3071 3091/3091 3092/3092
f 3072/3072 3071/3071 3092/3092
f 3072/3072 3092/3092 3093/3093
f 3073/3073 3072/3072 3093/3093
f 3073/3073 3093/3093 3094/3094
f 3074/3074 3073/3073 3094/3094
f 3074/3074 3094/3094 3095/3095
f 3075/3075 3074/3074 3095/3095
f 3075/3075 3095/3095 3096/3096
f 3076/3076 3075/3075 3096/3096
f 3076/3076 3096/3096 3097/3097
f 3077/3077 3076/3076 3097/3097
f 3077/3077 3097/3097 3098/3098
f 3078/3078 3077/3077 3098/3098
f 3078/3078 3098/3098 3099/3099
f 2613/2613 3078/3078 3099/3099
f 2613/2613 3099/3099 2635/2635
f 3146/3146 2687/2687 2697/2697
f 3146/3146 2697/2697 3156/3156
f 3144/3144 3145/3145 3157/3157
f 3144/3144 3157/3157 3158/3158
f 3145/3145 3146/3146 3156/3156
f 3145/3145 3156/3156 3157/3157
f 3167/3167 3168/3168 3144/3144
f 3167/3167 3144/3144 3158/3158
f 2860/2860 2865/2865 3241/3241
f 2860/2860 3241/3241 3242/3242
f 2844/2844 2843/2843 3244/3244
f 2844/2844 3244/3244 3245/3245
f 2890/2890 2844/2844 3245/3245
f 2890/2890 3245/3245 3246/3246
f 2846/2846 2845/2845 3253/3253
f 2846/2846 3253/3253 3254/3254
f 2847/2847 2846/2846 3254/3254
f 2847/2847 3254/3254 3255/3255
f 2869/2869 2847/2847 3255/3255
f 2869/2869 3255/3255 3256/3256
f 2872/2872 2875/2875 3236/3236
f 2872/2872 3236/3236 3237/3237
f 2355/2355 2957/2957 3239/3239
f 2355/2355 3239/3239 2796/2796
f 2843/2843 2857/2857 3243/3243
f 2843/2843 3243/3243 3244/3244
f 2857/2857 2860/2860 3242/3242
f 2857/2857 3242/3242 3243/3243
f 2866/2866 2356/2356 2797/2797
f 2866/2866 2797/2797 3240/3240
f 2865/2865 2866/2866 3240/3240
f 2865/2865 3240/3240 3241/3241
f 2875/2875 2880/2880 3257/3257
f 2875/2875 3257/3257 3236/3236
f 2951/2951 2872/2872 3237/3237
f 2951/2951 3237/3237 3238/3238
f 2880/2880 2869/2869 3256/3256
f 2880/2880 3256/3256 3257/3257
f 2884/2884 2881/2881 3247/3247
f 2884/2884 3247/3247 3248/3248
f 2887/2887 2884/2884 3248/3248
f 2887/2887 3248/3248 3249/3249
f 2853/2853 2887/2887 3249/3249
f 2853/2853 3249/3249 3250/3250
f 2881/2881 2890/2890 3246/3246
f 2881/2881 3246/3246 3247/3247
f 2957/2957 2951/2951 3238/3238
f 2957/2957 3238/3238 3239/3239
f 2958/2958 2959/2959 3251/3251
f 2958/2958 3251/3251 3252/3252
f 2959/2959 2853/2853 3250/3250
f 2959/2959 3250/3250 3251/3251
f 2845/2845 2958/2958 3252/3252
f 2845/2845 3252/3252 3253/3253
f 3122/3122 2660/2660 2637/2637
f 3122/3122 2637/2637 3113/3113
f 3123/3123 3122/3122 3113/3113
f 3123/3123 3113/3113 3101/3101
f 3124/3124 3123/3123 3101/3101
f 3124/3124 3101/3101 3100/3100
f 3125/3125 3124/3124 3100/3100
f 3125/3125 3100/3100 3112/3112
f 3126/3126 3125/3125 3112/3112
f 3126/3126 3112/3112 3103/3103
f 3127/3127 3126/3126 3103/3103
f 3127/3127 3103/3103 3102/3102
f 3128/3128 3127/3127 3102/3102
f 3128/3128 3102/3102 3104/3104
f 3129/3129 3128/3128 3104/3104
f 3129/3129 3104/3104 3117/3117
f 3130/3130 3129/3129 3117/3117
f 3130/3130 3117/3117 3116/3116
f 3131/3131 3130/3130 3116/3116
f 3131/3131 3116/3116 3118/3118
f 3132/3132 3131/3131 3118/3118
f 3132/3132 3118/3118 3119/3119
f 3133/3133 3132/3132 3119/3119
f 3133/3133 3119/3119 3121/3121
f 3134/3134 3133/3133 3121/3121
f 3134/3134 3121/3121 3120/3120
f 3135/3135 3134/3134 3120/3120
f 3135/3135 3120/3120 3106/3106
f 3136/3136 3135/3135 3106/3106
f 3136/3136 3106/3106 3105/3105
f 3137/3137 3136/3136 3105/3105
f 3137/3137 3105/3105 3107/3107
f 3138/3138 3137/3137 3107/3107
f 3138/3138 3107/3107 3108/3108
f 3139/3139 3138/3138 3108/3108
f 3139/3139 3108/3108 3114/3114
f 3140/3140 3139/3139 3114/3114
f 3140/3140 3114/3114 3110/3110
f 3141/3141 3140/3140 3110/3110
f 3141/3141 3110/3110 3109/3109
f 3142/3142 3141/3141 3109/3109
f 3142/3142 3109/3109 3115/3115
f 3143/3143 3142/3142 3115/3115
f 3143/3143 3115/3115 3111/3111
f 2683/2683 3143/3143 3111/3111
f 2683/2683 3111/3111 2636/2636
f 3193/3193 2739/2739 2732/2732
f 3193/3193 2732/2732 3188/3188
f 3191/3191 3192/3192 3189/3189
f 3191/3191 3189/3189 3190/3190
f 3192/3192 3193/3193 3188/3188
f 3192/3192 3188/3188 3189/3189
f 3118/3118 3216/3216 3217/3217
f 3118/3118 3217/3217 3119/3119
f 3169/3169 3170/3170 3150/3150
f 3169/3169 3150/3150 3149/3149
f 3150/3150 3151/3151 3148/3148
f 3150/3150 3148/3148 3149/3149
f 3148/3148 3147/3147 3146/3146
f 3148/3148 3146/3146 3145/3145
f 3149/3149 3148/3148 3145/3145
f 3149/3149 3145/3145 3144/3144
f 3168/3168 3169/3169 3149/3149
f 3168/3168 3149/3149 3144/3144
f 3171/3171 3172/3172 3154/3154
f 3171/3171 3154/3154 3153/3153
f 3154/3154 3155/3155 3152/3152
f 3154/3154 3152/3152 3153/3153
f 3153/3153 3152/3152 3151/3151
f 3153/3153 3151/3151 3150/3150
f 3170/3170 3171/3171 3153/3153
f 3170/3170 3153/3153 3150/3150
f 3182/3182 3183/3183 3154/3154
f 3182/3182 3154/3154 3172/3172
f 3183/3183 3184/3184 3155/3155
f 3183/3183 3155/3155 3154/3154
f 3161/3161 2704/2704 2705/2705
f 3161/3161 2705/2705 3162/3162
f 3160/3160 3161/3161 3162/3162
f 3160/3160 3162/3162 3163/3163
f 3159/3159 3160/3160 3163/3163
f 3159/3159 3163/3163 3164/3164
f 3165/3165 3166/3166 3159/3159
f 3165/3165 3159/3159 3164/3164
f 3166/3166 3167/3167 3158/3158
f 3166/3166 3158/3158 3159/3159
f 3158/3158 3157/3157 3160/3160
f 3158/3158 3160/3160 3159/3159
f 3157/3157 3156/3156 3161/3161
f 3157/3157 3161/3161 3160/3160
f 3156/3156 2697/2697 2704/2704
f 3156/3156 2704/2704 3161/3161
f 3162/3162 2705/2705 2635/2635
f 3162/3162 2635/2635 3099/3099
f 3163/3163 3162/3162 3099/3099
f 3163/3163 3099/3099 3098/3098
f 3164/3164 3163/3163 3098/3098
f 3164/3164 3098/3098 3097/3097
f 3096/3096 3165/3165 3164/3164
f 3096/3096 3164/3164 3097/3097
f 3095/3095 3173/3173 3165/3165
f 3095/3095 3165/3165 3096/3096
f 3173/3173 3174/3174 3166/3166
f 3173/3173 3166/3166 3165/3165
f 3174/3174 3175/3175 3167/3167
f 3174/3174 3167/3167 3166/3166
f 3175/3175 3176/3176 3168/3168
f 3175/3175 3168/3168 3167/3167
f 3176/3176 3177/3177 3169/3169
f 3176/3176 3169/3169 3168/3168
f 3177/3177 3178/3178 3170/3170
f 3177/3177 3170/3170 3169/3169
f 3178/3178 3179/3179 3171/3171
f 3178/3178 3171/3171 3170/3170
f 3179/3179 3180/3180 3172/3172
f 3179/3179 3172/3172 3171/3171
f 3181/3181 3182/3182 3172/3172
f 3181/3181 3172/3172 3180/3180
f 3093/3093 3173/3173 3095/3095
f 3093/3093 3095/3095 3094/3094
f 3092/3092 3174/3174 3173/3173
f 3092/3092 3173/3173 3093/3093
f 3091/3091 3175/3175 3174/3174
f 3091/3091 3174/3174 3092/3092
f 3090/3090 3176/3176 3175/3175
f 3090/3090 3175/3175 3091/3091
f 3089/3089 3177/3177 3176/3176
f 3089/3089 3176/3176 3090/3090
f 3088/3088 3178/3178 3177/3177
f 3088/3088 3177/3177 3089/3089
f 3087/3087 3179/3179 3178/3178
f 3087/3087 3178/3178 3088/3088
f 3086/3086 3180/3180 3179/3179
f 3086/3086 3179/3179 3087/3087
f 3085/3085 3181/3181 3180/3180
f 3085/3085 3180/3180 3086/3086
f 3082/3082 3187/3187 3084/3084
f 3082/3082 3084/3084 3083/3083
f 3081/3081 3186/3186 3187/3187
f 3081/3081 3187/3187 3082/3082
f 3186/3186 3185/3185 3183/3183
f 3186/3186 3183/3183 3182/3182
f 3187/3187 3186/3186 3182/3182
f 3187/3187 3182/3182 3181/3181
f 3084/3084 3187/3187 3181/3181
f 3084/3084 3181/3181 3085/3085
f 3199/3199 2747/2747 2748/2748
f 3199/3199 2748/2748 3200/3200
f 3198/3198 3199/3199 3200/3200
f 3198/3198 3200/3200 3201/3201
f 3197/3197 3198/3198 3201/3201
f 3197/3197 3201/3201 3202/3202
f 3121/3121 3218/3218 3219/3219
f 3121/3121 3219/3219 3120/3120
f 3117/3117 3214/3214 3215/3215
f 3117/3117 3215/3215 3116/3116
f 3203/3203 3204/3204 3195/3195
f 3203/3203 3195/3195 3196/3196
f 3204/3204 3205/3205 3194/3194
f 3204/3204 3194/3194 3195/3195
f 3205/3205 2755/2755 2740/2740
f 3205/3205 2740/2740 3194/3194
f 3194/3194 2740/2740 2739/2739
f 3194/3194 2739/2739 3193/3193
f 3195/3195 3194/3194 3193/3193
f 3195/3195 3193/3193 3192/3192
f 3196/3196 3195/3195 3192/3192
f 3196/3196 3192/3192 3191/3191
f 3116/3116 3215/3215 3216/3216
f 3116/3116 3216/3216 3118/3118
f 3119/3119 3217/3217 3218/3218
f 3119/3119 3218/3218 3121/3121
f 3190/3190 3189/3189 3198/3198
f 3190/3190 3198/3198 3197/3197
f 3189/3189 3188/3188 3199/3199
f 3189/3189 3199/3199 3198/3198
f 3188/3188 2732/2732 2747/2747
f 3188/3188 2747/2747 3199/3199
f 3200/3200 2748/2748 2772/2772
f 3200/3200 2772/2772 3220/3220
f 3201/3201 3200/3200 3220/3220
f 3201/3201 3220/3220 3221/3221
f 3202/3202 3201/3201 3221/3221
f 3202/3202 3221/3221 3222/3222
f 3120/3120 3219/3219 3223/3223
f 3120/3120 3223/3223 3106/3106
f 3102/3102 3212/3212 3213/3213
f 3102/3102 3213/3213 3104/3104
f 3209/3209 3210/3210 3207/3207
f 3209/3209 3207/3207 3208/3208
f 3210/3210 3211/3211 3206/3206
f 3210/3210 3206/3206 3207/3207
f 3211/3211 2763/2763 2756/2756
f 3211/3211 2756/2756 3206/3206
f 3206/3206 2756/2756 2755/2755
f 3206/3206 2755/2755 3205/3205
f 3207/3207 3206/3206 3205/3205
f 3207/3207 3205/3205 3204/3204
f 3208/3208 3207/3207 3204/3204
f 3208/3208 3204/3204 3203/3203
f 3104/3104 3213/3213 3214/3214
f 3104/3104 3214/3214 3117/3117
f 3112/3112 3212/3212 3102/3102
f 3112/3112 3102/3102 3103/3103
f 3101/3101 3210/3210 3209/3209
f 3101/3101 3209/3209 3100/3100
f 3113/3113 3211/3211 3210/3210
f 3113/3113 3210/3210 3101/3101
f 2637/2637 2763/2763 3211/3211
f 2637/2637 3211/3211 3113/3113
f 3100/3100 3209/3209 3212/3212
f 3100/3100 3212/3212 3112/3112
f 3213/3213 3212/3212 3209/3209
f 3213/3213 3209/3209 3208/3208
f 3214/3214 3213/3213 3208/3208
f 3214/3214 3208/3208 3203/3203
f 3215/3215 3214/3214 3203/3203
f 3215/3215 3203/3203 3196/3196
f 3216/3216 3215/3215 3196/3196
f 3216/3216 3196/3196 3191/3191
f 3217/3217 3216/3216 3191/3191
f 3217/3217 3191/3191 3190/3190
f 3218/3218 3217/3217 3190/3190
f 3218/3218 3190/3190 3197/3197
f 3219/3219 3218/3218 3197/3197
f 3219/3219 3197/3197 3202/3202
f 3222/3222 3223/3223 3219/3219
f 3222/3222 3219/3219 3202/3202
f 3227/3227 2781/2781 2782/2782
f 3227/3227 2782/2782 3228/3228
f 3226/3226 3227/3227 3228/3228
f 3226/3226 3228/3228 3229/3229
f 3225/3225 3226/3226 3229/3229
f 3225/3225 3229/3229 3230/3230
f 3230/3230 3231/3231 3224/3224
f 3230/3230 3224/3224 3225/3225
f 3105/3105 3224/3224 3231/3231
f 3105/3105 3231/3231 3107/3107
f 3106/3106 3223/3223 3224/3224
f 3106/3106 3224/3224 3105/3105
f 3225/3225 3224/3224 3223/3223
f 3225/3225 3223/3223 3222/3222
f 3222/3222 3221/3221 3226/3226
f 3222/3222 3226/3226 3225/3225
f 3221/3221 3220/3220 3227/3227
f 3221/3221 3227/3227 3226/3226
f 3220/3220 2772/2772 2781/2781
f 3220/3220 2781/2781 3227/3227
f 3235/3235 2791/2791 2636/2636
f 3235/3235 2636/2636 3111/3111
f 3234/3234 3235/3235 3111/3111
f 3234/3234 3111/3111 3115/3115
f 3233/3233 3234/3234 3115/3115
f 3233/3233 3115/3115 3109/3109
f 3110/3110 3232/3232 3233/3233
f 3110/3110 3233/3233 3109/3109
f 3108/3108 3232/3232 3110/3110
f 3108/3108 3110/3110 3114/3114
f 3107/3107 3231/3231 3232/3232
f 3107/3107 3232/3232 3108/3108
f 3233/3233 3232/3232 3231/3231
f 3233/3233 3231/3231 3230/3230
f 3230/3230 3229/3229 3234/3234
f 3230/3230 3234/3234 3233/3233
f 3229/3229 3228/3228 3235/3235
f 3229/3229 3235/3235 3234/3234
f 3228/3228 2782/2782 2791/2791
f 3228/3228 2791/2791 3235/3235
f 3237/3237 3236/3236 3140/3140
f 3237/3237 3140/3140 3141/3141
f 3238/3238 3237/3237 3141/3141
f 3238/3238 3141/3141 3142/3142
f 3239/3239 3238/3238 3142/3142
f 3239/3239 3142/3142 3143/3143
f 2796/2796 3239/3239 3143/3143
f 2796/2796 3143/3143 2683/2683
f 3240/3240 2797/2797 2660/2660
f 3240/3240 2660/2660 3122/3122
f 3241/3241 3240/3240 3122/3122
f 3241/3241 3122/3122 3123/3123
f 3242/3242 3241/3241 3123/3123
f 3242/3242 3123/3123 3124/3124
f 3243/3243 3242/3242 3124/3124
f 3243/3243 3124/3124 3125/3125
f 3244/3244 3243/3243 3125/3125
f 3244/3244 3125/3125 3126/3126
f 3245/3245 3244/3244 3126/3126
f 3245/3245 3126/3126 3127/3127
f 3246/3246 3245/3245 3127/3127
f 3246/3246 3127/3127 3128/3128
f 3247/3247 3246/3246 3128/3128
f 3247/3247 3128/3128 3129/3129
f 3248/3248 3247/3247 3129/3129
f 3248/3248 3129/3129 3130/3130
f 3249/3249 3248/3248 3130/3130
f 3249/3249 3130/3130 3131/3131
f 3250/3250 3249/3249 3131/3131
f 3250/3250 3131/3131 3132/3132
f 3251/3251 3250/3250 3132/3132
f 3251/3251 3132/3132 3133/3133
f 3252/3252 3251/3251 3133/3133
f 3252/3252 3133/3133 3134/3134
f 3253/3253 3252/3252 3134/3134
f 3253/3253 3134/3134 3135/3135
f 3254/3254 3253/3253 3135/3135
f 3254/3254 3135/3135 3136/3136
f 3255/3255 3254/3254 3136/3136
f 3255/3255 3136/3136 3137/3137
f 3256/3256 3255/3255 3137/3137
f 3256/3256 3137/3137 3138/3138
f 3257/3257 3256/3256 3138/3138
f 3257/3257 3138/3138 3139/3139
f 3236/3236 3257/3257 3139/3139
f 3236/3236 3139/3139 3140/3140
f 3259/3259 3258/3258 3058/3058
f 3259/3259 3058/3058 3059/3059
f 3260/3260 3259/3259 3059/3059
f 3260/3260 3059/3059 3060/3060
f 3261/3261 3260/3260 3060/3060
f 3261/3261 3060/3060 3061/3061
f 3262/3262 3261/3261 3061/3061
f 3262/3262 3061/3061 3062/3062
f 3263/3263 3262/3262 3062/3062
f 3263/3263 3062/3062 3063/3063
f 3264/3264 3263/3263 3063/3063
f 3264/3264 3063/3063 3064/3064
f 3265/3265 3264/3264 3064/3064
f 3265/3265 3064/3064 3065/3065
f 3266/3266 3265/3265 3065/3065
f 3266/3266 3065/3065 3066/3066
f 3267/3267 3266/3266 3066/3066
f 3267/3267 3066/3066 3067/3067
f 3268/3268 3267/3267 3067/3067
f 3268/3268 3067/3067 3068/3068
f 3269/3269 3268/3268 3068/3068
f 3269/3269 3068/3068 3069/3069
f 3270/3270 3269/3269 3069/3069
f 3270/3270 3069/3069 3070/3070
f 3271/3271 3270/3270 3070/3070
f 3271/3271 3070/3070 3071/3071
f 3272/3272 3271/3271 3071/3071
f 3272/3272 3071/3071 3072/3072
f 3273/3273 3272/3272 3072/3072
f 3273/3273 3072/3072 3073/3073
f 3274/3274 3273/3273 3073/3073
f 3274/3274 3073/3073 3074/3074
f 3275/3275 3274/3274 3074/3074
f 3275/3275 3074/3074 3075/3075
f 3276/3276 3275/3275 3075/3075
f 3276/3276 3075/3075 3076/3076
f 3277/3277 3276/3276 3076/3076
f 3277/3277 3076/3076 3077/3077
f 3278/3278 3277/3277 3077/3077
f 3278/3278 3077/3077 3078/3078
f 2837/2837 3278/3278 3078/3078
f 2837/2837 3078/3078 2613/2613
f 3285/3285 3366/3366 3365/3365
f 3285/3285 3365/3365 3286/3286
f 3286/3286 3365/3365 3364/3364
f 3286/3286 3364/3364 3287/3287
f 3356/3356 3288/3288 3325/3325
f 3356/3356 3325/3325 3357/3357
f 3355/3355 3289/3289 3288/3288
f 3355/3355 3288/3288 3356/3356
f 3297/3297 3294/3294 3353/3353
f 3297/3297 3353/3353 3352/3352
f 3285/3285 3311/3311 3367/3367
f 3285/3285 3367/3367 3366/3366
f 3325/3325 3288/3288 3336/3336
f 3325/3325 3336/3336 3335/3335
f 3289/3289 3337/3337 3336/3336
f 3289/3289 3336/3336 3288/3288
f 3339/3339 3294/3294 3297/3297
f 3339/3339 3297/3297 3340/3340
f 3289/3289 3355/3355 3354/3354
f 3289/3289 3354/3354 3292/3292
f 3337/3337 3289/3289 3292/3292
f 3337/3337 3292/3292 3338/3338
f 3353/3353 3294/3294 3292/3292
f 3353/3353 3292/3292 3354/3354
f 3292/3292 3294/3294 3339/3339
f 3292/3292 3339/3339 3338/3338
f 3298/3298 3280/3280 3282/3282
f 3298/3298 3282/3282 3341/3341
f 3350/3350 3280/3280 3298/3298
f 3350/3350 3298/3298 3351/3351
f 3351/3351 3298/3298 3297/3297
f 3351/3351 3297/3297 3352/3352
f 3297/3297 3298/3298 3341/3341
f 3297/3297 3341/3341 3340/3340
f 3316/3316 3319/3319 3359/3359
f 3316/3316 3359/3359 3358/3358
f 3333/3333 3319/3319 3316/3316
f 3333/3333 3316/3316 3334/3334
f 3319/3319 3322/3322 3360/3360
f 3319/3319 3360/3360 3359/3359
f 3332/3332 3322/3322 3319/3319
f 3332/3332 3319/3319 3333/3333
f 3322/3322 3290/3290 3361/3361
f 3322/3322 3361/3361 3360/3360
f 3290/3290 3322/3322 3332/3332
f 3290/3290 3332/3332 3331/3331
f 3325/3325 3316/3316 3358/3358
f 3325/3325 3358/3358 3357/3357
f 3334/3334 3316/3316 3325/3325
f 3334/3334 3325/3325 3335/3335
f 3284/3284 3327/3327 3328/3328
f 3284/3284 3328/3328 3283/3283
f 3326/3326 3283/3283 3328/3328
f 3326/3326 3328/3328 3329/3329
f 3332/3332 3323/3323 3291/3291
f 3332/3332 3291/3291 3331/3331
f 3320/3320 3323/3323 3332/3332
f 3320/3320 3332/3332 3333/3333
f 3317/3317 3320/3320 3333/3333
f 3317/3317 3333/3333 3334/3334
f 3326/3326 3317/3317 3334/3334
f 3326/3326 3334/3334 3335/3335
f 3336/3336 3283/3283 3326/3326
f 3336/3336 3326/3326 3335/3335
f 3337/3337 3284/3284 3283/3283
f 3337/3337 3283/3283 3336/3336
f 3284/3284 3337/3337 3338/3338
f 3284/3284 3338/3338 3293/3293
f 3339/3339 3295/3295 3293/3293
f 3339/3339 3293/3293 3338/3338
f 3341/3341 3299/3299 3296/3296
f 3341/3341 3296/3296 3340/3340
f 3282/3282 3279/3279 3299/3299
f 3282/3282 3299/3299 3341/3341
f 3362/3362 3345/3345 3344/3344
f 3362/3362 3344/3344 3363/3363
f 3345/3345 3347/3347 3346/3346
f 3345/3345 3346/3346 3344/3344
f 3347/3347 3349/3349 3348/3348
f 3347/3347 3348/3348 3346/3346
f 3361/3361 3290/3290 3345/3345
f 3361/3361 3345/3345 3362/3362
f 3345/3345 3290/3290 3331/3331
f 3345/3345 3331/3331 3347/3347
f 3287/3287 3364/3364 3363/3363
f 3287/3287 3363/3363 3344/3344
f 3330/3330 3287/3287 3344/3344
f 3330/3330 3344/3344 3346/3346
f 3331/3331 3291/3291 3349/3349
f 3331/3331 3349/3349 3347/3347
f 3281/3281 3350/3350 3351/3351
f 3281/3281 3351/3351 3304/3304
f 3304/3304 3351/3351 3352/3352
f 3304/3304 3352/3352 3305/3305
f 3353/3353 3306/3306 3305/3305
f 3353/3353 3305/3305 3352/3352
f 3306/3306 3353/3353 3354/3354
f 3306/3306 3354/3354 3307/3307
f 3355/3355 3308/3308 3307/3307
f 3355/3355 3307/3307 3354/3354
f 3308/3308 3355/3355 3356/3356
f 3308/3308 3356/3356 3309/3309
f 3309/3309 3356/3356 3357/3357
f 3309/3309 3357/3357 3324/3324
f 3358/3358 3315/3315 3324/3324
f 3358/3358 3324/3324 3357/3357
f 3359/3359 3318/3318 3315/3315
f 3359/3359 3315/3315 3358/3358
f 3360/3360 3321/3321 3318/3318
f 3360/3360 3318/3318 3359/3359
f 3361/3361 3300/3300 3321/3321
f 3361/3361 3321/3321 3360/3360
f 3300/3300 3361/3361 3362/3362
f 3300/3300 3362/3362 3342/3342
f 3342/3342 3362/3362 3363/3363
f 3342/3342 3363/3363 3343/3343
f 3364/3364 3301/3301 3343/3343
f 3364/3364 3343/3343 3363/3363
f 3365/3365 3302/3302 3301/3301
f 3365/3365 3301/3301 3364/3364
f 3366/3366 3303/3303 3302/3302
f 3366/3366 3302/3302 3365/3365
f 3367/3367 3310/3310 3303/3303
f 3367/3367 3303/3303 3366/3366
f 3368/3368 3314/3314 3310/3310
f 3368/3368 3310/3310 3367/3367
f 3312/3312 3313/3313 3369/3369
f 3312/3312 3369/3369 3370/3370
f 3302/3302 3429/3429 3428/3428
f 3302/3302 3428/3428 3301/3301
f 3303/3303 3430/3430 3429/3429
f 3303/3303 3429/3429 3302/3302
f 3310/3310 3431/3431 3430/3430
f 3310/3310 3430/3430 3303/3303
f 3312/3312 3434/3434 3433/3433
f 3312/3312 3433/3433 3313/3313
f 3304/3304 3415/3415 3414/3414
f 3304/3304 3414/3414 3281/3281
f 3305/3305 3416/3416 3415/3415
f 3305/3305 3415/3415 3304/3304
f 3306/3306 3417/3417 3416/3416
f 3306/3306 3416/3416 3305/3305
f 3307/3307 3418/3418 3417/3417
f 3307/3307 3417/3417 3306/3306
f 3308/3308 3419/3419 3418/3418
f 3308/3308 3418/3418 3307/3307
f 3309/3309 3420/3420 3419/3419
f 3309/3309 3419/3419 3308/3308
f 3324/3324 3421/3421 3420/3420
f 3324/3324 3420/3420 3309/3309
f 3313/3313 3433/3433 3432/3432
f 3313/3313 3432/3432 3314/3314
f 3314/3314 3432/3432 3431/3431
f 3314/3314 3431/3431 3310/3310
f 3318/3318 3423/3423 3422/3422
f 3318/3318 3422/3422 3315/3315
f 3321/3321 3424/3424 3423/3423
f 3321/3321 3423/3423 3318/3318
f 3300/3300 3425/3425 3424/3424
f 3300/3300 3424/3424 3321/3321
f 3315/3315 3422/3422 3421/3421
f 3315/3315 3421/3421 3324/3324
f 3343/3343 3427/3427 3426/3426
f 3343/3343 3426/3426 3342/3342
f 3342/3342 3426/3426 3425/3425
f 3342/3342 3425/3425 3300/3300
f 3301/3301 3428/3428 3427/3427
f 3301/3301 3427/3427 3343/3343
f 3372/3372 3393/3393 3394/3394
f 3372/3372 3394/3394 3373/3373
f 3374/3374 3395/3395 3393/3393
f 3374/3374 3393/3393 3372/3372
f 3375/3375 3396/3396 3395/3395
f 3375/3375 3395/3395 3374/3374
f 3376/3376 3397/3397 3398/3398
f 3376/3376 3398/3398 3377/3377
f 3378/3378 3399/3399 3392/3392
f 3378/3378 3392/3392 3371/3371
f 3379/3379 3400/3400 3399/3399
f 3379/3379 3399/3399 3378/3378
f 3380/3380 3401/3401 3400/3400
f 3380/3380 3400/3400 3379/3379
f 3381/3381 3402/3402 3401/3401
f 3381/3381 3401/3401 3380/3380
f 3382/3382 3403/3403 3402/3402
f 3382/3382 3402/3402 3381/3381
f 3383/3383 3404/3404 3403/3403
f 3383/3383 3403/3403 3382/3382
f 3384/3384 3405/3405 3404/3404
f 3384/3384 3404/3404 3383/3383
f 3377/3377 3398/3398 3406/3406
f 3377/3377 3406/3406 3385/3385
f 3385/3385 3406/3406 3396/3396
f 3385/3385 3396/3396 3375/3375
f 3386/3386 3408/3408 3409/3409
f 3386/3386 3409/3409 3387/3387
f 3388/3388 3410/3410 3408/3408
f 3388/3388 3408/3408 3386/3386
f 3389/3389 3411/3411 3410/3410
f 3389/3389 3410/3410 3388/3388
f 3387/3387 3409/3409 3405/3405
f 3387/3387 3405/3405 3384/3384
f 3390/3390 3412/3412 3413/3413
f 3390/3390 3413/3413 3391/3391
f 3391/3391 3413/3413 3411/3411
f 3391/3391 3411/3411 3389/3389
f 3373/3373 3394/3394 3412/3412
f 3373/3373 3412/3412 3390/3390
f 3415/3415 3378/3378 3371/3371
f 3415/3415 3371/3371 3414/3414
f 3416/3416 3379/3379 3378/3378
f 3416/3416 3378/3378 3415/3415
f 3417/3417 3380/3380 3379/3379
f 3417/3417 3379/3379 3416/3416
f 3418/3418 3381/3381 3380/3380
f 3418/3418 3380/3380 3417/3417
f 3419/3419 3382/3382 3381/3381
f 3419/3419 3381/3381 3418/3418
f 3420/3420 3383/3383 3382/3382
f 3420/3420 3382/3382 3419/3419
f 3421/3421 3384/3384 3383/3383
f 3421/3421 3383/3383 3420/3420
f 3422/3422 3387/3387 3384/3384
f 3422/3422 3384/3384 3421/3421
f 3423/3423 3386/3386 3387/3387
f 3423/3423 3387/3387 3422/3422
f 3424/3424 3388/3388 3386/3386
f 3424/3424 3386/3386 3423/3423
f 3425/3425 3389/3389 3388/3388
f 3425/3425 3388/3388 3424/3424
f 3426/3426 3391/3391 3389/3389
f 3426/3426 3389/3389 3425/3425
f 3427/3427 3390/3390 3391/3391
f 3427/3427 3391/3391 3426/3426
f 3428/3428 3373/3373 3390/3390
f 3428/3428 3390/3390 3427/3427
f 3429/3429 3372/3372 3373/3373
f 3429/3429 3373/3373 3428/3428
f 3430/3430 3374/3374 3372/3372
f 3430/3430 3372/3372 3429/3429
f 3431/3431 3375/3375 3374/3374
f 3431/3431 3374/3374 3430/3430
f 3432/3432 3385/3385 3375/3375
f 3432/3432 3375/3375 3431/3431
f 3433/3433 3377/3377 3385/3385
f 3433/3433 3385/3385 3432/3432
f 3434/3434 3376/3376 3377/3377
f 3434/3434 3377/3377 3433/3433
f 3447/3447 3437/3437 3436/3436
f 3447/3447 3436/3436 3448/3448
f 3448/3448 3436/3436 3435/3435
f 3448/3448 3435/3435 3449/3449
f 3468/3468 3438/3438 3446/3446
f 3468/3468 3446/3446 3469/3469
f 3446/3446 3438/3438 3437/3437
f 3446/3446 3437/3437 3447/3447
f 3440/3440 3444/3444 3443/3443
f 3440/3440 3443/3443 3441/3441
f 3439/3439 3445/3445 3444/3444
f 3439/3439 3444/3444 3440/3440
f 3466/3466 3445/3445 3439/3439
f 3466/3466 3439/3439 3467/3467
f 3467/3467 3439/3439 3438/3438
f 3467/3467 3438/3438 3468/3468
f 3438/3438 3439/3439 3440/3440
f 3438/3438 3440/3440 3437/3437
f 3437/3437 3440/3440 3441/3441
f 3437/3437 3441/3441 3436/3436
f 3436/3436 3441/3441 3442/3442
f 3436/3436 3442/3442 3435/3435
f 3444/3444 3451/3451 3450/3450
f 3444/3444 3450/3450 3443/3443
f 3445/3445 3452/3452 3451/3451
f 3445/3445 3451/3451 3444/3444
f 3465/3465 3452/3452 3445/3445
f 3465/3465 3445/3445 3466/3466
f 3470/3470 3456/3456 3457/3457
f 3470/3470 3457/3457 3471/3471
f 3457/3457 3456/3456 3455/3455
f 3457/3457 3455/3455 3458/3458
f 3458/3458 3455/3455 3454/3454
f 3458/3458 3454/3454 3459/3459
f 3459/3459 3454/3454 3453/3453
f 3459/3459 3453/3453 3460/3460
f 3451/3451 3462/3462 3461/3461
f 3451/3451 3461/3461 3450/3450
f 3452/3452 3463/3463 3462/3462
f 3452/3452 3462/3462 3451/3451
f 3464/3464 3463/3463 3452/3452
f 3464/3464 3452/3452 3465/3465
f 3454/3454 3448/3448 3449/3449
f 3454/3454 3449/3449 3453/3453
f 3455/3455 3447/3447 3448/3448
f 3455/3455 3448/3448 3454/3454
f 3456/3456 3446/3446 3447/3447
f 3456/3456 3447/3447 3455/3455
f 3469/3469 3446/3446 3456/3456
f 3469/3469 3456/3456 3470/3470
f 3401/3401 3402/3402 3471/3471
f 3401/3401 3471/3471 3457/3457
f 3400/3400 3401/3401 3457/3457
f 3400/3400 3457/3457 3458/3458
f 3399/3399 3400/3400 3458/3458
f 3399/3399 3458/3458 3459/3459
f 3392/3392 3399/3399 3459/3459
f 3392/3392 3459/3459 3460/3460
f 3482/3482 3485/3485 3484/3484
f 3482/3482 3484/3484 3483/3483
f 3485/3485 3482/3482 3481/3481
f 3485/3485 3481/3481 3486/3486
f 3393/3393 3395/3395 3487/3487
f 3393/3393 3487/3487 3480/3480
f 3412/3412 3394/3394 3479/3479
f 3412/3412 3479/3479 3478/3478
f 3413/3413 3412/3412 3478/3478
f 3413/3413 3478/3478 3477/3477
f 3411/3411 3413/3413 3477/3477
f 3411/3411 3477/3477 3476/3476
f 3410/3410 3411/3411 3476/3476
f 3410/3410 3476/3476 3475/3475
f 3408/3408 3410/3410 3475/3475
f 3408/3408 3475/3475 3474/3474
f 3409/3409 3408/3408 3474/3474
f 3409/3409 3474/3474 3473/3473
f 3405/3405 3409/3409 3473/3473
f 3405/3405 3473/3473 3472/3472
f 3403/3403 3404/3404 3405/3405
f 3403/3403 3405/3405 3472/3472
f 3402/3402 3403/3403 3472/3472
f 3402/3402 3472/3472 3471/3471
f 3473/3473 3470/3470 3471/3471
f 3473/3473 3471/3471 3472/3472
f 3474/3474 3469/3469 3470/3470
f 3474/3474 3470/3470 3473/3473
f 3475/3475 3468/3468 3469/3469
f 3475/3475 3469/3469 3474/3474
f 3476/3476 3467/3467 3468/3468
f 3476/3476 3468/3468 3475/3475
f 3477/3477 3466/3466 3467/3467
f 3477/3477 3467/3467 3476/3476
f 3478/3478 3465/3465 3466/3466
f 3478/3478 3466/3466 3477/3477
f 3479/3479 3464/3464 3465/3465
f 3479/3479 3465/3465 3478/3478
f 3486/3486 3481/3481 3480/3480
f 3486/3486 3480/3480 3487/3487
f 3394/3394 3393/3393 3480/3480
f 3394/3394 3480/3480 3479/3479
f 3481/3481 3464/3464 3479/3479
f 3481/3481 3479/3479 3480/3480
f 3482/3482 3463/3463 3464/3464
f 3482/3482 3464/3464 3481/3481
f 3463/3463 3482/3482 3483/3483
f 3463/3463 3483/3483 3462/3462
f 3485/3485 3397/3397 3407/3407
f 3485/3485 3407/3407 3484/3484
f 3398/3398 3397/3397 3485/3485
f 3398/3398 3485/3485 3486/3486
f 3406/3406 3398/3398 3486/3486
f 3406/3406 3486/3486 3487/3487
f 3395/3395 3396/3396 3406/3406
f 3395/3395 3406/3406 3487/3487
f 3490/3490 3491/3491 3569/3569
f 3490/3490 3569/3569 3570/3570
f 3491/3491 3492/3492 3568/3568
f 3491/3491 3568/3568 3569/3569
f 3560/3560 3561/3561 3530/3530
f 3560/3560 3530/3530 3493/3493
f 3559/3559 3560/3560 3493/3493
f 3559/3559 3493/3493 3494/3494
f 3502/3502 3556/3556 3557/3557
f 3502/3502 3557/3557 3499/3499
f 3490/3490 3570/3570 3571/3571
f 3490/3490 3571/3571 3516/3516
f 3530/3530 3540/3540 3541/3541
f 3530/3530 3541/3541 3493/3493
f 3494/3494 3493/3493 3541/3541
f 3494/3494 3541/3541 3542/3542
f 3544/3544 3545/3545 3502/3502
f 3544/3544 3502/3502 3499/3499
f 3494/3494 3497/3497 3558/3558
f 3494/3494 3558/3558 3559/3559
f 3542/3542 3543/3543 3497/3497
f 3542/3542 3497/3497 3494/3494
f 3557/3557 3558/3558 3497/3497
f 3557/3557 3497/3497 3499/3499
f 3497/3497 3543/3543 3544/3544
f 3497/3497 3544/3544 3499/3499
f 3503/3503 3546/3546 3282/3282
f 3503/3503 3282/3282 3280/3280
f 3350/3350 3555/3555 3503/3503
f 3350/3350 3503/3503 3280/3280
f 3555/3555 3556/3556 3502/3502
f 3555/3555 3502/3502 3503/3503
f 3502/3502 3545/3545 3546/3546
f 3502/3502 3546/3546 3503/3503
f 3521/3521 3562/3562 3563/3563
f 3521/3521 3563/3563 3524/3524
f 3538/3538 3539/3539 3521/3521
f 3538/3538 3521/3521 3524/3524
f 3524/3524 3563/3563 3564/3564
f 3524/3524 3564/3564 3527/3527
f 3537/3537 3538/3538 3524/3524
f 3537/3537 3524/3524 3527/3527
f 3527/3527 3564/3564 3565/3565
f 3527/3527 3565/3565 3495/3495
f 3495/3495 3536/3536 3537/3537
f 3495/3495 3537/3537 3527/3527
f 3530/3530 3561/3561 3562/3562
f 3530/3530 3562/3562 3521/3521
f 3539/3539 3540/3540 3530/3530
f 3539/3539 3530/3530 3521/3521
f 3489/3489 3488/3488 3533/3533
f 3489/3489 3533/3533 3532/3532
f 3531/3531 3534/3534 3533/3533
f 3531/3531 3533/3533 3488/3488
f 3537/3537 3536/3536 3496/3496
f 3537/3537 3496/3496 3528/3528
f 3525/3525 3538/3538 3537/3537
f 3525/3525 3537/3537 3528/3528
f 3522/3522 3539/3539 3538/3538
f 3522/3522 3538/3538 3525/3525
f 3531/3531 3540/3540 3539/3539
f 3531/3531 3539/3539 3522/3522
f 3541/3541 3540/3540 3531/3531
f 3541/3541 3531/3531 3488/3488
f 3542/3542 3541/3541 3488/3488
f 3542/3542 3488/3488 3489/3489
f 3489/3489 3498/3498 3543/3543
f 3489/3489 3543/3543 3542/3542
f 3544/3544 3543/3543 3498/3498
f 3544/3544 3498/3498 3500/3500
f 3546/3546 3545/3545 3501/3501
f 3546/3546 3501/3501 3504/3504
f 3282/3282 3546/3546 3504/3504
f 3282/3282 3504/3504 3279/3279
f 3566/3566 3567/3567 3549/3549
f 3566/3566 3549/3549 3550/3550
f 3550/3550 3549/3549 3551/3551
f 3550/3550 3551/3551 3552/3552
f 3552/3552 3551/3551 3553/3553
f 3552/3552 3553/3553 3554/3554
f 3565/3565 3566/3566 3550/3550
f 3565/3565 3550/3550 3495/3495
f 3550/3550 3552/3552 3536/3536
f 3550/3550 3536/3536 3495/3495
f 3492/3492 3549/3549 3567/3567
f 3492/3492 3567/3567 3568/3568
f 3535/3535 3551/3551 3549/3549
f 3535/3535 3549/3549 3492/3492
f 3536/3536 3552/3552 3554/3554
f 3536/3536 3554/3554 3496/3496
f 3281/3281 3509/3509 3555/3555
f 3281/3281 3555/3555 3350/3350
f 3509/3509 3510/3510 3556/3556
f 3509/3509 3556/3556 3555/3555
f 3557/3557 3556/3556 3510/3510
f 3557/3557 3510/3510 3511/3511
f 3511/3511 3512/3512 3558/3558
f 3511/3511 3558/3558 3557/3557
f 3559/3559 3558/3558 3512/3512
f 3559/3559 3512/3512 3513/3513
f 3513/3513 3514/3514 3560/3560
f 3513/3513 3560/3560 3559/3559
f 3514/3514 3529/3529 3561/3561
f 3514/3514 3561/3561 3560/3560
f 3562/3562 3561/3561 3529/3529
f 3562/3562 3529/3529 3520/3520
f 3563/3563 3562/3562 3520/3520
f 3563/3563 3520/3520 3523/3523
f 3564/3564 3563/3563 3523/3523
f 3564/3564 3523/3523 3526/3526
f 3565/3565 3564/3564 3526/3526
f 3565/3565 3526/3526 3505/3505
f 3505/3505 3547/3547 3566/3566
f 3505/3505 3566/3566 3565/3565
f 3547/3547 3548/3548 3567/3567
f 3547/3547 3567/3567 3566/3566
f 3568/3568 3567/3567 3548/3548
f 3568/3568 3548/3548 3506/3506
f 3569/3569 3568/3568 3506/3506
f 3569/3569 3506/3506 3507/3507
f 3570/3570 3569/3569 3507/3507
f 3570/3570 3507/3507 3508/3508
f 3571/3571 3570/3570 3508/3508
f 3571/3571 3508/3508 3515/3515
f 3572/3572 3571/3571 3515/3515
f 3572/3572 3515/3515 3519/3519
f 3517/3517 3574/3574 3573/3573
f 3517/3517 3573/3573 3518/3518
f 3507/3507 3506/3506 3629/3629
f 3507/3507 3629/3629 3630/3630
f 3508/3508 3507/3507 3630/3630
f 3508/3508 3630/3630 3631/3631
f 3515/3515 3508/3508 3631/3631
f 3515/3515 3631/3631 3632/3632
f 3517/3517 3518/3518 3634/3634
f 3517/3517 3634/3634 3635/3635
f 3509/3509 3281/3281 3414/3414
f 3509/3509 3414/3414 3616/3616
f 3510/3510 3509/3509 3616/3616
f 3510/3510 3616/3616 3617/3617
f 3511/3511 3510/3510 3617/3617
f 3511/3511 3617/3617 3618/3618
f 3512/3512 3511/3511 3618/3618
f 3512/3512 3618/3618 3619/3619
f 3513/3513 3512/3512 3619/3619
f 3513/3513 3619/3619 3620/3620
f 3514/3514 3513/3513 3620/3620
f 3514/3514 3620/3620 3621/3621
f 3529/3529 3514/3514 3621/3621
f 3529/3529 3621/3621 3622/3622
f 3518/3518 3519/3519 3633/3633
f 3518/3518 3633/3633 3634/3634
f 3519/3519 3515/3515 3632/3632
f 3519/3519 3632/3632 3633/3633
f 3523/3523 3520/3520 3623/3623
f 3523/3523 3623/3623 3624/3624
f 3526/3526 3523/3523 3624/3624
f 3526/3526 3624/3624 3625/3625
f 3505/3505 3526/3526 3625/3625
f 3505/3505 3625/3625 3626/3626
f 3520/3520 3529/3529 3622/3622
f 3520/3520 3622/3622 3623/3623
f 3548/3548 3547/3547 3627/3627
f 3548/3548 3627/3627 3628/3628
f 3547/3547 3505/3505 3626/3626
f 3547/3547 3626/3626 3627/3627
f 3506/3506 3548/3548 3628/3628
f 3506/3506 3628/3628 3629/3629
f 3575/3575 3576/3576 3596/3596
f 3575/3575 3596/3596 3595/3595
f 3577/3577 3575/3575 3595/3595
f 3577/3577 3595/3595 3597/3597
f 3578/3578 3577/3577 3597/3597
f 3578/3578 3597/3597 3598/3598
f 3579/3579 3580/3580 3600/3600
f 3579/3579 3600/3600 3599/3599
f 3581/3581 3371/3371 3392/3392
f 3581/3581 3392/3392 3601/3601
f 3582/3582 3581/3581 3601/3601
f 3582/3582 3601/3601 3602/3602
f 3583/3583 3582/3582 3602/3602
f 3583/3583 3602/3602 3603/3603
f 3584/3584 3583/3583 3603/3603
f 3584/3584 3603/3603 3604/3604
f 3585/3585 3584/3584 3604/3604
f 3585/3585 3604/3604 3605/3605
f 3586/3586 3585/3585 3605/3605
f 3586/3586 3605/3605 3606/3606
f 3587/3587 3586/3586 3606/3606
f 3587/3587 3606/3606 3607/3607
f 3580/3580 3588/3588 3608/3608
f 3580/3580 3608/3608 3600/3600
f 3588/3588 3578/3578 3598/3598
f 3588/3588 3598/3598 3608/3608
f 3589/3589 3590/3590 3611/3611
f 3589/3589 3611/3611 3610/3610
f 3591/3591 3589/3589 3610/3610
f 3591/3591 3610/3610 3612/3612
f 3592/3592 3591/3591 3612/3612
f 3592/3592 3612/3612 3613/3613
f 3590/3590 3587/3587 3607/3607
f 3590/3590 3607/3607 3611/3611
f 3593/3593 3594/3594 3615/3615
f 3593/3593 3615/3615 3614/3614
f 3594/3594 3592/3592 3613/3613
f 3594/3594 3613/3613 3615/3615
f 3576/3576 3593/3593 3614/3614
f 3576/3576 3614/3614 3596/3596
f 3616/3616 3414/3414 3371/3371
f 3616/3616 3371/3371 3581/3581
f 3617/3617 3616/3616 3581/3581
f 3617/3617 3581/3581 3582/3582
f 3618/3618 3617/3617 3582/3582
f 3618/3618 3582/3582 3583/3583
f 3619/3619 3618/3618 3583/3583
f 3619/3619 3583/3583 3584/3584
f 3620/3620 3619/3619 3584/3584
f 3620/3620 3584/3584 3585/3585
f 3621/3621 3620/3620 3585/3585
f 3621/3621 3585/3585 3586/3586
f 3622/3622 3621/3621 3586/3586
f 3622/3622 3586/3586 3587/3587
f 3623/3623 3622/3622 3587/3587
f 3623/3623 3587/3587 3590/3590
f 3624/3624 3623/3623 3590/3590
f 3624/3624 3590/3590 3589/3589
f 3625/3625 3624/3624 3589/3589
f 3625/3625 3589/3589 3591/3591
f 3626/3626 3625/3625 3591/3591
f 3626/3626 3591/3591 3592/3592
f 3627/3627 3626/3626 3592/3592
f 3627/3627 3592/3592 3594/3594
f 3628/3628 3627/3627 3594/3594
f 3628/3628 3594/3594 3593/3593
f 3629/3629 3628/3628 3593/3593
f 3629/3629 3593/3593 3576/3576
f 3630/3630 3629/3629 3576/3576
f 3630/3630 3576/3576 3575/3575
f 3631/3631 3630/3630 3575/3575
f 3631/3631 3575/3575 3577/3577
f 3632/3632 3631/3631 3577/3577
f 3632/3632 3577/3577 3578/3578
f 3633/3633 3632/3632 3578/3578
f 3633/3633 3578/3578 3588/3588
f 3634/3634 3633/3633 3588/3588
f 3634/3634 3588/3588 3580/3580
f 3635/3635 3634/3634 3580/3580
f 3635/3635 3580/3580 3579/3579
f 3646/3646 3647/3647 3636/3636
f 3646/3646 3636/3636 3637/3637
f 3647/3647 3449/3449 3435/3435
f 3647/3647 3435/3435 3636/3636
f 3664/3664 3665/3665 3645/3645
f 3664/3664 3645/3645 3638/3638
f 3645/3645 3646/3646 3637/3637
f 3645/3645 3637/3637 3638/3638
f 3640/3640 3641/3641 3642/3642
f 3640/3640 3642/3642 3643/3643
f 3639/3639 3640/3640 3643/3643
f 3639/3639 3643/3643 3644/3644
f 3662/3662 3663/3663 3639/3639
f 3662/3662 3639/3639 3644/3644
f 3663/3663 3664/3664 3638/3638
f 3663/3663 3638/3638 3639/3639
f 3638/3638 3637/3637 3640/3640
f 3638/3638 3640/3640 3639/3639
f 3637/3637 3636/3636 3641/3641
f 3637/3637 3641/3641 3640/3640
f 3636/3636 3435/3435 3442/3442
f 3636/3636 3442/3442 3641/3641
f 3643/3643 3642/3642 3648/3648
f 3643/3643 3648/3648 3649/3649
f 3644/3644 3643/3643 3649/3649
f 3644/3644 3649/3649 3650/3650
f 3661/3661 3662/3662 3644/3644
f 3661/3661 3644/3644 3650/3650
f 3666/3666 3667/3667 3654/3654
f 3666/3666 3654/3654 3653/3653
f 3654/3654 3655/3655 3652/3652
f 3654/3654 3652/3652 3653/3653
f 3655/3655 3656/3656 3651/3651
f 3655/3655 3651/3651 3652/3652
f 3656/3656 3460/3460 3453/3453
f 3656/3656 3453/3453 3651/3651
f 3649/3649 3648/3648 3657/3657
f 3649/3649 3657/3657 3658/3658
f 3650/3650 3649/3649 3658/3658
f 3650/3650 3658/3658 3659/3659
f 3660/3660 3661/3661 3650/3650
f 3660/3660 3650/3650 3659/3659
f 3651/3651 3453/3453 3449/3449
f 3651/3651 3449/3449 3647/3647
f 3652/3652 3651/3651 3647/3647
f 3652/3652 3647/3647 3646/3646
f 3653/3653 3652/3652 3646/3646
f 3653/3653 3646/3646 3645/3645
f 3665/3665 3666/3666 3653/3653
f 3665/3665 3653/3653 3645/3645
f 3603/3603 3654/3654 3667/3667
f 3603/3603 3667/3667 3604/3604
f 3602/3602 3655/3655 3654/3654
f 3602/3602 3654/3654 3603/3603
f 3601/3601 3656/3656 3655/3655
f 3601/3601 3655/3655 3602/3602
f 3392/3392 3460/3460 3656/3656
f 3392/3392 3656/3656 3601/3601
f 3678/3678 3679/3679 3680/3680
f 3678/3678 3680/3680 3681/3681
f 3681/3681 3682/3682 3677/3677
f 3681/3681 3677/3677 3678/3678
f 3595/3595 3676/3676 3683/3683
f 3595/3595 3683/3683 3597/3597
f 3614/3614 3674/3674 3675/3675
f 3614/3614 3675/3675 3596/3596
f 3615/3615 3673/3673 3674/3674
f 3615/3615 3674/3674 3614/3614
f 3613/3613 3672/3672 3673/3673
f 3613/3613 3673/3673 3615/3615
f 3612/3612 3671/3671 3672/3672
f 3612/3612 3672/3672 3613/3613
f 3610/3610 3670/3670 3671/3671
f 3610/3610 3671/3671 3612/3612
f 3611/3611 3669/3669 3670/3670
f 3611/3611 3670/3670 3610/3610
f 3607/3607 3668/3668 3669/3669
f 3607/3607 3669/3669 3611/3611
f 3605/3605 3668/3668 3607/3607
f 3605/3605 3607/3607 3606/3606
f 3604/3604 3667/3667 3668/3668
f 3604/3604 3668/3668 3605/3605
f 3669/3669 3668/3668 3667/3667
f 3669/3669 3667/3667 3666/3666
f 3670/3670 3669/3669 3666/3666
f 3670/3670 3666/3666 3665/3665
f 3671/3671 3670/3670 3665/3665
f 3671/3671 3665/3665 3664/3664
f 3672/3672 3671/3671 3664/3664
f 3672/3672 3664/3664 3663/3663
f 3673/3673 3672/3672 3663/3663
f 3673/3673 3663/3663 3662/3662
f 3674/3674 3673/3673 3662/3662
f 3674/3674 3662/3662 3661/3661
f 3675/3675 3674/3674 3661/3661
f 3675/3675 3661/3661 3660/3660
f 3682/3682 3683/3683 3676/3676
f 3682/3682 3676/3676 3677/3677
f 3596/3596 3675/3675 3676/3676
f 3596/3596 3676/3676 3595/3595
f 3677/3677 3676/3676 3675/3675
f 3677/3677 3675/3675 3660/3660
f 3678/3678 3677/3677 3660/3660
f 3678/3678 3660/3660 3659/3659
f 3659/3659 3658/3658 3679/3679
f 3659/3659 3679/3679 3678/3678
f 3681/3681 3680/3680 3609/3609
f 3681/3681 3609/3609 3599/3599
f 3600/3600 3682/3682 3681/3681
f 3600/3600 3681/3681 3599/3599
f 3608/3608 3683/3683 3682/3682
f 3608/3608 3682/3682 3600/3600
f 3597/3597 3683/3683 3608/3608
f 3597/3597 3608/3608 3598/3598
